{
  "iotevents-data": {
    "service": "iotevents-data",
    "total_operations": 12,
    "independent": [],
    "dependent": [
      {
        "operation": "BatchAcknowledgeAlarm",
        "python_method": "batch_acknowledge_alarm",
        "yaml_action": "batch_acknowledge_alarm",
        "required_params": [
          "acknowledgeActionRequests"
        ],
        "optional_params": [],
        "total_optional": 0,
        "output_fields": {
          "errorEntries": {
            "type": "string",
            "description": "errorEntries details",
            "compliance_category": "general",
            "operators": [
              "equals",
              "not_equals",
              "contains"
            ]
          }
        },
        "main_output_field": "errorEntries",
        "item_fields": {
          "requestId": {
            "type": "string",
            "description": "Request id",
            "compliance_category": "identity",
            "operators": [
              "equals",
              "not_equals",
              "in",
              "exists"
            ]
          },
          "errorCode": {
            "type": "string",
            "description": "Error code",
            "compliance_category": "general"
          },
          "errorMessage": {
            "type": "string",
            "description": "Error message",
            "compliance_category": "general"
          }
        }
      },
      {
        "operation": "BatchDeleteDetector",
        "python_method": "batch_delete_detector",
        "yaml_action": "batch_delete_detector",
        "required_params": [
          "detectors"
        ],
        "optional_params": [],
        "total_optional": 0,
        "output_fields": {
          "batchDeleteDetectorErrorEntries": {
            "type": "boolean",
            "description": "batchDeleteDetectorErrorEntries details",
            "compliance_category": "general",
            "operators": [
              "equals",
              "not_equals",
              "contains"
            ]
          }
        },
        "main_output_field": "batchDeleteDetectorErrorEntries",
        "item_fields": {
          "messageId": {
            "type": "string",
            "description": "Message id",
            "compliance_category": "identity",
            "operators": [
              "equals",
              "not_equals",
              "in",
              "exists"
            ]
          },
          "errorCode": {
            "type": "string",
            "description": "Error code",
            "compliance_category": "general"
          },
          "errorMessage": {
            "type": "string",
            "description": "Error message",
            "compliance_category": "general"
          }
        }
      },
      {
        "operation": "BatchDisableAlarm",
        "python_method": "batch_disable_alarm",
        "yaml_action": "batch_disable_alarm",
        "required_params": [
          "disableActionRequests"
        ],
        "optional_params": [],
        "total_optional": 0,
        "output_fields": {
          "errorEntries": {
            "type": "string",
            "description": "errorEntries details",
            "compliance_category": "general",
            "operators": [
              "equals",
              "not_equals",
              "contains"
            ]
          }
        },
        "main_output_field": "errorEntries",
        "item_fields": {
          "requestId": {
            "type": "string",
            "description": "Request id",
            "compliance_category": "identity",
            "operators": [
              "equals",
              "not_equals",
              "in",
              "exists"
            ]
          },
          "errorCode": {
            "type": "string",
            "description": "Error code",
            "compliance_category": "general"
          },
          "errorMessage": {
            "type": "string",
            "description": "Error message",
            "compliance_category": "general"
          }
        }
      },
      {
        "operation": "BatchEnableAlarm",
        "python_method": "batch_enable_alarm",
        "yaml_action": "batch_enable_alarm",
        "required_params": [
          "enableActionRequests"
        ],
        "optional_params": [],
        "total_optional": 0,
        "output_fields": {
          "errorEntries": {
            "type": "string",
            "description": "errorEntries details",
            "compliance_category": "general",
            "operators": [
              "equals",
              "not_equals",
              "contains"
            ]
          }
        },
        "main_output_field": "errorEntries",
        "item_fields": {
          "requestId": {
            "type": "string",
            "description": "Request id",
            "compliance_category": "identity",
            "operators": [
              "equals",
              "not_equals",
              "in",
              "exists"
            ]
          },
          "errorCode": {
            "type": "string",
            "description": "Error code",
            "compliance_category": "general"
          },
          "errorMessage": {
            "type": "string",
            "description": "Error message",
            "compliance_category": "general"
          }
        }
      },
      {
        "operation": "BatchPutMessage",
        "python_method": "batch_put_message",
        "yaml_action": "batch_put_message",
        "required_params": [
          "messages"
        ],
        "optional_params": [],
        "total_optional": 0,
        "output_fields": {
          "BatchPutMessageErrorEntries": {
            "type": "string",
            "description": "BatchPutMessageErrorEntries details",
            "compliance_category": "general",
            "format": "date-time",
            "operators": [
              "equals",
              "not_equals",
              "contains"
            ]
          }
        },
        "main_output_field": "BatchPutMessageErrorEntries",
        "item_fields": {
          "messageId": {
            "type": "string",
            "description": "Message id",
            "compliance_category": "identity",
            "operators": [
              "equals",
              "not_equals",
              "in",
              "exists"
            ]
          },
          "errorCode": {
            "type": "string",
            "description": "Error code",
            "compliance_category": "general"
          },
          "errorMessage": {
            "type": "string",
            "description": "Error message",
            "compliance_category": "general"
          }
        }
      },
      {
        "operation": "BatchResetAlarm",
        "python_method": "batch_reset_alarm",
        "yaml_action": "batch_reset_alarm",
        "required_params": [
          "resetActionRequests"
        ],
        "optional_params": [],
        "total_optional": 0,
        "output_fields": {
          "errorEntries": {
            "type": "string",
            "description": "errorEntries details",
            "compliance_category": "general",
            "operators": [
              "equals",
              "not_equals",
              "contains"
            ]
          }
        },
        "main_output_field": "errorEntries",
        "item_fields": {
          "requestId": {
            "type": "string",
            "description": "Request id",
            "compliance_category": "identity",
            "operators": [
              "equals",
              "not_equals",
              "in",
              "exists"
            ]
          },
          "errorCode": {
            "type": "string",
            "description": "Error code",
            "compliance_category": "general"
          },
          "errorMessage": {
            "type": "string",
            "description": "Error message",
            "compliance_category": "general"
          }
        }
      },
      {
        "operation": "BatchSnoozeAlarm",
        "python_method": "batch_snooze_alarm",
        "yaml_action": "batch_snooze_alarm",
        "required_params": [
          "snoozeActionRequests"
        ],
        "optional_params": [],
        "total_optional": 0,
        "output_fields": {
          "errorEntries": {
            "type": "string",
            "description": "errorEntries details",
            "compliance_category": "general",
            "operators": [
              "equals",
              "not_equals",
              "contains"
            ]
          }
        },
        "main_output_field": "errorEntries",
        "item_fields": {
          "requestId": {
            "type": "string",
            "description": "Request id",
            "compliance_category": "identity",
            "operators": [
              "equals",
              "not_equals",
              "in",
              "exists"
            ]
          },
          "errorCode": {
            "type": "string",
            "description": "Error code",
            "compliance_category": "general"
          },
          "errorMessage": {
            "type": "string",
            "description": "Error message",
            "compliance_category": "general"
          }
        }
      },
      {
        "operation": "BatchUpdateDetector",
        "python_method": "batch_update_detector",
        "yaml_action": "batch_update_detector",
        "required_params": [
          "detectors"
        ],
        "optional_params": [],
        "total_optional": 0,
        "output_fields": {
          "batchUpdateDetectorErrorEntries": {
            "type": "string",
            "description": "batchUpdateDetectorErrorEntries details",
            "compliance_category": "general",
            "format": "date-time",
            "operators": [
              "equals",
              "not_equals",
              "contains"
            ]
          }
        },
        "main_output_field": "batchUpdateDetectorErrorEntries",
        "item_fields": {
          "messageId": {
            "type": "string",
            "description": "Message id",
            "compliance_category": "identity",
            "operators": [
              "equals",
              "not_equals",
              "in",
              "exists"
            ]
          },
          "errorCode": {
            "type": "string",
            "description": "Error code",
            "compliance_category": "general"
          },
          "errorMessage": {
            "type": "string",
            "description": "Error message",
            "compliance_category": "general"
          }
        }
      },
      {
        "operation": "DescribeAlarm",
        "python_method": "describe_alarm",
        "yaml_action": "describe_alarm",
        "required_params": [
          "alarmModelName"
        ],
        "optional_params": [
          "keyValue"
        ],
        "total_optional": 1,
        "output_fields": {
          "alarm": {
            "type": "string",
            "description": "alarm details",
            "compliance_category": "general",
            "operators": [
              "equals",
              "not_equals",
              "contains"
            ]
          }
        },
        "main_output_field": "alarm",
        "item_fields": {
          "alarmModelName": {
            "type": "string",
            "description": "Alarm model name",
            "compliance_category": "general"
          },
          "alarmModelVersion": {
            "type": "string",
            "description": "Alarm model version",
            "compliance_category": "general",
            "format": "date-time"
          },
          "keyValue": {
            "type": "string",
            "description": "Key value",
            "compliance_category": "security",
            "security_impact": "high"
          },
          "alarmState": {
            "type": "string",
            "description": "Alarm state",
            "compliance_category": "general",
            "format": "date-time"
          },
          "severity": {
            "type": "string",
            "description": "Severity",
            "compliance_category": "general"
          },
          "creationTime": {
            "type": "string",
            "description": "Creation time",
            "compliance_category": "general",
            "format": "date-time"
          },
          "lastUpdateTime": {
            "type": "string",
            "description": "Last update time",
            "compliance_category": "general",
            "format": "date-time"
          }
        }
      },
      {
        "operation": "DescribeDetector",
        "python_method": "describe_detector",
        "yaml_action": "describe_detector",
        "required_params": [
          "detectorModelName"
        ],
        "optional_params": [
          "keyValue"
        ],
        "total_optional": 1,
        "output_fields": {
          "detector": {
            "type": "string",
            "description": "detector details",
            "compliance_category": "general",
            "operators": [
              "equals",
              "not_equals",
              "contains"
            ]
          }
        },
        "main_output_field": "detector",
        "item_fields": {
          "detectorModelName": {
            "type": "string",
            "description": "Detector model name",
            "compliance_category": "general"
          },
          "keyValue": {
            "type": "string",
            "description": "Key value",
            "compliance_category": "security",
            "security_impact": "high"
          },
          "detectorModelVersion": {
            "type": "string",
            "description": "Detector model version",
            "compliance_category": "general",
            "format": "date-time"
          },
          "state": {
            "type": "string",
            "description": "State",
            "compliance_category": "general",
            "format": "date-time"
          },
          "creationTime": {
            "type": "string",
            "description": "Creation time",
            "compliance_category": "general",
            "format": "date-time"
          },
          "lastUpdateTime": {
            "type": "string",
            "description": "Last update time",
            "compliance_category": "general",
            "format": "date-time"
          }
        }
      },
      {
        "operation": "ListAlarms",
        "python_method": "list_alarms",
        "yaml_action": "list_alarms",
        "required_params": [
          "alarmModelName"
        ],
        "optional_params": [
          "nextToken",
          "maxResults"
        ],
        "total_optional": 2,
        "output_fields": {
          "alarmSummaries": {
            "type": "string",
            "description": "alarmSummaries details",
            "compliance_category": "general",
            "operators": [
              "equals",
              "not_equals",
              "contains"
            ]
          },
          "nextToken": {
            "type": "string",
            "description": "Pagination token for next results",
            "compliance_category": "general",
            "operators": [
              "equals",
              "not_equals",
              "contains"
            ],
            "security_impact": "high"
          }
        },
        "main_output_field": "alarmSummaries",
        "item_fields": {
          "alarmModelName": {
            "type": "string",
            "description": "Alarm model name",
            "compliance_category": "general"
          },
          "alarmModelVersion": {
            "type": "string",
            "description": "Alarm model version",
            "compliance_category": "general",
            "format": "date-time"
          },
          "keyValue": {
            "type": "string",
            "description": "Key value",
            "compliance_category": "security",
            "security_impact": "high"
          },
          "stateName": {
            "type": "string",
            "description": "State name",
            "compliance_category": "general",
            "format": "date-time"
          },
          "creationTime": {
            "type": "string",
            "description": "Creation time",
            "compliance_category": "general",
            "format": "date-time"
          },
          "lastUpdateTime": {
            "type": "string",
            "description": "Last update time",
            "compliance_category": "general",
            "format": "date-time"
          }
        }
      },
      {
        "operation": "ListDetectors",
        "python_method": "list_detectors",
        "yaml_action": "list_detectors",
        "required_params": [
          "detectorModelName"
        ],
        "optional_params": [
          "stateName",
          "nextToken",
          "maxResults"
        ],
        "total_optional": 3,
        "output_fields": {
          "detectorSummaries": {
            "type": "string",
            "description": "detectorSummaries details",
            "compliance_category": "general",
            "operators": [
              "equals",
              "not_equals",
              "contains"
            ]
          },
          "nextToken": {
            "type": "string",
            "description": "Pagination token for next results",
            "compliance_category": "general",
            "operators": [
              "equals",
              "not_equals",
              "contains"
            ],
            "security_impact": "high"
          }
        },
        "main_output_field": "detectorSummaries",
        "item_fields": {
          "detectorModelName": {
            "type": "string",
            "description": "Detector model name",
            "compliance_category": "general"
          },
          "keyValue": {
            "type": "string",
            "description": "Key value",
            "compliance_category": "security",
            "security_impact": "high"
          },
          "detectorModelVersion": {
            "type": "string",
            "description": "Detector model version",
            "compliance_category": "general",
            "format": "date-time"
          },
          "state": {
            "type": "string",
            "description": "State",
            "compliance_category": "general",
            "format": "date-time"
          },
          "creationTime": {
            "type": "string",
            "description": "Creation time",
            "compliance_category": "general",
            "format": "date-time"
          },
          "lastUpdateTime": {
            "type": "string",
            "description": "Last update time",
            "compliance_category": "general",
            "format": "date-time"
          }
        }
      }
    ],
    "independent_count": 0,
    "dependent_count": 12
  }
}