{
  "service": "iotevents-data",
  "seed_from_list": [
    "alarmModelName",
    "alarmModelVersion",
    "creationTime",
    "detectorModelName",
    "detectorModelVersion",
    "keyValue",
    "lastUpdateTime",
    "state",
    "stateName"
  ],
  "enriched_from_get_describe": [
    "alarm",
    "alarmModelName",
    "alarmModelVersion",
    "alarmState",
    "creationTime",
    "detector",
    "detectorModelName",
    "detectorModelVersion",
    "keyValue",
    "lastUpdateTime",
    "severity",
    "state"
  ],
  "final_union": [
    "alarm",
    "alarmModelName",
    "alarmModelVersion",
    "alarmState",
    "creationTime",
    "detector",
    "detectorModelName",
    "detectorModelVersion",
    "keyValue",
    "lastUpdateTime",
    "severity",
    "state",
    "stateName"
  ],
  "source": {
    "operation_registry": "services/iotevents-data/operation_registry.json",
    "read_ops_rule": "operation name startswith List/Get/Describe/Search/Lookup",
    "excluded_keys": [
      "nextToken",
      "maxResults"
    ]
  }
}