{
  "service": "datasync",
  "fixes": [
    {
      "rule_id": "1",
      "suggested_check": {
        "var": "AgentArn",
        "op": "equals",
        "value": "datasync.agent_name",
        "derived": null,
        "derive_key": null
      },
      "suggested_aliases": {
        "entity_aliases": {
          "alias": "datasync.agent_name"
        },
        "param_aliases": {
          "param": [
            "ListAgents.Agents[].Name",
            "DescribeAgent.Name"
          ]
        }
      },
      "confidence": 0.9,
      "reason": "AgentArn directly corresponds to agent names in the context of DataSync."
    },
    {
      "rule_id": "2",
      "suggested_check": {
        "var": "CurrentTaskExecutionArn",
        "op": "equals",
        "value": "datasync.task_name",
        "derived": null,
        "derive_key": null
      },
      "suggested_aliases": {
        "entity_aliases": {
          "alias": "datasync.task_name"
        },
        "param_aliases": {
          "param": [
            "ListTasks.Tasks[].Name",
            "DescribeTask.Name"
          ]
        }
      },
      "confidence": 0.85,
      "reason": "CurrentTaskExecutionArn can be used to derive task names in DataSync."
    },
    {
      "rule_id": "3",
      "suggested_check": {
        "var": "AgentArns",
        "op": "equals",
        "value": "datasync.agent_status",
        "derived": null,
        "derive_key": null
      },
      "suggested_aliases": {
        "entity_aliases": {
          "alias": "datasync.agent_status"
        },
        "param_aliases": {
          "param": [
            "ListAgents.Agents[].Status",
            "DescribeAgent.Status"
          ]
        }
      },
      "confidence": 0.9,
      "reason": "AgentArns can be used to determine the status of agents in DataSync."
    },
    {
      "rule_id": "4",
      "suggested_check": {
        "var": "CurrentTaskExecutionArn",
        "op": "equals",
        "value": "datasync.task_execution_status",
        "derived": null,
        "derive_key": null
      },
      "suggested_aliases": {
        "entity_aliases": {
          "alias": "datasync.task_execution_status"
        },
        "param_aliases": {
          "param": [
            "ListTaskExecutions.TaskExecutions[].Status",
            "DescribeTaskExecution.Status"
          ]
        }
      },
      "confidence": 0.85,
      "reason": "CurrentTaskExecutionArn can be used to derive the execution status of tasks in DataSync."
    },
    {
      "type": "llm_fix",
      "original": "1",
      "fix": {
        "var": "AgentArn",
        "op": "equals",
        "value": "datasync.agent_name",
        "derived": null,
        "derive_key": null
      },
      "confidence": 0.9,
      "reason": "AgentArn directly corresponds to the agent name in the context of DataSync.",
      "aliases": {
        "entity_aliases": {
          "alias": "datasync.agent_name"
        },
        "param_aliases": {
          "param": [
            "ListAgents.Agents[].Name",
            "DescribeAgent.Name"
          ]
        }
      }
    },
    {
      "type": "llm_fix",
      "original": "2",
      "fix": {
        "var": "CurrentTaskExecutionArn",
        "op": "equals",
        "value": "datasync.task_name",
        "derived": null,
        "derive_key": null
      },
      "confidence": 0.85,
      "reason": "CurrentTaskExecutionArn can be used to derive the task name in DataSync.",
      "aliases": {
        "entity_aliases": {
          "alias": "datasync.task_name"
        },
        "param_aliases": {
          "param": [
            "ListTasks.Tasks[].Name",
            "DescribeTask.Name"
          ]
        }
      }
    },
    {
      "type": "llm_fix",
      "original": "3",
      "fix": {
        "var": "AgentArns",
        "op": "equals",
        "value": "datasync.agent_status",
        "derived": null,
        "derive_key": null
      },
      "confidence": 0.88,
      "reason": "AgentArns can be used to determine the status of agents in DataSync.",
      "aliases": {
        "entity_aliases": {
          "alias": "datasync.agent_status"
        },
        "param_aliases": {
          "param": [
            "ListAgents.Agents[].Status",
            "DescribeAgent.Status"
          ]
        }
      }
    },
    {
      "type": "llm_fix",
      "original": "4",
      "fix": {
        "var": "CurrentTaskExecutionArn",
        "op": "equals",
        "value": "datasync.task_execution_status",
        "derived": null,
        "derive_key": null
      },
      "confidence": 0.82,
      "reason": "CurrentTaskExecutionArn can be used to derive the execution status of tasks in DataSync.",
      "aliases": {
        "entity_aliases": {
          "alias": "datasync.task_execution_status"
        },
        "param_aliases": {
          "param": [
            "ListTaskExecutions.TaskExecutions[].Status",
            "DescribeTaskExecution.Status"
          ]
        }
      }
    }
  ],
  "summary": {
    "total_fixes": 8,
    "remaining_unresolved": 10
  }
}