{
  "service": "datasync",
  "issues": {
    "generic_entities": {},
    "ambiguous_tokens": {
      "name": [
        {
          "mapping": "ListAgents.Agents[].Name -> datasync.agent_name",
          "evidence": "ListAgents.Agents[].Name",
          "entity": "datasync.agent_name"
        },
        {
          "mapping": "ListTasks.Tasks[].Name -> datasync.task_name",
          "evidence": "ListTasks.Tasks[].Name",
          "entity": "datasync.task_name"
        },
        {
          "mapping": "DescribeAgent.Name -> datasync.agent_name",
          "evidence": "DescribeAgent.Name",
          "entity": "datasync.agent_name"
        },
        {
          "mapping": "DescribeTask.Name -> datasync.task_name",
          "evidence": "DescribeTask.Name",
          "entity": "datasync.task_name"
        }
      ],
      "status": [
        {
          "mapping": "ListAgents.Agents[].Status -> datasync.agent_status",
          "evidence": "ListAgents.Agents[].Status",
          "entity": "datasync.agent_status"
        },
        {
          "mapping": "ListTaskExecutions.TaskExecutions[].Status -> datasync.task_execution_status",
          "evidence": "ListTaskExecutions.TaskExecutions[].Status",
          "entity": "datasync.task_execution_status"
        },
        {
          "mapping": "ListTasks.Tasks[].Status -> datasync.task_status",
          "evidence": "ListTasks.Tasks[].Status",
          "entity": "datasync.task_status"
        },
        {
          "mapping": "DescribeAgent.Status -> datasync.agent_status",
          "evidence": "DescribeAgent.Status",
          "entity": "datasync.agent_status"
        },
        {
          "mapping": "DescribeTask.Status -> datasync.task_status",
          "evidence": "DescribeTask.Status",
          "entity": "datasync.task_status"
        },
        {
          "mapping": "DescribeTaskExecution.Status -> datasync.task_execution_status",
          "evidence": "DescribeTaskExecution.Status",
          "entity": "datasync.task_execution_status"
        }
      ]
    },
    "unresolved_consumes": [],
    "suspicious_paths": []
  },
  "alias_candidates_not_applied": [],
  "suggested_overrides": [
    {
      "operation": "CreateLocationEfs",
      "type": "produces",
      "key": "LocationArn",
      "suggested_entity": "datasync.efsfilesystem_arn",
      "confidence": "MEDIUM",
      "reason": "Param 'EfsFilesystemArn' and output field 'LocationArn' match but map to different entities. Suggest unifying to consume entity."
    },
    {
      "operation": "CreateLocationFsxLustre",
      "type": "produces",
      "key": "LocationArn",
      "suggested_entity": "datasync.fsxfilesystem_arn",
      "confidence": "MEDIUM",
      "reason": "Param 'FsxFilesystemArn' and output field 'LocationArn' match but map to different entities. Suggest unifying to consume entity."
    },
    {
      "operation": "CreateLocationFsxOntap",
      "type": "produces",
      "key": "LocationArn",
      "suggested_entity": "datasync.storagevirtualmachine_arn",
      "confidence": "MEDIUM",
      "reason": "Param 'StorageVirtualMachineArn' and output field 'LocationArn' match but map to different entities. Suggest unifying to consume entity."
    },
    {
      "operation": "CreateLocationFsxOpenZfs",
      "type": "produces",
      "key": "LocationArn",
      "suggested_entity": "datasync.fsxfilesystem_arn",
      "confidence": "MEDIUM",
      "reason": "Param 'FsxFilesystemArn' and output field 'LocationArn' match but map to different entities. Suggest unifying to consume entity."
    },
    {
      "operation": "CreateLocationFsxWindows",
      "type": "produces",
      "key": "LocationArn",
      "suggested_entity": "datasync.fsxfilesystem_arn",
      "confidence": "MEDIUM",
      "reason": "Param 'FsxFilesystemArn' and output field 'LocationArn' match but map to different entities. Suggest unifying to consume entity."
    },
    {
      "operation": "CreateLocationS3",
      "type": "produces",
      "key": "LocationArn",
      "suggested_entity": "datasync.s3bucket_arn",
      "confidence": "MEDIUM",
      "reason": "Param 'S3BucketArn' and output field 'LocationArn' match but map to different entities. Suggest unifying to consume entity."
    },
    {
      "operation": "CreateTask",
      "type": "produces",
      "key": "TaskArn",
      "suggested_entity": "datasync.sourcelocation_arn",
      "confidence": "MEDIUM",
      "reason": "Param 'SourceLocationArn' and output field 'TaskArn' match but map to different entities. Suggest unifying to consume entity."
    },
    {
      "operation": "CreateTask",
      "type": "produces",
      "key": "TaskArn",
      "suggested_entity": "datasync.destinationlocation_arn",
      "confidence": "MEDIUM",
      "reason": "Param 'DestinationLocationArn' and output field 'TaskArn' match but map to different entities. Suggest unifying to consume entity."
    },
    {
      "operation": "DescribeLocationEfs",
      "type": "produces",
      "key": "AccessPointArn",
      "suggested_entity": "datasync.location_arn",
      "confidence": "MEDIUM",
      "reason": "Param 'LocationArn' and output field 'AccessPointArn' match but map to different entities. Suggest unifying to consume entity."
    },
    {
      "operation": "DescribeLocationEfs",
      "type": "produces",
      "key": "FileSystemAccessRoleArn",
      "suggested_entity": "datasync.location_arn",
      "confidence": "MEDIUM",
      "reason": "Param 'LocationArn' and output field 'FileSystemAccessRoleArn' match but map to different entities. Suggest unifying to consume entity."
    },
    {
      "operation": "DescribeLocationEfs",
      "type": "produces",
      "key": "Ec2Config.SubnetArn",
      "suggested_entity": "datasync.location_arn",
      "confidence": "MEDIUM",
      "reason": "Param 'LocationArn' and output field 'SubnetArn' match but map to different entities. Suggest unifying to consume entity."
    },
    {
      "operation": "DescribeLocationFsxOntap",
      "type": "produces",
      "key": "StorageVirtualMachineArn",
      "suggested_entity": "datasync.location_arn",
      "confidence": "MEDIUM",
      "reason": "Param 'LocationArn' and output field 'StorageVirtualMachineArn' match but map to different entities. Suggest unifying to consume entity."
    },
    {
      "operation": "DescribeLocationFsxOntap",
      "type": "produces",
      "key": "FsxFilesystemArn",
      "suggested_entity": "datasync.location_arn",
      "confidence": "MEDIUM",
      "reason": "Param 'LocationArn' and output field 'FsxFilesystemArn' match but map to different entities. Suggest unifying to consume entity."
    },
    {
      "operation": "DescribeTask",
      "type": "produces",
      "key": "CurrentTaskExecutionArn",
      "suggested_entity": "datasync.task_arn",
      "confidence": "MEDIUM",
      "reason": "Param 'TaskArn' and output field 'CurrentTaskExecutionArn' match but map to different entities. Suggest unifying to consume entity."
    },
    {
      "operation": "DescribeTask",
      "type": "produces",
      "key": "SourceLocationArn",
      "suggested_entity": "datasync.task_arn",
      "confidence": "MEDIUM",
      "reason": "Param 'TaskArn' and output field 'SourceLocationArn' match but map to different entities. Suggest unifying to consume entity."
    },
    {
      "operation": "DescribeTask",
      "type": "produces",
      "key": "DestinationLocationArn",
      "suggested_entity": "datasync.task_arn",
      "confidence": "MEDIUM",
      "reason": "Param 'TaskArn' and output field 'DestinationLocationArn' match but map to different entities. Suggest unifying to consume entity."
    },
    {
      "operation": "DescribeTask",
      "type": "produces",
      "key": "CloudWatchLogGroupArn",
      "suggested_entity": "datasync.task_arn",
      "confidence": "MEDIUM",
      "reason": "Param 'TaskArn' and output field 'CloudWatchLogGroupArn' match but map to different entities. Suggest unifying to consume entity."
    },
    {
      "operation": "DescribeTaskExecution",
      "type": "produces",
      "key": "TaskExecutionArn",
      "suggested_entity": "datasync.taskexecution_arn",
      "confidence": "MEDIUM",
      "reason": "Param 'TaskExecutionArn' and output field 'TaskExecutionArn' match but map to different entities. Suggest unifying to consume entity."
    },
    {
      "operation": "StartTaskExecution",
      "type": "produces",
      "key": "TaskExecutionArn",
      "suggested_entity": "datasync.task_arn",
      "confidence": "MEDIUM",
      "reason": "Param 'TaskArn' and output field 'TaskExecutionArn' match but map to different entities. Suggest unifying to consume entity."
    }
  ],
  "unresolved_items": [
    {
      "mapping": "ListAgents.Agents[].Name -> datasync.agent_name",
      "evidence": "ListAgents.Agents[].Name",
      "entity": "datasync.agent_name"
    },
    {
      "mapping": "ListTasks.Tasks[].Name -> datasync.task_name",
      "evidence": "ListTasks.Tasks[].Name",
      "entity": "datasync.task_name"
    },
    {
      "mapping": "DescribeAgent.Name -> datasync.agent_name",
      "evidence": "DescribeAgent.Name",
      "entity": "datasync.agent_name"
    },
    {
      "mapping": "DescribeTask.Name -> datasync.task_name",
      "evidence": "DescribeTask.Name",
      "entity": "datasync.task_name"
    },
    {
      "mapping": "ListAgents.Agents[].Status -> datasync.agent_status",
      "evidence": "ListAgents.Agents[].Status",
      "entity": "datasync.agent_status"
    },
    {
      "mapping": "ListTaskExecutions.TaskExecutions[].Status -> datasync.task_execution_status",
      "evidence": "ListTaskExecutions.TaskExecutions[].Status",
      "entity": "datasync.task_execution_status"
    },
    {
      "mapping": "ListTasks.Tasks[].Status -> datasync.task_status",
      "evidence": "ListTasks.Tasks[].Status",
      "entity": "datasync.task_status"
    },
    {
      "mapping": "DescribeAgent.Status -> datasync.agent_status",
      "evidence": "DescribeAgent.Status",
      "entity": "datasync.agent_status"
    },
    {
      "mapping": "DescribeTask.Status -> datasync.task_status",
      "evidence": "DescribeTask.Status",
      "entity": "datasync.task_status"
    },
    {
      "mapping": "DescribeTaskExecution.Status -> datasync.task_execution_status",
      "evidence": "DescribeTaskExecution.Status",
      "entity": "datasync.task_execution_status"
    }
  ]
}