{
  "service": "datasync",
  "version": "1.0",
  "kind_rules": {
    "read_list": ["List"],
    "read_get": ["Get", "Describe"],
    "write_create": ["Create", "Start", "Generate", "Import", "Enable", "Register"],
    "write_update": ["Update", "Modify", "Put", "Set", "Change", "Reset", "Patch"],
    "write_delete": ["Delete", "Remove", "Terminate", "Destroy", "Disable", "Detach", "Disassociate", "Untag", "Revoke"],
    "write_apply": ["Apply", "Attach", "Associate", "Add", "Tag", "Authorize", "Unauthorize", "Grant"],
    "other": ["default"]
  },
  "entity_aliases": {
    "datasync.source_location_arn": "datasync.location_arn",
    "datasync.current_task_execution_arn": "datasync.task_execution_arn",
    "datasync.destination_location_arn": "datasync.location_arn",
    "datasync.schedule_details": "datasync.schedule"
  },
  "overrides": {},
  "operations": {
    "ListAgents": {
      "kind": "read_list",
      "side_effect": false,
      "sdk": {"client": "datasync", "method": "list_agents"},
      "consumes": [],
      "produces": [{"entity": "datasync.agents", "source": "output", "path": "Agents"}, {"entity": "datasync.next_token", "source": "output", "path": "NextToken"}, {"entity": "datasync.agent_arn", "source": "item", "path": "Agents[].AgentArn"}, {"entity": "datasync.agent_name", "source": "item", "path": "Agents[].Name"}, {"entity": "datasync.agent_status", "source": "item", "path": "Agents[].Status"}, {"entity": "datasync.agent_platform", "source": "item", "path": "Agents[].Platform"}],
      "notes": ""
    },
    "ListLocations": {
      "kind": "read_list",
      "side_effect": false,
      "sdk": {"client": "datasync", "method": "list_locations"},
      "consumes": [],
      "produces": [{"entity": "datasync.locations", "source": "output", "path": "Locations"}, {"entity": "datasync.next_token", "source": "output", "path": "NextToken"}, {"entity": "datasync.location_arn", "source": "item", "path": "Locations[].LocationArn"}, {"entity": "datasync.location_uri", "source": "item", "path": "Locations[].LocationUri"}],
      "notes": ""
    },
    "ListTaskExecutions": {
      "kind": "read_list",
      "side_effect": false,
      "sdk": {"client": "datasync", "method": "list_task_executions"},
      "consumes": [],
      "produces": [{"entity": "datasync.task_executions", "source": "output", "path": "TaskExecutions"}, {"entity": "datasync.next_token", "source": "output", "path": "NextToken"}, {"entity": "datasync.task_execution_arn", "source": "item", "path": "TaskExecutions[].TaskExecutionArn"}, {"entity": "datasync.task_execution_status", "source": "item", "path": "TaskExecutions[].Status"}, {"entity": "datasync.task_execution_task_mode", "source": "item", "path": "TaskExecutions[].TaskMode"}],
      "notes": ""
    },
    "ListTasks": {
      "kind": "read_list",
      "side_effect": false,
      "sdk": {"client": "datasync", "method": "list_tasks"},
      "consumes": [],
      "produces": [{"entity": "datasync.tasks", "source": "output", "path": "Tasks"}, {"entity": "datasync.next_token", "source": "output", "path": "NextToken"}, {"entity": "datasync.task_arn", "source": "item", "path": "Tasks[].TaskArn"}, {"entity": "datasync.task_status", "source": "item", "path": "Tasks[].Status"}, {"entity": "datasync.task_name", "source": "item", "path": "Tasks[].Name"}, {"entity": "datasync.task_mode", "source": "item", "path": "Tasks[].TaskMode"}],
      "notes": ""
    },
    "CancelTaskExecution": {
      "kind": "other",
      "side_effect": true,
      "sdk": {"client": "datasync", "method": "cancel_task_execution"},
      "consumes": [{"entity": "datasync.taskexecution_arn", "param": "TaskExecutionArn", "required": true, "source": "external"}],
      "produces": [],
      "notes": ""
    },
    "CreateAgent": {
      "kind": "write_create",
      "side_effect": true,
      "sdk": {"client": "datasync", "method": "create_agent"},
      "consumes": [{"entity": "datasync.activation_key", "param": "ActivationKey", "required": true, "source": "external"}],
      "produces": [{"entity": "datasync.agent_arn", "source": "output", "path": "AgentArn"}],
      "notes": ""
    },
    "CreateLocationAzureBlob": {
      "kind": "write_create",
      "side_effect": true,
      "sdk": {"client": "datasync", "method": "create_location_azure_blob"},
      "consumes": [{"entity": "datasync.container_url", "param": "ContainerUrl", "required": true, "source": "external"}, {"entity": "datasync.authentication_type", "param": "AuthenticationType", "required": true, "source": "internal"}],
      "produces": [{"entity": "datasync.location_arn", "source": "output", "path": "LocationArn"}],
      "notes": ""
    },
    "CreateLocationEfs": {
      "kind": "write_create",
      "side_effect": true,
      "sdk": {"client": "datasync", "method": "create_location_efs"},
      "consumes": [{"entity": "datasync.efsfilesystem_arn", "param": "EfsFilesystemArn", "required": true, "source": "external"}, {"entity": "datasync.ec2_config", "param": "Ec2Config", "required": true, "source": "internal"}],
      "produces": [{"entity": "datasync.location_arn", "source": "output", "path": "LocationArn"}],
      "notes": ""
    },
    "CreateLocationFsxLustre": {
      "kind": "write_create",
      "side_effect": true,
      "sdk": {"client": "datasync", "method": "create_location_fsx_lustre"},
      "consumes": [{"entity": "datasync.fsxfilesystem_arn", "param": "FsxFilesystemArn", "required": true, "source": "external"}, {"entity": "datasync.security_group_arns", "param": "SecurityGroupArns", "required": true, "source": "internal"}],
      "produces": [{"entity": "datasync.location_arn", "source": "output", "path": "LocationArn"}],
      "notes": ""
    },
    "CreateLocationFsxOntap": {
      "kind": "write_create",
      "side_effect": true,
      "sdk": {"client": "datasync", "method": "create_location_fsx_ontap"},
      "consumes": [{"entity": "datasync.protocol", "param": "Protocol", "required": true, "source": "internal"}, {"entity": "datasync.security_group_arns", "param": "SecurityGroupArns", "required": true, "source": "internal"}, {"entity": "datasync.storagevirtualmachine_arn", "param": "StorageVirtualMachineArn", "required": true, "source": "external"}],
      "produces": [{"entity": "datasync.location_arn", "source": "output", "path": "LocationArn"}],
      "notes": ""
    },
    "CreateLocationFsxOpenZfs": {
      "kind": "write_create",
      "side_effect": true,
      "sdk": {"client": "datasync", "method": "create_location_fsx_open_zfs"},
      "consumes": [{"entity": "datasync.fsxfilesystem_arn", "param": "FsxFilesystemArn", "required": true, "source": "external"}, {"entity": "datasync.protocol", "param": "Protocol", "required": true, "source": "internal"}, {"entity": "datasync.security_group_arns", "param": "SecurityGroupArns", "required": true, "source": "internal"}],
      "produces": [{"entity": "datasync.location_arn", "source": "output", "path": "LocationArn"}],
      "notes": ""
    },
    "CreateLocationFsxWindows": {
      "kind": "write_create",
      "side_effect": true,
      "sdk": {"client": "datasync", "method": "create_location_fsx_windows"},
      "consumes": [{"entity": "datasync.fsxfilesystem_arn", "param": "FsxFilesystemArn", "required": true, "source": "external"}, {"entity": "datasync.security_group_arns", "param": "SecurityGroupArns", "required": true, "source": "internal"}, {"entity": "datasync.user", "param": "User", "required": true, "source": "internal"}, {"entity": "datasync.password", "param": "Password", "required": true, "source": "external"}],
      "produces": [{"entity": "datasync.location_arn", "source": "output", "path": "LocationArn"}],
      "notes": ""
    },
    "CreateLocationHdfs": {
      "kind": "write_create",
      "side_effect": true,
      "sdk": {"client": "datasync", "method": "create_location_hdfs"},
      "consumes": [{"entity": "datasync.name_nodes", "param": "NameNodes", "required": true, "source": "internal"}, {"entity": "datasync.authentication_type", "param": "AuthenticationType", "required": true, "source": "internal"}, {"entity": "datasync.agent_arns", "param": "AgentArns", "required": true, "source": "internal"}],
      "produces": [{"entity": "datasync.location_arn", "source": "output", "path": "LocationArn"}],
      "notes": ""
    },
    "CreateLocationNfs": {
      "kind": "write_create",
      "side_effect": true,
      "sdk": {"client": "datasync", "method": "create_location_nfs"},
      "consumes": [{"entity": "datasync.subdirectory", "param": "Subdirectory", "required": true, "source": "external"}, {"entity": "datasync.serverhost_name", "param": "ServerHostname", "required": true, "source": "external"}, {"entity": "datasync.on_prem_config", "param": "OnPremConfig", "required": true, "source": "internal"}],
      "produces": [{"entity": "datasync.location_arn", "source": "output", "path": "LocationArn"}],
      "notes": ""
    },
    "CreateLocationObjectStorage": {
      "kind": "write_create",
      "side_effect": true,
      "sdk": {"client": "datasync", "method": "create_location_object_storage"},
      "consumes": [{"entity": "datasync.serverhost_name", "param": "ServerHostname", "required": true, "source": "external"}, {"entity": "datasync.bucket_name", "param": "BucketName", "required": true, "source": "external"}],
      "produces": [{"entity": "datasync.location_arn", "source": "output", "path": "LocationArn"}],
      "notes": ""
    },
    "CreateLocationS3": {
      "kind": "write_create",
      "side_effect": true,
      "sdk": {"client": "datasync", "method": "create_location_s3"},
      "consumes": [{"entity": "datasync.s3bucket_arn", "param": "S3BucketArn", "required": true, "source": "external"}, {"entity": "datasync.s3_config", "param": "S3Config", "required": true, "source": "internal"}],
      "produces": [{"entity": "datasync.location_arn", "source": "output", "path": "LocationArn"}],
      "notes": ""
    },
    "CreateLocationSmb": {
      "kind": "write_create",
      "side_effect": true,
      "sdk": {"client": "datasync", "method": "create_location_smb"},
      "consumes": [{"entity": "datasync.subdirectory", "param": "Subdirectory", "required": true, "source": "external"}, {"entity": "datasync.serverhost_name", "param": "ServerHostname", "required": true, "source": "external"}, {"entity": "datasync.agent_arns", "param": "AgentArns", "required": true, "source": "internal"}],
      "produces": [{"entity": "datasync.location_arn", "source": "output", "path": "LocationArn"}],
      "notes": ""
    },
    "CreateTask": {
      "kind": "write_create",
      "side_effect": true,
      "sdk": {"client": "datasync", "method": "create_task"},
      "consumes": [{"entity": "datasync.sourcelocation_arn", "param": "SourceLocationArn", "required": true, "source": "external"}, {"entity": "datasync.destinationlocation_arn", "param": "DestinationLocationArn", "required": true, "source": "external"}],
      "produces": [{"entity": "datasync.task_arn", "source": "output", "path": "TaskArn"}],
      "notes": ""
    },
    "DeleteAgent": {
      "kind": "write_delete",
      "side_effect": true,
      "sdk": {"client": "datasync", "method": "delete_agent"},
      "consumes": [{"entity": "datasync.agent_arn", "param": "AgentArn", "required": true, "source": "internal"}],
      "produces": [],
      "notes": ""
    },
    "DeleteLocation": {
      "kind": "write_delete",
      "side_effect": true,
      "sdk": {"client": "datasync", "method": "delete_location"},
      "consumes": [{"entity": "datasync.location_arn", "param": "LocationArn", "required": true, "source": "internal"}],
      "produces": [],
      "notes": ""
    },
    "DeleteTask": {
      "kind": "write_delete",
      "side_effect": true,
      "sdk": {"client": "datasync", "method": "delete_task"},
      "consumes": [{"entity": "datasync.task_arn", "param": "TaskArn", "required": true, "source": "internal"}],
      "produces": [],
      "notes": ""
    },
    "DescribeAgent": {
      "kind": "read_get",
      "side_effect": false,
      "sdk": {"client": "datasync", "method": "describe_agent"},
      "consumes": [{"entity": "datasync.agent_arn", "param": "AgentArn", "required": true, "source": "internal"}],
      "produces": [{"entity": "datasync.agent_arn", "source": "output", "path": "AgentArn"}, {"entity": "datasync.agent_name", "source": "output", "path": "Name"}, {"entity": "datasync.agent_status", "source": "output", "path": "Status"}, {"entity": "datasync.last_connection_time", "source": "output", "path": "LastConnectionTime"}, {"entity": "datasync.creation_time", "source": "output", "path": "CreationTime"}, {"entity": "datasync.endpoint_type", "source": "output", "path": "EndpointType"}, {"entity": "datasync.private_link_config", "source": "output", "path": "PrivateLinkConfig"}, {"entity": "datasync.platform", "source": "output", "path": "Platform"}, {"entity": "datasync.private_link_config_vpc_endpoint_id", "source": "item", "path": "PrivateLinkConfig.VpcEndpointId"}, {"entity": "datasync.private_link_config_private_link_endpoint", "source": "item", "path": "PrivateLinkConfig.PrivateLinkEndpoint"}, {"entity": "datasync.private_link_config_subnet_arns", "source": "item", "path": "PrivateLinkConfig.SubnetArns"}, {"entity": "datasync.private_link_config_security_group_arns", "source": "item", "path": "PrivateLinkConfig.SecurityGroupArns"}],
      "notes": ""
    },
    "DescribeLocationAzureBlob": {
      "kind": "read_get",
      "side_effect": false,
      "sdk": {"client": "datasync", "method": "describe_location_azure_blob"},
      "consumes": [{"entity": "datasync.location_arn", "param": "LocationArn", "required": true, "source": "internal"}],
      "produces": [{"entity": "datasync.location_arn", "source": "output", "path": "LocationArn"}, {"entity": "datasync.location_uri", "source": "output", "path": "LocationUri"}, {"entity": "datasync.authentication_type", "source": "output", "path": "AuthenticationType"}, {"entity": "datasync.blob_type", "source": "output", "path": "BlobType"}, {"entity": "datasync.access_tier", "source": "output", "path": "AccessTier"}, {"entity": "datasync.agent_arns", "source": "output", "path": "AgentArns"}, {"entity": "datasync.creation_time", "source": "output", "path": "CreationTime"}, {"entity": "datasync.managed_secret_config", "source": "output", "path": "ManagedSecretConfig"}, {"entity": "datasync.cmk_secret_config", "source": "output", "path": "CmkSecretConfig"}, {"entity": "datasync.custom_secret_config", "source": "output", "path": "CustomSecretConfig"}],
      "notes": ""
    },
    "DescribeLocationEfs": {
      "kind": "read_get",
      "side_effect": false,
      "sdk": {"client": "datasync", "method": "describe_location_efs"},
      "consumes": [{"entity": "datasync.location_arn", "param": "LocationArn", "required": true, "source": "internal"}],
      "produces": [{"entity": "datasync.location_arn", "source": "output", "path": "LocationArn"}, {"entity": "datasync.location_uri", "source": "output", "path": "LocationUri"}, {"entity": "datasync.ec2_config", "source": "output", "path": "Ec2Config"}, {"entity": "datasync.creation_time", "source": "output", "path": "CreationTime"}, {"entity": "datasync.access_point_arn", "source": "output", "path": "AccessPointArn"}, {"entity": "datasync.file_system_access_role_arn", "source": "output", "path": "FileSystemAccessRoleArn"}, {"entity": "datasync.in_transit_encryption", "source": "output", "path": "InTransitEncryption"}, {"entity": "datasync.ec2_config_subnet_arn", "source": "item", "path": "Ec2Config.SubnetArn"}, {"entity": "datasync.ec2_config_security_group_arns", "source": "item", "path": "Ec2Config.SecurityGroupArns"}],
      "notes": ""
    },
    "DescribeLocationFsxLustre": {
      "kind": "read_get",
      "side_effect": false,
      "sdk": {"client": "datasync", "method": "describe_location_fsx_lustre"},
      "consumes": [{"entity": "datasync.location_arn", "param": "LocationArn", "required": true, "source": "internal"}],
      "produces": [{"entity": "datasync.location_arn", "source": "output", "path": "LocationArn"}, {"entity": "datasync.location_uri", "source": "output", "path": "LocationUri"}, {"entity": "datasync.security_group_arns", "source": "output", "path": "SecurityGroupArns"}, {"entity": "datasync.creation_time", "source": "output", "path": "CreationTime"}],
      "notes": ""
    },
    "DescribeLocationFsxOntap": {
      "kind": "read_get",
      "side_effect": false,
      "sdk": {"client": "datasync", "method": "describe_location_fsx_ontap"},
      "consumes": [{"entity": "datasync.location_arn", "param": "LocationArn", "required": true, "source": "internal"}],
      "produces": [{"entity": "datasync.creation_time", "source": "output", "path": "CreationTime"}, {"entity": "datasync.location_arn", "source": "output", "path": "LocationArn"}, {"entity": "datasync.location_uri", "source": "output", "path": "LocationUri"}, {"entity": "datasync.protocol", "source": "output", "path": "Protocol"}, {"entity": "datasync.security_group_arns", "source": "output", "path": "SecurityGroupArns"}, {"entity": "datasync.storage_virtual_machine_arn", "source": "output", "path": "StorageVirtualMachineArn"}, {"entity": "datasync.fsx_filesystem_arn", "source": "output", "path": "FsxFilesystemArn"}],
      "notes": ""
    },
    "DescribeLocationFsxOpenZfs": {
      "kind": "read_get",
      "side_effect": false,
      "sdk": {"client": "datasync", "method": "describe_location_fsx_open_zfs"},
      "consumes": [{"entity": "datasync.location_arn", "param": "LocationArn", "required": true, "source": "internal"}],
      "produces": [{"entity": "datasync.location_arn", "source": "output", "path": "LocationArn"}, {"entity": "datasync.location_uri", "source": "output", "path": "LocationUri"}, {"entity": "datasync.security_group_arns", "source": "output", "path": "SecurityGroupArns"}, {"entity": "datasync.protocol", "source": "output", "path": "Protocol"}, {"entity": "datasync.creation_time", "source": "output", "path": "CreationTime"}],
      "notes": ""
    },
    "DescribeLocationFsxWindows": {
      "kind": "read_get",
      "side_effect": false,
      "sdk": {"client": "datasync", "method": "describe_location_fsx_windows"},
      "consumes": [{"entity": "datasync.location_arn", "param": "LocationArn", "required": true, "source": "internal"}],
      "produces": [{"entity": "datasync.location_arn", "source": "output", "path": "LocationArn"}, {"entity": "datasync.location_uri", "source": "output", "path": "LocationUri"}, {"entity": "datasync.security_group_arns", "source": "output", "path": "SecurityGroupArns"}, {"entity": "datasync.creation_time", "source": "output", "path": "CreationTime"}, {"entity": "datasync.user", "source": "output", "path": "User"}, {"entity": "datasync.domain", "source": "output", "path": "Domain"}],
      "notes": ""
    },
    "DescribeLocationHdfs": {
      "kind": "read_get",
      "side_effect": false,
      "sdk": {"client": "datasync", "method": "describe_location_hdfs"},
      "consumes": [{"entity": "datasync.location_arn", "param": "LocationArn", "required": true, "source": "internal"}],
      "produces": [{"entity": "datasync.location_arn", "source": "output", "path": "LocationArn"}, {"entity": "datasync.location_uri", "source": "output", "path": "LocationUri"}, {"entity": "datasync.name_nodes", "source": "output", "path": "NameNodes"}, {"entity": "datasync.block_size", "source": "output", "path": "BlockSize"}, {"entity": "datasync.replication_factor", "source": "output", "path": "ReplicationFactor"}, {"entity": "datasync.kms_key_provider_uri", "source": "output", "path": "KmsKeyProviderUri"}, {"entity": "datasync.qop_configuration", "source": "output", "path": "QopConfiguration"}, {"entity": "datasync.authentication_type", "source": "output", "path": "AuthenticationType"}, {"entity": "datasync.simple_user", "source": "output", "path": "SimpleUser"}, {"entity": "datasync.kerberos_principal", "source": "output", "path": "KerberosPrincipal"}, {"entity": "datasync.agent_arns", "source": "output", "path": "AgentArns"}, {"entity": "datasync.creation_time", "source": "output", "path": "CreationTime"}, {"entity": "datasync.name_nod_hostname", "source": "item", "path": "NameNodes.Hostname"}, {"entity": "datasync.name_nod_port", "source": "item", "path": "NameNodes.Port"}],
      "notes": ""
    },
    "DescribeLocationNfs": {
      "kind": "read_get",
      "side_effect": false,
      "sdk": {"client": "datasync", "method": "describe_location_nfs"},
      "consumes": [{"entity": "datasync.location_arn", "param": "LocationArn", "required": true, "source": "internal"}],
      "produces": [{"entity": "datasync.location_arn", "source": "output", "path": "LocationArn"}, {"entity": "datasync.location_uri", "source": "output", "path": "LocationUri"}, {"entity": "datasync.on_prem_config", "source": "output", "path": "OnPremConfig"}, {"entity": "datasync.mount_options", "source": "output", "path": "MountOptions"}, {"entity": "datasync.creation_time", "source": "output", "path": "CreationTime"}, {"entity": "datasync.on_prem_config_agent_arns", "source": "item", "path": "OnPremConfig.AgentArns"}],
      "notes": ""
    },
    "DescribeLocationObjectStorage": {
      "kind": "read_get",
      "side_effect": false,
      "sdk": {"client": "datasync", "method": "describe_location_object_storage"},
      "consumes": [{"entity": "datasync.location_arn", "param": "LocationArn", "required": true, "source": "internal"}],
      "produces": [{"entity": "datasync.location_arn", "source": "output", "path": "LocationArn"}, {"entity": "datasync.location_uri", "source": "output", "path": "LocationUri"}, {"entity": "datasync.access_key", "source": "output", "path": "AccessKey"}, {"entity": "datasync.server_port", "source": "output", "path": "ServerPort"}, {"entity": "datasync.server_protocol", "source": "output", "path": "ServerProtocol"}, {"entity": "datasync.agent_arns", "source": "output", "path": "AgentArns"}, {"entity": "datasync.creation_time", "source": "output", "path": "CreationTime"}, {"entity": "datasync.server_certificate", "source": "output", "path": "ServerCertificate"}, {"entity": "datasync.managed_secret_config", "source": "output", "path": "ManagedSecretConfig"}, {"entity": "datasync.cmk_secret_config", "source": "output", "path": "CmkSecretConfig"}, {"entity": "datasync.custom_secret_config", "source": "output", "path": "CustomSecretConfig"}],
      "notes": ""
    },
    "DescribeLocationS3": {
      "kind": "read_get",
      "side_effect": false,
      "sdk": {"client": "datasync", "method": "describe_location_s3"},
      "consumes": [{"entity": "datasync.location_arn", "param": "LocationArn", "required": true, "source": "internal"}],
      "produces": [{"entity": "datasync.location_arn", "source": "output", "path": "LocationArn"}, {"entity": "datasync.location_uri", "source": "output", "path": "LocationUri"}, {"entity": "datasync.s3_storage_class", "source": "output", "path": "S3StorageClass"}, {"entity": "datasync.s3_config", "source": "output", "path": "S3Config"}, {"entity": "datasync.agent_arns", "source": "output", "path": "AgentArns"}, {"entity": "datasync.creation_time", "source": "output", "path": "CreationTime"}],
      "notes": ""
    },
    "DescribeLocationSmb": {
      "kind": "read_get",
      "side_effect": false,
      "sdk": {"client": "datasync", "method": "describe_location_smb"},
      "consumes": [{"entity": "datasync.location_arn", "param": "LocationArn", "required": true, "source": "internal"}],
      "produces": [{"entity": "datasync.location_arn", "source": "output", "path": "LocationArn"}, {"entity": "datasync.location_uri", "source": "output", "path": "LocationUri"}, {"entity": "datasync.agent_arns", "source": "output", "path": "AgentArns"}, {"entity": "datasync.user", "source": "output", "path": "User"}, {"entity": "datasync.domain", "source": "output", "path": "Domain"}, {"entity": "datasync.mount_options", "source": "output", "path": "MountOptions"}, {"entity": "datasync.creation_time", "source": "output", "path": "CreationTime"}, {"entity": "datasync.dns_ip_addresses", "source": "output", "path": "DnsIpAddresses"}, {"entity": "datasync.kerberos_principal", "source": "output", "path": "KerberosPrincipal"}, {"entity": "datasync.authentication_type", "source": "output", "path": "AuthenticationType"}],
      "notes": ""
    },
    "DescribeTask": {
      "kind": "read_get",
      "side_effect": false,
      "sdk": {"client": "datasync", "method": "describe_task"},
      "consumes": [{"entity": "datasync.task_arn", "param": "TaskArn", "required": true, "source": "internal"}],
      "produces": [{"entity": "datasync.task_arn", "source": "output", "path": "TaskArn"}, {"entity": "datasync.task_status", "source": "output", "path": "Status"}, {"entity": "datasync.task_name", "source": "output", "path": "Name"}, {"entity": "datasync.task_execution_arn", "source": "output", "path": "CurrentTaskExecutionArn"}, {"entity": "datasync.location_arn", "source": "output", "path": "SourceLocationArn"}, {"entity": "datasync.location_arn", "source": "output", "path": "DestinationLocationArn"}, {"entity": "datasync.cloud_watch_log_group_arn", "source": "output", "path": "CloudWatchLogGroupArn"}, {"entity": "datasync.source_network_interface_arns", "source": "output", "path": "SourceNetworkInterfaceArns"}, {"entity": "datasync.destination_network_interface_arns", "source": "output", "path": "DestinationNetworkInterfaceArns"}, {"entity": "datasync.options", "source": "output", "path": "Options"}, {"entity": "datasync.excludes", "source": "output", "path": "Excludes"}, {"entity": "datasync.schedule", "source": "output", "path": "Schedule"}, {"entity": "datasync.error_code", "source": "output", "path": "ErrorCode"}, {"entity": "datasync.error_detail", "source": "output", "path": "ErrorDetail"}, {"entity": "datasync.creation_time", "source": "output", "path": "CreationTime"}, {"entity": "datasync.includes", "source": "output", "path": "Includes"}, {"entity": "datasync.manifest_config", "source": "output", "path": "ManifestConfig"}, {"entity": "datasync.task_report_config", "source": "output", "path": "TaskReportConfig"}, {"entity": "datasync.schedule", "source": "output", "path": "ScheduleDetails"}, {"entity": "datasync.task_mode", "source": "output", "path": "TaskMode"}],
      "notes": ""
    },
    "DescribeTaskExecution": {
      "kind": "read_get",
      "side_effect": false,
      "sdk": {"client": "datasync", "method": "describe_task_execution"},
      "consumes": [{"entity": "datasync.taskexecution_arn", "param": "TaskExecutionArn", "required": true, "source": "external"}],
      "produces": [{"entity": "datasync.task_execution_arn", "source": "output", "path": "TaskExecutionArn"}, {"entity": "datasync.task_execution_status", "source": "output", "path": "Status"}, {"entity": "datasync.options", "source": "output", "path": "Options"}, {"entity": "datasync.excludes", "source": "output", "path": "Excludes"}, {"entity": "datasync.includes", "source": "output", "path": "Includes"}, {"entity": "datasync.manifest_config", "source": "output", "path": "ManifestConfig"}, {"entity": "datasync.start_time", "source": "output", "path": "StartTime"}, {"entity": "datasync.estimated_files_to_transfer", "source": "output", "path": "EstimatedFilesToTransfer"}, {"entity": "datasync.estimated_bytes_to_transfer", "source": "output", "path": "EstimatedBytesToTransfer"}, {"entity": "datasync.files_transferred", "source": "output", "path": "FilesTransferred"}, {"entity": "datasync.bytes_written", "source": "output", "path": "BytesWritten"}, {"entity": "datasync.bytes_transferred", "source": "output", "path": "BytesTransferred"}, {"entity": "datasync.bytes_compressed", "source": "output", "path": "BytesCompressed"}, {"entity": "datasync.result", "source": "output", "path": "Result"}, {"entity": "datasync.task_report_config", "source": "output", "path": "TaskReportConfig"}, {"entity": "datasync.files_deleted", "source": "output", "path": "FilesDeleted"}, {"entity": "datasync.files_skipped", "source": "output", "path": "FilesSkipped"}, {"entity": "datasync.files_verified", "source": "output", "path": "FilesVerified"}, {"entity": "datasync.report_result", "source": "output", "path": "ReportResult"}, {"entity": "datasync.estimated_files_to_delete", "source": "output", "path": "EstimatedFilesToDelete"}, {"entity": "datasync.task_mode", "source": "output", "path": "TaskMode"}, {"entity": "datasync.files_prepared", "source": "output", "path": "FilesPrepared"}, {"entity": "datasync.files_listed", "source": "output", "path": "FilesListed"}, {"entity": "datasync.files_failed", "source": "output", "path": "FilesFailed"}, {"entity": "datasync.launch_time", "source": "output", "path": "LaunchTime"}, {"entity": "datasync.end_time", "source": "output", "path": "EndTime"}, {"entity": "datasync.exclud_filter_type", "source": "item", "path": "Excludes.FilterType"}, {"entity": "datasync.exclud_value", "source": "item", "path": "Excludes.Value"}],
      "notes": ""
    },
    "ListTagsForResource": {
      "kind": "read_list",
      "side_effect": false,
      "sdk": {"client": "datasync", "method": "list_tags_for_resource"},
      "consumes": [{"entity": "datasync.resource_arn", "param": "ResourceArn", "required": true, "source": "external"}],
      "produces": [{"entity": "datasync.tags", "source": "output", "path": "Tags"}, {"entity": "datasync.next_token", "source": "output", "path": "NextToken"}, {"entity": "datasync.tag_key", "source": "item", "path": "Tags[].Key"}, {"entity": "datasync.tag_value", "source": "item", "path": "Tags[].Value"}],
      "notes": ""
    },
    "StartTaskExecution": {
      "kind": "write_create",
      "side_effect": true,
      "sdk": {"client": "datasync", "method": "start_task_execution"},
      "consumes": [{"entity": "datasync.task_arn", "param": "TaskArn", "required": true, "source": "internal"}],
      "produces": [{"entity": "datasync.task_execution_arn", "source": "output", "path": "TaskExecutionArn"}],
      "notes": ""
    },
    "TagResource": {
      "kind": "write_apply",
      "side_effect": true,
      "sdk": {"client": "datasync", "method": "tag_resource"},
      "consumes": [{"entity": "datasync.resource_arn", "param": "ResourceArn", "required": true, "source": "external"}, {"entity": "datasync.tags", "param": "Tags", "required": true, "source": "internal"}],
      "produces": [],
      "notes": ""
    },
    "UntagResource": {
      "kind": "write_delete",
      "side_effect": true,
      "sdk": {"client": "datasync", "method": "untag_resource"},
      "consumes": [{"entity": "datasync.resource_arn", "param": "ResourceArn", "required": true, "source": "external"}, {"entity": "datasync.keys", "param": "Keys", "required": true, "source": "external"}],
      "produces": [],
      "notes": ""
    },
    "UpdateAgent": {
      "kind": "write_update",
      "side_effect": true,
      "sdk": {"client": "datasync", "method": "update_agent"},
      "consumes": [{"entity": "datasync.agent_arn", "param": "AgentArn", "required": true, "source": "internal"}],
      "produces": [],
      "notes": ""
    },
    "UpdateLocationAzureBlob": {
      "kind": "write_update",
      "side_effect": true,
      "sdk": {"client": "datasync", "method": "update_location_azure_blob"},
      "consumes": [{"entity": "datasync.location_arn", "param": "LocationArn", "required": true, "source": "internal"}],
      "produces": [],
      "notes": ""
    },
    "UpdateLocationEfs": {
      "kind": "write_update",
      "side_effect": true,
      "sdk": {"client": "datasync", "method": "update_location_efs"},
      "consumes": [{"entity": "datasync.location_arn", "param": "LocationArn", "required": true, "source": "internal"}],
      "produces": [],
      "notes": ""
    },
    "UpdateLocationFsxLustre": {
      "kind": "write_update",
      "side_effect": true,
      "sdk": {"client": "datasync", "method": "update_location_fsx_lustre"},
      "consumes": [{"entity": "datasync.location_arn", "param": "LocationArn", "required": true, "source": "internal"}],
      "produces": [],
      "notes": ""
    },
    "UpdateLocationFsxOntap": {
      "kind": "write_update",
      "side_effect": true,
      "sdk": {"client": "datasync", "method": "update_location_fsx_ontap"},
      "consumes": [{"entity": "datasync.location_arn", "param": "LocationArn", "required": true, "source": "internal"}],
      "produces": [],
      "notes": ""
    },
    "UpdateLocationFsxOpenZfs": {
      "kind": "write_update",
      "side_effect": true,
      "sdk": {"client": "datasync", "method": "update_location_fsx_open_zfs"},
      "consumes": [{"entity": "datasync.location_arn", "param": "LocationArn", "required": true, "source": "internal"}],
      "produces": [],
      "notes": ""
    },
    "UpdateLocationFsxWindows": {
      "kind": "write_update",
      "side_effect": true,
      "sdk": {"client": "datasync", "method": "update_location_fsx_windows"},
      "consumes": [{"entity": "datasync.location_arn", "param": "LocationArn", "required": true, "source": "internal"}],
      "produces": [],
      "notes": ""
    },
    "UpdateLocationHdfs": {
      "kind": "write_update",
      "side_effect": true,
      "sdk": {"client": "datasync", "method": "update_location_hdfs"},
      "consumes": [{"entity": "datasync.location_arn", "param": "LocationArn", "required": true, "source": "internal"}],
      "produces": [],
      "notes": ""
    },
    "UpdateLocationNfs": {
      "kind": "write_update",
      "side_effect": true,
      "sdk": {"client": "datasync", "method": "update_location_nfs"},
      "consumes": [{"entity": "datasync.location_arn", "param": "LocationArn", "required": true, "source": "internal"}],
      "produces": [],
      "notes": ""
    },
    "UpdateLocationObjectStorage": {
      "kind": "write_update",
      "side_effect": true,
      "sdk": {"client": "datasync", "method": "update_location_object_storage"},
      "consumes": [{"entity": "datasync.location_arn", "param": "LocationArn", "required": true, "source": "internal"}],
      "produces": [],
      "notes": ""
    },
    "UpdateLocationS3": {
      "kind": "write_update",
      "side_effect": true,
      "sdk": {"client": "datasync", "method": "update_location_s3"},
      "consumes": [{"entity": "datasync.location_arn", "param": "LocationArn", "required": true, "source": "internal"}],
      "produces": [],
      "notes": ""
    },
    "UpdateLocationSmb": {
      "kind": "write_update",
      "side_effect": true,
      "sdk": {"client": "datasync", "method": "update_location_smb"},
      "consumes": [{"entity": "datasync.location_arn", "param": "LocationArn", "required": true, "source": "internal"}],
      "produces": [],
      "notes": ""
    },
    "UpdateTask": {
      "kind": "write_update",
      "side_effect": true,
      "sdk": {"client": "datasync", "method": "update_task"},
      "consumes": [{"entity": "datasync.task_arn", "param": "TaskArn", "required": true, "source": "internal"}],
      "produces": [],
      "notes": ""
    },
    "UpdateTaskExecution": {
      "kind": "write_update",
      "side_effect": true,
      "sdk": {"client": "datasync", "method": "update_task_execution"},
      "consumes": [{"entity": "datasync.taskexecution_arn", "param": "TaskExecutionArn", "required": true, "source": "external"}, {"entity": "datasync.options", "param": "Options", "required": true, "source": "internal"}],
      "produces": [],
      "notes": ""
    }
  }
}