{
  "service": "pcs",
  "op_consumes": {
    "ListClusters": [],
    "CreateCluster": ["pcs.networking", "pcs.scheduler", "pcs.size", "pcs.cluster_name"],
    "CreateComputeNodeGroup": ["pcs.instance_configs", "pcs.iaminstanceprofile_arn", "pcs.custom_launch_template", "pcs.computenodegroup_name", "pcs.cluster_identifier", "pcs.scaling_configuration", "pcs.subnet_ids"],
    "CreateQueue": ["pcs.cluster_identifier", "pcs.queue_name"],
    "DeleteCluster": ["pcs.cluster_identifier"],
    "DeleteComputeNodeGroup": ["pcs.cluster_identifier", "pcs.compute_node_group_identifier"],
    "DeleteQueue": ["pcs.cluster_identifier", "pcs.queue_identifier"],
    "GetCluster": ["pcs.cluster_identifier"],
    "GetComputeNodeGroup": ["pcs.cluster_identifier", "pcs.compute_node_group_identifier"],
    "GetQueue": ["pcs.cluster_identifier", "pcs.queue_identifier"],
    "ListComputeNodeGroups": ["pcs.cluster_identifier"],
    "ListQueues": ["pcs.cluster_identifier"],
    "ListTagsForResource": ["pcs.resource_arn"],
    "RegisterComputeNodeGroupInstance": ["pcs.bootstrap_id", "pcs.cluster_identifier"],
    "TagResource": ["pcs.tags", "pcs.resource_arn"],
    "UntagResource": ["pcs.resource_arn", "pcs.tag_keys"],
    "UpdateCluster": ["pcs.cluster_identifier"],
    "UpdateComputeNodeGroup": ["pcs.cluster_identifier", "pcs.compute_node_group_identifier"],
    "UpdateQueue": ["pcs.cluster_identifier", "pcs.queue_identifier"]
  },
  "op_produces": {
    "ListClusters": ["pcs.cluster_name", "pcs.cluster_status", "pcs.cluster_created_at", "pcs.cluster_id", "pcs.clusters", "pcs.cluster_arn", "pcs.next_token", "pcs.cluster_modified_at"],
    "CreateCluster": ["pcs.cluster_error_info", "pcs.cluster_status", "pcs.cluster_name", "pcs.cluster_slurm_configuration", "pcs.cluster_size", "pcs.cluster_created_at", "pcs.cluster_id", "pcs.cluster_endpoints", "pcs.cluster", "pcs.cluster_arn", "pcs.cluster_scheduler", "pcs.cluster_networking", "pcs.cluster_modified_at"],
    "CreateComputeNodeGroup": ["pcs.compute_node_group_created_at", "pcs.compute_node_group_modified_at", "pcs.compute_node_group_arn", "pcs.compute_node_group_status", "pcs.compute_node_group_scaling_configuration", "pcs.compute_node_group_spot_options", "pcs.compute_node_group_subnet_ids", "pcs.compute_node_group_purchase_option", "pcs.compute_node_group_custom_launch_template", "pcs.compute_node_group_iam_instance_profile_arn", "pcs.compute_node_group", "pcs.compute_node_group_instance_configs", "pcs.compute_node_group_ami_id", "pcs.compute_node_group_name", "pcs.compute_node_group_cluster_id", "pcs.compute_node_group_slurm_configuration", "pcs.compute_node_group_error_info", "pcs.compute_node_group_id"],
    "CreateQueue": ["pcs.queue_slurm_configuration", "pcs.queue_created_at", "pcs.queue_error_info", "pcs.queue_compute_node_group_configurations", "pcs.queue_status", "pcs.queue_name", "pcs.queue_modified_at", "pcs.queue_id", "pcs.cluster_id", "pcs.queue", "pcs.queue_arn"],
    "DeleteCluster": [],
    "DeleteComputeNodeGroup": [],
    "DeleteQueue": [],
    "GetCluster": ["pcs.cluster_error_info", "pcs.cluster_status", "pcs.cluster_name", "pcs.cluster_slurm_configuration", "pcs.cluster_size", "pcs.cluster_created_at", "pcs.cluster_id", "pcs.cluster_endpoints", "pcs.cluster", "pcs.cluster_arn", "pcs.cluster_scheduler", "pcs.cluster_networking", "pcs.cluster_modified_at"],
    "GetComputeNodeGroup": ["pcs.compute_node_group_created_at", "pcs.compute_node_group_modified_at", "pcs.compute_node_group_arn", "pcs.compute_node_group_status", "pcs.compute_node_group_scaling_configuration", "pcs.compute_node_group_spot_options", "pcs.compute_node_group_subnet_ids", "pcs.compute_node_group_purchase_option", "pcs.compute_node_group_custom_launch_template", "pcs.compute_node_group_iam_instance_profile_arn", "pcs.compute_node_group", "pcs.compute_node_group_instance_configs", "pcs.compute_node_group_ami_id", "pcs.compute_node_group_name", "pcs.compute_node_group_cluster_id", "pcs.compute_node_group_slurm_configuration", "pcs.compute_node_group_error_info", "pcs.compute_node_group_id"],
    "GetQueue": ["pcs.queue_slurm_configuration", "pcs.queue_created_at", "pcs.queue_error_info", "pcs.queue_compute_node_group_configurations", "pcs.queue_status", "pcs.queue_name", "pcs.queue_modified_at", "pcs.queue_id", "pcs.cluster_id", "pcs.queue", "pcs.queue_arn"],
    "ListComputeNodeGroups": ["pcs.compute_node_group_created_at", "pcs.compute_node_group_modified_at", "pcs.compute_node_group_arn", "pcs.compute_node_group_status", "pcs.compute_node_groups", "pcs.compute_node_group_name", "pcs.compute_node_group_cluster_id", "pcs.compute_node_group_id", "pcs.next_token"],
    "ListQueues": ["pcs.queu_id", "pcs.queu_created_at", "pcs.queu_name", "pcs.queues", "pcs.cluster_id", "pcs.next_token", "pcs.queu_status", "pcs.queu_modified_at", "pcs.queu_arn"],
    "ListTagsForResource": ["pcs.tags"],
    "RegisterComputeNodeGroupInstance": ["pcs.endpoint_ipv6_address", "pcs.shared_secret", "pcs.endpoint_type", "pcs.endpoint_private_ip_address", "pcs.endpoint_port", "pcs.endpoints", "pcs.node_id", "pcs.endpoint_public_ip_address"],
    "TagResource": [],
    "UntagResource": [],
    "UpdateCluster": ["pcs.cluster_error_info", "pcs.cluster_status", "pcs.cluster_name", "pcs.cluster_slurm_configuration", "pcs.cluster_size", "pcs.cluster_created_at", "pcs.cluster_id", "pcs.cluster_endpoints", "pcs.cluster", "pcs.cluster_arn", "pcs.cluster_scheduler", "pcs.cluster_networking", "pcs.cluster_modified_at"],
    "UpdateComputeNodeGroup": ["pcs.compute_node_group_created_at", "pcs.compute_node_group_modified_at", "pcs.compute_node_group_arn", "pcs.compute_node_group_status", "pcs.compute_node_group_scaling_configuration", "pcs.compute_node_group_spot_options", "pcs.compute_node_group_subnet_ids", "pcs.compute_node_group_purchase_option", "pcs.compute_node_group_custom_launch_template", "pcs.compute_node_group_iam_instance_profile_arn", "pcs.compute_node_group", "pcs.compute_node_group_instance_configs", "pcs.compute_node_group_ami_id", "pcs.compute_node_group_name", "pcs.compute_node_group_cluster_id", "pcs.compute_node_group_slurm_configuration", "pcs.compute_node_group_error_info", "pcs.compute_node_group_id"],
    "UpdateQueue": ["pcs.queue_slurm_configuration", "pcs.queue_created_at", "pcs.queue_error_info", "pcs.queue_compute_node_group_configurations", "pcs.queue_status", "pcs.queue_name", "pcs.queue_modified_at", "pcs.queue_id", "pcs.cluster_id", "pcs.queue", "pcs.queue_arn"]
  },
  "entity_producers": {
    "pcs.clusters": ["ListClusters"],
    "pcs.next_token": ["ListQueues", "ListComputeNodeGroups", "ListClusters"],
    "pcs.cluster_name": ["GetCluster", "UpdateCluster", "CreateCluster", "ListClusters"],
    "pcs.cluster_id": ["ListQueues", "GetCluster", "GetQueue", "CreateCluster", "CreateQueue", "UpdateCluster", "UpdateQueue", "ListClusters"],
    "pcs.cluster_arn": ["GetCluster", "UpdateCluster", "CreateCluster", "ListClusters"],
    "pcs.cluster_created_at": ["GetCluster", "UpdateCluster", "CreateCluster", "ListClusters"],
    "pcs.cluster_modified_at": ["GetCluster", "UpdateCluster", "CreateCluster", "ListClusters"],
    "pcs.cluster_status": ["GetCluster", "UpdateCluster", "CreateCluster", "ListClusters"],
    "pcs.cluster": ["GetCluster", "CreateCluster", "UpdateCluster"],
    "pcs.cluster_scheduler": ["GetCluster", "CreateCluster", "UpdateCluster"],
    "pcs.cluster_size": ["GetCluster", "CreateCluster", "UpdateCluster"],
    "pcs.cluster_slurm_configuration": ["GetCluster", "CreateCluster", "UpdateCluster"],
    "pcs.cluster_networking": ["GetCluster", "CreateCluster", "UpdateCluster"],
    "pcs.cluster_endpoints": ["GetCluster", "CreateCluster", "UpdateCluster"],
    "pcs.cluster_error_info": ["GetCluster", "CreateCluster", "UpdateCluster"],
    "pcs.compute_node_group": ["GetComputeNodeGroup", "CreateComputeNodeGroup", "UpdateComputeNodeGroup"],
    "pcs.compute_node_group_name": ["GetComputeNodeGroup", "CreateComputeNodeGroup", "ListComputeNodeGroups", "UpdateComputeNodeGroup"],
    "pcs.compute_node_group_id": ["GetComputeNodeGroup", "CreateComputeNodeGroup", "ListComputeNodeGroups", "UpdateComputeNodeGroup"],
    "pcs.compute_node_group_arn": ["GetComputeNodeGroup", "CreateComputeNodeGroup", "ListComputeNodeGroups", "UpdateComputeNodeGroup"],
    "pcs.compute_node_group_cluster_id": ["GetComputeNodeGroup", "CreateComputeNodeGroup", "ListComputeNodeGroups", "UpdateComputeNodeGroup"],
    "pcs.compute_node_group_created_at": ["GetComputeNodeGroup", "CreateComputeNodeGroup", "ListComputeNodeGroups", "UpdateComputeNodeGroup"],
    "pcs.compute_node_group_modified_at": ["GetComputeNodeGroup", "CreateComputeNodeGroup", "ListComputeNodeGroups", "UpdateComputeNodeGroup"],
    "pcs.compute_node_group_status": ["GetComputeNodeGroup", "CreateComputeNodeGroup", "ListComputeNodeGroups", "UpdateComputeNodeGroup"],
    "pcs.compute_node_group_ami_id": ["GetComputeNodeGroup", "CreateComputeNodeGroup", "UpdateComputeNodeGroup"],
    "pcs.compute_node_group_subnet_ids": ["GetComputeNodeGroup", "CreateComputeNodeGroup", "UpdateComputeNodeGroup"],
    "pcs.compute_node_group_purchase_option": ["GetComputeNodeGroup", "CreateComputeNodeGroup", "UpdateComputeNodeGroup"],
    "pcs.compute_node_group_custom_launch_template": ["GetComputeNodeGroup", "CreateComputeNodeGroup", "UpdateComputeNodeGroup"],
    "pcs.compute_node_group_iam_instance_profile_arn": ["GetComputeNodeGroup", "CreateComputeNodeGroup", "UpdateComputeNodeGroup"],
    "pcs.compute_node_group_scaling_configuration": ["GetComputeNodeGroup", "CreateComputeNodeGroup", "UpdateComputeNodeGroup"],
    "pcs.compute_node_group_instance_configs": ["GetComputeNodeGroup", "CreateComputeNodeGroup", "UpdateComputeNodeGroup"],
    "pcs.compute_node_group_spot_options": ["GetComputeNodeGroup", "CreateComputeNodeGroup", "UpdateComputeNodeGroup"],
    "pcs.compute_node_group_slurm_configuration": ["GetComputeNodeGroup", "CreateComputeNodeGroup", "UpdateComputeNodeGroup"],
    "pcs.compute_node_group_error_info": ["GetComputeNodeGroup", "CreateComputeNodeGroup", "UpdateComputeNodeGroup"],
    "pcs.queue": ["GetQueue", "UpdateQueue", "CreateQueue"],
    "pcs.queue_name": ["GetQueue", "UpdateQueue", "CreateQueue"],
    "pcs.queue_id": ["GetQueue", "UpdateQueue", "CreateQueue"],
    "pcs.queue_arn": ["GetQueue", "UpdateQueue", "CreateQueue"],
    "pcs.queue_created_at": ["GetQueue", "UpdateQueue", "CreateQueue"],
    "pcs.queue_modified_at": ["GetQueue", "UpdateQueue", "CreateQueue"],
    "pcs.queue_status": ["GetQueue", "UpdateQueue", "CreateQueue"],
    "pcs.queue_compute_node_group_configurations": ["GetQueue", "UpdateQueue", "CreateQueue"],
    "pcs.queue_slurm_configuration": ["GetQueue", "UpdateQueue", "CreateQueue"],
    "pcs.queue_error_info": ["GetQueue", "UpdateQueue", "CreateQueue"],
    "pcs.compute_node_groups": ["ListComputeNodeGroups"],
    "pcs.queues": ["ListQueues"],
    "pcs.queu_name": ["ListQueues"],
    "pcs.queu_id": ["ListQueues"],
    "pcs.queu_arn": ["ListQueues"],
    "pcs.queu_created_at": ["ListQueues"],
    "pcs.queu_modified_at": ["ListQueues"],
    "pcs.queu_status": ["ListQueues"],
    "pcs.tags": ["ListTagsForResource"],
    "pcs.node_id": ["RegisterComputeNodeGroupInstance"],
    "pcs.shared_secret": ["RegisterComputeNodeGroupInstance"],
    "pcs.endpoints": ["RegisterComputeNodeGroupInstance"],
    "pcs.endpoint_type": ["RegisterComputeNodeGroupInstance"],
    "pcs.endpoint_private_ip_address": ["RegisterComputeNodeGroupInstance"],
    "pcs.endpoint_public_ip_address": ["RegisterComputeNodeGroupInstance"],
    "pcs.endpoint_ipv6_address": ["RegisterComputeNodeGroupInstance"],
    "pcs.endpoint_port": ["RegisterComputeNodeGroupInstance"]
  },
  "entity_consumers": {
    "pcs.cluster_name": ["CreateCluster"],
    "pcs.scheduler": ["CreateCluster"],
    "pcs.size": ["CreateCluster"],
    "pcs.networking": ["CreateCluster"],
    "pcs.cluster_identifier": ["DeleteCluster", "GetComputeNodeGroup", "GetCluster", "ListQueues", "GetQueue", "DeleteQueue", "CreateQueue", "ListComputeNodeGroups", "UpdateCluster", "DeleteComputeNodeGroup", "CreateComputeNodeGroup", "UpdateComputeNodeGroup", "UpdateQueue", "RegisterComputeNodeGroupInstance"],
    "pcs.computenodegroup_name": ["CreateComputeNodeGroup"],
    "pcs.subnet_ids": ["CreateComputeNodeGroup"],
    "pcs.custom_launch_template": ["CreateComputeNodeGroup"],
    "pcs.iaminstanceprofile_arn": ["CreateComputeNodeGroup"],
    "pcs.scaling_configuration": ["CreateComputeNodeGroup"],
    "pcs.instance_configs": ["CreateComputeNodeGroup"],
    "pcs.queue_name": ["CreateQueue"],
    "pcs.compute_node_group_identifier": ["DeleteComputeNodeGroup", "GetComputeNodeGroup", "UpdateComputeNodeGroup"],
    "pcs.queue_identifier": ["UpdateQueue", "GetQueue", "DeleteQueue"],
    "pcs.resource_arn": ["UntagResource", "TagResource", "ListTagsForResource"],
    "pcs.bootstrap_id": ["RegisterComputeNodeGroupInstance"],
    "pcs.tags": ["TagResource"],
    "pcs.tag_keys": ["UntagResource"]
  },
  "external_entities": ["pcs.bootstrap_id", "pcs.cluster_identifier", "pcs.compute_node_group_identifier", "pcs.computenodegroup_name", "pcs.custom_launch_template", "pcs.iaminstanceprofile_arn", "pcs.instance_configs", "pcs.networking", "pcs.queue_identifier", "pcs.resource_arn", "pcs.scaling_configuration", "pcs.scheduler", "pcs.size", "pcs.subnet_ids", "pcs.tag_keys"]
}