{
  "service": "pcs",
  "fixes": [
    {
      "rule_id": "1",
      "suggested_check": {
        "var": "name",
        "op": "equals",
        "value": "pcs.cluster_name",
        "derived": null,
        "derive_key": null
      },
      "suggested_aliases": {
        "entity_aliases": {
          "alias": "pcs.cluster_name"
        },
        "param_aliases": {
          "param": [
            "ListClusters.clusters[].name",
            "CreateCluster.cluster.name",
            "GetCluster.cluster.name",
            "UpdateCluster.cluster.name"
          ]
        }
      },
      "confidence": 1.0,
      "reason": "The variable 'name' directly corresponds to the cluster name in multiple contexts."
    },
    {
      "rule_id": "2",
      "suggested_check": {
        "var": "computeNodeGroup.name",
        "op": "equals",
        "value": "pcs.compute_node_group_name",
        "derived": null,
        "derive_key": null
      },
      "suggested_aliases": {
        "entity_aliases": {
          "alias": "pcs.compute_node_group_name"
        },
        "param_aliases": {
          "param": [
            "CreateComputeNodeGroup.computeNodeGroup.name",
            "GetComputeNodeGroup.computeNodeGroup.name",
            "ListComputeNodeGroups.computeNodeGroups[].name"
          ]
        }
      },
      "confidence": 1.0,
      "reason": "The variable 'computeNodeGroup.name' directly corresponds to the compute node group name in multiple contexts."
    },
    {
      "rule_id": "3",
      "suggested_check": {
        "var": "queue.name",
        "op": "equals",
        "value": "pcs.queue_name",
        "derived": null,
        "derive_key": null
      },
      "suggested_aliases": {
        "entity_aliases": {
          "alias": "pcs.queue_name"
        },
        "param_aliases": {
          "param": [
            "CreateQueue.queue.name",
            "GetQueue.queue.name",
            "ListQueues.queues[].name"
          ]
        }
      },
      "confidence": 1.0,
      "reason": "The variable 'queue.name' directly corresponds to the queue name in multiple contexts."
    },
    {
      "type": "llm_fix",
      "original": "1",
      "fix": {
        "var": "name",
        "op": "equals",
        "value": "pcs.cluster_name",
        "derived": null,
        "derive_key": null
      },
      "confidence": 1.0,
      "reason": "The variable 'name' directly corresponds to the cluster name in multiple contexts.",
      "aliases": {
        "entity_aliases": {
          "alias": "pcs.cluster_name"
        },
        "param_aliases": {
          "param": [
            "ListClusters.clusters[].name",
            "CreateCluster.cluster.name",
            "GetCluster.cluster.name",
            "UpdateCluster.cluster.name"
          ]
        }
      }
    }
  ],
  "summary": {
    "total_fixes": 4,
    "remaining_unresolved": 48
  }
}