{
  "service": "pcs",
  "version": "1.0",
  "kind_rules": {
    "read_list": ["List"],
    "read_get": ["Get", "Describe"],
    "write_create": ["Create", "Start", "Generate", "Import", "Enable", "Register"],
    "write_update": ["Update", "Modify", "Put", "Set", "Change", "Reset", "Patch"],
    "write_delete": ["Delete", "Remove", "Terminate", "Destroy", "Disable", "Detach", "Disassociate", "Untag", "Revoke"],
    "write_apply": ["Apply", "Attach", "Associate", "Add", "Tag", "Authorize", "Unauthorize", "Grant"],
    "other": ["default"]
  },
  "entity_aliases": {"pcs.queu_cluster_id": "pcs.cluster_id", "pcs.queue_cluster_id": "pcs.cluster_id"},
  "overrides": {},
  "operations": {
    "ListClusters": {
      "kind": "read_list",
      "side_effect": false,
      "sdk": {"client": "pcs", "method": "list_clusters"},
      "consumes": [],
      "produces": [{"entity": "pcs.clusters", "source": "output", "path": "clusters"}, {"entity": "pcs.next_token", "source": "output", "path": "nextToken"}, {"entity": "pcs.cluster_name", "source": "item", "path": "clusters[].name"}, {"entity": "pcs.cluster_id", "source": "item", "path": "clusters[].id"}, {"entity": "pcs.cluster_arn", "source": "item", "path": "clusters[].arn"}, {"entity": "pcs.cluster_created_at", "source": "item", "path": "clusters[].createdAt"}, {"entity": "pcs.cluster_modified_at", "source": "item", "path": "clusters[].modifiedAt"}, {"entity": "pcs.cluster_status", "source": "item", "path": "clusters[].status"}],
      "notes": ""
    },
    "CreateCluster": {
      "kind": "write_create",
      "side_effect": true,
      "sdk": {"client": "pcs", "method": "create_cluster"},
      "consumes": [{"entity": "pcs.cluster_name", "param": "clusterName", "required": true, "source": "internal"}, {"entity": "pcs.scheduler", "param": "scheduler", "required": true, "source": "external"}, {"entity": "pcs.size", "param": "size", "required": true, "source": "external"}, {"entity": "pcs.networking", "param": "networking", "required": true, "source": "external"}],
      "produces": [{"entity": "pcs.cluster", "source": "output", "path": "cluster"}, {"entity": "pcs.cluster_name", "source": "item", "path": "cluster.name"}, {"entity": "pcs.cluster_id", "source": "item", "path": "cluster.id"}, {"entity": "pcs.cluster_arn", "source": "item", "path": "cluster.arn"}, {"entity": "pcs.cluster_status", "source": "item", "path": "cluster.status"}, {"entity": "pcs.cluster_created_at", "source": "item", "path": "cluster.createdAt"}, {"entity": "pcs.cluster_modified_at", "source": "item", "path": "cluster.modifiedAt"}, {"entity": "pcs.cluster_scheduler", "source": "item", "path": "cluster.scheduler"}, {"entity": "pcs.cluster_size", "source": "item", "path": "cluster.size"}, {"entity": "pcs.cluster_slurm_configuration", "source": "item", "path": "cluster.slurmConfiguration"}, {"entity": "pcs.cluster_networking", "source": "item", "path": "cluster.networking"}, {"entity": "pcs.cluster_endpoints", "source": "item", "path": "cluster.endpoints"}, {"entity": "pcs.cluster_error_info", "source": "item", "path": "cluster.errorInfo"}],
      "notes": ""
    },
    "CreateComputeNodeGroup": {
      "kind": "write_create",
      "side_effect": true,
      "sdk": {"client": "pcs", "method": "create_compute_node_group"},
      "consumes": [{"entity": "pcs.cluster_identifier", "param": "clusterIdentifier", "required": true, "source": "external"}, {"entity": "pcs.computenodegroup_name", "param": "computeNodeGroupName", "required": true, "source": "external"}, {"entity": "pcs.subnet_ids", "param": "subnetIds", "required": true, "source": "external"}, {"entity": "pcs.custom_launch_template", "param": "customLaunchTemplate", "required": true, "source": "external"}, {"entity": "pcs.iaminstanceprofile_arn", "param": "iamInstanceProfileArn", "required": true, "source": "external"}, {"entity": "pcs.scaling_configuration", "param": "scalingConfiguration", "required": true, "source": "external"}, {"entity": "pcs.instance_configs", "param": "instanceConfigs", "required": true, "source": "external"}],
      "produces": [{"entity": "pcs.compute_node_group", "source": "output", "path": "computeNodeGroup"}, {"entity": "pcs.compute_node_group_name", "source": "item", "path": "computeNodeGroup.name"}, {"entity": "pcs.compute_node_group_id", "source": "item", "path": "computeNodeGroup.id"}, {"entity": "pcs.compute_node_group_arn", "source": "item", "path": "computeNodeGroup.arn"}, {"entity": "pcs.compute_node_group_cluster_id", "source": "item", "path": "computeNodeGroup.clusterId"}, {"entity": "pcs.compute_node_group_created_at", "source": "item", "path": "computeNodeGroup.createdAt"}, {"entity": "pcs.compute_node_group_modified_at", "source": "item", "path": "computeNodeGroup.modifiedAt"}, {"entity": "pcs.compute_node_group_status", "source": "item", "path": "computeNodeGroup.status"}, {"entity": "pcs.compute_node_group_ami_id", "source": "item", "path": "computeNodeGroup.amiId"}, {"entity": "pcs.compute_node_group_subnet_ids", "source": "item", "path": "computeNodeGroup.subnetIds"}, {"entity": "pcs.compute_node_group_purchase_option", "source": "item", "path": "computeNodeGroup.purchaseOption"}, {"entity": "pcs.compute_node_group_custom_launch_template", "source": "item", "path": "computeNodeGroup.customLaunchTemplate"}, {"entity": "pcs.compute_node_group_iam_instance_profile_arn", "source": "item", "path": "computeNodeGroup.iamInstanceProfileArn"}, {"entity": "pcs.compute_node_group_scaling_configuration", "source": "item", "path": "computeNodeGroup.scalingConfiguration"}, {"entity": "pcs.compute_node_group_instance_configs", "source": "item", "path": "computeNodeGroup.instanceConfigs"}, {"entity": "pcs.compute_node_group_spot_options", "source": "item", "path": "computeNodeGroup.spotOptions"}, {"entity": "pcs.compute_node_group_slurm_configuration", "source": "item", "path": "computeNodeGroup.slurmConfiguration"}, {"entity": "pcs.compute_node_group_error_info", "source": "item", "path": "computeNodeGroup.errorInfo"}],
      "notes": ""
    },
    "CreateQueue": {
      "kind": "write_create",
      "side_effect": true,
      "sdk": {"client": "pcs", "method": "create_queue"},
      "consumes": [{"entity": "pcs.cluster_identifier", "param": "clusterIdentifier", "required": true, "source": "external"}, {"entity": "pcs.queue_name", "param": "queueName", "required": true, "source": "internal"}],
      "produces": [{"entity": "pcs.queue", "source": "output", "path": "queue"}, {"entity": "pcs.queue_name", "source": "item", "path": "queue.name"}, {"entity": "pcs.queue_id", "source": "item", "path": "queue.id"}, {"entity": "pcs.queue_arn", "source": "item", "path": "queue.arn"}, {"entity": "pcs.cluster_id", "source": "item", "path": "queue.clusterId"}, {"entity": "pcs.queue_created_at", "source": "item", "path": "queue.createdAt"}, {"entity": "pcs.queue_modified_at", "source": "item", "path": "queue.modifiedAt"}, {"entity": "pcs.queue_status", "source": "item", "path": "queue.status"}, {"entity": "pcs.queue_compute_node_group_configurations", "source": "item", "path": "queue.computeNodeGroupConfigurations"}, {"entity": "pcs.queue_slurm_configuration", "source": "item", "path": "queue.slurmConfiguration"}, {"entity": "pcs.queue_error_info", "source": "item", "path": "queue.errorInfo"}],
      "notes": ""
    },
    "DeleteCluster": {
      "kind": "write_delete",
      "side_effect": true,
      "sdk": {"client": "pcs", "method": "delete_cluster"},
      "consumes": [{"entity": "pcs.cluster_identifier", "param": "clusterIdentifier", "required": true, "source": "external"}],
      "produces": [],
      "notes": ""
    },
    "DeleteComputeNodeGroup": {
      "kind": "write_delete",
      "side_effect": true,
      "sdk": {"client": "pcs", "method": "delete_compute_node_group"},
      "consumes": [{"entity": "pcs.cluster_identifier", "param": "clusterIdentifier", "required": true, "source": "external"}, {"entity": "pcs.compute_node_group_identifier", "param": "computeNodeGroupIdentifier", "required": true, "source": "external"}],
      "produces": [],
      "notes": ""
    },
    "DeleteQueue": {
      "kind": "write_delete",
      "side_effect": true,
      "sdk": {"client": "pcs", "method": "delete_queue"},
      "consumes": [{"entity": "pcs.cluster_identifier", "param": "clusterIdentifier", "required": true, "source": "external"}, {"entity": "pcs.queue_identifier", "param": "queueIdentifier", "required": true, "source": "external"}],
      "produces": [],
      "notes": ""
    },
    "GetCluster": {
      "kind": "read_get",
      "side_effect": false,
      "sdk": {"client": "pcs", "method": "get_cluster"},
      "consumes": [{"entity": "pcs.cluster_identifier", "param": "clusterIdentifier", "required": true, "source": "external"}],
      "produces": [{"entity": "pcs.cluster", "source": "output", "path": "cluster"}, {"entity": "pcs.cluster_name", "source": "item", "path": "cluster.name"}, {"entity": "pcs.cluster_id", "source": "item", "path": "cluster.id"}, {"entity": "pcs.cluster_arn", "source": "item", "path": "cluster.arn"}, {"entity": "pcs.cluster_status", "source": "item", "path": "cluster.status"}, {"entity": "pcs.cluster_created_at", "source": "item", "path": "cluster.createdAt"}, {"entity": "pcs.cluster_modified_at", "source": "item", "path": "cluster.modifiedAt"}, {"entity": "pcs.cluster_scheduler", "source": "item", "path": "cluster.scheduler"}, {"entity": "pcs.cluster_size", "source": "item", "path": "cluster.size"}, {"entity": "pcs.cluster_slurm_configuration", "source": "item", "path": "cluster.slurmConfiguration"}, {"entity": "pcs.cluster_networking", "source": "item", "path": "cluster.networking"}, {"entity": "pcs.cluster_endpoints", "source": "item", "path": "cluster.endpoints"}, {"entity": "pcs.cluster_error_info", "source": "item", "path": "cluster.errorInfo"}],
      "notes": ""
    },
    "GetComputeNodeGroup": {
      "kind": "read_get",
      "side_effect": false,
      "sdk": {"client": "pcs", "method": "get_compute_node_group"},
      "consumes": [{"entity": "pcs.cluster_identifier", "param": "clusterIdentifier", "required": true, "source": "external"}, {"entity": "pcs.compute_node_group_identifier", "param": "computeNodeGroupIdentifier", "required": true, "source": "external"}],
      "produces": [{"entity": "pcs.compute_node_group", "source": "output", "path": "computeNodeGroup"}, {"entity": "pcs.compute_node_group_name", "source": "item", "path": "computeNodeGroup.name"}, {"entity": "pcs.compute_node_group_id", "source": "item", "path": "computeNodeGroup.id"}, {"entity": "pcs.compute_node_group_arn", "source": "item", "path": "computeNodeGroup.arn"}, {"entity": "pcs.compute_node_group_cluster_id", "source": "item", "path": "computeNodeGroup.clusterId"}, {"entity": "pcs.compute_node_group_created_at", "source": "item", "path": "computeNodeGroup.createdAt"}, {"entity": "pcs.compute_node_group_modified_at", "source": "item", "path": "computeNodeGroup.modifiedAt"}, {"entity": "pcs.compute_node_group_status", "source": "item", "path": "computeNodeGroup.status"}, {"entity": "pcs.compute_node_group_ami_id", "source": "item", "path": "computeNodeGroup.amiId"}, {"entity": "pcs.compute_node_group_subnet_ids", "source": "item", "path": "computeNodeGroup.subnetIds"}, {"entity": "pcs.compute_node_group_purchase_option", "source": "item", "path": "computeNodeGroup.purchaseOption"}, {"entity": "pcs.compute_node_group_custom_launch_template", "source": "item", "path": "computeNodeGroup.customLaunchTemplate"}, {"entity": "pcs.compute_node_group_iam_instance_profile_arn", "source": "item", "path": "computeNodeGroup.iamInstanceProfileArn"}, {"entity": "pcs.compute_node_group_scaling_configuration", "source": "item", "path": "computeNodeGroup.scalingConfiguration"}, {"entity": "pcs.compute_node_group_instance_configs", "source": "item", "path": "computeNodeGroup.instanceConfigs"}, {"entity": "pcs.compute_node_group_spot_options", "source": "item", "path": "computeNodeGroup.spotOptions"}, {"entity": "pcs.compute_node_group_slurm_configuration", "source": "item", "path": "computeNodeGroup.slurmConfiguration"}, {"entity": "pcs.compute_node_group_error_info", "source": "item", "path": "computeNodeGroup.errorInfo"}],
      "notes": ""
    },
    "GetQueue": {
      "kind": "read_get",
      "side_effect": false,
      "sdk": {"client": "pcs", "method": "get_queue"},
      "consumes": [{"entity": "pcs.cluster_identifier", "param": "clusterIdentifier", "required": true, "source": "external"}, {"entity": "pcs.queue_identifier", "param": "queueIdentifier", "required": true, "source": "external"}],
      "produces": [{"entity": "pcs.queue", "source": "output", "path": "queue"}, {"entity": "pcs.queue_name", "source": "item", "path": "queue.name"}, {"entity": "pcs.queue_id", "source": "item", "path": "queue.id"}, {"entity": "pcs.queue_arn", "source": "item", "path": "queue.arn"}, {"entity": "pcs.cluster_id", "source": "item", "path": "queue.clusterId"}, {"entity": "pcs.queue_created_at", "source": "item", "path": "queue.createdAt"}, {"entity": "pcs.queue_modified_at", "source": "item", "path": "queue.modifiedAt"}, {"entity": "pcs.queue_status", "source": "item", "path": "queue.status"}, {"entity": "pcs.queue_compute_node_group_configurations", "source": "item", "path": "queue.computeNodeGroupConfigurations"}, {"entity": "pcs.queue_slurm_configuration", "source": "item", "path": "queue.slurmConfiguration"}, {"entity": "pcs.queue_error_info", "source": "item", "path": "queue.errorInfo"}],
      "notes": ""
    },
    "ListComputeNodeGroups": {
      "kind": "read_list",
      "side_effect": false,
      "sdk": {"client": "pcs", "method": "list_compute_node_groups"},
      "consumes": [{"entity": "pcs.cluster_identifier", "param": "clusterIdentifier", "required": true, "source": "external"}],
      "produces": [{"entity": "pcs.compute_node_groups", "source": "output", "path": "computeNodeGroups"}, {"entity": "pcs.next_token", "source": "output", "path": "nextToken"}, {"entity": "pcs.compute_node_group_name", "source": "item", "path": "computeNodeGroups[].name"}, {"entity": "pcs.compute_node_group_id", "source": "item", "path": "computeNodeGroups[].id"}, {"entity": "pcs.compute_node_group_arn", "source": "item", "path": "computeNodeGroups[].arn"}, {"entity": "pcs.compute_node_group_cluster_id", "source": "item", "path": "computeNodeGroups[].clusterId"}, {"entity": "pcs.compute_node_group_created_at", "source": "item", "path": "computeNodeGroups[].createdAt"}, {"entity": "pcs.compute_node_group_modified_at", "source": "item", "path": "computeNodeGroups[].modifiedAt"}, {"entity": "pcs.compute_node_group_status", "source": "item", "path": "computeNodeGroups[].status"}],
      "notes": ""
    },
    "ListQueues": {
      "kind": "read_list",
      "side_effect": false,
      "sdk": {"client": "pcs", "method": "list_queues"},
      "consumes": [{"entity": "pcs.cluster_identifier", "param": "clusterIdentifier", "required": true, "source": "external"}],
      "produces": [{"entity": "pcs.queues", "source": "output", "path": "queues"}, {"entity": "pcs.next_token", "source": "output", "path": "nextToken"}, {"entity": "pcs.queu_name", "source": "item", "path": "queues[].name"}, {"entity": "pcs.queu_id", "source": "item", "path": "queues[].id"}, {"entity": "pcs.queu_arn", "source": "item", "path": "queues[].arn"}, {"entity": "pcs.cluster_id", "source": "item", "path": "queues[].clusterId"}, {"entity": "pcs.queu_created_at", "source": "item", "path": "queues[].createdAt"}, {"entity": "pcs.queu_modified_at", "source": "item", "path": "queues[].modifiedAt"}, {"entity": "pcs.queu_status", "source": "item", "path": "queues[].status"}],
      "notes": ""
    },
    "ListTagsForResource": {
      "kind": "read_list",
      "side_effect": false,
      "sdk": {"client": "pcs", "method": "list_tags_for_resource"},
      "consumes": [{"entity": "pcs.resource_arn", "param": "resourceArn", "required": true, "source": "external"}],
      "produces": [{"entity": "pcs.tags", "source": "output", "path": "tags"}],
      "notes": ""
    },
    "RegisterComputeNodeGroupInstance": {
      "kind": "write_create",
      "side_effect": true,
      "sdk": {"client": "pcs", "method": "register_compute_node_group_instance"},
      "consumes": [{"entity": "pcs.cluster_identifier", "param": "clusterIdentifier", "required": true, "source": "external"}, {"entity": "pcs.bootstrap_id", "param": "bootstrapId", "required": true, "source": "external"}],
      "produces": [{"entity": "pcs.node_id", "source": "output", "path": "nodeID"}, {"entity": "pcs.shared_secret", "source": "output", "path": "sharedSecret"}, {"entity": "pcs.endpoints", "source": "output", "path": "endpoints"}, {"entity": "pcs.endpoint_type", "source": "item", "path": "endpoints.type"}, {"entity": "pcs.endpoint_private_ip_address", "source": "item", "path": "endpoints.privateIpAddress"}, {"entity": "pcs.endpoint_public_ip_address", "source": "item", "path": "endpoints.publicIpAddress"}, {"entity": "pcs.endpoint_ipv6_address", "source": "item", "path": "endpoints.ipv6Address"}, {"entity": "pcs.endpoint_port", "source": "item", "path": "endpoints.port"}],
      "notes": ""
    },
    "TagResource": {
      "kind": "write_apply",
      "side_effect": true,
      "sdk": {"client": "pcs", "method": "tag_resource"},
      "consumes": [{"entity": "pcs.resource_arn", "param": "resourceArn", "required": true, "source": "external"}, {"entity": "pcs.tags", "param": "tags", "required": true, "source": "internal"}],
      "produces": [],
      "notes": ""
    },
    "UntagResource": {
      "kind": "write_delete",
      "side_effect": true,
      "sdk": {"client": "pcs", "method": "untag_resource"},
      "consumes": [{"entity": "pcs.resource_arn", "param": "resourceArn", "required": true, "source": "external"}, {"entity": "pcs.tag_keys", "param": "tagKeys", "required": true, "source": "external"}],
      "produces": [],
      "notes": ""
    },
    "UpdateCluster": {
      "kind": "write_update",
      "side_effect": true,
      "sdk": {"client": "pcs", "method": "update_cluster"},
      "consumes": [{"entity": "pcs.cluster_identifier", "param": "clusterIdentifier", "required": true, "source": "external"}],
      "produces": [{"entity": "pcs.cluster", "source": "output", "path": "cluster"}, {"entity": "pcs.cluster_name", "source": "item", "path": "cluster.name"}, {"entity": "pcs.cluster_id", "source": "item", "path": "cluster.id"}, {"entity": "pcs.cluster_arn", "source": "item", "path": "cluster.arn"}, {"entity": "pcs.cluster_status", "source": "item", "path": "cluster.status"}, {"entity": "pcs.cluster_created_at", "source": "item", "path": "cluster.createdAt"}, {"entity": "pcs.cluster_modified_at", "source": "item", "path": "cluster.modifiedAt"}, {"entity": "pcs.cluster_scheduler", "source": "item", "path": "cluster.scheduler"}, {"entity": "pcs.cluster_size", "source": "item", "path": "cluster.size"}, {"entity": "pcs.cluster_slurm_configuration", "source": "item", "path": "cluster.slurmConfiguration"}, {"entity": "pcs.cluster_networking", "source": "item", "path": "cluster.networking"}, {"entity": "pcs.cluster_endpoints", "source": "item", "path": "cluster.endpoints"}, {"entity": "pcs.cluster_error_info", "source": "item", "path": "cluster.errorInfo"}],
      "notes": ""
    },
    "UpdateComputeNodeGroup": {
      "kind": "write_update",
      "side_effect": true,
      "sdk": {"client": "pcs", "method": "update_compute_node_group"},
      "consumes": [{"entity": "pcs.cluster_identifier", "param": "clusterIdentifier", "required": true, "source": "external"}, {"entity": "pcs.compute_node_group_identifier", "param": "computeNodeGroupIdentifier", "required": true, "source": "external"}],
      "produces": [{"entity": "pcs.compute_node_group", "source": "output", "path": "computeNodeGroup"}, {"entity": "pcs.compute_node_group_name", "source": "item", "path": "computeNodeGroup.name"}, {"entity": "pcs.compute_node_group_id", "source": "item", "path": "computeNodeGroup.id"}, {"entity": "pcs.compute_node_group_arn", "source": "item", "path": "computeNodeGroup.arn"}, {"entity": "pcs.compute_node_group_cluster_id", "source": "item", "path": "computeNodeGroup.clusterId"}, {"entity": "pcs.compute_node_group_created_at", "source": "item", "path": "computeNodeGroup.createdAt"}, {"entity": "pcs.compute_node_group_modified_at", "source": "item", "path": "computeNodeGroup.modifiedAt"}, {"entity": "pcs.compute_node_group_status", "source": "item", "path": "computeNodeGroup.status"}, {"entity": "pcs.compute_node_group_ami_id", "source": "item", "path": "computeNodeGroup.amiId"}, {"entity": "pcs.compute_node_group_subnet_ids", "source": "item", "path": "computeNodeGroup.subnetIds"}, {"entity": "pcs.compute_node_group_purchase_option", "source": "item", "path": "computeNodeGroup.purchaseOption"}, {"entity": "pcs.compute_node_group_custom_launch_template", "source": "item", "path": "computeNodeGroup.customLaunchTemplate"}, {"entity": "pcs.compute_node_group_iam_instance_profile_arn", "source": "item", "path": "computeNodeGroup.iamInstanceProfileArn"}, {"entity": "pcs.compute_node_group_scaling_configuration", "source": "item", "path": "computeNodeGroup.scalingConfiguration"}, {"entity": "pcs.compute_node_group_instance_configs", "source": "item", "path": "computeNodeGroup.instanceConfigs"}, {"entity": "pcs.compute_node_group_spot_options", "source": "item", "path": "computeNodeGroup.spotOptions"}, {"entity": "pcs.compute_node_group_slurm_configuration", "source": "item", "path": "computeNodeGroup.slurmConfiguration"}, {"entity": "pcs.compute_node_group_error_info", "source": "item", "path": "computeNodeGroup.errorInfo"}],
      "notes": ""
    },
    "UpdateQueue": {
      "kind": "write_update",
      "side_effect": true,
      "sdk": {"client": "pcs", "method": "update_queue"},
      "consumes": [{"entity": "pcs.cluster_identifier", "param": "clusterIdentifier", "required": true, "source": "external"}, {"entity": "pcs.queue_identifier", "param": "queueIdentifier", "required": true, "source": "external"}],
      "produces": [{"entity": "pcs.queue", "source": "output", "path": "queue"}, {"entity": "pcs.queue_name", "source": "item", "path": "queue.name"}, {"entity": "pcs.queue_id", "source": "item", "path": "queue.id"}, {"entity": "pcs.queue_arn", "source": "item", "path": "queue.arn"}, {"entity": "pcs.cluster_id", "source": "item", "path": "queue.clusterId"}, {"entity": "pcs.queue_created_at", "source": "item", "path": "queue.createdAt"}, {"entity": "pcs.queue_modified_at", "source": "item", "path": "queue.modifiedAt"}, {"entity": "pcs.queue_status", "source": "item", "path": "queue.status"}, {"entity": "pcs.queue_compute_node_group_configurations", "source": "item", "path": "queue.computeNodeGroupConfigurations"}, {"entity": "pcs.queue_slurm_configuration", "source": "item", "path": "queue.slurmConfiguration"}, {"entity": "pcs.queue_error_info", "source": "item", "path": "queue.errorInfo"}],
      "notes": ""
    }
  }
}