{
  "greengrassv2": {
    "service": "greengrassv2",
    "total_operations": 29,
    "independent": [
      {
        "operation": "CreateComponentVersion",
        "python_method": "create_component_version",
        "yaml_action": "create_component_version",
        "required_params": [],
        "optional_params": [
          "inlineRecipe",
          "lambdaFunction",
          "tags",
          "clientToken"
        ],
        "total_optional": 4,
        "output_fields": {
          "arn": {
            "type": "string",
            "description": "Amazon Resource Name (ARN)",
            "compliance_category": "identity",
            "operators": [
              "equals",
              "not_equals",
              "contains",
              "in",
              "exists"
            ]
          },
          "componentName": {
            "type": "string",
            "description": "componentName details",
            "compliance_category": "identity",
            "operators": [
              "equals",
              "not_equals",
              "contains",
              "in",
              "exists"
            ]
          },
          "componentVersion": {
            "type": "string",
            "description": "componentVersion details",
            "compliance_category": "general",
            "operators": [
              "equals",
              "not_equals",
              "contains"
            ]
          },
          "creationTimestamp": {
            "type": "string",
            "description": "creationTimestamp details",
            "compliance_category": "general",
            "format": "date-time",
            "operators": [
              "equals",
              "not_equals",
              "contains"
            ]
          },
          "status": {
            "type": "string",
            "description": "Resource status",
            "compliance_category": "general",
            "format": "date-time",
            "operators": [
              "equals",
              "not_equals",
              "contains"
            ]
          }
        },
        "main_output_field": "status",
        "item_fields": {
          "componentState": {
            "type": "string",
            "description": "Component state",
            "compliance_category": "general",
            "format": "date-time"
          },
          "message": {
            "type": "string",
            "description": "Message",
            "compliance_category": "general"
          },
          "errors": {
            "type": "string",
            "description": "Errors",
            "compliance_category": "general"
          },
          "vendorGuidance": {
            "type": "string",
            "description": "Vendor guidance",
            "compliance_category": "identity",
            "operators": [
              "equals",
              "not_equals",
              "in",
              "exists"
            ]
          },
          "vendorGuidanceMessage": {
            "type": "string",
            "description": "Vendor guidance message",
            "compliance_category": "identity",
            "operators": [
              "equals",
              "not_equals",
              "in",
              "exists"
            ]
          }
        }
      },
      {
        "operation": "DisassociateServiceRoleFromAccount",
        "python_method": "disassociate_service_role_from_account",
        "yaml_action": "disassociate_service_role_from_account",
        "required_params": [],
        "optional_params": [],
        "total_optional": 0,
        "output_fields": {
          "disassociatedAt": {
            "type": "boolean",
            "description": "disassociatedAt details",
            "compliance_category": "general",
            "operators": [
              "equals",
              "not_equals",
              "contains"
            ]
          }
        },
        "main_output_field": "disassociatedAt",
        "item_fields": []
      },
      {
        "operation": "GetServiceRoleForAccount",
        "python_method": "get_service_role_for_account",
        "yaml_action": "get_service_role_for_account",
        "required_params": [],
        "optional_params": [],
        "total_optional": 0,
        "output_fields": {
          "associatedAt": {
            "type": "string",
            "description": "associatedAt details",
            "compliance_category": "general",
            "format": "date-time",
            "operators": [
              "equals",
              "not_equals",
              "contains"
            ]
          },
          "roleArn": {
            "type": "string",
            "description": "roleArn details",
            "compliance_category": "identity",
            "operators": [
              "equals",
              "not_equals",
              "contains",
              "in",
              "exists"
            ]
          }
        },
        "main_output_field": "associatedAt",
        "item_fields": []
      },
      {
        "operation": "ListComponents",
        "python_method": "list_components",
        "yaml_action": "list_components",
        "required_params": [],
        "optional_params": [
          "scope",
          "maxResults",
          "nextToken"
        ],
        "total_optional": 3,
        "output_fields": {
          "components": {
            "type": "string",
            "description": "components details",
            "compliance_category": "general",
            "operators": [
              "equals",
              "not_equals",
              "contains"
            ]
          },
          "nextToken": {
            "type": "string",
            "description": "Pagination token for next results",
            "compliance_category": "general",
            "operators": [
              "equals",
              "not_equals",
              "contains"
            ],
            "security_impact": "high"
          }
        },
        "main_output_field": "components",
        "item_fields": {
          "arn": {
            "type": "string",
            "description": "Amazon Resource Name (ARN)",
            "compliance_category": "identity",
            "operators": [
              "equals",
              "not_equals",
              "contains",
              "in",
              "exists"
            ]
          },
          "componentName": {
            "type": "string",
            "description": "Component name",
            "compliance_category": "general",
            "format": "date-time"
          },
          "latestVersion": {
            "type": "string",
            "description": "Latest version",
            "compliance_category": "general",
            "format": "date-time"
          }
        }
      },
      {
        "operation": "ListCoreDevices",
        "python_method": "list_core_devices",
        "yaml_action": "list_core_devices",
        "required_params": [],
        "optional_params": [
          "thingGroupArn",
          "status",
          "maxResults",
          "nextToken",
          "runtime"
        ],
        "total_optional": 5,
        "output_fields": {
          "coreDevices": {
            "type": "string",
            "description": "coreDevices details",
            "compliance_category": "general",
            "operators": [
              "equals",
              "not_equals",
              "contains"
            ]
          },
          "nextToken": {
            "type": "string",
            "description": "Pagination token for next results",
            "compliance_category": "general",
            "operators": [
              "equals",
              "not_equals",
              "contains"
            ],
            "security_impact": "high"
          }
        },
        "main_output_field": "coreDevices",
        "item_fields": {
          "coreDeviceThingName": {
            "type": "string",
            "description": "Core device thing name",
            "compliance_category": "general"
          },
          "status": {
            "type": "string",
            "description": "Resource status",
            "compliance_category": "general",
            "operators": [
              "equals",
              "not_equals",
              "in"
            ]
          },
          "lastStatusUpdateTimestamp": {
            "type": "string",
            "description": "Last status update timestamp",
            "compliance_category": "general",
            "format": "date-time"
          },
          "platform": {
            "type": "string",
            "description": "Platform",
            "compliance_category": "general",
            "format": "date-time"
          },
          "architecture": {
            "type": "string",
            "description": "Architecture",
            "compliance_category": "general"
          },
          "runtime": {
            "type": "string",
            "description": "Runtime",
            "compliance_category": "general",
            "format": "date-time"
          }
        }
      },
      {
        "operation": "ListDeployments",
        "python_method": "list_deployments",
        "yaml_action": "list_deployments",
        "required_params": [],
        "optional_params": [
          "targetArn",
          "historyFilter",
          "parentTargetArn",
          "maxResults",
          "nextToken"
        ],
        "total_optional": 5,
        "output_fields": {
          "deployments": {
            "type": "string",
            "description": "deployments details",
            "compliance_category": "general",
            "operators": [
              "equals",
              "not_equals",
              "contains"
            ]
          },
          "nextToken": {
            "type": "string",
            "description": "Pagination token for next results",
            "compliance_category": "general",
            "operators": [
              "equals",
              "not_equals",
              "contains"
            ],
            "security_impact": "high"
          }
        },
        "main_output_field": "deployments",
        "item_fields": {
          "targetArn": {
            "type": "string",
            "description": "Target arn",
            "compliance_category": "identity",
            "operators": [
              "equals",
              "not_equals",
              "contains",
              "in",
              "exists"
            ]
          },
          "revisionId": {
            "type": "string",
            "description": "Revision id",
            "compliance_category": "identity",
            "operators": [
              "equals",
              "not_equals",
              "in",
              "exists"
            ]
          },
          "deploymentId": {
            "type": "string",
            "description": "Deployment id",
            "compliance_category": "identity",
            "operators": [
              "equals",
              "not_equals",
              "in",
              "exists"
            ]
          },
          "deploymentName": {
            "type": "string",
            "description": "Deployment name",
            "compliance_category": "general"
          },
          "creationTimestamp": {
            "type": "string",
            "description": "Creation timestamp",
            "compliance_category": "general",
            "format": "date-time"
          },
          "deploymentStatus": {
            "type": "string",
            "description": "Deployment status",
            "compliance_category": "general",
            "format": "date-time"
          },
          "isLatestForTarget": {
            "type": "string",
            "description": "Is latest for target",
            "compliance_category": "general",
            "format": "date-time"
          },
          "parentTargetArn": {
            "type": "string",
            "description": "Parent target arn",
            "compliance_category": "identity",
            "operators": [
              "equals",
              "not_equals",
              "contains",
              "in",
              "exists"
            ]
          }
        }
      },
      {
        "operation": "ResolveComponentCandidates",
        "python_method": "resolve_component_candidates",
        "yaml_action": "resolve_component_candidates",
        "required_params": [],
        "optional_params": [
          "platform",
          "componentCandidates"
        ],
        "total_optional": 2,
        "output_fields": {
          "resolvedComponentVersions": {
            "type": "string",
            "description": "resolvedComponentVersions details",
            "compliance_category": "general",
            "operators": [
              "equals",
              "not_equals",
              "contains"
            ]
          }
        },
        "main_output_field": "resolvedComponentVersions",
        "item_fields": {
          "arn": {
            "type": "string",
            "description": "Amazon Resource Name (ARN)",
            "compliance_category": "identity",
            "operators": [
              "equals",
              "not_equals",
              "contains",
              "in",
              "exists"
            ]
          },
          "componentName": {
            "type": "string",
            "description": "Component name",
            "compliance_category": "general",
            "format": "date-time"
          },
          "componentVersion": {
            "type": "string",
            "description": "Component version",
            "compliance_category": "general",
            "format": "date-time"
          },
          "recipe": {
            "type": "string",
            "description": "Recipe",
            "compliance_category": "general"
          },
          "vendorGuidance": {
            "type": "string",
            "description": "Vendor guidance",
            "compliance_category": "identity",
            "operators": [
              "equals",
              "not_equals",
              "in",
              "exists"
            ]
          },
          "message": {
            "type": "string",
            "description": "Message",
            "compliance_category": "general"
          }
        }
      }
    ],
    "dependent": [
      {
        "operation": "AssociateServiceRoleToAccount",
        "python_method": "associate_service_role_to_account",
        "yaml_action": "associate_service_role_to_account",
        "required_params": [
          "roleArn"
        ],
        "optional_params": [],
        "total_optional": 0,
        "output_fields": {
          "associatedAt": {
            "type": "string",
            "description": "associatedAt details",
            "compliance_category": "general",
            "format": "date-time",
            "operators": [
              "equals",
              "not_equals",
              "contains"
            ]
          }
        },
        "main_output_field": "associatedAt",
        "item_fields": []
      },
      {
        "operation": "BatchAssociateClientDeviceWithCoreDevice",
        "python_method": "batch_associate_client_device_with_core_device",
        "yaml_action": "batch_associate_client_device_with_core_device",
        "required_params": [
          "coreDeviceThingName"
        ],
        "optional_params": [
          "entries"
        ],
        "total_optional": 1,
        "output_fields": {
          "errorEntries": {
            "type": "string",
            "description": "errorEntries details",
            "compliance_category": "general",
            "operators": [
              "equals",
              "not_equals",
              "contains"
            ]
          }
        },
        "main_output_field": "errorEntries",
        "item_fields": {
          "thingName": {
            "type": "string",
            "description": "Thing name",
            "compliance_category": "general"
          },
          "code": {
            "type": "string",
            "description": "Code",
            "compliance_category": "general"
          },
          "message": {
            "type": "string",
            "description": "Message",
            "compliance_category": "general"
          }
        }
      },
      {
        "operation": "BatchDisassociateClientDeviceFromCoreDevice",
        "python_method": "batch_disassociate_client_device_from_core_device",
        "yaml_action": "batch_disassociate_client_device_from_core_device",
        "required_params": [
          "coreDeviceThingName"
        ],
        "optional_params": [
          "entries"
        ],
        "total_optional": 1,
        "output_fields": {
          "errorEntries": {
            "type": "string",
            "description": "errorEntries details",
            "compliance_category": "general",
            "operators": [
              "equals",
              "not_equals",
              "contains"
            ]
          }
        },
        "main_output_field": "errorEntries",
        "item_fields": {
          "thingName": {
            "type": "string",
            "description": "Thing name",
            "compliance_category": "general"
          },
          "code": {
            "type": "string",
            "description": "Code",
            "compliance_category": "general"
          },
          "message": {
            "type": "string",
            "description": "Message",
            "compliance_category": "general"
          }
        }
      },
      {
        "operation": "CancelDeployment",
        "python_method": "cancel_deployment",
        "yaml_action": "cancel_deployment",
        "required_params": [
          "deploymentId"
        ],
        "optional_params": [],
        "total_optional": 0,
        "output_fields": {
          "message": {
            "type": "string",
            "description": "Message content",
            "compliance_category": "general",
            "operators": [
              "equals",
              "not_equals",
              "contains"
            ]
          }
        },
        "main_output_field": "message",
        "item_fields": []
      },
      {
        "operation": "CreateDeployment",
        "python_method": "create_deployment",
        "yaml_action": "create_deployment",
        "required_params": [
          "targetArn"
        ],
        "optional_params": [
          "deploymentName",
          "components",
          "iotJobConfiguration",
          "deploymentPolicies",
          "parentTargetArn"
        ],
        "total_optional": 7,
        "output_fields": {
          "deploymentId": {
            "type": "string",
            "description": "deploymentId details",
            "compliance_category": "identity",
            "operators": [
              "equals",
              "not_equals",
              "contains",
              "in",
              "exists"
            ]
          },
          "iotJobId": {
            "type": "string",
            "description": "iotJobId details",
            "compliance_category": "identity",
            "operators": [
              "equals",
              "not_equals",
              "contains",
              "in",
              "exists"
            ]
          },
          "iotJobArn": {
            "type": "string",
            "description": "iotJobArn details",
            "compliance_category": "identity",
            "operators": [
              "equals",
              "not_equals",
              "contains",
              "in",
              "exists"
            ]
          }
        },
        "main_output_field": "deploymentId",
        "item_fields": []
      },
      {
        "operation": "DeleteComponent",
        "python_method": "delete_component",
        "yaml_action": "delete_component",
        "required_params": [
          "arn"
        ],
        "optional_params": [],
        "total_optional": 0,
        "output_fields": {},
        "main_output_field": null,
        "item_fields": []
      },
      {
        "operation": "DeleteCoreDevice",
        "python_method": "delete_core_device",
        "yaml_action": "delete_core_device",
        "required_params": [
          "coreDeviceThingName"
        ],
        "optional_params": [],
        "total_optional": 0,
        "output_fields": {},
        "main_output_field": null,
        "item_fields": []
      },
      {
        "operation": "DeleteDeployment",
        "python_method": "delete_deployment",
        "yaml_action": "delete_deployment",
        "required_params": [
          "deploymentId"
        ],
        "optional_params": [],
        "total_optional": 0,
        "output_fields": {},
        "main_output_field": null,
        "item_fields": []
      },
      {
        "operation": "DescribeComponent",
        "python_method": "describe_component",
        "yaml_action": "describe_component",
        "required_params": [
          "arn"
        ],
        "optional_params": [],
        "total_optional": 0,
        "output_fields": {
          "arn": {
            "type": "string",
            "description": "Amazon Resource Name (ARN)",
            "compliance_category": "identity",
            "operators": [
              "equals",
              "not_equals",
              "contains",
              "in",
              "exists"
            ]
          },
          "componentName": {
            "type": "string",
            "description": "componentName details",
            "compliance_category": "identity",
            "operators": [
              "equals",
              "not_equals",
              "contains",
              "in",
              "exists"
            ]
          },
          "componentVersion": {
            "type": "string",
            "description": "componentVersion details",
            "compliance_category": "general",
            "operators": [
              "equals",
              "not_equals",
              "contains"
            ]
          },
          "creationTimestamp": {
            "type": "string",
            "description": "creationTimestamp details",
            "compliance_category": "general",
            "format": "date-time",
            "operators": [
              "equals",
              "not_equals",
              "contains"
            ]
          },
          "publisher": {
            "type": "boolean",
            "description": "publisher details",
            "compliance_category": "general",
            "operators": [
              "equals",
              "not_equals",
              "contains"
            ]
          },
          "description": {
            "type": "string",
            "description": "Resource description",
            "compliance_category": "general",
            "operators": [
              "equals",
              "not_equals",
              "contains"
            ]
          },
          "status": {
            "type": "string",
            "description": "Resource status",
            "compliance_category": "general",
            "format": "date-time",
            "operators": [
              "equals",
              "not_equals",
              "contains"
            ]
          },
          "platforms": {
            "type": "string",
            "description": "platforms details",
            "compliance_category": "general",
            "format": "date-time",
            "operators": [
              "equals",
              "not_equals",
              "contains"
            ]
          },
          "tags": {
            "type": "string",
            "description": "Resource tags (key-value pairs)",
            "compliance_category": "general",
            "operators": [
              "equals",
              "not_equals",
              "contains"
            ]
          }
        },
        "main_output_field": "platforms",
        "item_fields": {
          "name": {
            "type": "string",
            "description": "Resource name",
            "compliance_category": "identity",
            "operators": [
              "equals",
              "not_equals",
              "contains",
              "in"
            ]
          },
          "attributes": {
            "type": "string",
            "description": "Attributes",
            "compliance_category": "general",
            "format": "date-time"
          }
        }
      },
      {
        "operation": "GetComponent",
        "python_method": "get_component",
        "yaml_action": "get_component",
        "required_params": [
          "arn"
        ],
        "optional_params": [
          "recipeOutputFormat"
        ],
        "total_optional": 1,
        "output_fields": {
          "recipeOutputFormat": {
            "type": "string",
            "description": "recipeOutputFormat details",
            "compliance_category": "general",
            "format": "date-time",
            "operators": [
              "equals",
              "not_equals",
              "contains"
            ]
          },
          "recipe": {
            "type": "string",
            "description": "recipe details",
            "compliance_category": "general",
            "operators": [
              "equals",
              "not_equals",
              "contains"
            ]
          },
          "tags": {
            "type": "string",
            "description": "Resource tags (key-value pairs)",
            "compliance_category": "general",
            "operators": [
              "equals",
              "not_equals",
              "contains"
            ]
          }
        },
        "main_output_field": "recipeOutputFormat",
        "item_fields": []
      },
      {
        "operation": "GetComponentVersionArtifact",
        "python_method": "get_component_version_artifact",
        "yaml_action": "get_component_version_artifact",
        "required_params": [
          "arn",
          "artifactName"
        ],
        "optional_params": [
          "s3EndpointType",
          "iotEndpointType"
        ],
        "total_optional": 2,
        "output_fields": {
          "preSignedUrl": {
            "type": "string",
            "description": "preSignedUrl details",
            "compliance_category": "general",
            "operators": [
              "equals",
              "not_equals",
              "contains"
            ]
          }
        },
        "main_output_field": "preSignedUrl",
        "item_fields": []
      },
      {
        "operation": "GetConnectivityInfo",
        "python_method": "get_connectivity_info",
        "yaml_action": "get_connectivity_info",
        "required_params": [
          "thingName"
        ],
        "optional_params": [],
        "total_optional": 0,
        "output_fields": {
          "connectivityInfo": {
            "type": "string",
            "description": "connectivityInfo details",
            "compliance_category": "general",
            "operators": [
              "equals",
              "not_equals",
              "contains"
            ]
          },
          "message": {
            "type": "string",
            "description": "Message content",
            "compliance_category": "general",
            "operators": [
              "equals",
              "not_equals",
              "contains"
            ]
          }
        },
        "main_output_field": "connectivityInfo",
        "item_fields": {
          "id": {
            "type": "string",
            "description": "Resource identifier",
            "compliance_category": "identity",
            "operators": [
              "equals",
              "not_equals",
              "in",
              "exists"
            ]
          },
          "hostAddress": {
            "type": "string",
            "description": "Host address",
            "compliance_category": "general"
          },
          "portNumber": {
            "type": "integer",
            "description": "Port number",
            "compliance_category": "general"
          },
          "metadata": {
            "type": "string",
            "description": "Metadata",
            "compliance_category": "general",
            "format": "date-time"
          }
        }
      },
      {
        "operation": "GetCoreDevice",
        "python_method": "get_core_device",
        "yaml_action": "get_core_device",
        "required_params": [
          "coreDeviceThingName"
        ],
        "optional_params": [],
        "total_optional": 0,
        "output_fields": {
          "coreDeviceThingName": {
            "type": "string",
            "description": "coreDeviceThingName details",
            "compliance_category": "identity",
            "operators": [
              "equals",
              "not_equals",
              "contains",
              "in",
              "exists"
            ]
          },
          "coreVersion": {
            "type": "string",
            "description": "coreVersion details",
            "compliance_category": "general",
            "operators": [
              "equals",
              "not_equals",
              "contains"
            ]
          },
          "platform": {
            "type": "string",
            "description": "platform details",
            "compliance_category": "general",
            "format": "date-time",
            "operators": [
              "equals",
              "not_equals",
              "contains"
            ]
          },
          "architecture": {
            "type": "string",
            "description": "architecture details",
            "compliance_category": "general",
            "operators": [
              "equals",
              "not_equals",
              "contains"
            ]
          },
          "runtime": {
            "type": "string",
            "description": "runtime details",
            "compliance_category": "general",
            "format": "date-time",
            "operators": [
              "equals",
              "not_equals",
              "contains"
            ]
          },
          "status": {
            "type": "string",
            "description": "Resource status",
            "compliance_category": "general",
            "format": "date-time",
            "operators": [
              "equals",
              "not_equals",
              "contains"
            ]
          },
          "lastStatusUpdateTimestamp": {
            "type": "string",
            "description": "lastStatusUpdateTimestamp details",
            "compliance_category": "general",
            "format": "date-time",
            "operators": [
              "equals",
              "not_equals",
              "contains"
            ]
          },
          "tags": {
            "type": "string",
            "description": "Resource tags (key-value pairs)",
            "compliance_category": "general",
            "operators": [
              "equals",
              "not_equals",
              "contains"
            ]
          }
        },
        "main_output_field": "coreDeviceThingName",
        "item_fields": []
      },
      {
        "operation": "GetDeployment",
        "python_method": "get_deployment",
        "yaml_action": "get_deployment",
        "required_params": [
          "deploymentId"
        ],
        "optional_params": [],
        "total_optional": 0,
        "output_fields": {
          "targetArn": {
            "type": "string",
            "description": "targetArn details",
            "compliance_category": "identity",
            "operators": [
              "equals",
              "not_equals",
              "contains",
              "in",
              "exists"
            ]
          },
          "revisionId": {
            "type": "boolean",
            "description": "revisionId details",
            "compliance_category": "identity",
            "operators": [
              "equals",
              "not_equals",
              "contains",
              "in",
              "exists"
            ]
          },
          "deploymentId": {
            "type": "string",
            "description": "deploymentId details",
            "compliance_category": "identity",
            "operators": [
              "equals",
              "not_equals",
              "contains",
              "in",
              "exists"
            ]
          },
          "deploymentName": {
            "type": "string",
            "description": "deploymentName details",
            "compliance_category": "identity",
            "operators": [
              "equals",
              "not_equals",
              "contains",
              "in",
              "exists"
            ]
          },
          "deploymentStatus": {
            "type": "string",
            "description": "deploymentStatus details",
            "compliance_category": "general",
            "format": "date-time",
            "operators": [
              "equals",
              "not_equals",
              "contains"
            ]
          },
          "iotJobId": {
            "type": "string",
            "description": "iotJobId details",
            "compliance_category": "identity",
            "operators": [
              "equals",
              "not_equals",
              "contains",
              "in",
              "exists"
            ]
          },
          "iotJobArn": {
            "type": "string",
            "description": "iotJobArn details",
            "compliance_category": "identity",
            "operators": [
              "equals",
              "not_equals",
              "contains",
              "in",
              "exists"
            ]
          },
          "components": {
            "type": "string",
            "description": "components details",
            "compliance_category": "general",
            "operators": [
              "equals",
              "not_equals",
              "contains"
            ]
          },
          "deploymentPolicies": {
            "type": "string",
            "description": "deploymentPolicies details",
            "compliance_category": "general",
            "operators": [
              "equals",
              "not_equals",
              "contains"
            ]
          },
          "iotJobConfiguration": {
            "type": "string",
            "description": "iotJobConfiguration details",
            "compliance_category": "general",
            "format": "date-time",
            "operators": [
              "equals",
              "not_equals",
              "contains"
            ]
          },
          "creationTimestamp": {
            "type": "string",
            "description": "creationTimestamp details",
            "compliance_category": "general",
            "format": "date-time",
            "operators": [
              "equals",
              "not_equals",
              "contains"
            ]
          },
          "isLatestForTarget": {
            "type": "boolean",
            "description": "isLatestForTarget details",
            "compliance_category": "general",
            "operators": [
              "equals",
              "not_equals",
              "contains"
            ]
          },
          "parentTargetArn": {
            "type": "string",
            "description": "parentTargetArn details",
            "compliance_category": "identity",
            "operators": [
              "equals",
              "not_equals",
              "contains",
              "in",
              "exists"
            ]
          },
          "tags": {
            "type": "string",
            "description": "Resource tags (key-value pairs)",
            "compliance_category": "general",
            "operators": [
              "equals",
              "not_equals",
              "contains"
            ]
          }
        },
        "main_output_field": "deploymentPolicies",
        "item_fields": {
          "failureHandlingPolicy": {
            "type": "string",
            "description": "Failure handling policy",
            "compliance_category": "security",
            "security_impact": "medium"
          },
          "componentUpdatePolicy": {
            "type": "string",
            "description": "Component update policy",
            "compliance_category": "general",
            "format": "date-time"
          },
          "configurationValidationPolicy": {
            "type": "string",
            "description": "Configuration validation policy",
            "compliance_category": "identity",
            "operators": [
              "equals",
              "not_equals",
              "in",
              "exists"
            ]
          }
        }
      },
      {
        "operation": "ListClientDevicesAssociatedWithCoreDevice",
        "python_method": "list_client_devices_associated_with_core_device",
        "yaml_action": "list_client_devices_associated_with_core_device",
        "required_params": [
          "coreDeviceThingName"
        ],
        "optional_params": [
          "maxResults",
          "nextToken"
        ],
        "total_optional": 2,
        "output_fields": {
          "associatedClientDevices": {
            "type": "string",
            "description": "associatedClientDevices details",
            "compliance_category": "general",
            "format": "date-time",
            "operators": [
              "equals",
              "not_equals",
              "contains"
            ]
          },
          "nextToken": {
            "type": "string",
            "description": "Pagination token for next results",
            "compliance_category": "general",
            "operators": [
              "equals",
              "not_equals",
              "contains"
            ],
            "security_impact": "high"
          }
        },
        "main_output_field": "associatedClientDevices",
        "item_fields": {
          "thingName": {
            "type": "string",
            "description": "Thing name",
            "compliance_category": "general"
          },
          "associationTimestamp": {
            "type": "string",
            "description": "Association timestamp",
            "compliance_category": "general",
            "format": "date-time"
          }
        }
      },
      {
        "operation": "ListComponentVersions",
        "python_method": "list_component_versions",
        "yaml_action": "list_component_versions",
        "required_params": [
          "arn"
        ],
        "optional_params": [
          "maxResults",
          "nextToken"
        ],
        "total_optional": 2,
        "output_fields": {
          "componentVersions": {
            "type": "string",
            "description": "componentVersions details",
            "compliance_category": "general",
            "operators": [
              "equals",
              "not_equals",
              "contains"
            ]
          },
          "nextToken": {
            "type": "string",
            "description": "Pagination token for next results",
            "compliance_category": "general",
            "operators": [
              "equals",
              "not_equals",
              "contains"
            ],
            "security_impact": "high"
          }
        },
        "main_output_field": "componentVersions",
        "item_fields": {
          "componentName": {
            "type": "string",
            "description": "Component name",
            "compliance_category": "general",
            "format": "date-time"
          },
          "componentVersion": {
            "type": "string",
            "description": "Component version",
            "compliance_category": "general",
            "format": "date-time"
          },
          "arn": {
            "type": "string",
            "description": "Amazon Resource Name (ARN)",
            "compliance_category": "identity",
            "operators": [
              "equals",
              "not_equals",
              "contains",
              "in",
              "exists"
            ]
          }
        }
      },
      {
        "operation": "ListEffectiveDeployments",
        "python_method": "list_effective_deployments",
        "yaml_action": "list_effective_deployments",
        "required_params": [
          "coreDeviceThingName"
        ],
        "optional_params": [
          "maxResults",
          "nextToken"
        ],
        "total_optional": 2,
        "output_fields": {
          "effectiveDeployments": {
            "type": "string",
            "description": "effectiveDeployments details",
            "compliance_category": "general",
            "operators": [
              "equals",
              "not_equals",
              "contains"
            ]
          },
          "nextToken": {
            "type": "string",
            "description": "Pagination token for next results",
            "compliance_category": "general",
            "operators": [
              "equals",
              "not_equals",
              "contains"
            ],
            "security_impact": "high"
          }
        },
        "main_output_field": "effectiveDeployments",
        "item_fields": {
          "deploymentId": {
            "type": "string",
            "description": "Deployment id",
            "compliance_category": "identity",
            "operators": [
              "equals",
              "not_equals",
              "in",
              "exists"
            ]
          },
          "deploymentName": {
            "type": "string",
            "description": "Deployment name",
            "compliance_category": "general"
          },
          "iotJobId": {
            "type": "string",
            "description": "Iot job id",
            "compliance_category": "identity",
            "operators": [
              "equals",
              "not_equals",
              "in",
              "exists"
            ]
          },
          "iotJobArn": {
            "type": "string",
            "description": "Iot job arn",
            "compliance_category": "identity",
            "operators": [
              "equals",
              "not_equals",
              "contains",
              "in",
              "exists"
            ]
          },
          "description": {
            "type": "string",
            "description": "Resource description",
            "compliance_category": "general",
            "operators": [
              "contains",
              "equals"
            ]
          },
          "targetArn": {
            "type": "string",
            "description": "Target arn",
            "compliance_category": "identity",
            "operators": [
              "equals",
              "not_equals",
              "contains",
              "in",
              "exists"
            ]
          },
          "coreDeviceExecutionStatus": {
            "type": "string",
            "description": "Core device execution status",
            "compliance_category": "general",
            "format": "date-time"
          },
          "reason": {
            "type": "string",
            "description": "Reason",
            "compliance_category": "general",
            "format": "date-time"
          },
          "creationTimestamp": {
            "type": "string",
            "description": "Creation timestamp",
            "compliance_category": "general",
            "format": "date-time"
          },
          "modifiedTimestamp": {
            "type": "string",
            "description": "Modified timestamp",
            "compliance_category": "general",
            "format": "date-time"
          },
          "statusDetails": {
            "type": "string",
            "description": "Status details",
            "compliance_category": "general",
            "format": "date-time"
          }
        }
      },
      {
        "operation": "ListInstalledComponents",
        "python_method": "list_installed_components",
        "yaml_action": "list_installed_components",
        "required_params": [
          "coreDeviceThingName"
        ],
        "optional_params": [
          "maxResults",
          "nextToken",
          "topologyFilter"
        ],
        "total_optional": 3,
        "output_fields": {
          "installedComponents": {
            "type": "string",
            "description": "installedComponents details",
            "compliance_category": "general",
            "operators": [
              "equals",
              "not_equals",
              "contains"
            ]
          },
          "nextToken": {
            "type": "string",
            "description": "Pagination token for next results",
            "compliance_category": "general",
            "operators": [
              "equals",
              "not_equals",
              "contains"
            ],
            "security_impact": "high"
          }
        },
        "main_output_field": "installedComponents",
        "item_fields": {
          "componentName": {
            "type": "string",
            "description": "Component name",
            "compliance_category": "general",
            "format": "date-time"
          },
          "componentVersion": {
            "type": "string",
            "description": "Component version",
            "compliance_category": "general",
            "format": "date-time"
          },
          "lifecycleState": {
            "type": "string",
            "description": "Lifecycle state",
            "compliance_category": "general",
            "format": "date-time"
          },
          "lifecycleStateDetails": {
            "type": "string",
            "description": "Lifecycle state details",
            "compliance_category": "general",
            "format": "date-time"
          },
          "isRoot": {
            "type": "boolean",
            "description": "Is root",
            "compliance_category": "general"
          },
          "lastStatusChangeTimestamp": {
            "type": "string",
            "description": "Last status change timestamp",
            "compliance_category": "general",
            "format": "date-time"
          },
          "lastReportedTimestamp": {
            "type": "string",
            "description": "Last reported timestamp",
            "compliance_category": "general",
            "format": "date-time"
          },
          "lastInstallationSource": {
            "type": "string",
            "description": "Last installation source",
            "compliance_category": "general",
            "format": "date-time"
          },
          "lifecycleStatusCodes": {
            "type": "string",
            "description": "Lifecycle status codes",
            "compliance_category": "general",
            "format": "date-time"
          }
        }
      },
      {
        "operation": "ListTagsForResource",
        "python_method": "list_tags_for_resource",
        "yaml_action": "list_tags_for_resource",
        "required_params": [
          "resourceArn"
        ],
        "optional_params": [],
        "total_optional": 0,
        "output_fields": {
          "tags": {
            "type": "string",
            "description": "Resource tags (key-value pairs)",
            "compliance_category": "general",
            "operators": [
              "equals",
              "not_equals",
              "contains"
            ]
          }
        },
        "main_output_field": "tags",
        "item_fields": []
      },
      {
        "operation": "TagResource",
        "python_method": "tag_resource",
        "yaml_action": "tag_resource",
        "required_params": [
          "resourceArn",
          "tags"
        ],
        "optional_params": [],
        "total_optional": 0,
        "output_fields": {},
        "main_output_field": null,
        "item_fields": []
      },
      {
        "operation": "UntagResource",
        "python_method": "untag_resource",
        "yaml_action": "untag_resource",
        "required_params": [
          "resourceArn",
          "tagKeys"
        ],
        "optional_params": [],
        "total_optional": 0,
        "output_fields": {},
        "main_output_field": null,
        "item_fields": []
      },
      {
        "operation": "UpdateConnectivityInfo",
        "python_method": "update_connectivity_info",
        "yaml_action": "update_connectivity_info",
        "required_params": [
          "thingName",
          "connectivityInfo"
        ],
        "optional_params": [],
        "total_optional": 0,
        "output_fields": {
          "version": {
            "type": "string",
            "description": "version details",
            "compliance_category": "general",
            "operators": [
              "equals",
              "not_equals",
              "contains"
            ]
          },
          "message": {
            "type": "string",
            "description": "Message content",
            "compliance_category": "general",
            "operators": [
              "equals",
              "not_equals",
              "contains"
            ]
          }
        },
        "main_output_field": "version",
        "item_fields": []
      }
    ],
    "independent_count": 7,
    "dependent_count": 22
  }
}