{
  "service": "greengrassv2",
  "issues": {
    "generic_entities": {},
    "ambiguous_tokens": {
      "arn": [
        {
          "mapping": "CreateComponentVersion.arn -> greengrassv2.component_version_arn",
          "evidence": "CreateComponentVersion.arn",
          "entity": "greengrassv2.component_version_arn"
        },
        {
          "mapping": "ListComponents.components[].arn -> greengrassv2.component_arn",
          "evidence": "ListComponents.components[].arn",
          "entity": "greengrassv2.component_arn"
        },
        {
          "mapping": "ResolveComponentCandidates.resolvedComponentVersions.arn -> greengrassv2.component_version_arn",
          "evidence": "ResolveComponentCandidates.resolvedComponentVersions.arn",
          "entity": "greengrassv2.component_version_arn"
        },
        {
          "mapping": "DeleteComponent.arn -> greengrassv2.component_arn",
          "evidence": "DeleteComponent.arn",
          "entity": "greengrassv2.component_arn"
        },
        {
          "mapping": "DescribeComponent.arn -> greengrassv2.platform_arn",
          "evidence": "DescribeComponent.arn",
          "entity": "greengrassv2.platform_arn"
        },
        {
          "mapping": "DescribeComponent.arn -> greengrassv2.component_arn",
          "evidence": "DescribeComponent.arn",
          "entity": "greengrassv2.component_arn"
        },
        {
          "mapping": "GetComponent.arn -> greengrassv2.recipe_output_format_arn",
          "evidence": "GetComponent.arn",
          "entity": "greengrassv2.recipe_output_format_arn"
        },
        {
          "mapping": "GetComponentVersionArtifact.arn -> greengrassv2.pre_signed_url_arn",
          "evidence": "GetComponentVersionArtifact.arn",
          "entity": "greengrassv2.pre_signed_url_arn"
        },
        {
          "mapping": "ListComponentVersions.arn -> greengrassv2.component_version_arn",
          "evidence": "ListComponentVersions.arn",
          "entity": "greengrassv2.component_version_arn"
        },
        {
          "mapping": "ListComponentVersions.componentVersions[].arn -> greengrassv2.component_version_arn",
          "evidence": "ListComponentVersions.componentVersions[].arn",
          "entity": "greengrassv2.component_version_arn"
        }
      ],
      "status": [
        {
          "mapping": "CreateComponentVersion.status -> greengrassv2.component_version_status",
          "evidence": "CreateComponentVersion.status",
          "entity": "greengrassv2.component_version_status"
        },
        {
          "mapping": "ListCoreDevices.coreDevices[].status -> greengrassv2.core_devic_status",
          "evidence": "ListCoreDevices.coreDevices[].status",
          "entity": "greengrassv2.core_devic_status"
        },
        {
          "mapping": "DescribeComponent.status -> greengrassv2.component_status",
          "evidence": "DescribeComponent.status",
          "entity": "greengrassv2.component_status"
        },
        {
          "mapping": "GetCoreDevice.status -> greengrassv2.core_device_status",
          "evidence": "GetCoreDevice.status",
          "entity": "greengrassv2.core_device_status"
        }
      ]
    },
    "unresolved_consumes": [],
    "suspicious_paths": []
  },
  "alias_candidates_not_applied": [],
  "suggested_overrides": [
    {
      "operation": "CreateDeployment",
      "type": "produces",
      "key": "iotJobArn",
      "suggested_entity": "greengrassv2.target_arn",
      "confidence": "MEDIUM",
      "reason": "Param 'targetArn' and output field 'iotJobArn' match but map to different entities. Suggest unifying to consume entity."
    },
    {
      "operation": "DescribeComponent",
      "type": "produces",
      "key": "arn",
      "suggested_entity": "greengrassv2.platform_arn",
      "confidence": "MEDIUM",
      "reason": "Param 'arn' and output field 'arn' match but map to different entities. Suggest unifying to consume entity."
    },
    {
      "operation": "GetCoreDevice",
      "type": "produces",
      "key": "coreDeviceThingName",
      "suggested_entity": "greengrassv2.coredevicething_name",
      "confidence": "MEDIUM",
      "reason": "Param 'coreDeviceThingName' and output field 'coreDeviceThingName' match but map to different entities. Suggest unifying to consume entity."
    },
    {
      "operation": "GetDeployment",
      "type": "produces",
      "key": "revisionId",
      "suggested_entity": "greengrassv2.deployment_id",
      "confidence": "MEDIUM",
      "reason": "Param 'deploymentId' and output field 'revisionId' match but map to different entities. Suggest unifying to consume entity."
    },
    {
      "operation": "GetDeployment",
      "type": "produces",
      "key": "iotJobId",
      "suggested_entity": "greengrassv2.deployment_id",
      "confidence": "MEDIUM",
      "reason": "Param 'deploymentId' and output field 'iotJobId' match but map to different entities. Suggest unifying to consume entity."
    }
  ],
  "unresolved_items": [
    {
      "mapping": "CreateComponentVersion.arn -> greengrassv2.component_version_arn",
      "evidence": "CreateComponentVersion.arn",
      "entity": "greengrassv2.component_version_arn"
    },
    {
      "mapping": "ListComponents.components[].arn -> greengrassv2.component_arn",
      "evidence": "ListComponents.components[].arn",
      "entity": "greengrassv2.component_arn"
    },
    {
      "mapping": "ResolveComponentCandidates.resolvedComponentVersions.arn -> greengrassv2.component_version_arn",
      "evidence": "ResolveComponentCandidates.resolvedComponentVersions.arn",
      "entity": "greengrassv2.component_version_arn"
    },
    {
      "mapping": "DeleteComponent.arn -> greengrassv2.component_arn",
      "evidence": "DeleteComponent.arn",
      "entity": "greengrassv2.component_arn"
    },
    {
      "mapping": "DescribeComponent.arn -> greengrassv2.platform_arn",
      "evidence": "DescribeComponent.arn",
      "entity": "greengrassv2.platform_arn"
    },
    {
      "mapping": "DescribeComponent.arn -> greengrassv2.component_arn",
      "evidence": "DescribeComponent.arn",
      "entity": "greengrassv2.component_arn"
    },
    {
      "mapping": "GetComponent.arn -> greengrassv2.recipe_output_format_arn",
      "evidence": "GetComponent.arn",
      "entity": "greengrassv2.recipe_output_format_arn"
    },
    {
      "mapping": "GetComponentVersionArtifact.arn -> greengrassv2.pre_signed_url_arn",
      "evidence": "GetComponentVersionArtifact.arn",
      "entity": "greengrassv2.pre_signed_url_arn"
    },
    {
      "mapping": "ListComponentVersions.arn -> greengrassv2.component_version_arn",
      "evidence": "ListComponentVersions.arn",
      "entity": "greengrassv2.component_version_arn"
    },
    {
      "mapping": "ListComponentVersions.componentVersions[].arn -> greengrassv2.component_version_arn",
      "evidence": "ListComponentVersions.componentVersions[].arn",
      "entity": "greengrassv2.component_version_arn"
    },
    {
      "mapping": "CreateComponentVersion.status -> greengrassv2.component_version_status",
      "evidence": "CreateComponentVersion.status",
      "entity": "greengrassv2.component_version_status"
    },
    {
      "mapping": "ListCoreDevices.coreDevices[].status -> greengrassv2.core_devic_status",
      "evidence": "ListCoreDevices.coreDevices[].status",
      "entity": "greengrassv2.core_devic_status"
    },
    {
      "mapping": "DescribeComponent.status -> greengrassv2.component_status",
      "evidence": "DescribeComponent.status",
      "entity": "greengrassv2.component_status"
    },
    {
      "mapping": "GetCoreDevice.status -> greengrassv2.core_device_status",
      "evidence": "GetCoreDevice.status",
      "entity": "greengrassv2.core_device_status"
    }
  ]
}