{
  "service": "greengrassv2",
  "version": "1.0",
  "kind_rules": {
    "read_list": ["List"],
    "read_get": ["Get", "Describe"],
    "write_create": ["Create", "Start", "Generate", "Import", "Enable", "Register"],
    "write_update": ["Update", "Modify", "Put", "Set", "Change", "Reset", "Patch"],
    "write_delete": ["Delete", "Remove", "Terminate", "Destroy", "Disable", "Detach", "Disassociate", "Untag", "Revoke"],
    "write_apply": ["Apply", "Attach", "Associate", "Add", "Tag", "Authorize", "Unauthorize", "Grant"],
    "other": ["default"]
  },
  "entity_aliases": {
    "greengrassv2.resolved_component_version_component_name": "greengrassv2.component_name",
    "greengrassv2.resolved_component_version_arn": "greengrassv2.component_version_arn",
    "greengrassv2.deployment_target_arn": "greengrassv2.target_arn",
    "greengrassv2.effective_deployment_deployment_name": "greengrassv2.deployment_name",
    "greengrassv2.core_device_thing_name": "greengrassv2.thing_name",
    "greengrassv2.effective_deployment_iot_job_id": "greengrassv2.iot_job_id",
    "greengrassv2.effective_deployment_target_arn": "greengrassv2.target_arn",
    "greengrassv2.installed_component_component_name": "greengrassv2.component_name",
    "greengrassv2.parent_target_arn": "greengrassv2.target_arn",
    "greengrassv2.associated_client_devic_thing_name": "greengrassv2.thing_name",
    "greengrassv2.component_version_component_name": "greengrassv2.component_name",
    "greengrassv2.effective_deployment_deployment_id": "greengrassv2.deployment_id",
    "greengrassv2.core_devic_core_device_thing_name": "greengrassv2.thing_name",
    "greengrassv2.effective_deployment_iot_job_arn": "greengrassv2.iot_job_arn",
    "greengrassv2.error_entry_thing_name": "greengrassv2.thing_name",
    "greengrassv2.deployment_parent_target_arn": "greengrassv2.target_arn",
    "greengrassv2.installed_component_lifecycle_state_details": "greengrassv2.installed_component_lifecycle_state"
  },
  "overrides": {},
  "operations": {
    "CreateComponentVersion": {
      "kind": "write_create",
      "side_effect": true,
      "sdk": {"client": "greengrassv2", "method": "create_component_version"},
      "consumes": [],
      "produces": [{"entity": "greengrassv2.component_version_arn", "source": "output", "path": "arn"}, {"entity": "greengrassv2.component_name", "source": "output", "path": "componentName"}, {"entity": "greengrassv2.component_version", "source": "output", "path": "componentVersion"}, {"entity": "greengrassv2.creation_timestamp", "source": "output", "path": "creationTimestamp"}, {"entity": "greengrassv2.component_version_status", "source": "output", "path": "status"}, {"entity": "greengrassv2.statu_component_state", "source": "item", "path": "status.componentState"}, {"entity": "greengrassv2.statu_message", "source": "item", "path": "status.message"}, {"entity": "greengrassv2.statu_errors", "source": "item", "path": "status.errors"}, {"entity": "greengrassv2.statu_vendor_guidance", "source": "item", "path": "status.vendorGuidance"}, {"entity": "greengrassv2.statu_vendor_guidance_message", "source": "item", "path": "status.vendorGuidanceMessage"}],
      "notes": ""
    },
    "DisassociateServiceRoleFromAccount": {
      "kind": "write_delete",
      "side_effect": true,
      "sdk": {"client": "greengrassv2", "method": "disassociate_service_role_from_account"},
      "consumes": [],
      "produces": [{"entity": "greengrassv2.disassociated_at", "source": "output", "path": "disassociatedAt"}],
      "notes": ""
    },
    "GetServiceRoleForAccount": {
      "kind": "read_get",
      "side_effect": false,
      "sdk": {"client": "greengrassv2", "method": "get_service_role_for_account"},
      "consumes": [],
      "produces": [{"entity": "greengrassv2.associated_at", "source": "output", "path": "associatedAt"}, {"entity": "greengrassv2.role_arn", "source": "output", "path": "roleArn"}],
      "notes": ""
    },
    "ListComponents": {
      "kind": "read_list",
      "side_effect": false,
      "sdk": {"client": "greengrassv2", "method": "list_components"},
      "consumes": [],
      "produces": [{"entity": "greengrassv2.components", "source": "output", "path": "components"}, {"entity": "greengrassv2.next_token", "source": "output", "path": "nextToken"}, {"entity": "greengrassv2.component_arn", "source": "item", "path": "components[].arn"}, {"entity": "greengrassv2.component_name", "source": "item", "path": "components[].componentName"}, {"entity": "greengrassv2.component_latest_version", "source": "item", "path": "components[].latestVersion"}],
      "notes": ""
    },
    "ListCoreDevices": {
      "kind": "read_list",
      "side_effect": false,
      "sdk": {"client": "greengrassv2", "method": "list_core_devices"},
      "consumes": [],
      "produces": [{"entity": "greengrassv2.core_devices", "source": "output", "path": "coreDevices"}, {"entity": "greengrassv2.next_token", "source": "output", "path": "nextToken"}, {"entity": "greengrassv2.thing_name", "source": "item", "path": "coreDevices[].coreDeviceThingName"}, {"entity": "greengrassv2.core_devic_status", "source": "item", "path": "coreDevices[].status"}, {"entity": "greengrassv2.core_devic_last_status_update_timestamp", "source": "item", "path": "coreDevices[].lastStatusUpdateTimestamp"}, {"entity": "greengrassv2.core_devic_platform", "source": "item", "path": "coreDevices[].platform"}, {"entity": "greengrassv2.core_devic_architecture", "source": "item", "path": "coreDevices[].architecture"}, {"entity": "greengrassv2.core_devic_runtime", "source": "item", "path": "coreDevices[].runtime"}],
      "notes": ""
    },
    "ListDeployments": {
      "kind": "read_list",
      "side_effect": false,
      "sdk": {"client": "greengrassv2", "method": "list_deployments"},
      "consumes": [],
      "produces": [{"entity": "greengrassv2.deployments", "source": "output", "path": "deployments"}, {"entity": "greengrassv2.next_token", "source": "output", "path": "nextToken"}, {"entity": "greengrassv2.target_arn", "source": "item", "path": "deployments[].targetArn"}, {"entity": "greengrassv2.deployment_revision_id", "source": "item", "path": "deployments[].revisionId"}, {"entity": "greengrassv2.deployment_id", "source": "item", "path": "deployments[].deploymentId"}, {"entity": "greengrassv2.deployment_name", "source": "item", "path": "deployments[].deploymentName"}, {"entity": "greengrassv2.deployment_creation_timestamp", "source": "item", "path": "deployments[].creationTimestamp"}, {"entity": "greengrassv2.deployment_status", "source": "item", "path": "deployments[].deploymentStatus"}, {"entity": "greengrassv2.deployment_is_latest_for_target", "source": "item", "path": "deployments[].isLatestForTarget"}, {"entity": "greengrassv2.target_arn", "source": "item", "path": "deployments[].parentTargetArn"}],
      "notes": ""
    },
    "ResolveComponentCandidates": {
      "kind": "other",
      "side_effect": true,
      "sdk": {"client": "greengrassv2", "method": "resolve_component_candidates"},
      "consumes": [],
      "produces": [{"entity": "greengrassv2.resolved_component_versions", "source": "output", "path": "resolvedComponentVersions"}, {"entity": "greengrassv2.component_version_arn", "source": "item", "path": "resolvedComponentVersions.arn"}, {"entity": "greengrassv2.component_name", "source": "item", "path": "resolvedComponentVersions.componentName"}, {"entity": "greengrassv2.resolved_component_version_component_version", "source": "item", "path": "resolvedComponentVersions.componentVersion"}, {"entity": "greengrassv2.resolved_component_version_recipe", "source": "item", "path": "resolvedComponentVersions.recipe"}, {"entity": "greengrassv2.resolved_component_version_vendor_guidance", "source": "item", "path": "resolvedComponentVersions.vendorGuidance"}, {"entity": "greengrassv2.resolved_component_version_message", "source": "item", "path": "resolvedComponentVersions.message"}],
      "notes": ""
    },
    "AssociateServiceRoleToAccount": {
      "kind": "write_apply",
      "side_effect": true,
      "sdk": {"client": "greengrassv2", "method": "associate_service_role_to_account"},
      "consumes": [{"entity": "greengrassv2.role_arn", "param": "roleArn", "required": true, "source": "internal"}],
      "produces": [{"entity": "greengrassv2.associated_at", "source": "output", "path": "associatedAt"}],
      "notes": ""
    },
    "BatchAssociateClientDeviceWithCoreDevice": {
      "kind": "other",
      "side_effect": true,
      "sdk": {"client": "greengrassv2", "method": "batch_associate_client_device_with_core_device"},
      "consumes": [{"entity": "greengrassv2.coredevicething_name", "param": "coreDeviceThingName", "required": true, "source": "external"}],
      "produces": [{"entity": "greengrassv2.error_entries", "source": "output", "path": "errorEntries"}, {"entity": "greengrassv2.thing_name", "source": "item", "path": "errorEntries.thingName"}, {"entity": "greengrassv2.error_entry_code", "source": "item", "path": "errorEntries.code"}, {"entity": "greengrassv2.error_entry_message", "source": "item", "path": "errorEntries.message"}],
      "notes": ""
    },
    "BatchDisassociateClientDeviceFromCoreDevice": {
      "kind": "other",
      "side_effect": true,
      "sdk": {"client": "greengrassv2", "method": "batch_disassociate_client_device_from_core_device"},
      "consumes": [{"entity": "greengrassv2.coredevicething_name", "param": "coreDeviceThingName", "required": true, "source": "external"}],
      "produces": [{"entity": "greengrassv2.error_entries", "source": "output", "path": "errorEntries"}, {"entity": "greengrassv2.thing_name", "source": "item", "path": "errorEntries.thingName"}, {"entity": "greengrassv2.error_entry_code", "source": "item", "path": "errorEntries.code"}, {"entity": "greengrassv2.error_entry_message", "source": "item", "path": "errorEntries.message"}],
      "notes": ""
    },
    "CancelDeployment": {
      "kind": "other",
      "side_effect": true,
      "sdk": {"client": "greengrassv2", "method": "cancel_deployment"},
      "consumes": [{"entity": "greengrassv2.deployment_id", "param": "deploymentId", "required": true, "source": "internal"}],
      "produces": [{"entity": "greengrassv2.message", "source": "output", "path": "message"}],
      "notes": ""
    },
    "CreateDeployment": {
      "kind": "write_create",
      "side_effect": true,
      "sdk": {"client": "greengrassv2", "method": "create_deployment"},
      "consumes": [{"entity": "greengrassv2.target_arn", "param": "targetArn", "required": true, "source": "internal"}],
      "produces": [{"entity": "greengrassv2.deployment_id", "source": "output", "path": "deploymentId"}, {"entity": "greengrassv2.iot_job_id", "source": "output", "path": "iotJobId"}, {"entity": "greengrassv2.iot_job_arn", "source": "output", "path": "iotJobArn"}],
      "notes": ""
    },
    "DeleteComponent": {
      "kind": "write_delete",
      "side_effect": true,
      "sdk": {"client": "greengrassv2", "method": "delete_component"},
      "consumes": [{"entity": "greengrassv2.component_arn", "param": "arn", "required": true, "source": "internal"}],
      "produces": [],
      "notes": ""
    },
    "DeleteCoreDevice": {
      "kind": "write_delete",
      "side_effect": true,
      "sdk": {"client": "greengrassv2", "method": "delete_core_device"},
      "consumes": [{"entity": "greengrassv2.coredevicething_name", "param": "coreDeviceThingName", "required": true, "source": "external"}],
      "produces": [],
      "notes": ""
    },
    "DeleteDeployment": {
      "kind": "write_delete",
      "side_effect": true,
      "sdk": {"client": "greengrassv2", "method": "delete_deployment"},
      "consumes": [{"entity": "greengrassv2.deployment_id", "param": "deploymentId", "required": true, "source": "internal"}],
      "produces": [],
      "notes": ""
    },
    "DescribeComponent": {
      "kind": "read_get",
      "side_effect": false,
      "sdk": {"client": "greengrassv2", "method": "describe_component"},
      "consumes": [{"entity": "greengrassv2.platform_arn", "param": "arn", "required": true, "source": "external"}],
      "produces": [{"entity": "greengrassv2.component_arn", "source": "output", "path": "arn"}, {"entity": "greengrassv2.component_name", "source": "output", "path": "componentName"}, {"entity": "greengrassv2.component_version", "source": "output", "path": "componentVersion"}, {"entity": "greengrassv2.creation_timestamp", "source": "output", "path": "creationTimestamp"}, {"entity": "greengrassv2.publisher", "source": "output", "path": "publisher"}, {"entity": "greengrassv2.description", "source": "output", "path": "description"}, {"entity": "greengrassv2.component_status", "source": "output", "path": "status"}, {"entity": "greengrassv2.platforms", "source": "output", "path": "platforms"}, {"entity": "greengrassv2.tags", "source": "output", "path": "tags"}, {"entity": "greengrassv2.platform_name", "source": "item", "path": "platforms.name"}, {"entity": "greengrassv2.platform_attributes", "source": "item", "path": "platforms.attributes"}],
      "notes": ""
    },
    "GetComponent": {
      "kind": "read_get",
      "side_effect": false,
      "sdk": {"client": "greengrassv2", "method": "get_component"},
      "consumes": [{"entity": "greengrassv2.recipe_output_format_arn", "param": "arn", "required": true, "source": "external"}],
      "produces": [{"entity": "greengrassv2.recipe_output_format", "source": "output", "path": "recipeOutputFormat"}, {"entity": "greengrassv2.recipe", "source": "output", "path": "recipe"}, {"entity": "greengrassv2.tags", "source": "output", "path": "tags"}],
      "notes": ""
    },
    "GetComponentVersionArtifact": {
      "kind": "read_get",
      "side_effect": false,
      "sdk": {"client": "greengrassv2", "method": "get_component_version_artifact"},
      "consumes": [{"entity": "greengrassv2.pre_signed_url_arn", "param": "arn", "required": true, "source": "external"}, {"entity": "greengrassv2.artifact_name", "param": "artifactName", "required": true, "source": "external"}],
      "produces": [{"entity": "greengrassv2.pre_signed_url", "source": "output", "path": "preSignedUrl"}],
      "notes": ""
    },
    "GetConnectivityInfo": {
      "kind": "read_get",
      "side_effect": false,
      "sdk": {"client": "greengrassv2", "method": "get_connectivity_info"},
      "consumes": [{"entity": "greengrassv2.thing_name", "param": "thingName", "required": true, "source": "internal"}],
      "produces": [{"entity": "greengrassv2.connectivity_info", "source": "output", "path": "connectivityInfo"}, {"entity": "greengrassv2.message", "source": "output", "path": "message"}, {"entity": "greengrassv2.connectivity_id", "source": "item", "path": "connectivityInfo.id"}, {"entity": "greengrassv2.connectivity_host_address", "source": "item", "path": "connectivityInfo.hostAddress"}, {"entity": "greengrassv2.connectivity_port_number", "source": "item", "path": "connectivityInfo.portNumber"}, {"entity": "greengrassv2.connectivity_metadata", "source": "item", "path": "connectivityInfo.metadata"}],
      "notes": ""
    },
    "GetCoreDevice": {
      "kind": "read_get",
      "side_effect": false,
      "sdk": {"client": "greengrassv2", "method": "get_core_device"},
      "consumes": [{"entity": "greengrassv2.coredevicething_name", "param": "coreDeviceThingName", "required": true, "source": "external"}],
      "produces": [{"entity": "greengrassv2.thing_name", "source": "output", "path": "coreDeviceThingName"}, {"entity": "greengrassv2.core_version", "source": "output", "path": "coreVersion"}, {"entity": "greengrassv2.platform", "source": "output", "path": "platform"}, {"entity": "greengrassv2.architecture", "source": "output", "path": "architecture"}, {"entity": "greengrassv2.runtime", "source": "output", "path": "runtime"}, {"entity": "greengrassv2.core_device_status", "source": "output", "path": "status"}, {"entity": "greengrassv2.last_status_update_timestamp", "source": "output", "path": "lastStatusUpdateTimestamp"}, {"entity": "greengrassv2.tags", "source": "output", "path": "tags"}],
      "notes": ""
    },
    "GetDeployment": {
      "kind": "read_get",
      "side_effect": false,
      "sdk": {"client": "greengrassv2", "method": "get_deployment"},
      "consumes": [{"entity": "greengrassv2.deployment_id", "param": "deploymentId", "required": true, "source": "internal"}],
      "produces": [{"entity": "greengrassv2.target_arn", "source": "output", "path": "targetArn"}, {"entity": "greengrassv2.revision_id", "source": "output", "path": "revisionId"}, {"entity": "greengrassv2.deployment_id", "source": "output", "path": "deploymentId"}, {"entity": "greengrassv2.deployment_name", "source": "output", "path": "deploymentName"}, {"entity": "greengrassv2.deployment_status", "source": "output", "path": "deploymentStatus"}, {"entity": "greengrassv2.iot_job_id", "source": "output", "path": "iotJobId"}, {"entity": "greengrassv2.iot_job_arn", "source": "output", "path": "iotJobArn"}, {"entity": "greengrassv2.components", "source": "output", "path": "components"}, {"entity": "greengrassv2.deployment_policies", "source": "output", "path": "deploymentPolicies"}, {"entity": "greengrassv2.iot_job_configuration", "source": "output", "path": "iotJobConfiguration"}, {"entity": "greengrassv2.creation_timestamp", "source": "output", "path": "creationTimestamp"}, {"entity": "greengrassv2.is_latest_for_target", "source": "output", "path": "isLatestForTarget"}, {"entity": "greengrassv2.target_arn", "source": "output", "path": "parentTargetArn"}, {"entity": "greengrassv2.tags", "source": "output", "path": "tags"}, {"entity": "greengrassv2.deployment_policy_failure_handling_policy", "source": "item", "path": "deploymentPolicies.failureHandlingPolicy"}, {"entity": "greengrassv2.deployment_policy_component_update_policy", "source": "item", "path": "deploymentPolicies.componentUpdatePolicy"}, {"entity": "greengrassv2.deployment_policy_configuration_validation_policy", "source": "item", "path": "deploymentPolicies.configurationValidationPolicy"}],
      "notes": ""
    },
    "ListClientDevicesAssociatedWithCoreDevice": {
      "kind": "read_list",
      "side_effect": false,
      "sdk": {"client": "greengrassv2", "method": "list_client_devices_associated_with_core_device"},
      "consumes": [{"entity": "greengrassv2.coredevicething_name", "param": "coreDeviceThingName", "required": true, "source": "external"}],
      "produces": [{"entity": "greengrassv2.associated_client_devices", "source": "output", "path": "associatedClientDevices"}, {"entity": "greengrassv2.next_token", "source": "output", "path": "nextToken"}, {"entity": "greengrassv2.thing_name", "source": "item", "path": "associatedClientDevices[].thingName"}, {"entity": "greengrassv2.associated_client_devic_association_timestamp", "source": "item", "path": "associatedClientDevices[].associationTimestamp"}],
      "notes": ""
    },
    "ListComponentVersions": {
      "kind": "read_list",
      "side_effect": false,
      "sdk": {"client": "greengrassv2", "method": "list_component_versions"},
      "consumes": [{"entity": "greengrassv2.component_version_arn", "param": "arn", "required": true, "source": "internal"}],
      "produces": [{"entity": "greengrassv2.component_versions", "source": "output", "path": "componentVersions"}, {"entity": "greengrassv2.next_token", "source": "output", "path": "nextToken"}, {"entity": "greengrassv2.component_name", "source": "item", "path": "componentVersions[].componentName"}, {"entity": "greengrassv2.component_version_component_version", "source": "item", "path": "componentVersions[].componentVersion"}, {"entity": "greengrassv2.component_version_arn", "source": "item", "path": "componentVersions[].arn"}],
      "notes": ""
    },
    "ListEffectiveDeployments": {
      "kind": "read_list",
      "side_effect": false,
      "sdk": {"client": "greengrassv2", "method": "list_effective_deployments"},
      "consumes": [{"entity": "greengrassv2.coredevicething_name", "param": "coreDeviceThingName", "required": true, "source": "external"}],
      "produces": [{"entity": "greengrassv2.effective_deployments", "source": "output", "path": "effectiveDeployments"}, {"entity": "greengrassv2.next_token", "source": "output", "path": "nextToken"}, {"entity": "greengrassv2.deployment_id", "source": "item", "path": "effectiveDeployments[].deploymentId"}, {"entity": "greengrassv2.deployment_name", "source": "item", "path": "effectiveDeployments[].deploymentName"}, {"entity": "greengrassv2.iot_job_id", "source": "item", "path": "effectiveDeployments[].iotJobId"}, {"entity": "greengrassv2.iot_job_arn", "source": "item", "path": "effectiveDeployments[].iotJobArn"}, {"entity": "greengrassv2.effective_deployment_description", "source": "item", "path": "effectiveDeployments[].description"}, {"entity": "greengrassv2.target_arn", "source": "item", "path": "effectiveDeployments[].targetArn"}, {"entity": "greengrassv2.effective_deployment_core_device_execution_status", "source": "item", "path": "effectiveDeployments[].coreDeviceExecutionStatus"}, {"entity": "greengrassv2.effective_deployment_reason", "source": "item", "path": "effectiveDeployments[].reason"}, {"entity": "greengrassv2.effective_deployment_creation_timestamp", "source": "item", "path": "effectiveDeployments[].creationTimestamp"}, {"entity": "greengrassv2.effective_deployment_modified_timestamp", "source": "item", "path": "effectiveDeployments[].modifiedTimestamp"}, {"entity": "greengrassv2.effective_deployment_status_details", "source": "item", "path": "effectiveDeployments[].statusDetails"}],
      "notes": ""
    },
    "ListInstalledComponents": {
      "kind": "read_list",
      "side_effect": false,
      "sdk": {"client": "greengrassv2", "method": "list_installed_components"},
      "consumes": [{"entity": "greengrassv2.coredevicething_name", "param": "coreDeviceThingName", "required": true, "source": "external"}],
      "produces": [{"entity": "greengrassv2.installed_components", "source": "output", "path": "installedComponents"}, {"entity": "greengrassv2.next_token", "source": "output", "path": "nextToken"}, {"entity": "greengrassv2.component_name", "source": "item", "path": "installedComponents[].componentName"}, {"entity": "greengrassv2.installed_component_component_version", "source": "item", "path": "installedComponents[].componentVersion"}, {"entity": "greengrassv2.installed_component_lifecycle_state", "source": "item", "path": "installedComponents[].lifecycleState"}, {"entity": "greengrassv2.installed_component_lifecycle_state", "source": "item", "path": "installedComponents[].lifecycleStateDetails"}, {"entity": "greengrassv2.installed_component_is_root", "source": "item", "path": "installedComponents[].isRoot"}, {"entity": "greengrassv2.installed_component_last_status_change_timestamp", "source": "item", "path": "installedComponents[].lastStatusChangeTimestamp"}, {"entity": "greengrassv2.installed_component_last_reported_timestamp", "source": "item", "path": "installedComponents[].lastReportedTimestamp"}, {"entity": "greengrassv2.installed_component_last_installation_source", "source": "item", "path": "installedComponents[].lastInstallationSource"}, {"entity": "greengrassv2.installed_component_lifecycle_status_codes", "source": "item", "path": "installedComponents[].lifecycleStatusCodes"}],
      "notes": ""
    },
    "ListTagsForResource": {
      "kind": "read_list",
      "side_effect": false,
      "sdk": {"client": "greengrassv2", "method": "list_tags_for_resource"},
      "consumes": [{"entity": "greengrassv2.resource_arn", "param": "resourceArn", "required": true, "source": "external"}],
      "produces": [{"entity": "greengrassv2.tags", "source": "output", "path": "tags"}],
      "notes": ""
    },
    "TagResource": {
      "kind": "write_apply",
      "side_effect": true,
      "sdk": {"client": "greengrassv2", "method": "tag_resource"},
      "consumes": [{"entity": "greengrassv2.resource_arn", "param": "resourceArn", "required": true, "source": "external"}, {"entity": "greengrassv2.tags", "param": "tags", "required": true, "source": "internal"}],
      "produces": [],
      "notes": ""
    },
    "UntagResource": {
      "kind": "write_delete",
      "side_effect": true,
      "sdk": {"client": "greengrassv2", "method": "untag_resource"},
      "consumes": [{"entity": "greengrassv2.resource_arn", "param": "resourceArn", "required": true, "source": "external"}, {"entity": "greengrassv2.tag_keys", "param": "tagKeys", "required": true, "source": "external"}],
      "produces": [],
      "notes": ""
    },
    "UpdateConnectivityInfo": {
      "kind": "write_update",
      "side_effect": true,
      "sdk": {"client": "greengrassv2", "method": "update_connectivity_info"},
      "consumes": [{"entity": "greengrassv2.thing_name", "param": "thingName", "required": true, "source": "internal"}, {"entity": "greengrassv2.connectivity_info", "param": "connectivityInfo", "required": true, "source": "internal"}],
      "produces": [{"entity": "greengrassv2.version", "source": "output", "path": "version"}, {"entity": "greengrassv2.message", "source": "output", "path": "message"}],
      "notes": ""
    }
  }
}