{
  "controltower": {
    "service": "controltower",
    "total_operations": 28,
    "independent": [
      {
        "operation": "DisableControl",
        "python_method": "disable_control",
        "yaml_action": "disable_control",
        "required_params": [],
        "optional_params": [
          "controlIdentifier",
          "targetIdentifier",
          "enabledControlIdentifier"
        ],
        "total_optional": 3,
        "output_fields": {
          "operationIdentifier": {
            "type": "string",
            "description": "operationIdentifier details",
            "compliance_category": "identity",
            "format": "date-time",
            "operators": [
              "equals",
              "not_equals",
              "contains",
              "in",
              "exists"
            ]
          }
        },
        "main_output_field": "operationIdentifier",
        "item_fields": []
      },
      {
        "operation": "ListBaselines",
        "python_method": "list_baselines",
        "yaml_action": "list_baselines",
        "required_params": [],
        "optional_params": [
          "nextToken",
          "maxResults"
        ],
        "total_optional": 2,
        "output_fields": {
          "baselines": {
            "type": "string",
            "description": "baselines details",
            "compliance_category": "general",
            "operators": [
              "equals",
              "not_equals",
              "contains"
            ]
          },
          "nextToken": {
            "type": "string",
            "description": "Pagination token for next results",
            "compliance_category": "general",
            "operators": [
              "equals",
              "not_equals",
              "contains"
            ],
            "security_impact": "high"
          }
        },
        "main_output_field": "baselines",
        "item_fields": {
          "arn": {
            "type": "string",
            "description": "Amazon Resource Name (ARN)",
            "compliance_category": "identity",
            "operators": [
              "equals",
              "not_equals",
              "contains",
              "in",
              "exists"
            ]
          },
          "name": {
            "type": "string",
            "description": "Resource name",
            "compliance_category": "identity",
            "operators": [
              "equals",
              "not_equals",
              "contains",
              "in"
            ]
          },
          "description": {
            "type": "string",
            "description": "Resource description",
            "compliance_category": "general",
            "operators": [
              "contains",
              "equals"
            ]
          }
        }
      },
      {
        "operation": "ListControlOperations",
        "python_method": "list_control_operations",
        "yaml_action": "list_control_operations",
        "required_params": [],
        "optional_params": [
          "filter",
          "nextToken",
          "maxResults"
        ],
        "total_optional": 3,
        "output_fields": {
          "controlOperations": {
            "type": "string",
            "description": "controlOperations details",
            "compliance_category": "general",
            "format": "date-time",
            "operators": [
              "equals",
              "not_equals",
              "contains"
            ]
          },
          "nextToken": {
            "type": "string",
            "description": "Pagination token for next results",
            "compliance_category": "general",
            "operators": [
              "equals",
              "not_equals",
              "contains"
            ],
            "security_impact": "high"
          }
        },
        "main_output_field": "controlOperations",
        "item_fields": {
          "operationType": {
            "type": "string",
            "description": "Operation type",
            "compliance_category": "general",
            "format": "date-time"
          },
          "startTime": {
            "type": "string",
            "description": "Start time",
            "compliance_category": "general",
            "format": "date-time"
          },
          "endTime": {
            "type": "string",
            "description": "End time",
            "compliance_category": "general",
            "format": "date-time"
          },
          "status": {
            "type": "string",
            "description": "Resource status",
            "compliance_category": "general",
            "operators": [
              "equals",
              "not_equals",
              "in"
            ]
          },
          "statusMessage": {
            "type": "string",
            "description": "Status message",
            "compliance_category": "general",
            "format": "date-time"
          },
          "operationIdentifier": {
            "type": "string",
            "description": "Operation identifier",
            "compliance_category": "identity",
            "operators": [
              "equals",
              "not_equals",
              "in",
              "exists"
            ]
          },
          "controlIdentifier": {
            "type": "string",
            "description": "Control identifier",
            "compliance_category": "identity",
            "operators": [
              "equals",
              "not_equals",
              "in",
              "exists"
            ]
          },
          "targetIdentifier": {
            "type": "string",
            "description": "Target identifier",
            "compliance_category": "identity",
            "operators": [
              "equals",
              "not_equals",
              "in",
              "exists"
            ]
          },
          "enabledControlIdentifier": {
            "type": "string",
            "description": "Enabled control identifier",
            "compliance_category": "identity",
            "operators": [
              "equals",
              "not_equals",
              "in",
              "exists"
            ]
          }
        }
      },
      {
        "operation": "ListEnabledBaselines",
        "python_method": "list_enabled_baselines",
        "yaml_action": "list_enabled_baselines",
        "required_params": [],
        "optional_params": [
          "filter",
          "nextToken",
          "maxResults",
          "includeChildren"
        ],
        "total_optional": 4,
        "output_fields": {
          "enabledBaselines": {
            "type": "boolean",
            "description": "enabledBaselines details",
            "compliance_category": "general",
            "operators": [
              "equals",
              "not_equals",
              "contains"
            ]
          },
          "nextToken": {
            "type": "string",
            "description": "Pagination token for next results",
            "compliance_category": "general",
            "operators": [
              "equals",
              "not_equals",
              "contains"
            ],
            "security_impact": "high"
          }
        },
        "main_output_field": "enabledBaselines",
        "item_fields": {
          "arn": {
            "type": "string",
            "description": "Amazon Resource Name (ARN)",
            "compliance_category": "identity",
            "operators": [
              "equals",
              "not_equals",
              "contains",
              "in",
              "exists"
            ]
          },
          "baselineIdentifier": {
            "type": "string",
            "description": "Baseline identifier",
            "compliance_category": "identity",
            "operators": [
              "equals",
              "not_equals",
              "in",
              "exists"
            ]
          },
          "baselineVersion": {
            "type": "string",
            "description": "Baseline version",
            "compliance_category": "general",
            "format": "date-time"
          },
          "driftStatusSummary": {
            "type": "string",
            "description": "Drift status summary",
            "compliance_category": "general",
            "format": "date-time"
          },
          "targetIdentifier": {
            "type": "string",
            "description": "Target identifier",
            "compliance_category": "identity",
            "operators": [
              "equals",
              "not_equals",
              "in",
              "exists"
            ]
          },
          "parentIdentifier": {
            "type": "string",
            "description": "Parent identifier",
            "compliance_category": "identity",
            "operators": [
              "equals",
              "not_equals",
              "in",
              "exists"
            ]
          },
          "statusSummary": {
            "type": "string",
            "description": "Status summary",
            "compliance_category": "general",
            "format": "date-time"
          }
        }
      },
      {
        "operation": "ListEnabledControls",
        "python_method": "list_enabled_controls",
        "yaml_action": "list_enabled_controls",
        "required_params": [],
        "optional_params": [
          "targetIdentifier",
          "nextToken",
          "maxResults",
          "filter",
          "includeChildren"
        ],
        "total_optional": 5,
        "output_fields": {
          "enabledControls": {
            "type": "boolean",
            "description": "enabledControls details",
            "compliance_category": "general",
            "operators": [
              "equals",
              "not_equals",
              "contains"
            ]
          },
          "nextToken": {
            "type": "string",
            "description": "Pagination token for next results",
            "compliance_category": "general",
            "operators": [
              "equals",
              "not_equals",
              "contains"
            ],
            "security_impact": "high"
          }
        },
        "main_output_field": "enabledControls",
        "item_fields": {
          "arn": {
            "type": "string",
            "description": "Amazon Resource Name (ARN)",
            "compliance_category": "identity",
            "operators": [
              "equals",
              "not_equals",
              "contains",
              "in",
              "exists"
            ]
          },
          "controlIdentifier": {
            "type": "string",
            "description": "Control identifier",
            "compliance_category": "identity",
            "operators": [
              "equals",
              "not_equals",
              "in",
              "exists"
            ]
          },
          "targetIdentifier": {
            "type": "string",
            "description": "Target identifier",
            "compliance_category": "identity",
            "operators": [
              "equals",
              "not_equals",
              "in",
              "exists"
            ]
          },
          "statusSummary": {
            "type": "string",
            "description": "Status summary",
            "compliance_category": "general",
            "format": "date-time"
          },
          "driftStatusSummary": {
            "type": "string",
            "description": "Drift status summary",
            "compliance_category": "general",
            "format": "date-time"
          },
          "parentIdentifier": {
            "type": "string",
            "description": "Parent identifier",
            "compliance_category": "identity",
            "operators": [
              "equals",
              "not_equals",
              "in",
              "exists"
            ]
          }
        }
      },
      {
        "operation": "ListLandingZoneOperations",
        "python_method": "list_landing_zone_operations",
        "yaml_action": "list_landing_zone_operations",
        "required_params": [],
        "optional_params": [
          "filter",
          "nextToken",
          "maxResults"
        ],
        "total_optional": 3,
        "output_fields": {
          "landingZoneOperations": {
            "type": "string",
            "description": "landingZoneOperations details",
            "compliance_category": "general",
            "format": "date-time",
            "operators": [
              "equals",
              "not_equals",
              "contains"
            ]
          },
          "nextToken": {
            "type": "string",
            "description": "Pagination token for next results",
            "compliance_category": "general",
            "operators": [
              "equals",
              "not_equals",
              "contains"
            ],
            "security_impact": "high"
          }
        },
        "main_output_field": "landingZoneOperations",
        "item_fields": {
          "operationType": {
            "type": "string",
            "description": "Operation type",
            "compliance_category": "general",
            "format": "date-time"
          },
          "operationIdentifier": {
            "type": "string",
            "description": "Operation identifier",
            "compliance_category": "identity",
            "operators": [
              "equals",
              "not_equals",
              "in",
              "exists"
            ]
          },
          "status": {
            "type": "string",
            "description": "Resource status",
            "compliance_category": "general",
            "operators": [
              "equals",
              "not_equals",
              "in"
            ]
          }
        }
      },
      {
        "operation": "ListLandingZones",
        "python_method": "list_landing_zones",
        "yaml_action": "list_landing_zones",
        "required_params": [],
        "optional_params": [
          "nextToken",
          "maxResults"
        ],
        "total_optional": 2,
        "output_fields": {
          "landingZones": {
            "type": "string",
            "description": "landingZones details",
            "compliance_category": "general",
            "operators": [
              "equals",
              "not_equals",
              "contains"
            ]
          },
          "nextToken": {
            "type": "string",
            "description": "Pagination token for next results",
            "compliance_category": "general",
            "operators": [
              "equals",
              "not_equals",
              "contains"
            ],
            "security_impact": "high"
          }
        },
        "main_output_field": "landingZones",
        "item_fields": {
          "arn": {
            "type": "string",
            "description": "Amazon Resource Name (ARN)",
            "compliance_category": "identity",
            "operators": [
              "equals",
              "not_equals",
              "contains",
              "in",
              "exists"
            ]
          }
        }
      }
    ],
    "dependent": [
      {
        "operation": "CreateLandingZone",
        "python_method": "create_landing_zone",
        "yaml_action": "create_landing_zone",
        "required_params": [
          "version"
        ],
        "optional_params": [
          "remediationTypes",
          "tags",
          "manifest"
        ],
        "total_optional": 3,
        "output_fields": {
          "arn": {
            "type": "string",
            "description": "Amazon Resource Name (ARN)",
            "compliance_category": "identity",
            "operators": [
              "equals",
              "not_equals",
              "contains",
              "in",
              "exists"
            ]
          },
          "operationIdentifier": {
            "type": "string",
            "description": "operationIdentifier details",
            "compliance_category": "identity",
            "format": "date-time",
            "operators": [
              "equals",
              "not_equals",
              "contains",
              "in",
              "exists"
            ]
          }
        },
        "main_output_field": "arn",
        "item_fields": []
      },
      {
        "operation": "DeleteLandingZone",
        "python_method": "delete_landing_zone",
        "yaml_action": "delete_landing_zone",
        "required_params": [
          "landingZoneIdentifier"
        ],
        "optional_params": [],
        "total_optional": 0,
        "output_fields": {
          "operationIdentifier": {
            "type": "string",
            "description": "operationIdentifier details",
            "compliance_category": "identity",
            "format": "date-time",
            "operators": [
              "equals",
              "not_equals",
              "contains",
              "in",
              "exists"
            ]
          }
        },
        "main_output_field": "operationIdentifier",
        "item_fields": []
      },
      {
        "operation": "DisableBaseline",
        "python_method": "disable_baseline",
        "yaml_action": "disable_baseline",
        "required_params": [
          "enabledBaselineIdentifier"
        ],
        "optional_params": [],
        "total_optional": 0,
        "output_fields": {
          "operationIdentifier": {
            "type": "string",
            "description": "operationIdentifier details",
            "compliance_category": "identity",
            "format": "date-time",
            "operators": [
              "equals",
              "not_equals",
              "contains",
              "in",
              "exists"
            ]
          }
        },
        "main_output_field": "operationIdentifier",
        "item_fields": []
      },
      {
        "operation": "EnableBaseline",
        "python_method": "enable_baseline",
        "yaml_action": "enable_baseline",
        "required_params": [
          "baselineVersion",
          "baselineIdentifier",
          "targetIdentifier"
        ],
        "optional_params": [
          "parameters",
          "tags"
        ],
        "total_optional": 2,
        "output_fields": {
          "operationIdentifier": {
            "type": "string",
            "description": "operationIdentifier details",
            "compliance_category": "identity",
            "format": "date-time",
            "operators": [
              "equals",
              "not_equals",
              "contains",
              "in",
              "exists"
            ]
          },
          "arn": {
            "type": "string",
            "description": "Amazon Resource Name (ARN)",
            "compliance_category": "identity",
            "operators": [
              "equals",
              "not_equals",
              "contains",
              "in",
              "exists"
            ]
          }
        },
        "main_output_field": "operationIdentifier",
        "item_fields": []
      },
      {
        "operation": "EnableControl",
        "python_method": "enable_control",
        "yaml_action": "enable_control",
        "required_params": [
          "controlIdentifier",
          "targetIdentifier"
        ],
        "optional_params": [
          "tags",
          "parameters"
        ],
        "total_optional": 2,
        "output_fields": {
          "operationIdentifier": {
            "type": "string",
            "description": "operationIdentifier details",
            "compliance_category": "identity",
            "format": "date-time",
            "operators": [
              "equals",
              "not_equals",
              "contains",
              "in",
              "exists"
            ]
          },
          "arn": {
            "type": "string",
            "description": "Amazon Resource Name (ARN)",
            "compliance_category": "identity",
            "operators": [
              "equals",
              "not_equals",
              "contains",
              "in",
              "exists"
            ]
          }
        },
        "main_output_field": "operationIdentifier",
        "item_fields": []
      },
      {
        "operation": "GetBaseline",
        "python_method": "get_baseline",
        "yaml_action": "get_baseline",
        "required_params": [
          "baselineIdentifier"
        ],
        "optional_params": [],
        "total_optional": 0,
        "output_fields": {
          "arn": {
            "type": "string",
            "description": "Amazon Resource Name (ARN)",
            "compliance_category": "identity",
            "operators": [
              "equals",
              "not_equals",
              "contains",
              "in",
              "exists"
            ]
          },
          "name": {
            "type": "string",
            "description": "Resource name",
            "compliance_category": "identity",
            "operators": [
              "equals",
              "not_equals",
              "contains",
              "in",
              "exists"
            ]
          },
          "description": {
            "type": "string",
            "description": "Resource description",
            "compliance_category": "general",
            "operators": [
              "equals",
              "not_equals",
              "contains"
            ]
          }
        },
        "main_output_field": "arn",
        "item_fields": []
      },
      {
        "operation": "GetBaselineOperation",
        "python_method": "get_baseline_operation",
        "yaml_action": "get_baseline_operation",
        "required_params": [
          "operationIdentifier"
        ],
        "optional_params": [],
        "total_optional": 0,
        "output_fields": {
          "baselineOperation": {
            "type": "string",
            "description": "baselineOperation details",
            "compliance_category": "general",
            "format": "date-time",
            "operators": [
              "equals",
              "not_equals",
              "contains"
            ]
          }
        },
        "main_output_field": "baselineOperation",
        "item_fields": {
          "operationIdentifier": {
            "type": "string",
            "description": "Operation identifier",
            "compliance_category": "identity",
            "operators": [
              "equals",
              "not_equals",
              "in",
              "exists"
            ]
          },
          "operationType": {
            "type": "string",
            "description": "Operation type",
            "compliance_category": "general",
            "format": "date-time"
          },
          "status": {
            "type": "string",
            "description": "Resource status",
            "compliance_category": "general",
            "operators": [
              "equals",
              "not_equals",
              "in"
            ]
          },
          "startTime": {
            "type": "string",
            "description": "Start time",
            "compliance_category": "general",
            "format": "date-time"
          },
          "endTime": {
            "type": "string",
            "description": "End time",
            "compliance_category": "general",
            "format": "date-time"
          },
          "statusMessage": {
            "type": "string",
            "description": "Status message",
            "compliance_category": "general",
            "format": "date-time"
          }
        }
      },
      {
        "operation": "GetControlOperation",
        "python_method": "get_control_operation",
        "yaml_action": "get_control_operation",
        "required_params": [
          "operationIdentifier"
        ],
        "optional_params": [],
        "total_optional": 0,
        "output_fields": {
          "controlOperation": {
            "type": "string",
            "description": "controlOperation details",
            "compliance_category": "general",
            "format": "date-time",
            "operators": [
              "equals",
              "not_equals",
              "contains"
            ]
          }
        },
        "main_output_field": "controlOperation",
        "item_fields": {
          "operationType": {
            "type": "string",
            "description": "Operation type",
            "compliance_category": "general",
            "format": "date-time"
          },
          "startTime": {
            "type": "string",
            "description": "Start time",
            "compliance_category": "general",
            "format": "date-time"
          },
          "endTime": {
            "type": "string",
            "description": "End time",
            "compliance_category": "general",
            "format": "date-time"
          },
          "status": {
            "type": "string",
            "description": "Resource status",
            "compliance_category": "general",
            "operators": [
              "equals",
              "not_equals",
              "in"
            ]
          },
          "statusMessage": {
            "type": "string",
            "description": "Status message",
            "compliance_category": "general",
            "format": "date-time"
          },
          "operationIdentifier": {
            "type": "string",
            "description": "Operation identifier",
            "compliance_category": "identity",
            "operators": [
              "equals",
              "not_equals",
              "in",
              "exists"
            ]
          },
          "controlIdentifier": {
            "type": "string",
            "description": "Control identifier",
            "compliance_category": "identity",
            "operators": [
              "equals",
              "not_equals",
              "in",
              "exists"
            ]
          },
          "targetIdentifier": {
            "type": "string",
            "description": "Target identifier",
            "compliance_category": "identity",
            "operators": [
              "equals",
              "not_equals",
              "in",
              "exists"
            ]
          },
          "enabledControlIdentifier": {
            "type": "string",
            "description": "Enabled control identifier",
            "compliance_category": "identity",
            "operators": [
              "equals",
              "not_equals",
              "in",
              "exists"
            ]
          }
        }
      },
      {
        "operation": "GetEnabledBaseline",
        "python_method": "get_enabled_baseline",
        "yaml_action": "get_enabled_baseline",
        "required_params": [
          "enabledBaselineIdentifier"
        ],
        "optional_params": [],
        "total_optional": 0,
        "output_fields": {
          "enabledBaselineDetails": {
            "type": "boolean",
            "description": "enabledBaselineDetails details",
            "compliance_category": "general",
            "operators": [
              "equals",
              "not_equals",
              "contains"
            ]
          }
        },
        "main_output_field": "enabledBaselineDetails",
        "item_fields": {
          "arn": {
            "type": "string",
            "description": "Amazon Resource Name (ARN)",
            "compliance_category": "identity",
            "operators": [
              "equals",
              "not_equals",
              "contains",
              "in",
              "exists"
            ]
          },
          "baselineIdentifier": {
            "type": "string",
            "description": "Baseline identifier",
            "compliance_category": "identity",
            "operators": [
              "equals",
              "not_equals",
              "in",
              "exists"
            ]
          },
          "baselineVersion": {
            "type": "string",
            "description": "Baseline version",
            "compliance_category": "general",
            "format": "date-time"
          },
          "driftStatusSummary": {
            "type": "string",
            "description": "Drift status summary",
            "compliance_category": "general",
            "format": "date-time"
          },
          "targetIdentifier": {
            "type": "string",
            "description": "Target identifier",
            "compliance_category": "identity",
            "operators": [
              "equals",
              "not_equals",
              "in",
              "exists"
            ]
          },
          "parentIdentifier": {
            "type": "string",
            "description": "Parent identifier",
            "compliance_category": "identity",
            "operators": [
              "equals",
              "not_equals",
              "in",
              "exists"
            ]
          },
          "statusSummary": {
            "type": "string",
            "description": "Status summary",
            "compliance_category": "general",
            "format": "date-time"
          },
          "parameters": {
            "type": "string",
            "description": "Parameters",
            "compliance_category": "general"
          }
        }
      },
      {
        "operation": "GetEnabledControl",
        "python_method": "get_enabled_control",
        "yaml_action": "get_enabled_control",
        "required_params": [
          "enabledControlIdentifier"
        ],
        "optional_params": [],
        "total_optional": 0,
        "output_fields": {
          "enabledControlDetails": {
            "type": "boolean",
            "description": "enabledControlDetails details",
            "compliance_category": "general",
            "operators": [
              "equals",
              "not_equals",
              "contains"
            ]
          }
        },
        "main_output_field": "enabledControlDetails",
        "item_fields": {
          "arn": {
            "type": "string",
            "description": "Amazon Resource Name (ARN)",
            "compliance_category": "identity",
            "operators": [
              "equals",
              "not_equals",
              "contains",
              "in",
              "exists"
            ]
          },
          "controlIdentifier": {
            "type": "string",
            "description": "Control identifier",
            "compliance_category": "identity",
            "operators": [
              "equals",
              "not_equals",
              "in",
              "exists"
            ]
          },
          "targetIdentifier": {
            "type": "string",
            "description": "Target identifier",
            "compliance_category": "identity",
            "operators": [
              "equals",
              "not_equals",
              "in",
              "exists"
            ]
          },
          "statusSummary": {
            "type": "string",
            "description": "Status summary",
            "compliance_category": "general",
            "format": "date-time"
          },
          "driftStatusSummary": {
            "type": "string",
            "description": "Drift status summary",
            "compliance_category": "general",
            "format": "date-time"
          },
          "parentIdentifier": {
            "type": "string",
            "description": "Parent identifier",
            "compliance_category": "identity",
            "operators": [
              "equals",
              "not_equals",
              "in",
              "exists"
            ]
          },
          "targetRegions": {
            "type": "string",
            "description": "Target regions",
            "compliance_category": "general",
            "format": "date-time"
          },
          "parameters": {
            "type": "string",
            "description": "Parameters",
            "compliance_category": "general"
          }
        }
      },
      {
        "operation": "GetLandingZone",
        "python_method": "get_landing_zone",
        "yaml_action": "get_landing_zone",
        "required_params": [
          "landingZoneIdentifier"
        ],
        "optional_params": [],
        "total_optional": 0,
        "output_fields": {
          "landingZone": {
            "type": "string",
            "description": "landingZone details",
            "compliance_category": "general",
            "operators": [
              "equals",
              "not_equals",
              "contains"
            ]
          }
        },
        "main_output_field": "landingZone",
        "item_fields": {
          "version": {
            "type": "string",
            "description": "Version",
            "compliance_category": "general",
            "format": "date-time"
          },
          "remediationTypes": {
            "type": "string",
            "description": "Remediation types",
            "compliance_category": "general",
            "format": "date-time"
          },
          "arn": {
            "type": "string",
            "description": "Amazon Resource Name (ARN)",
            "compliance_category": "identity",
            "operators": [
              "equals",
              "not_equals",
              "contains",
              "in",
              "exists"
            ]
          },
          "status": {
            "type": "string",
            "description": "Resource status",
            "compliance_category": "general",
            "operators": [
              "equals",
              "not_equals",
              "in"
            ]
          },
          "latestAvailableVersion": {
            "type": "string",
            "description": "Latest available version",
            "compliance_category": "general",
            "format": "date-time"
          },
          "driftStatus": {
            "type": "string",
            "description": "Drift status",
            "compliance_category": "general",
            "format": "date-time"
          },
          "manifest": {
            "type": "string",
            "description": "Manifest",
            "compliance_category": "general"
          }
        }
      },
      {
        "operation": "GetLandingZoneOperation",
        "python_method": "get_landing_zone_operation",
        "yaml_action": "get_landing_zone_operation",
        "required_params": [
          "operationIdentifier"
        ],
        "optional_params": [],
        "total_optional": 0,
        "output_fields": {
          "operationDetails": {
            "type": "string",
            "description": "operationDetails details",
            "compliance_category": "general",
            "format": "date-time",
            "operators": [
              "equals",
              "not_equals",
              "contains"
            ]
          }
        },
        "main_output_field": "operationDetails",
        "item_fields": {
          "operationType": {
            "type": "string",
            "description": "Operation type",
            "compliance_category": "general",
            "format": "date-time"
          },
          "operationIdentifier": {
            "type": "string",
            "description": "Operation identifier",
            "compliance_category": "identity",
            "operators": [
              "equals",
              "not_equals",
              "in",
              "exists"
            ]
          },
          "status": {
            "type": "string",
            "description": "Resource status",
            "compliance_category": "general",
            "operators": [
              "equals",
              "not_equals",
              "in"
            ]
          },
          "startTime": {
            "type": "string",
            "description": "Start time",
            "compliance_category": "general",
            "format": "date-time"
          },
          "endTime": {
            "type": "string",
            "description": "End time",
            "compliance_category": "general",
            "format": "date-time"
          },
          "statusMessage": {
            "type": "string",
            "description": "Status message",
            "compliance_category": "general",
            "format": "date-time"
          }
        }
      },
      {
        "operation": "ListTagsForResource",
        "python_method": "list_tags_for_resource",
        "yaml_action": "list_tags_for_resource",
        "required_params": [
          "resourceArn"
        ],
        "optional_params": [],
        "total_optional": 0,
        "output_fields": {
          "tags": {
            "type": "string",
            "description": "Resource tags (key-value pairs)",
            "compliance_category": "general",
            "operators": [
              "equals",
              "not_equals",
              "contains"
            ]
          }
        },
        "main_output_field": "tags",
        "item_fields": []
      },
      {
        "operation": "ResetEnabledBaseline",
        "python_method": "reset_enabled_baseline",
        "yaml_action": "reset_enabled_baseline",
        "required_params": [
          "enabledBaselineIdentifier"
        ],
        "optional_params": [],
        "total_optional": 0,
        "output_fields": {
          "operationIdentifier": {
            "type": "string",
            "description": "operationIdentifier details",
            "compliance_category": "identity",
            "format": "date-time",
            "operators": [
              "equals",
              "not_equals",
              "contains",
              "in",
              "exists"
            ]
          }
        },
        "main_output_field": "operationIdentifier",
        "item_fields": []
      },
      {
        "operation": "ResetEnabledControl",
        "python_method": "reset_enabled_control",
        "yaml_action": "reset_enabled_control",
        "required_params": [
          "enabledControlIdentifier"
        ],
        "optional_params": [],
        "total_optional": 0,
        "output_fields": {
          "operationIdentifier": {
            "type": "string",
            "description": "operationIdentifier details",
            "compliance_category": "identity",
            "format": "date-time",
            "operators": [
              "equals",
              "not_equals",
              "contains",
              "in",
              "exists"
            ]
          }
        },
        "main_output_field": "operationIdentifier",
        "item_fields": []
      },
      {
        "operation": "ResetLandingZone",
        "python_method": "reset_landing_zone",
        "yaml_action": "reset_landing_zone",
        "required_params": [
          "landingZoneIdentifier"
        ],
        "optional_params": [],
        "total_optional": 0,
        "output_fields": {
          "operationIdentifier": {
            "type": "string",
            "description": "operationIdentifier details",
            "compliance_category": "identity",
            "format": "date-time",
            "operators": [
              "equals",
              "not_equals",
              "contains",
              "in",
              "exists"
            ]
          }
        },
        "main_output_field": "operationIdentifier",
        "item_fields": []
      },
      {
        "operation": "TagResource",
        "python_method": "tag_resource",
        "yaml_action": "tag_resource",
        "required_params": [
          "resourceArn",
          "tags"
        ],
        "optional_params": [],
        "total_optional": 0,
        "output_fields": {},
        "main_output_field": null,
        "item_fields": []
      },
      {
        "operation": "UntagResource",
        "python_method": "untag_resource",
        "yaml_action": "untag_resource",
        "required_params": [
          "resourceArn",
          "tagKeys"
        ],
        "optional_params": [],
        "total_optional": 0,
        "output_fields": {},
        "main_output_field": null,
        "item_fields": []
      },
      {
        "operation": "UpdateEnabledBaseline",
        "python_method": "update_enabled_baseline",
        "yaml_action": "update_enabled_baseline",
        "required_params": [
          "baselineVersion",
          "enabledBaselineIdentifier"
        ],
        "optional_params": [
          "parameters"
        ],
        "total_optional": 1,
        "output_fields": {
          "operationIdentifier": {
            "type": "string",
            "description": "operationIdentifier details",
            "compliance_category": "identity",
            "format": "date-time",
            "operators": [
              "equals",
              "not_equals",
              "contains",
              "in",
              "exists"
            ]
          }
        },
        "main_output_field": "operationIdentifier",
        "item_fields": []
      },
      {
        "operation": "UpdateEnabledControl",
        "python_method": "update_enabled_control",
        "yaml_action": "update_enabled_control",
        "required_params": [
          "parameters",
          "enabledControlIdentifier"
        ],
        "optional_params": [],
        "total_optional": 0,
        "output_fields": {
          "operationIdentifier": {
            "type": "string",
            "description": "operationIdentifier details",
            "compliance_category": "identity",
            "format": "date-time",
            "operators": [
              "equals",
              "not_equals",
              "contains",
              "in",
              "exists"
            ]
          }
        },
        "main_output_field": "operationIdentifier",
        "item_fields": []
      },
      {
        "operation": "UpdateLandingZone",
        "python_method": "update_landing_zone",
        "yaml_action": "update_landing_zone",
        "required_params": [
          "version",
          "landingZoneIdentifier"
        ],
        "optional_params": [
          "remediationTypes",
          "manifest"
        ],
        "total_optional": 2,
        "output_fields": {
          "operationIdentifier": {
            "type": "string",
            "description": "operationIdentifier details",
            "compliance_category": "identity",
            "format": "date-time",
            "operators": [
              "equals",
              "not_equals",
              "contains",
              "in",
              "exists"
            ]
          }
        },
        "main_output_field": "operationIdentifier",
        "item_fields": []
      }
    ],
    "independent_count": 7,
    "dependent_count": 21
  }
}