{
  "service": "controltower",
  "seed_from_list": [
    "arn",
    "baselineIdentifier",
    "baselineVersion",
    "controlIdentifier",
    "description",
    "driftStatusSummary",
    "enabledControlIdentifier",
    "endTime",
    "name",
    "operationIdentifier",
    "operationType",
    "parentIdentifier",
    "startTime",
    "status",
    "statusMessage",
    "statusSummary",
    "targetIdentifier"
  ],
  "enriched_from_get_describe": [
    "arn",
    "baselineIdentifier",
    "baselineOperation",
    "baselineVersion",
    "controlIdentifier",
    "controlOperation",
    "description",
    "driftStatus",
    "driftStatusSummary",
    "enabledBaselineDetails",
    "enabledControlDetails",
    "enabledControlIdentifier",
    "endTime",
    "landingZone",
    "latestAvailableVersion",
    "manifest",
    "name",
    "operationDetails",
    "operationIdentifier",
    "operationType",
    "parameters",
    "parentIdentifier",
    "remediationTypes",
    "startTime",
    "status",
    "statusMessage",
    "statusSummary",
    "targetIdentifier",
    "targetRegions",
    "version"
  ],
  "final_union": [
    "arn",
    "baselineIdentifier",
    "baselineOperation",
    "baselineVersion",
    "controlIdentifier",
    "controlOperation",
    "description",
    "driftStatus",
    "driftStatusSummary",
    "enabledBaselineDetails",
    "enabledControlDetails",
    "enabledControlIdentifier",
    "endTime",
    "landingZone",
    "latestAvailableVersion",
    "manifest",
    "name",
    "operationDetails",
    "operationIdentifier",
    "operationType",
    "parameters",
    "parentIdentifier",
    "remediationTypes",
    "startTime",
    "status",
    "statusMessage",
    "statusSummary",
    "targetIdentifier",
    "targetRegions",
    "version"
  ],
  "source": {
    "operation_registry": "services/controltower/operation_registry.json",
    "read_ops_rule": "operation name startswith List/Get/Describe/Search/Lookup",
    "excluded_keys": [
      "nextToken",
      "maxResults"
    ]
  }
}