{
  "service": "controltower",
  "issues": {
    "generic_entities": {},
    "ambiguous_tokens": {
      "arn": [
        {
          "mapping": "ListBaselines.baselines[].arn -> controltower.baselin_arn",
          "evidence": "ListBaselines.baselines[].arn",
          "entity": "controltower.baselin_arn"
        },
        {
          "mapping": "ListEnabledBaselines.enabledBaselines[].arn -> controltower.enabled_baselin_arn",
          "evidence": "ListEnabledBaselines.enabledBaselines[].arn",
          "entity": "controltower.enabled_baselin_arn"
        },
        {
          "mapping": "ListEnabledControls.enabledControls[].arn -> controltower.enabled_control_arn",
          "evidence": "ListEnabledControls.enabledControls[].arn",
          "entity": "controltower.enabled_control_arn"
        },
        {
          "mapping": "ListLandingZones.landingZones[].arn -> controltower.landing_zon_arn",
          "evidence": "ListLandingZones.landingZones[].arn",
          "entity": "controltower.landing_zon_arn"
        },
        {
          "mapping": "CreateLandingZone.arn -> controltower.landing_zone_arn",
          "evidence": "CreateLandingZone.arn",
          "entity": "controltower.landing_zone_arn"
        },
        {
          "mapping": "EnableBaseline.arn -> controltower.baseline_arn",
          "evidence": "EnableBaseline.arn",
          "entity": "controltower.baseline_arn"
        },
        {
          "mapping": "EnableControl.arn -> controltower.control_arn",
          "evidence": "EnableControl.arn",
          "entity": "controltower.control_arn"
        },
        {
          "mapping": "GetBaseline.arn -> controltower.baseline_arn",
          "evidence": "GetBaseline.arn",
          "entity": "controltower.baseline_arn"
        },
        {
          "mapping": "GetEnabledBaseline.enabledBaselineDetails.arn -> controltower.baseline_arn",
          "evidence": "GetEnabledBaseline.enabledBaselineDetails.arn",
          "entity": "controltower.baseline_arn"
        },
        {
          "mapping": "GetEnabledControl.enabledControlDetails.arn -> controltower.enabled_control_arn",
          "evidence": "GetEnabledControl.enabledControlDetails.arn",
          "entity": "controltower.enabled_control_arn"
        },
        {
          "mapping": "GetLandingZone.landingZone.arn -> controltower.landing_zone_arn",
          "evidence": "GetLandingZone.landingZone.arn",
          "entity": "controltower.landing_zone_arn"
        }
      ],
      "name": [
        {
          "mapping": "ListBaselines.baselines[].name -> controltower.baselin_name",
          "evidence": "ListBaselines.baselines[].name",
          "entity": "controltower.baselin_name"
        },
        {
          "mapping": "GetBaseline.name -> controltower.baseline_name",
          "evidence": "GetBaseline.name",
          "entity": "controltower.baseline_name"
        }
      ],
      "status": [
        {
          "mapping": "ListControlOperations.controlOperations[].status -> controltower.control_operation_status",
          "evidence": "ListControlOperations.controlOperations[].status",
          "entity": "controltower.control_operation_status"
        },
        {
          "mapping": "ListLandingZoneOperations.landingZoneOperations[].status -> controltower.landing_zone_operation_status",
          "evidence": "ListLandingZoneOperations.landingZoneOperations[].status",
          "entity": "controltower.landing_zone_operation_status"
        },
        {
          "mapping": "GetBaselineOperation.baselineOperation.status -> controltower.baseline_operation_status",
          "evidence": "GetBaselineOperation.baselineOperation.status",
          "entity": "controltower.baseline_operation_status"
        },
        {
          "mapping": "GetControlOperation.controlOperation.status -> controltower.control_operation_status",
          "evidence": "GetControlOperation.controlOperation.status",
          "entity": "controltower.control_operation_status"
        },
        {
          "mapping": "GetLandingZone.landingZone.status -> controltower.landing_zone_status",
          "evidence": "GetLandingZone.landingZone.status",
          "entity": "controltower.landing_zone_status"
        },
        {
          "mapping": "GetLandingZoneOperation.operationDetails.status -> controltower.operation_status",
          "evidence": "GetLandingZoneOperation.operationDetails.status",
          "entity": "controltower.operation_status"
        }
      ]
    },
    "unresolved_consumes": [],
    "suspicious_paths": []
  },
  "alias_candidates_not_applied": [],
  "suggested_overrides": [
    {
      "operation": "GetBaselineOperation",
      "type": "produces",
      "key": "baselineOperation.operationIdentifier",
      "suggested_entity": "controltower.operation_identifier",
      "confidence": "MEDIUM",
      "reason": "Param 'operationIdentifier' and output field 'operationIdentifier' match but map to different entities. Suggest unifying to consume entity."
    },
    {
      "operation": "GetControlOperation",
      "type": "produces",
      "key": "controlOperation.operationIdentifier",
      "suggested_entity": "controltower.operation_identifier",
      "confidence": "MEDIUM",
      "reason": "Param 'operationIdentifier' and output field 'operationIdentifier' match but map to different entities. Suggest unifying to consume entity."
    }
  ],
  "unresolved_items": [
    {
      "mapping": "ListBaselines.baselines[].arn -> controltower.baselin_arn",
      "evidence": "ListBaselines.baselines[].arn",
      "entity": "controltower.baselin_arn"
    },
    {
      "mapping": "ListEnabledBaselines.enabledBaselines[].arn -> controltower.enabled_baselin_arn",
      "evidence": "ListEnabledBaselines.enabledBaselines[].arn",
      "entity": "controltower.enabled_baselin_arn"
    },
    {
      "mapping": "ListEnabledControls.enabledControls[].arn -> controltower.enabled_control_arn",
      "evidence": "ListEnabledControls.enabledControls[].arn",
      "entity": "controltower.enabled_control_arn"
    },
    {
      "mapping": "ListLandingZones.landingZones[].arn -> controltower.landing_zon_arn",
      "evidence": "ListLandingZones.landingZones[].arn",
      "entity": "controltower.landing_zon_arn"
    },
    {
      "mapping": "CreateLandingZone.arn -> controltower.landing_zone_arn",
      "evidence": "CreateLandingZone.arn",
      "entity": "controltower.landing_zone_arn"
    },
    {
      "mapping": "EnableBaseline.arn -> controltower.baseline_arn",
      "evidence": "EnableBaseline.arn",
      "entity": "controltower.baseline_arn"
    },
    {
      "mapping": "EnableControl.arn -> controltower.control_arn",
      "evidence": "EnableControl.arn",
      "entity": "controltower.control_arn"
    },
    {
      "mapping": "GetBaseline.arn -> controltower.baseline_arn",
      "evidence": "GetBaseline.arn",
      "entity": "controltower.baseline_arn"
    },
    {
      "mapping": "GetEnabledBaseline.enabledBaselineDetails.arn -> controltower.baseline_arn",
      "evidence": "GetEnabledBaseline.enabledBaselineDetails.arn",
      "entity": "controltower.baseline_arn"
    },
    {
      "mapping": "GetEnabledControl.enabledControlDetails.arn -> controltower.enabled_control_arn",
      "evidence": "GetEnabledControl.enabledControlDetails.arn",
      "entity": "controltower.enabled_control_arn"
    },
    {
      "mapping": "GetLandingZone.landingZone.arn -> controltower.landing_zone_arn",
      "evidence": "GetLandingZone.landingZone.arn",
      "entity": "controltower.landing_zone_arn"
    },
    {
      "mapping": "ListBaselines.baselines[].name -> controltower.baselin_name",
      "evidence": "ListBaselines.baselines[].name",
      "entity": "controltower.baselin_name"
    },
    {
      "mapping": "GetBaseline.name -> controltower.baseline_name",
      "evidence": "GetBaseline.name",
      "entity": "controltower.baseline_name"
    },
    {
      "mapping": "ListControlOperations.controlOperations[].status -> controltower.control_operation_status",
      "evidence": "ListControlOperations.controlOperations[].status",
      "entity": "controltower.control_operation_status"
    },
    {
      "mapping": "ListLandingZoneOperations.landingZoneOperations[].status -> controltower.landing_zone_operation_status",
      "evidence": "ListLandingZoneOperations.landingZoneOperations[].status",
      "entity": "controltower.landing_zone_operation_status"
    },
    {
      "mapping": "GetBaselineOperation.baselineOperation.status -> controltower.baseline_operation_status",
      "evidence": "GetBaselineOperation.baselineOperation.status",
      "entity": "controltower.baseline_operation_status"
    },
    {
      "mapping": "GetControlOperation.controlOperation.status -> controltower.control_operation_status",
      "evidence": "GetControlOperation.controlOperation.status",
      "entity": "controltower.control_operation_status"
    },
    {
      "mapping": "GetLandingZone.landingZone.status -> controltower.landing_zone_status",
      "evidence": "GetLandingZone.landingZone.status",
      "entity": "controltower.landing_zone_status"
    },
    {
      "mapping": "GetLandingZoneOperation.operationDetails.status -> controltower.operation_status",
      "evidence": "GetLandingZoneOperation.operationDetails.status",
      "entity": "controltower.operation_status"
    }
  ]
}