{
  "service": "controltower",
  "version": "1.0",
  "kind_rules": {
    "read_list": ["List"],
    "read_get": ["Get", "Describe"],
    "write_create": ["Create", "Start", "Generate", "Import", "Enable", "Register"],
    "write_update": ["Update", "Modify", "Put", "Set", "Change", "Reset", "Patch"],
    "write_delete": ["Delete", "Remove", "Terminate", "Destroy", "Disable", "Detach", "Disassociate", "Untag", "Revoke"],
    "write_apply": ["Apply", "Attach", "Associate", "Add", "Tag", "Authorize", "Unauthorize", "Grant"],
    "other": ["default"]
  },
  "entity_aliases": {"controltower.enabled_baseline_arn": "controltower.baseline_arn"},
  "overrides": {},
  "operations": {
    "DisableControl": {
      "kind": "write_delete",
      "side_effect": true,
      "sdk": {"client": "controltower", "method": "disable_control"},
      "consumes": [],
      "produces": [{"entity": "controltower.operation_identifier", "source": "output", "path": "operationIdentifier"}],
      "notes": ""
    },
    "ListBaselines": {
      "kind": "read_list",
      "side_effect": false,
      "sdk": {"client": "controltower", "method": "list_baselines"},
      "consumes": [],
      "produces": [{"entity": "controltower.baselines", "source": "output", "path": "baselines"}, {"entity": "controltower.next_token", "source": "output", "path": "nextToken"}, {"entity": "controltower.baselin_arn", "source": "item", "path": "baselines[].arn"}, {"entity": "controltower.baselin_name", "source": "item", "path": "baselines[].name"}, {"entity": "controltower.baselin_description", "source": "item", "path": "baselines[].description"}],
      "notes": ""
    },
    "ListControlOperations": {
      "kind": "read_list",
      "side_effect": false,
      "sdk": {"client": "controltower", "method": "list_control_operations"},
      "consumes": [],
      "produces": [{"entity": "controltower.control_operations", "source": "output", "path": "controlOperations"}, {"entity": "controltower.next_token", "source": "output", "path": "nextToken"}, {"entity": "controltower.control_operation_operation_type", "source": "item", "path": "controlOperations[].operationType"}, {"entity": "controltower.control_operation_start_time", "source": "item", "path": "controlOperations[].startTime"}, {"entity": "controltower.control_operation_end_time", "source": "item", "path": "controlOperations[].endTime"}, {"entity": "controltower.control_operation_status", "source": "item", "path": "controlOperations[].status"}, {"entity": "controltower.control_operation_status_message", "source": "item", "path": "controlOperations[].statusMessage"}, {"entity": "controltower.control_operation_operation_identifier", "source": "item", "path": "controlOperations[].operationIdentifier"}, {"entity": "controltower.control_operation_control_identifier", "source": "item", "path": "controlOperations[].controlIdentifier"}, {"entity": "controltower.control_operation_target_identifier", "source": "item", "path": "controlOperations[].targetIdentifier"}, {"entity": "controltower.control_operation_enabled_control_identifier", "source": "item", "path": "controlOperations[].enabledControlIdentifier"}],
      "notes": ""
    },
    "ListEnabledBaselines": {
      "kind": "read_list",
      "side_effect": false,
      "sdk": {"client": "controltower", "method": "list_enabled_baselines"},
      "consumes": [],
      "produces": [{"entity": "controltower.enabled_baselines", "source": "output", "path": "enabledBaselines"}, {"entity": "controltower.next_token", "source": "output", "path": "nextToken"}, {"entity": "controltower.enabled_baselin_arn", "source": "item", "path": "enabledBaselines[].arn"}, {"entity": "controltower.enabled_baselin_baseline_identifier", "source": "item", "path": "enabledBaselines[].baselineIdentifier"}, {"entity": "controltower.enabled_baselin_baseline_version", "source": "item", "path": "enabledBaselines[].baselineVersion"}, {"entity": "controltower.enabled_baselin_drift_status_summary", "source": "item", "path": "enabledBaselines[].driftStatusSummary"}, {"entity": "controltower.enabled_baselin_target_identifier", "source": "item", "path": "enabledBaselines[].targetIdentifier"}, {"entity": "controltower.enabled_baselin_parent_identifier", "source": "item", "path": "enabledBaselines[].parentIdentifier"}, {"entity": "controltower.enabled_baselin_status_summary", "source": "item", "path": "enabledBaselines[].statusSummary"}],
      "notes": ""
    },
    "ListEnabledControls": {
      "kind": "read_list",
      "side_effect": false,
      "sdk": {"client": "controltower", "method": "list_enabled_controls"},
      "consumes": [],
      "produces": [{"entity": "controltower.enabled_controls", "source": "output", "path": "enabledControls"}, {"entity": "controltower.next_token", "source": "output", "path": "nextToken"}, {"entity": "controltower.enabled_control_arn", "source": "item", "path": "enabledControls[].arn"}, {"entity": "controltower.enabled_control_control_identifier", "source": "item", "path": "enabledControls[].controlIdentifier"}, {"entity": "controltower.enabled_control_target_identifier", "source": "item", "path": "enabledControls[].targetIdentifier"}, {"entity": "controltower.enabled_control_status_summary", "source": "item", "path": "enabledControls[].statusSummary"}, {"entity": "controltower.enabled_control_drift_status_summary", "source": "item", "path": "enabledControls[].driftStatusSummary"}, {"entity": "controltower.enabled_control_parent_identifier", "source": "item", "path": "enabledControls[].parentIdentifier"}],
      "notes": ""
    },
    "ListLandingZoneOperations": {
      "kind": "read_list",
      "side_effect": false,
      "sdk": {"client": "controltower", "method": "list_landing_zone_operations"},
      "consumes": [],
      "produces": [{"entity": "controltower.landing_zone_operations", "source": "output", "path": "landingZoneOperations"}, {"entity": "controltower.next_token", "source": "output", "path": "nextToken"}, {"entity": "controltower.landing_zone_operation_operation_type", "source": "item", "path": "landingZoneOperations[].operationType"}, {"entity": "controltower.landing_zone_operation_operation_identifier", "source": "item", "path": "landingZoneOperations[].operationIdentifier"}, {"entity": "controltower.landing_zone_operation_status", "source": "item", "path": "landingZoneOperations[].status"}],
      "notes": ""
    },
    "ListLandingZones": {
      "kind": "read_list",
      "side_effect": false,
      "sdk": {"client": "controltower", "method": "list_landing_zones"},
      "consumes": [],
      "produces": [{"entity": "controltower.landing_zones", "source": "output", "path": "landingZones"}, {"entity": "controltower.next_token", "source": "output", "path": "nextToken"}, {"entity": "controltower.landing_zon_arn", "source": "item", "path": "landingZones[].arn"}],
      "notes": ""
    },
    "CreateLandingZone": {
      "kind": "write_create",
      "side_effect": true,
      "sdk": {"client": "controltower", "method": "create_landing_zone"},
      "consumes": [{"entity": "controltower.version", "param": "version", "required": true, "source": "external"}],
      "produces": [{"entity": "controltower.landing_zone_arn", "source": "output", "path": "arn"}, {"entity": "controltower.operation_identifier", "source": "output", "path": "operationIdentifier"}],
      "notes": ""
    },
    "DeleteLandingZone": {
      "kind": "write_delete",
      "side_effect": true,
      "sdk": {"client": "controltower", "method": "delete_landing_zone"},
      "consumes": [{"entity": "controltower.landing_zone_identifier", "param": "landingZoneIdentifier", "required": true, "source": "external"}],
      "produces": [{"entity": "controltower.operation_identifier", "source": "output", "path": "operationIdentifier"}],
      "notes": ""
    },
    "DisableBaseline": {
      "kind": "write_delete",
      "side_effect": true,
      "sdk": {"client": "controltower", "method": "disable_baseline"},
      "consumes": [{"entity": "controltower.enabled_baseline_identifier", "param": "enabledBaselineIdentifier", "required": true, "source": "external"}],
      "produces": [{"entity": "controltower.operation_identifier", "source": "output", "path": "operationIdentifier"}],
      "notes": ""
    },
    "EnableBaseline": {
      "kind": "write_create",
      "side_effect": true,
      "sdk": {"client": "controltower", "method": "enable_baseline"},
      "consumes": [{"entity": "controltower.baseline_version", "param": "baselineVersion", "required": true, "source": "external"}, {"entity": "controltower.baseline_identifier", "param": "baselineIdentifier", "required": true, "source": "external"}, {"entity": "controltower.target_identifier", "param": "targetIdentifier", "required": true, "source": "external"}],
      "produces": [{"entity": "controltower.operation_identifier", "source": "output", "path": "operationIdentifier"}, {"entity": "controltower.baseline_arn", "source": "output", "path": "arn"}],
      "notes": ""
    },
    "EnableControl": {
      "kind": "write_create",
      "side_effect": true,
      "sdk": {"client": "controltower", "method": "enable_control"},
      "consumes": [{"entity": "controltower.control_identifier", "param": "controlIdentifier", "required": true, "source": "external"}, {"entity": "controltower.target_identifier", "param": "targetIdentifier", "required": true, "source": "external"}],
      "produces": [{"entity": "controltower.operation_identifier", "source": "output", "path": "operationIdentifier"}, {"entity": "controltower.control_arn", "source": "output", "path": "arn"}],
      "notes": ""
    },
    "GetBaseline": {
      "kind": "read_get",
      "side_effect": false,
      "sdk": {"client": "controltower", "method": "get_baseline"},
      "consumes": [{"entity": "controltower.baseline_identifier", "param": "baselineIdentifier", "required": true, "source": "external"}],
      "produces": [{"entity": "controltower.baseline_arn", "source": "output", "path": "arn"}, {"entity": "controltower.baseline_name", "source": "output", "path": "name"}, {"entity": "controltower.description", "source": "output", "path": "description"}],
      "notes": ""
    },
    "GetBaselineOperation": {
      "kind": "read_get",
      "side_effect": false,
      "sdk": {"client": "controltower", "method": "get_baseline_operation"},
      "consumes": [{"entity": "controltower.operation_identifier", "param": "operationIdentifier", "required": true, "source": "internal"}],
      "produces": [{"entity": "controltower.baseline_operation", "source": "output", "path": "baselineOperation"}, {"entity": "controltower.baseline_operation_operation_identifier", "source": "item", "path": "baselineOperation.operationIdentifier"}, {"entity": "controltower.baseline_operation_operation_type", "source": "item", "path": "baselineOperation.operationType"}, {"entity": "controltower.baseline_operation_status", "source": "item", "path": "baselineOperation.status"}, {"entity": "controltower.baseline_operation_start_time", "source": "item", "path": "baselineOperation.startTime"}, {"entity": "controltower.baseline_operation_end_time", "source": "item", "path": "baselineOperation.endTime"}, {"entity": "controltower.baseline_operation_status_message", "source": "item", "path": "baselineOperation.statusMessage"}],
      "notes": ""
    },
    "GetControlOperation": {
      "kind": "read_get",
      "side_effect": false,
      "sdk": {"client": "controltower", "method": "get_control_operation"},
      "consumes": [{"entity": "controltower.operation_identifier", "param": "operationIdentifier", "required": true, "source": "internal"}],
      "produces": [{"entity": "controltower.control_operation", "source": "output", "path": "controlOperation"}, {"entity": "controltower.control_operation_operation_type", "source": "item", "path": "controlOperation.operationType"}, {"entity": "controltower.control_operation_start_time", "source": "item", "path": "controlOperation.startTime"}, {"entity": "controltower.control_operation_end_time", "source": "item", "path": "controlOperation.endTime"}, {"entity": "controltower.control_operation_status", "source": "item", "path": "controlOperation.status"}, {"entity": "controltower.control_operation_status_message", "source": "item", "path": "controlOperation.statusMessage"}, {"entity": "controltower.control_operation_operation_identifier", "source": "item", "path": "controlOperation.operationIdentifier"}, {"entity": "controltower.control_operation_control_identifier", "source": "item", "path": "controlOperation.controlIdentifier"}, {"entity": "controltower.control_operation_target_identifier", "source": "item", "path": "controlOperation.targetIdentifier"}, {"entity": "controltower.control_operation_enabled_control_identifier", "source": "item", "path": "controlOperation.enabledControlIdentifier"}],
      "notes": ""
    },
    "GetEnabledBaseline": {
      "kind": "read_get",
      "side_effect": false,
      "sdk": {"client": "controltower", "method": "get_enabled_baseline"},
      "consumes": [{"entity": "controltower.enabled_baseline_identifier", "param": "enabledBaselineIdentifier", "required": true, "source": "external"}],
      "produces": [{"entity": "controltower.enabled_baseline_details", "source": "output", "path": "enabledBaselineDetails"}, {"entity": "controltower.baseline_arn", "source": "item", "path": "enabledBaselineDetails.arn"}, {"entity": "controltower.enabled_baseline_baseline_identifier", "source": "item", "path": "enabledBaselineDetails.baselineIdentifier"}, {"entity": "controltower.enabled_baseline_baseline_version", "source": "item", "path": "enabledBaselineDetails.baselineVersion"}, {"entity": "controltower.enabled_baseline_drift_status_summary", "source": "item", "path": "enabledBaselineDetails.driftStatusSummary"}, {"entity": "controltower.enabled_baseline_target_identifier", "source": "item", "path": "enabledBaselineDetails.targetIdentifier"}, {"entity": "controltower.enabled_baseline_parent_identifier", "source": "item", "path": "enabledBaselineDetails.parentIdentifier"}, {"entity": "controltower.enabled_baseline_status_summary", "source": "item", "path": "enabledBaselineDetails.statusSummary"}, {"entity": "controltower.enabled_baseline_parameters", "source": "item", "path": "enabledBaselineDetails.parameters"}],
      "notes": ""
    },
    "GetEnabledControl": {
      "kind": "read_get",
      "side_effect": false,
      "sdk": {"client": "controltower", "method": "get_enabled_control"},
      "consumes": [{"entity": "controltower.enabled_control_identifier", "param": "enabledControlIdentifier", "required": true, "source": "external"}],
      "produces": [{"entity": "controltower.enabled_control_details", "source": "output", "path": "enabledControlDetails"}, {"entity": "controltower.enabled_control_arn", "source": "item", "path": "enabledControlDetails.arn"}, {"entity": "controltower.enabled_control_control_identifier", "source": "item", "path": "enabledControlDetails.controlIdentifier"}, {"entity": "controltower.enabled_control_target_identifier", "source": "item", "path": "enabledControlDetails.targetIdentifier"}, {"entity": "controltower.enabled_control_status_summary", "source": "item", "path": "enabledControlDetails.statusSummary"}, {"entity": "controltower.enabled_control_drift_status_summary", "source": "item", "path": "enabledControlDetails.driftStatusSummary"}, {"entity": "controltower.enabled_control_parent_identifier", "source": "item", "path": "enabledControlDetails.parentIdentifier"}, {"entity": "controltower.enabled_control_target_regions", "source": "item", "path": "enabledControlDetails.targetRegions"}, {"entity": "controltower.enabled_control_parameters", "source": "item", "path": "enabledControlDetails.parameters"}],
      "notes": ""
    },
    "GetLandingZone": {
      "kind": "read_get",
      "side_effect": false,
      "sdk": {"client": "controltower", "method": "get_landing_zone"},
      "consumes": [{"entity": "controltower.landing_zone_identifier", "param": "landingZoneIdentifier", "required": true, "source": "external"}],
      "produces": [{"entity": "controltower.landing_zone", "source": "output", "path": "landingZone"}, {"entity": "controltower.landing_zone_version", "source": "item", "path": "landingZone.version"}, {"entity": "controltower.landing_zone_remediation_types", "source": "item", "path": "landingZone.remediationTypes"}, {"entity": "controltower.landing_zone_arn", "source": "item", "path": "landingZone.arn"}, {"entity": "controltower.landing_zone_status", "source": "item", "path": "landingZone.status"}, {"entity": "controltower.landing_zone_latest_available_version", "source": "item", "path": "landingZone.latestAvailableVersion"}, {"entity": "controltower.landing_zone_drift_status", "source": "item", "path": "landingZone.driftStatus"}, {"entity": "controltower.landing_zone_manifest", "source": "item", "path": "landingZone.manifest"}],
      "notes": ""
    },
    "GetLandingZoneOperation": {
      "kind": "read_get",
      "side_effect": false,
      "sdk": {"client": "controltower", "method": "get_landing_zone_operation"},
      "consumes": [{"entity": "controltower.operation_identifier", "param": "operationIdentifier", "required": true, "source": "internal"}],
      "produces": [{"entity": "controltower.operation_details", "source": "output", "path": "operationDetails"}, {"entity": "controltower.operation_type", "source": "item", "path": "operationDetails.operationType"}, {"entity": "controltower.operation_identifier", "source": "item", "path": "operationDetails.operationIdentifier"}, {"entity": "controltower.operation_status", "source": "item", "path": "operationDetails.status"}, {"entity": "controltower.operation_start_time", "source": "item", "path": "operationDetails.startTime"}, {"entity": "controltower.operation_end_time", "source": "item", "path": "operationDetails.endTime"}, {"entity": "controltower.operation_status_message", "source": "item", "path": "operationDetails.statusMessage"}],
      "notes": ""
    },
    "ListTagsForResource": {
      "kind": "read_list",
      "side_effect": false,
      "sdk": {"client": "controltower", "method": "list_tags_for_resource"},
      "consumes": [{"entity": "controltower.resource_arn", "param": "resourceArn", "required": true, "source": "external"}],
      "produces": [{"entity": "controltower.tags", "source": "output", "path": "tags"}],
      "notes": ""
    },
    "ResetEnabledBaseline": {
      "kind": "write_update",
      "side_effect": true,
      "sdk": {"client": "controltower", "method": "reset_enabled_baseline"},
      "consumes": [{"entity": "controltower.enabled_baseline_identifier", "param": "enabledBaselineIdentifier", "required": true, "source": "external"}],
      "produces": [{"entity": "controltower.operation_identifier", "source": "output", "path": "operationIdentifier"}],
      "notes": ""
    },
    "ResetEnabledControl": {
      "kind": "write_update",
      "side_effect": true,
      "sdk": {"client": "controltower", "method": "reset_enabled_control"},
      "consumes": [{"entity": "controltower.enabled_control_identifier", "param": "enabledControlIdentifier", "required": true, "source": "external"}],
      "produces": [{"entity": "controltower.operation_identifier", "source": "output", "path": "operationIdentifier"}],
      "notes": ""
    },
    "ResetLandingZone": {
      "kind": "write_update",
      "side_effect": true,
      "sdk": {"client": "controltower", "method": "reset_landing_zone"},
      "consumes": [{"entity": "controltower.landing_zone_identifier", "param": "landingZoneIdentifier", "required": true, "source": "external"}],
      "produces": [{"entity": "controltower.operation_identifier", "source": "output", "path": "operationIdentifier"}],
      "notes": ""
    },
    "TagResource": {
      "kind": "write_apply",
      "side_effect": true,
      "sdk": {"client": "controltower", "method": "tag_resource"},
      "consumes": [{"entity": "controltower.resource_arn", "param": "resourceArn", "required": true, "source": "external"}, {"entity": "controltower.tags", "param": "tags", "required": true, "source": "internal"}],
      "produces": [],
      "notes": ""
    },
    "UntagResource": {
      "kind": "write_delete",
      "side_effect": true,
      "sdk": {"client": "controltower", "method": "untag_resource"},
      "consumes": [{"entity": "controltower.resource_arn", "param": "resourceArn", "required": true, "source": "external"}, {"entity": "controltower.tag_keys", "param": "tagKeys", "required": true, "source": "external"}],
      "produces": [],
      "notes": ""
    },
    "UpdateEnabledBaseline": {
      "kind": "write_update",
      "side_effect": true,
      "sdk": {"client": "controltower", "method": "update_enabled_baseline"},
      "consumes": [{"entity": "controltower.baseline_version", "param": "baselineVersion", "required": true, "source": "external"}, {"entity": "controltower.enabled_baseline_identifier", "param": "enabledBaselineIdentifier", "required": true, "source": "external"}],
      "produces": [{"entity": "controltower.operation_identifier", "source": "output", "path": "operationIdentifier"}],
      "notes": ""
    },
    "UpdateEnabledControl": {
      "kind": "write_update",
      "side_effect": true,
      "sdk": {"client": "controltower", "method": "update_enabled_control"},
      "consumes": [{"entity": "controltower.parameters", "param": "parameters", "required": true, "source": "external"}, {"entity": "controltower.enabled_control_identifier", "param": "enabledControlIdentifier", "required": true, "source": "external"}],
      "produces": [{"entity": "controltower.operation_identifier", "source": "output", "path": "operationIdentifier"}],
      "notes": ""
    },
    "UpdateLandingZone": {
      "kind": "write_update",
      "side_effect": true,
      "sdk": {"client": "controltower", "method": "update_landing_zone"},
      "consumes": [{"entity": "controltower.version", "param": "version", "required": true, "source": "external"}, {"entity": "controltower.landing_zone_identifier", "param": "landingZoneIdentifier", "required": true, "source": "external"}],
      "produces": [{"entity": "controltower.operation_identifier", "source": "output", "path": "operationIdentifier"}],
      "notes": ""
    }
  }
}