{
  "service": "rtbfabric",
  "op_consumes": {
    "ListRequesterGateways": [],
    "ListResponderGateways": [],
    "AcceptLink": ["rtbfabric.link_id", "rtbfabric.gateway_id", "rtbfabric.log_settings"],
    "CreateInboundExternalLink": ["rtbfabric.client_token", "rtbfabric.gateway_id", "rtbfabric.log_settings"],
    "CreateLink": ["rtbfabric.peergateway_id", "rtbfabric.gateway_id", "rtbfabric.log_settings"],
    "CreateOutboundExternalLink": ["rtbfabric.client_token", "rtbfabric.gateway_id", "rtbfabric.public_endpoint", "rtbfabric.log_settings"],
    "CreateRequesterGateway": ["rtbfabric.client_token", "rtbfabric.subnet_ids", "rtbfabric.security_group_ids", "rtbfabric.vpc_id"],
    "CreateResponderGateway": ["rtbfabric.port", "rtbfabric.subnet_ids", "rtbfabric.protocol", "rtbfabric.client_token", "rtbfabric.security_group_ids", "rtbfabric.vpc_id"],
    "DeleteInboundExternalLink": ["rtbfabric.link_id", "rtbfabric.gateway_id"],
    "DeleteLink": ["rtbfabric.link_id", "rtbfabric.gateway_id"],
    "DeleteOutboundExternalLink": ["rtbfabric.link_id", "rtbfabric.gateway_id"],
    "DeleteRequesterGateway": ["rtbfabric.gateway_id"],
    "DeleteResponderGateway": ["rtbfabric.gateway_id"],
    "GetInboundExternalLink": ["rtbfabric.link_id", "rtbfabric.gateway_id"],
    "GetLink": ["rtbfabric.link_id", "rtbfabric.gateway_id"],
    "GetOutboundExternalLink": ["rtbfabric.link_id", "rtbfabric.gateway_id"],
    "GetRequesterGateway": ["rtbfabric.gateway_id"],
    "GetResponderGateway": ["rtbfabric.gateway_id"],
    "ListLinks": ["rtbfabric.gateway_id"],
    "ListTagsForResource": ["rtbfabric.resource_arn"],
    "RejectLink": ["rtbfabric.link_id", "rtbfabric.gateway_id"],
    "TagResource": ["rtbfabric.tags", "rtbfabric.resource_arn"],
    "UntagResource": ["rtbfabric.resource_arn", "rtbfabric.tag_keys"],
    "UpdateLink": ["rtbfabric.link_id", "rtbfabric.gateway_id"],
    "UpdateLinkModuleFlow": ["rtbfabric.link_id", "rtbfabric.client_token", "rtbfabric.gateway_id", "rtbfabric.modules"],
    "UpdateRequesterGateway": ["rtbfabric.client_token", "rtbfabric.gateway_id"],
    "UpdateResponderGateway": ["rtbfabric.port", "rtbfabric.gateway_id", "rtbfabric.protocol", "rtbfabric.client_token"]
  },
  "op_produces": {
    "ListRequesterGateways": ["rtbfabric.next_token", "rtbfabric.gateway_ids"],
    "ListResponderGateways": ["rtbfabric.next_token", "rtbfabric.gateway_ids"],
    "AcceptLink": ["rtbfabric.link_status", "rtbfabric.flow_modules", "rtbfabric.direction", "rtbfabric.link_id", "rtbfabric.pending_flow_modules", "rtbfabric.flow_modul_version", "rtbfabric.flow_modul_depends_on", "rtbfabric.flow_modul_module_parameters", "rtbfabric.created_at", "rtbfabric.attributes", "rtbfabric.flow_modul_name", "rtbfabric.updated_at", "rtbfabric.gateway_id"],
    "CreateInboundExternalLink": ["rtbfabric.link_id", "rtbfabric.domain_name", "rtbfabric.gateway_id", "rtbfabric.inbound_external_link_status"],
    "CreateLink": ["rtbfabric.link_status", "rtbfabric.flow_modules", "rtbfabric.direction", "rtbfabric.link_id", "rtbfabric.pending_flow_modules", "rtbfabric.flow_modul_version", "rtbfabric.flow_modul_name", "rtbfabric.flow_modul_depends_on", "rtbfabric.flow_modul_module_parameters", "rtbfabric.created_at", "rtbfabric.attributes", "rtbfabric.customer_provided_id", "rtbfabric.updated_at", "rtbfabric.gateway_id"],
    "CreateOutboundExternalLink": ["rtbfabric.link_id", "rtbfabric.gateway_id", "rtbfabric.outbound_external_link_status"],
    "CreateRequesterGateway": ["rtbfabric.requester_gateway_status", "rtbfabric.domain_name", "rtbfabric.gateway_id"],
    "CreateResponderGateway": ["rtbfabric.gateway_id", "rtbfabric.responder_gateway_status"],
    "DeleteInboundExternalLink": ["rtbfabric.link_id", "rtbfabric.inbound_external_link_status"],
    "DeleteLink": ["rtbfabric.link_status", "rtbfabric.link_id"],
    "DeleteOutboundExternalLink": ["rtbfabric.link_id", "rtbfabric.outbound_external_link_status"],
    "DeleteRequesterGateway": ["rtbfabric.requester_gateway_status", "rtbfabric.gateway_id"],
    "DeleteResponderGateway": ["rtbfabric.gateway_id", "rtbfabric.responder_gateway_status"],
    "GetInboundExternalLink": ["rtbfabric.domain_name", "rtbfabric.flow_modules", "rtbfabric.tags", "rtbfabric.gateway_id", "rtbfabric.pending_flow_modules", "rtbfabric.flow_modul_version", "rtbfabric.flow_modul_name", "rtbfabric.log_settings", "rtbfabric.flow_modul_depends_on", "rtbfabric.flow_modul_module_parameters", "rtbfabric.attributes", "rtbfabric.inbound_external_link_status", "rtbfabric.created_at", "rtbfabric.updated_at", "rtbfabric.link_id"],
    "GetLink": ["rtbfabric.link_status", "rtbfabric.flow_modules", "rtbfabric.direction", "rtbfabric.link_id", "rtbfabric.tags", "rtbfabric.pending_flow_modules", "rtbfabric.flow_modul_version", "rtbfabric.flow_modul_depends_on", "rtbfabric.log_settings", "rtbfabric.flow_modul_module_parameters", "rtbfabric.created_at", "rtbfabric.attributes", "rtbfabric.flow_modul_name", "rtbfabric.updated_at", "rtbfabric.gateway_id"],
    "GetOutboundExternalLink": ["rtbfabric.log_setting_application_logs", "rtbfabric.outbound_external_link_status", "rtbfabric.tags", "rtbfabric.gateway_id", "rtbfabric.public_endpoint", "rtbfabric.log_settings", "rtbfabric.created_at", "rtbfabric.updated_at", "rtbfabric.link_id"],
    "GetRequesterGateway": ["rtbfabric.domain_name", "rtbfabric.subnet_ids", "rtbfabric.total_links_count", "rtbfabric.tags", "rtbfabric.requester_gateway_status", "rtbfabric.active_links_count", "rtbfabric.created_at", "rtbfabric.vpc_id", "rtbfabric.security_group_ids", "rtbfabric.updated_at", "rtbfabric.gateway_id", "rtbfabric.description"],
    "GetResponderGateway": ["rtbfabric.inbound_links_count", "rtbfabric.domain_name", "rtbfabric.subnet_ids", "rtbfabric.port", "rtbfabric.protocol", "rtbfabric.trust_store_configuration", "rtbfabric.tags", "rtbfabric.total_links_count", "rtbfabric.active_links_count", "rtbfabric.responder_gateway_status", "rtbfabric.security_group_ids", "rtbfabric.vpc_id", "rtbfabric.created_at", "rtbfabric.updated_at", "rtbfabric.managed_endpoint_configuration", "rtbfabric.gateway_id", "rtbfabric.description"],
    "ListLinks": ["rtbfabric.next_token", "rtbfabric.link_updated_at", "rtbfabric.link_status", "rtbfabric.link_flow_modules", "rtbfabric.links", "rtbfabric.link_id", "rtbfabric.link_direction", "rtbfabric.link_created_at", "rtbfabric.link_attributes", "rtbfabric.link_tags", "rtbfabric.gateway_id", "rtbfabric.link_pending_flow_modules"],
    "ListTagsForResource": ["rtbfabric.tags"],
    "RejectLink": ["rtbfabric.flow_modules", "rtbfabric.direction", "rtbfabric.link_id", "rtbfabric.pending_flow_modules", "rtbfabric.reject_link_status", "rtbfabric.flow_modul_version", "rtbfabric.flow_modul_depends_on", "rtbfabric.flow_modul_module_parameters", "rtbfabric.created_at", "rtbfabric.attributes", "rtbfabric.flow_modul_name", "rtbfabric.updated_at", "rtbfabric.gateway_id"],
    "TagResource": [],
    "UntagResource": [],
    "UpdateLink": ["rtbfabric.link_status", "rtbfabric.link_id"],
    "UpdateLinkModuleFlow": ["rtbfabric.link_id", "rtbfabric.gateway_id", "rtbfabric.link_module_flow_status"],
    "UpdateRequesterGateway": ["rtbfabric.requester_gateway_status", "rtbfabric.gateway_id"],
    "UpdateResponderGateway": ["rtbfabric.gateway_id", "rtbfabric.responder_gateway_status"]
  },
  "entity_producers": {
    "rtbfabric.gateway_ids": ["ListResponderGateways", "ListRequesterGateways"],
    "rtbfabric.next_token": ["ListResponderGateways", "ListRequesterGateways", "ListLinks"],
    "rtbfabric.gateway_id": ["GetRequesterGateway", "GetLink", "UpdateRequesterGateway", "CreateOutboundExternalLink", "DeleteRequesterGateway", "GetInboundExternalLink", "ListLinks", "UpdateLinkModuleFlow", "UpdateResponderGateway", "CreateLink", "DeleteResponderGateway", "GetOutboundExternalLink", "CreateResponderGateway", "AcceptLink", "GetResponderGateway", "CreateInboundExternalLink", "RejectLink", "CreateRequesterGateway"],
    "rtbfabric.link_status": ["GetLink", "DeleteLink", "CreateLink", "UpdateLink", "AcceptLink", "ListLinks"],
    "rtbfabric.created_at": ["GetRequesterGateway", "GetLink", "GetInboundExternalLink", "CreateLink", "GetOutboundExternalLink", "AcceptLink", "GetResponderGateway", "RejectLink"],
    "rtbfabric.updated_at": ["GetRequesterGateway", "GetLink", "GetInboundExternalLink", "CreateLink", "GetOutboundExternalLink", "AcceptLink", "GetResponderGateway", "RejectLink"],
    "rtbfabric.direction": ["AcceptLink", "RejectLink", "CreateLink", "GetLink"],
    "rtbfabric.flow_modules": ["GetLink", "GetInboundExternalLink", "CreateLink", "AcceptLink", "RejectLink"],
    "rtbfabric.pending_flow_modules": ["GetLink", "GetInboundExternalLink", "CreateLink", "AcceptLink", "RejectLink"],
    "rtbfabric.attributes": ["GetLink", "GetInboundExternalLink", "CreateLink", "AcceptLink", "RejectLink"],
    "rtbfabric.link_id": ["DeleteOutboundExternalLink", "GetLink", "DeleteLink", "CreateOutboundExternalLink", "GetInboundExternalLink", "ListLinks", "UpdateLinkModuleFlow", "CreateLink", "GetOutboundExternalLink", "UpdateLink", "DeleteInboundExternalLink", "AcceptLink", "CreateInboundExternalLink", "RejectLink"],
    "rtbfabric.flow_modul_version": ["GetLink", "GetInboundExternalLink", "CreateLink", "AcceptLink", "RejectLink"],
    "rtbfabric.flow_modul_name": ["GetLink", "GetInboundExternalLink", "CreateLink", "AcceptLink", "RejectLink"],
    "rtbfabric.flow_modul_depends_on": ["GetLink", "GetInboundExternalLink", "CreateLink", "AcceptLink", "RejectLink"],
    "rtbfabric.flow_modul_module_parameters": ["GetLink", "GetInboundExternalLink", "CreateLink", "AcceptLink", "RejectLink"],
    "rtbfabric.inbound_external_link_status": ["CreateInboundExternalLink", "GetInboundExternalLink", "DeleteInboundExternalLink"],
    "rtbfabric.domain_name": ["GetRequesterGateway", "GetInboundExternalLink", "GetResponderGateway", "CreateInboundExternalLink", "CreateRequesterGateway"],
    "rtbfabric.customer_provided_id": ["CreateLink"],
    "rtbfabric.outbound_external_link_status": ["GetOutboundExternalLink", "DeleteOutboundExternalLink", "CreateOutboundExternalLink"],
    "rtbfabric.requester_gateway_status": ["GetRequesterGateway", "UpdateRequesterGateway", "DeleteRequesterGateway", "CreateRequesterGateway"],
    "rtbfabric.responder_gateway_status": ["UpdateResponderGateway", "DeleteResponderGateway", "CreateResponderGateway", "GetResponderGateway"],
    "rtbfabric.tags": ["GetRequesterGateway", "GetLink", "ListTagsForResource", "GetInboundExternalLink", "GetOutboundExternalLink", "GetResponderGateway"],
    "rtbfabric.log_settings": ["GetOutboundExternalLink", "GetLink", "GetInboundExternalLink"],
    "rtbfabric.public_endpoint": ["GetOutboundExternalLink"],
    "rtbfabric.log_setting_application_logs": ["GetOutboundExternalLink"],
    "rtbfabric.description": ["GetRequesterGateway", "GetResponderGateway"],
    "rtbfabric.vpc_id": ["GetRequesterGateway", "GetResponderGateway"],
    "rtbfabric.subnet_ids": ["GetRequesterGateway", "GetResponderGateway"],
    "rtbfabric.security_group_ids": ["GetRequesterGateway", "GetResponderGateway"],
    "rtbfabric.active_links_count": ["GetRequesterGateway", "GetResponderGateway"],
    "rtbfabric.total_links_count": ["GetRequesterGateway", "GetResponderGateway"],
    "rtbfabric.port": ["GetResponderGateway"],
    "rtbfabric.protocol": ["GetResponderGateway"],
    "rtbfabric.trust_store_configuration": ["GetResponderGateway"],
    "rtbfabric.managed_endpoint_configuration": ["GetResponderGateway"],
    "rtbfabric.inbound_links_count": ["GetResponderGateway"],
    "rtbfabric.links": ["ListLinks"],
    "rtbfabric.link_created_at": ["ListLinks"],
    "rtbfabric.link_updated_at": ["ListLinks"],
    "rtbfabric.link_direction": ["ListLinks"],
    "rtbfabric.link_flow_modules": ["ListLinks"],
    "rtbfabric.link_pending_flow_modules": ["ListLinks"],
    "rtbfabric.link_attributes": ["ListLinks"],
    "rtbfabric.link_tags": ["ListLinks"],
    "rtbfabric.reject_link_status": ["RejectLink"],
    "rtbfabric.link_module_flow_status": ["UpdateLinkModuleFlow"]
  },
  "entity_consumers": {
    "rtbfabric.gateway_id": ["GetRequesterGateway", "CreateOutboundExternalLink", "DeleteRequesterGateway", "UpdateLinkModuleFlow", "CreateLink", "GetOutboundExternalLink", "DeleteInboundExternalLink", "CreateInboundExternalLink", "DeleteOutboundExternalLink", "GetInboundExternalLink", "ListLinks", "GetLink", "UpdateResponderGateway", "DeleteResponderGateway", "UpdateLink", "UpdateRequesterGateway", "DeleteLink", "AcceptLink", "GetResponderGateway", "RejectLink"],
    "rtbfabric.link_id": ["DeleteOutboundExternalLink", "GetLink", "DeleteLink", "GetInboundExternalLink", "UpdateLinkModuleFlow", "GetOutboundExternalLink", "UpdateLink", "DeleteInboundExternalLink", "AcceptLink", "RejectLink"],
    "rtbfabric.log_settings": ["AcceptLink", "CreateLink", "CreateOutboundExternalLink", "CreateInboundExternalLink"],
    "rtbfabric.client_token": ["CreateOutboundExternalLink", "UpdateLinkModuleFlow", "UpdateResponderGateway", "CreateResponderGateway", "UpdateRequesterGateway", "CreateInboundExternalLink", "CreateRequesterGateway"],
    "rtbfabric.peergateway_id": ["CreateLink"],
    "rtbfabric.public_endpoint": ["CreateOutboundExternalLink"],
    "rtbfabric.vpc_id": ["CreateResponderGateway", "CreateRequesterGateway"],
    "rtbfabric.subnet_ids": ["CreateResponderGateway", "CreateRequesterGateway"],
    "rtbfabric.security_group_ids": ["CreateResponderGateway", "CreateRequesterGateway"],
    "rtbfabric.port": ["UpdateResponderGateway", "CreateResponderGateway"],
    "rtbfabric.protocol": ["UpdateResponderGateway", "CreateResponderGateway"],
    "rtbfabric.resource_arn": ["UntagResource", "TagResource", "ListTagsForResource"],
    "rtbfabric.tags": ["TagResource"],
    "rtbfabric.tag_keys": ["UntagResource"],
    "rtbfabric.modules": ["UpdateLinkModuleFlow"]
  },
  "external_entities": ["rtbfabric.client_token", "rtbfabric.modules", "rtbfabric.peergateway_id", "rtbfabric.resource_arn", "rtbfabric.tag_keys"]
}