{
  "service": "rtbfabric",
  "seed_from_list": [
    "attributes",
    "createdAt",
    "direction",
    "flowModules",
    "gatewayId",
    "linkId",
    "peerGatewayId",
    "pendingFlowModules",
    "status",
    "tags",
    "updatedAt"
  ],
  "enriched_from_get_describe": [
    "activeLinksCount",
    "applicationLogs",
    "attributes",
    "createdAt",
    "dependsOn",
    "description",
    "direction",
    "domainName",
    "flowModules",
    "gatewayId",
    "inboundLinksCount",
    "linkId",
    "logSettings",
    "managedEndpointConfiguration",
    "moduleParameters",
    "name",
    "peerGatewayId",
    "pendingFlowModules",
    "port",
    "protocol",
    "publicEndpoint",
    "securityGroupIds",
    "status",
    "subnetIds",
    "tags",
    "totalLinksCount",
    "trustStoreConfiguration",
    "updatedAt",
    "version",
    "vpcId"
  ],
  "final_union": [
    "activeLinksCount",
    "applicationLogs",
    "attributes",
    "createdAt",
    "dependsOn",
    "description",
    "direction",
    "domainName",
    "flowModules",
    "gatewayId",
    "inboundLinksCount",
    "linkId",
    "logSettings",
    "managedEndpointConfiguration",
    "moduleParameters",
    "name",
    "peerGatewayId",
    "pendingFlowModules",
    "port",
    "protocol",
    "publicEndpoint",
    "securityGroupIds",
    "status",
    "subnetIds",
    "tags",
    "totalLinksCount",
    "trustStoreConfiguration",
    "updatedAt",
    "version",
    "vpcId"
  ],
  "source": {
    "operation_registry": "services/rtbfabric/operation_registry.json",
    "read_ops_rule": "operation name startswith List/Get/Describe/Search/Lookup",
    "excluded_keys": [
      "nextToken",
      "maxResults"
    ]
  }
}