{
  "service": "rtbfabric",
  "fixes": [
    {
      "rule_id": "1",
      "suggested_check": {
        "var": "status",
        "op": "equals",
        "value": "true",
        "derived": null,
        "derive_key": null
      },
      "suggested_aliases": {
        "entity_aliases": {
          "link_status": "rtbfabric.link_status"
        },
        "param_aliases": {
          "param": [
            "CreateLink.status",
            "AcceptLink.status",
            "DeleteLink.status"
          ]
        }
      },
      "confidence": 0.9,
      "reason": "The status variable directly corresponds to the link status entity."
    },
    {
      "rule_id": "2",
      "suggested_check": {
        "var": "status",
        "op": "equals",
        "value": "true",
        "derived": null,
        "derive_key": null
      },
      "suggested_aliases": {
        "entity_aliases": {
          "inbound_external_link_status": "rtbfabric.inbound_external_link_status"
        },
        "param_aliases": {
          "param": [
            "CreateInboundExternalLink.status",
            "DeleteInboundExternalLink.status"
          ]
        }
      },
      "confidence": 0.85,
      "reason": "The status variable directly corresponds to the inbound external link status entity."
    },
    {
      "rule_id": "3",
      "suggested_check": {
        "var": "status",
        "op": "equals",
        "value": "true",
        "derived": null,
        "derive_key": null
      },
      "suggested_aliases": {
        "entity_aliases": {
          "outbound_external_link_status": "rtbfabric.outbound_external_link_status"
        },
        "param_aliases": {
          "param": [
            "CreateOutboundExternalLink.status",
            "DeleteOutboundExternalLink.status"
          ]
        }
      },
      "confidence": 0.82,
      "reason": "The status variable directly corresponds to the outbound external link status entity."
    },
    {
      "rule_id": "4",
      "suggested_check": {
        "var": "status",
        "op": "equals",
        "value": "true",
        "derived": null,
        "derive_key": null
      },
      "suggested_aliases": {
        "entity_aliases": {
          "requester_gateway_status": "rtbfabric.requester_gateway_status"
        },
        "param_aliases": {
          "param": [
            "CreateRequesterGateway.status",
            "DeleteRequesterGateway.status"
          ]
        }
      },
      "confidence": 0.88,
      "reason": "The status variable directly corresponds to the requester gateway status entity."
    },
    {
      "rule_id": "5",
      "suggested_check": {
        "var": "status",
        "op": "equals",
        "value": "true",
        "derived": null,
        "derive_key": null
      },
      "suggested_aliases": {
        "entity_aliases": {
          "responder_gateway_status": "rtbfabric.responder_gateway_status"
        },
        "param_aliases": {
          "param": [
            "CreateResponderGateway.status"
          ]
        }
      },
      "confidence": 0.8,
      "reason": "The status variable directly corresponds to the responder gateway status entity."
    },
    {
      "type": "llm_fix",
      "original": "1",
      "fix": {
        "var": "status",
        "op": "equals",
        "value": "true",
        "derived": null,
        "derive_key": null
      },
      "confidence": 0.85,
      "reason": "The status variable directly corresponds to the link status entity.",
      "aliases": {
        "entity_aliases": {
          "alias": "link_status"
        },
        "param_aliases": {
          "param": [
            "CreateLink.status",
            "AcceptLink.status",
            "DeleteLink.status"
          ]
        }
      }
    },
    {
      "type": "llm_fix",
      "original": "2",
      "fix": {
        "var": "status",
        "op": "equals",
        "value": "true",
        "derived": null,
        "derive_key": null
      },
      "confidence": 0.8,
      "reason": "The status variable is relevant for inbound external link status.",
      "aliases": {
        "entity_aliases": {
          "alias": "inbound_external_link_status"
        },
        "param_aliases": {
          "param": [
            "CreateInboundExternalLink.status",
            "DeleteInboundExternalLink.status"
          ]
        }
      }
    },
    {
      "type": "llm_fix",
      "original": "3",
      "fix": {
        "var": "status",
        "op": "equals",
        "value": "true",
        "derived": null,
        "derive_key": null
      },
      "confidence": 0.8,
      "reason": "The status variable is relevant for outbound external link status.",
      "aliases": {
        "entity_aliases": {
          "alias": "outbound_external_link_status"
        },
        "param_aliases": {
          "param": [
            "CreateOutboundExternalLink.status",
            "DeleteOutboundExternalLink.status"
          ]
        }
      }
    },
    {
      "type": "llm_fix",
      "original": "4",
      "fix": {
        "var": "status",
        "op": "equals",
        "value": "true",
        "derived": null,
        "derive_key": null
      },
      "confidence": 0.8,
      "reason": "The status variable is relevant for requester gateway status.",
      "aliases": {
        "entity_aliases": {
          "alias": "requester_gateway_status"
        },
        "param_aliases": {
          "param": [
            "CreateRequesterGateway.status",
            "DeleteRequesterGateway.status"
          ]
        }
      }
    },
    {
      "type": "llm_fix",
      "original": "5",
      "fix": {
        "var": "status",
        "op": "equals",
        "value": "true",
        "derived": null,
        "derive_key": null
      },
      "confidence": 0.8,
      "reason": "The status variable is relevant for responder gateway status.",
      "aliases": {
        "entity_aliases": {
          "alias": "responder_gateway_status"
        },
        "param_aliases": {
          "param": [
            "CreateResponderGateway.status"
          ]
        }
      }
    }
  ],
  "summary": {
    "total_fixes": 10,
    "remaining_unresolved": 20
  }
}