{
  "service": "rtbfabric",
  "issues": {
    "generic_entities": {},
    "ambiguous_tokens": {
      "status": [
        {
          "mapping": "AcceptLink.status -> rtbfabric.link_status",
          "evidence": "AcceptLink.status",
          "entity": "rtbfabric.link_status"
        },
        {
          "mapping": "CreateInboundExternalLink.status -> rtbfabric.inbound_external_link_status",
          "evidence": "CreateInboundExternalLink.status",
          "entity": "rtbfabric.inbound_external_link_status"
        },
        {
          "mapping": "CreateLink.status -> rtbfabric.link_status",
          "evidence": "CreateLink.status",
          "entity": "rtbfabric.link_status"
        },
        {
          "mapping": "CreateOutboundExternalLink.status -> rtbfabric.outbound_external_link_status",
          "evidence": "CreateOutboundExternalLink.status",
          "entity": "rtbfabric.outbound_external_link_status"
        },
        {
          "mapping": "CreateRequesterGateway.status -> rtbfabric.requester_gateway_status",
          "evidence": "CreateRequesterGateway.status",
          "entity": "rtbfabric.requester_gateway_status"
        },
        {
          "mapping": "CreateResponderGateway.status -> rtbfabric.responder_gateway_status",
          "evidence": "CreateResponderGateway.status",
          "entity": "rtbfabric.responder_gateway_status"
        },
        {
          "mapping": "DeleteInboundExternalLink.status -> rtbfabric.inbound_external_link_status",
          "evidence": "DeleteInboundExternalLink.status",
          "entity": "rtbfabric.inbound_external_link_status"
        },
        {
          "mapping": "DeleteLink.status -> rtbfabric.link_status",
          "evidence": "DeleteLink.status",
          "entity": "rtbfabric.link_status"
        },
        {
          "mapping": "DeleteOutboundExternalLink.status -> rtbfabric.outbound_external_link_status",
          "evidence": "DeleteOutboundExternalLink.status",
          "entity": "rtbfabric.outbound_external_link_status"
        },
        {
          "mapping": "DeleteRequesterGateway.status -> rtbfabric.requester_gateway_status",
          "evidence": "DeleteRequesterGateway.status",
          "entity": "rtbfabric.requester_gateway_status"
        },
        {
          "mapping": "DeleteResponderGateway.status -> rtbfabric.responder_gateway_status",
          "evidence": "DeleteResponderGateway.status",
          "entity": "rtbfabric.responder_gateway_status"
        },
        {
          "mapping": "GetInboundExternalLink.status -> rtbfabric.inbound_external_link_status",
          "evidence": "GetInboundExternalLink.status",
          "entity": "rtbfabric.inbound_external_link_status"
        },
        {
          "mapping": "GetLink.status -> rtbfabric.link_status",
          "evidence": "GetLink.status",
          "entity": "rtbfabric.link_status"
        },
        {
          "mapping": "GetOutboundExternalLink.status -> rtbfabric.outbound_external_link_status",
          "evidence": "GetOutboundExternalLink.status",
          "entity": "rtbfabric.outbound_external_link_status"
        },
        {
          "mapping": "GetRequesterGateway.status -> rtbfabric.requester_gateway_status",
          "evidence": "GetRequesterGateway.status",
          "entity": "rtbfabric.requester_gateway_status"
        },
        {
          "mapping": "GetResponderGateway.status -> rtbfabric.responder_gateway_status",
          "evidence": "GetResponderGateway.status",
          "entity": "rtbfabric.responder_gateway_status"
        },
        {
          "mapping": "ListLinks.links[].status -> rtbfabric.link_status",
          "evidence": "ListLinks.links[].status",
          "entity": "rtbfabric.link_status"
        },
        {
          "mapping": "RejectLink.status -> rtbfabric.reject_link_status",
          "evidence": "RejectLink.status",
          "entity": "rtbfabric.reject_link_status"
        },
        {
          "mapping": "UpdateLink.status -> rtbfabric.link_status",
          "evidence": "UpdateLink.status",
          "entity": "rtbfabric.link_status"
        },
        {
          "mapping": "UpdateLinkModuleFlow.status -> rtbfabric.link_module_flow_status",
          "evidence": "UpdateLinkModuleFlow.status",
          "entity": "rtbfabric.link_module_flow_status"
        }
      ]
    },
    "unresolved_consumes": [],
    "suspicious_paths": []
  },
  "alias_candidates_not_applied": [],
  "suggested_overrides": [
    {
      "operation": "AcceptLink",
      "type": "produces",
      "key": "linkId",
      "suggested_entity": "rtbfabric.gateway_id",
      "confidence": "MEDIUM",
      "reason": "Param 'gatewayId' and output field 'linkId' match but map to different entities. Suggest unifying to consume entity."
    },
    {
      "operation": "AcceptLink",
      "type": "produces",
      "key": "gatewayId",
      "suggested_entity": "rtbfabric.link_id",
      "confidence": "MEDIUM",
      "reason": "Param 'linkId' and output field 'gatewayId' match but map to different entities. Suggest unifying to consume entity."
    },
    {
      "operation": "AcceptLink",
      "type": "produces",
      "key": "peerGatewayId",
      "suggested_entity": "rtbfabric.link_id",
      "confidence": "MEDIUM",
      "reason": "Param 'linkId' and output field 'peerGatewayId' match but map to different entities. Suggest unifying to consume entity."
    },
    {
      "operation": "CreateInboundExternalLink",
      "type": "produces",
      "key": "linkId",
      "suggested_entity": "rtbfabric.gateway_id",
      "confidence": "MEDIUM",
      "reason": "Param 'gatewayId' and output field 'linkId' match but map to different entities. Suggest unifying to consume entity."
    },
    {
      "operation": "CreateLink",
      "type": "produces",
      "key": "linkId",
      "suggested_entity": "rtbfabric.gateway_id",
      "confidence": "MEDIUM",
      "reason": "Param 'gatewayId' and output field 'linkId' match but map to different entities. Suggest unifying to consume entity."
    },
    {
      "operation": "CreateLink",
      "type": "produces",
      "key": "customerProvidedId",
      "suggested_entity": "rtbfabric.gateway_id",
      "confidence": "MEDIUM",
      "reason": "Param 'gatewayId' and output field 'customerProvidedId' match but map to different entities. Suggest unifying to consume entity."
    },
    {
      "operation": "CreateLink",
      "type": "produces",
      "key": "gatewayId",
      "suggested_entity": "rtbfabric.peergateway_id",
      "confidence": "MEDIUM",
      "reason": "Param 'peerGatewayId' and output field 'gatewayId' match but map to different entities. Suggest unifying to consume entity."
    },
    {
      "operation": "CreateLink",
      "type": "produces",
      "key": "peerGatewayId",
      "suggested_entity": "rtbfabric.peergateway_id",
      "confidence": "MEDIUM",
      "reason": "Param 'peerGatewayId' and output field 'peerGatewayId' match but map to different entities. Suggest unifying to consume entity."
    },
    {
      "operation": "CreateLink",
      "type": "produces",
      "key": "linkId",
      "suggested_entity": "rtbfabric.peergateway_id",
      "confidence": "MEDIUM",
      "reason": "Param 'peerGatewayId' and output field 'linkId' match but map to different entities. Suggest unifying to consume entity."
    },
    {
      "operation": "CreateLink",
      "type": "produces",
      "key": "customerProvidedId",
      "suggested_entity": "rtbfabric.peergateway_id",
      "confidence": "MEDIUM",
      "reason": "Param 'peerGatewayId' and output field 'customerProvidedId' match but map to different entities. Suggest unifying to consume entity."
    },
    {
      "operation": "CreateOutboundExternalLink",
      "type": "produces",
      "key": "linkId",
      "suggested_entity": "rtbfabric.gateway_id",
      "confidence": "MEDIUM",
      "reason": "Param 'gatewayId' and output field 'linkId' match but map to different entities. Suggest unifying to consume entity."
    },
    {
      "operation": "CreateRequesterGateway",
      "type": "produces",
      "key": "gatewayId",
      "suggested_entity": "rtbfabric.vpc_id",
      "confidence": "MEDIUM",
      "reason": "Param 'vpcId' and output field 'gatewayId' match but map to different entities. Suggest unifying to consume entity."
    },
    {
      "operation": "CreateResponderGateway",
      "type": "produces",
      "key": "gatewayId",
      "suggested_entity": "rtbfabric.vpc_id",
      "confidence": "MEDIUM",
      "reason": "Param 'vpcId' and output field 'gatewayId' match but map to different entities. Suggest unifying to consume entity."
    },
    {
      "operation": "DeleteInboundExternalLink",
      "type": "produces",
      "key": "linkId",
      "suggested_entity": "rtbfabric.gateway_id",
      "confidence": "MEDIUM",
      "reason": "Param 'gatewayId' and output field 'linkId' match but map to different entities. Suggest unifying to consume entity."
    },
    {
      "operation": "DeleteLink",
      "type": "produces",
      "key": "linkId",
      "suggested_entity": "rtbfabric.gateway_id",
      "confidence": "MEDIUM",
      "reason": "Param 'gatewayId' and output field 'linkId' match but map to different entities. Suggest unifying to consume entity."
    },
    {
      "operation": "DeleteOutboundExternalLink",
      "type": "produces",
      "key": "linkId",
      "suggested_entity": "rtbfabric.gateway_id",
      "confidence": "MEDIUM",
      "reason": "Param 'gatewayId' and output field 'linkId' match but map to different entities. Suggest unifying to consume entity."
    },
    {
      "operation": "GetInboundExternalLink",
      "type": "produces",
      "key": "linkId",
      "suggested_entity": "rtbfabric.gateway_id",
      "confidence": "MEDIUM",
      "reason": "Param 'gatewayId' and output field 'linkId' match but map to different entities. Suggest unifying to consume entity."
    },
    {
      "operation": "GetInboundExternalLink",
      "type": "produces",
      "key": "gatewayId",
      "suggested_entity": "rtbfabric.link_id",
      "confidence": "MEDIUM",
      "reason": "Param 'linkId' and output field 'gatewayId' match but map to different entities. Suggest unifying to consume entity."
    },
    {
      "operation": "GetLink",
      "type": "produces",
      "key": "linkId",
      "suggested_entity": "rtbfabric.gateway_id",
      "confidence": "MEDIUM",
      "reason": "Param 'gatewayId' and output field 'linkId' match but map to different entities. Suggest unifying to consume entity."
    },
    {
      "operation": "GetLink",
      "type": "produces",
      "key": "gatewayId",
      "suggested_entity": "rtbfabric.link_id",
      "confidence": "MEDIUM",
      "reason": "Param 'linkId' and output field 'gatewayId' match but map to different entities. Suggest unifying to consume entity."
    }
  ],
  "unresolved_items": [
    {
      "mapping": "AcceptLink.status -> rtbfabric.link_status",
      "evidence": "AcceptLink.status",
      "entity": "rtbfabric.link_status"
    },
    {
      "mapping": "CreateInboundExternalLink.status -> rtbfabric.inbound_external_link_status",
      "evidence": "CreateInboundExternalLink.status",
      "entity": "rtbfabric.inbound_external_link_status"
    },
    {
      "mapping": "CreateLink.status -> rtbfabric.link_status",
      "evidence": "CreateLink.status",
      "entity": "rtbfabric.link_status"
    },
    {
      "mapping": "CreateOutboundExternalLink.status -> rtbfabric.outbound_external_link_status",
      "evidence": "CreateOutboundExternalLink.status",
      "entity": "rtbfabric.outbound_external_link_status"
    },
    {
      "mapping": "CreateRequesterGateway.status -> rtbfabric.requester_gateway_status",
      "evidence": "CreateRequesterGateway.status",
      "entity": "rtbfabric.requester_gateway_status"
    },
    {
      "mapping": "CreateResponderGateway.status -> rtbfabric.responder_gateway_status",
      "evidence": "CreateResponderGateway.status",
      "entity": "rtbfabric.responder_gateway_status"
    },
    {
      "mapping": "DeleteInboundExternalLink.status -> rtbfabric.inbound_external_link_status",
      "evidence": "DeleteInboundExternalLink.status",
      "entity": "rtbfabric.inbound_external_link_status"
    },
    {
      "mapping": "DeleteLink.status -> rtbfabric.link_status",
      "evidence": "DeleteLink.status",
      "entity": "rtbfabric.link_status"
    },
    {
      "mapping": "DeleteOutboundExternalLink.status -> rtbfabric.outbound_external_link_status",
      "evidence": "DeleteOutboundExternalLink.status",
      "entity": "rtbfabric.outbound_external_link_status"
    },
    {
      "mapping": "DeleteRequesterGateway.status -> rtbfabric.requester_gateway_status",
      "evidence": "DeleteRequesterGateway.status",
      "entity": "rtbfabric.requester_gateway_status"
    },
    {
      "mapping": "DeleteResponderGateway.status -> rtbfabric.responder_gateway_status",
      "evidence": "DeleteResponderGateway.status",
      "entity": "rtbfabric.responder_gateway_status"
    },
    {
      "mapping": "GetInboundExternalLink.status -> rtbfabric.inbound_external_link_status",
      "evidence": "GetInboundExternalLink.status",
      "entity": "rtbfabric.inbound_external_link_status"
    },
    {
      "mapping": "GetLink.status -> rtbfabric.link_status",
      "evidence": "GetLink.status",
      "entity": "rtbfabric.link_status"
    },
    {
      "mapping": "GetOutboundExternalLink.status -> rtbfabric.outbound_external_link_status",
      "evidence": "GetOutboundExternalLink.status",
      "entity": "rtbfabric.outbound_external_link_status"
    },
    {
      "mapping": "GetRequesterGateway.status -> rtbfabric.requester_gateway_status",
      "evidence": "GetRequesterGateway.status",
      "entity": "rtbfabric.requester_gateway_status"
    },
    {
      "mapping": "GetResponderGateway.status -> rtbfabric.responder_gateway_status",
      "evidence": "GetResponderGateway.status",
      "entity": "rtbfabric.responder_gateway_status"
    },
    {
      "mapping": "ListLinks.links[].status -> rtbfabric.link_status",
      "evidence": "ListLinks.links[].status",
      "entity": "rtbfabric.link_status"
    },
    {
      "mapping": "RejectLink.status -> rtbfabric.reject_link_status",
      "evidence": "RejectLink.status",
      "entity": "rtbfabric.reject_link_status"
    },
    {
      "mapping": "UpdateLink.status -> rtbfabric.link_status",
      "evidence": "UpdateLink.status",
      "entity": "rtbfabric.link_status"
    },
    {
      "mapping": "UpdateLinkModuleFlow.status -> rtbfabric.link_module_flow_status",
      "evidence": "UpdateLinkModuleFlow.status",
      "entity": "rtbfabric.link_module_flow_status"
    }
  ]
}