{
  "service": "cleanroomsml",
  "op_consumes": {
    "ListAudienceExportJobs": [],
    "ListAudienceGenerationJobs": [],
    "ListAudienceModels": [],
    "ListConfiguredAudienceModels": [],
    "ListConfiguredModelAlgorithms": [],
    "ListTrainingDatasets": [],
    "CancelTrainedModel": ["cleanroomsml.trainedmodel_arn", "cleanroomsml.membership_identifier"],
    "CancelTrainedModelInferenceJob": ["cleanroomsml.membership_identifier", "cleanroomsml.trainedmodelinferencejob_arn"],
    "CreateAudienceModel": ["cleanroomsml.trainingdataset_arn", "cleanroomsml.audience_model_arn_name"],
    "CreateConfiguredAudienceModel": ["cleanroomsml.shared_audience_metrics", "cleanroomsml.audiencemodel_arn", "cleanroomsml.output_config", "cleanroomsml.audience_model_arn_name"],
    "CreateConfiguredModelAlgorithm": ["cleanroomsml.role_arn", "cleanroomsml.configured_model_algorithm_arn_name"],
    "CreateConfiguredModelAlgorithmAssociation": ["cleanroomsml.configuredmodelalgorithm_arn", "cleanroomsml.membership_identifier", "cleanroomsml.configured_model_algorithm_association_arn_name"],
    "CreateMLInputChannel": ["cleanroomsml.configured_model_algorithm_associations", "cleanroomsml.retention_in_days", "cleanroomsml.ml_input_channel_arn_name", "cleanroomsml.membership_identifier", "cleanroomsml.input_channel"],
    "CreateTrainedModel": ["cleanroomsml.data_channels", "cleanroomsml.trained_model_arn_name", "cleanroomsml.membership_identifier", "cleanroomsml.configuredmodelalgorithmassociation_arn", "cleanroomsml.resource_config"],
    "CreateTrainingDataset": ["cleanroomsml.role_arn", "cleanroomsml.training_dataset_arn_name", "cleanroomsml.training_data"],
    "DeleteAudienceGenerationJob": ["cleanroomsml.audiencegenerationjob_arn"],
    "DeleteAudienceModel": ["cleanroomsml.audiencemodel_arn"],
    "DeleteConfiguredAudienceModel": ["cleanroomsml.configuredaudiencemodel_arn"],
    "DeleteConfiguredAudienceModelPolicy": ["cleanroomsml.configuredaudiencemodel_arn"],
    "DeleteConfiguredModelAlgorithm": ["cleanroomsml.configuredmodelalgorithm_arn"],
    "DeleteConfiguredModelAlgorithmAssociation": ["cleanroomsml.configuredmodelalgorithmassociation_arn", "cleanroomsml.membership_identifier"],
    "DeleteMLConfiguration": ["cleanroomsml.membership_identifier"],
    "DeleteMLInputChannelData": ["cleanroomsml.mlinputchannel_arn", "cleanroomsml.membership_identifier"],
    "DeleteTrainedModelOutput": ["cleanroomsml.trainedmodel_arn", "cleanroomsml.membership_identifier"],
    "DeleteTrainingDataset": ["cleanroomsml.trainingdataset_arn"],
    "GetAudienceGenerationJob": ["cleanroomsml.audiencegenerationjob_arn"],
    "GetAudienceModel": ["cleanroomsml.audiencemodel_arn"],
    "GetCollaborationConfiguredModelAlgorithmAssociation": ["cleanroomsml.configuredmodelalgorithmassociation_arn", "cleanroomsml.collaboration_identifier"],
    "GetCollaborationMLInputChannel": ["cleanroomsml.mlinputchannel_arn", "cleanroomsml.collaboration_identifier"],
    "GetCollaborationTrainedModel": ["cleanroomsml.trainedmodel_arn", "cleanroomsml.collaboration_identifier"],
    "GetConfiguredAudienceModel": ["cleanroomsml.configuredaudiencemodel_arn"],
    "GetConfiguredAudienceModelPolicy": ["cleanroomsml.configuredaudiencemodel_arn"],
    "GetConfiguredModelAlgorithm": ["cleanroomsml.configuredmodelalgorithm_arn"],
    "GetConfiguredModelAlgorithmAssociation": ["cleanroomsml.configuredmodelalgorithmassociation_arn", "cleanroomsml.membership_identifier"],
    "GetMLConfiguration": ["cleanroomsml.membership_identifier"],
    "GetMLInputChannel": ["cleanroomsml.mlinputchannel_arn", "cleanroomsml.membership_identifier"],
    "GetTrainedModel": ["cleanroomsml.trainedmodel_arn", "cleanroomsml.membership_identifier"],
    "GetTrainedModelInferenceJob": ["cleanroomsml.membership_identifier", "cleanroomsml.trainedmodelinferencejob_arn"],
    "GetTrainingDataset": ["cleanroomsml.trainingdataset_arn"],
    "ListCollaborationConfiguredModelAlgorithmAssociations": ["cleanroomsml.collaboration_identifier"],
    "ListCollaborationMLInputChannels": ["cleanroomsml.collaboration_identifier"],
    "ListCollaborationTrainedModelExportJobs": ["cleanroomsml.trainedmodel_arn", "cleanroomsml.collaboration_identifier"],
    "ListCollaborationTrainedModelInferenceJobs": ["cleanroomsml.collaboration_identifier"],
    "ListCollaborationTrainedModels": ["cleanroomsml.collaboration_identifier"],
    "ListConfiguredModelAlgorithmAssociations": ["cleanroomsml.membership_identifier"],
    "ListMLInputChannels": ["cleanroomsml.membership_identifier"],
    "ListTagsForResource": ["cleanroomsml.resource_arn"],
    "ListTrainedModelInferenceJobs": ["cleanroomsml.membership_identifier"],
    "ListTrainedModelVersions": ["cleanroomsml.trainedmodel_arn", "cleanroomsml.membership_identifier"],
    "ListTrainedModels": ["cleanroomsml.membership_identifier"],
    "PutConfiguredAudienceModelPolicy": ["cleanroomsml.configured_audience_model_policy", "cleanroomsml.configuredaudiencemodel_arn"],
    "PutMLConfiguration": ["cleanroomsml.default_output_location", "cleanroomsml.membership_identifier"],
    "StartAudienceExportJob": ["cleanroomsml.audience_export_job_name", "cleanroomsml.audiencegenerationjob_arn", "cleanroomsml.audience_size"],
    "StartAudienceGenerationJob": ["cleanroomsml.audience_generation_job_arn_name", "cleanroomsml.seed_audience", "cleanroomsml.configuredaudiencemodel_arn"],
    "StartTrainedModelExportJob": ["cleanroomsml.trained_model_export_job_name", "cleanroomsml.output_configuration", "cleanroomsml.trainedmodel_arn", "cleanroomsml.membership_identifier"],
    "StartTrainedModelInferenceJob": ["cleanroomsml.trainedmodel_arn", "cleanroomsml.trained_model_inference_job_arn_name", "cleanroomsml.output_configuration", "cleanroomsml.membership_identifier", "cleanroomsml.data_source", "cleanroomsml.resource_config"],
    "TagResource": ["cleanroomsml.resource_arn", "cleanroomsml.tags"],
    "UntagResource": ["cleanroomsml.resource_arn", "cleanroomsml.tag_keys"],
    "UpdateConfiguredAudienceModel": ["cleanroomsml.configuredaudiencemodel_arn"]
  },
  "op_produces": {
    "ListAudienceExportJobs": ["cleanroomsml.audience_generation_job_arn", "cleanroomsml.audience_export_job_create_time", "cleanroomsml.audience_export_job_output_location", "cleanroomsml.audience_export_job_update_time", "cleanroomsml.audience_export_job_description", "cleanroomsml.audience_export_job_status", "cleanroomsml.audience_export_jobs", "cleanroomsml.next_token", "cleanroomsml.audience_export_job_name", "cleanroomsml.audience_export_job_audience_size"],
    "ListAudienceGenerationJobs": ["cleanroomsml.audience_generation_job_arn", "cleanroomsml.audience_generation_job_started_by", "cleanroomsml.audience_generation_job_create_time", "cleanroomsml.audience_model_arn", "cleanroomsml.audience_generation_job_description", "cleanroomsml.audience_generation_job_collaboration_id", "cleanroomsml.audience_generation_job_name", "cleanroomsml.next_token", "cleanroomsml.audience_generation_job_status", "cleanroomsml.audience_generation_job_update_time", "cleanroomsml.audience_generation_jobs"],
    "ListAudienceModels": ["cleanroomsml.audience_model_create_time", "cleanroomsml.audience_model_update_time", "cleanroomsml.training_dataset_arn", "cleanroomsml.audience_model_arn", "cleanroomsml.audience_model_name", "cleanroomsml.next_token", "cleanroomsml.audience_model_status", "cleanroomsml.audience_models", "cleanroomsml.audience_model_description"],
    "ListConfiguredAudienceModels": ["cleanroomsml.configured_audience_model_create_time", "cleanroomsml.audience_model_arn", "cleanroomsml.configured_audience_model_output_config", "cleanroomsml.configured_audience_model_description", "cleanroomsml.next_token", "cleanroomsml.configured_audience_model_name", "cleanroomsml.configured_audience_model_update_time", "cleanroomsml.configured_audience_models", "cleanroomsml.configured_audience_model_arn", "cleanroomsml.configured_audience_model_status"],
    "ListConfiguredModelAlgorithms": ["cleanroomsml.configured_model_algorithm_arn", "cleanroomsml.configured_model_algorithm_name", "cleanroomsml.next_token", "cleanroomsml.configured_model_algorithm_create_time", "cleanroomsml.configured_model_algorithm_update_time", "cleanroomsml.configured_model_algorithms", "cleanroomsml.configured_model_algorithm_description"],
    "ListTrainingDatasets": ["cleanroomsml.training_dataset_description", "cleanroomsml.training_dataset_arn", "cleanroomsml.training_dataset_status", "cleanroomsml.training_dataset_name", "cleanroomsml.training_dataset_create_time", "cleanroomsml.training_dataset_update_time", "cleanroomsml.next_token", "cleanroomsml.training_datasets"],
    "CancelTrainedModel": [],
    "CancelTrainedModelInferenceJob": [],
    "CreateAudienceModel": ["cleanroomsml.audience_model_arn"],
    "CreateConfiguredAudienceModel": ["cleanroomsml.configured_audience_model_arn"],
    "CreateConfiguredModelAlgorithm": ["cleanroomsml.configured_model_algorithm_arn"],
    "CreateConfiguredModelAlgorithmAssociation": ["cleanroomsml.configured_model_algorithm_association_arn"],
    "CreateMLInputChannel": ["cleanroomsml.ml_input_channel_arn"],
    "CreateTrainedModel": ["cleanroomsml.trained_model_arn", "cleanroomsml.version_identifier"],
    "CreateTrainingDataset": ["cleanroomsml.training_dataset_arn"],
    "DeleteAudienceGenerationJob": [],
    "DeleteAudienceModel": [],
    "DeleteConfiguredAudienceModel": [],
    "DeleteConfiguredAudienceModelPolicy": [],
    "DeleteConfiguredModelAlgorithm": [],
    "DeleteConfiguredModelAlgorithmAssociation": [],
    "DeleteMLConfiguration": [],
    "DeleteMLInputChannelData": [],
    "DeleteTrainedModelOutput": [],
    "DeleteTrainingDataset": [],
    "GetAudienceGenerationJob": ["cleanroomsml.update_time", "cleanroomsml.audience_generation_job_arn", "cleanroomsml.status_message", "cleanroomsml.protected_query_identifier", "cleanroomsml.include_seed_in_output", "cleanroomsml.metrics", "cleanroomsml.status_details", "cleanroomsml.seed_audience", "cleanroomsml.create_time", "cleanroomsml.started_by", "cleanroomsml.audience_generation_job_name", "cleanroomsml.description", "cleanroomsml.audience_generation_job_status", "cleanroomsml.configured_audience_model_arn", "cleanroomsml.tags", "cleanroomsml.collaboration_id", "cleanroomsml.status_code"],
    "GetAudienceModel": ["cleanroomsml.update_time", "cleanroomsml.status_message", "cleanroomsml.training_dataset_arn", "cleanroomsml.audience_model_arn", "cleanroomsml.audience_model_name", "cleanroomsml.status_details", "cleanroomsml.training_data_end_time", "cleanroomsml.create_time", "cleanroomsml.training_data_start_time", "cleanroomsml.tags", "cleanroomsml.description", "cleanroomsml.kms_key_arn", "cleanroomsml.audience_model_status", "cleanroomsml.status_code"],
    "GetCollaborationConfiguredModelAlgorithmAssociation": ["cleanroomsml.update_time", "cleanroomsml.configured_model_algorithm_arn", "cleanroomsml.configured_model_algorithm_association_arn", "cleanroomsml.collaboration_configured_model_algorithm_association_name", "cleanroomsml.create_time", "cleanroomsml.privacy_configuration", "cleanroomsml.privacy_configuration_policies", "cleanroomsml.membership_identifier", "cleanroomsml.description", "cleanroomsml.collaboration_identifier", "cleanroomsml.creator_account_id"],
    "GetCollaborationMLInputChannel": ["cleanroomsml.collaboration_ml_input_channel_status", "cleanroomsml.configured_model_algorithm_associations", "cleanroomsml.retention_in_days", "cleanroomsml.update_time", "cleanroomsml.status_details", "cleanroomsml.collaboration_ml_input_channel_name", "cleanroomsml.create_time", "cleanroomsml.ml_input_channel_arn", "cleanroomsml.number_of_records", "cleanroomsml.membership_identifier", "cleanroomsml.description", "cleanroomsml.privacy_budgets", "cleanroomsml.collaboration_identifier", "cleanroomsml.creator_account_id"],
    "GetCollaborationTrainedModel": ["cleanroomsml.update_time", "cleanroomsml.collaboration_trained_model_status", "cleanroomsml.status_details", "cleanroomsml.configured_model_algorithm_association_arn", "cleanroomsml.version_identifier", "cleanroomsml.incremental_training_data_channel_model_name", "cleanroomsml.training_container_image_digest", "cleanroomsml.create_time", "cleanroomsml.trained_model_arn", "cleanroomsml.description", "cleanroomsml.incremental_training_data_channel_channel_name", "cleanroomsml.resource_config", "cleanroomsml.stopping_condition", "cleanroomsml.trained_model_name", "cleanroomsml.incremental_training_data_channel_version_identifier", "cleanroomsml.incremental_training_data_channels", "cleanroomsml.logs_status", "cleanroomsml.membership_identifier", "cleanroomsml.training_input_mode", "cleanroomsml.metrics_status", "cleanroomsml.collaboration_identifier", "cleanroomsml.creator_account_id"],
    "GetConfiguredAudienceModel": ["cleanroomsml.update_time", "cleanroomsml.shared_audience_metrics", "cleanroomsml.audience_model_arn", "cleanroomsml.min_matching_seed_size", "cleanroomsml.audience_size_config", "cleanroomsml.create_time", "cleanroomsml.child_resource_tag_on_create_policy", "cleanroomsml.description", "cleanroomsml.configured_audience_model_name", "cleanroomsml.configured_audience_model_arn", "cleanroomsml.output_config", "cleanroomsml.tags", "cleanroomsml.configured_audience_model_status"],
    "GetConfiguredAudienceModelPolicy": ["cleanroomsml.policy_hash", "cleanroomsml.configured_audience_model_policy", "cleanroomsml.configured_audience_model_arn"],
    "GetConfiguredModelAlgorithm": ["cleanroomsml.update_time", "cleanroomsml.kms_key_arn", "cleanroomsml.configured_model_algorithm_arn", "cleanroomsml.training_container_config_image_uri", "cleanroomsml.training_container_config_entrypoint", "cleanroomsml.configured_model_algorithm_name", "cleanroomsml.training_container_config", "cleanroomsml.role_arn", "cleanroomsml.training_container_config_arguments", "cleanroomsml.create_time", "cleanroomsml.description", "cleanroomsml.inference_container_config", "cleanroomsml.tags", "cleanroomsml.training_container_config_metric_definitions"],
    "GetConfiguredModelAlgorithmAssociation": ["cleanroomsml.update_time", "cleanroomsml.configured_model_algorithm_arn", "cleanroomsml.configured_model_algorithm_association_name", "cleanroomsml.configured_model_algorithm_association_arn", "cleanroomsml.create_time", "cleanroomsml.privacy_configuration", "cleanroomsml.privacy_configuration_policies", "cleanroomsml.membership_identifier", "cleanroomsml.description", "cleanroomsml.tags", "cleanroomsml.collaboration_identifier"],
    "GetMLConfiguration": ["cleanroomsml.update_time", "cleanroomsml.role_arn", "cleanroomsml.create_time", "cleanroomsml.default_output_location", "cleanroomsml.membership_identifier", "cleanroomsml.default_output_location_destination"],
    "GetMLInputChannel": ["cleanroomsml.update_time", "cleanroomsml.collaboration_identifier", "cleanroomsml.status_details", "cleanroomsml.ml_input_channel_arn", "cleanroomsml.tags", "cleanroomsml.protected_query_identifier", "cleanroomsml.create_time", "cleanroomsml.number_of_records", "cleanroomsml.description", "cleanroomsml.privacy_budgets", "cleanroomsml.number_of_files", "cleanroomsml.kms_key_arn", "cleanroomsml.retention_in_days", "cleanroomsml.ml_input_channel_name", "cleanroomsml.input_channel", "cleanroomsml.ml_input_channel_status", "cleanroomsml.configured_model_algorithm_associations", "cleanroomsml.membership_identifier", "cleanroomsml.size_in_gb"],
    "GetTrainedModel": ["cleanroomsml.update_time", "cleanroomsml.collaboration_identifier", "cleanroomsml.status_details", "cleanroomsml.configured_model_algorithm_association_arn", "cleanroomsml.version_identifier", "cleanroomsml.incremental_training_data_channel_model_name", "cleanroomsml.tags", "cleanroomsml.data_channels", "cleanroomsml.training_container_image_digest", "cleanroomsml.create_time", "cleanroomsml.trained_model_arn", "cleanroomsml.description", "cleanroomsml.incremental_training_data_channel_channel_name", "cleanroomsml.kms_key_arn", "cleanroomsml.resource_config", "cleanroomsml.stopping_condition", "cleanroomsml.trained_model_name", "cleanroomsml.environment", "cleanroomsml.incremental_training_data_channel_version_identifier", "cleanroomsml.incremental_training_data_channels", "cleanroomsml.trained_model_status", "cleanroomsml.logs_status", "cleanroomsml.membership_identifier", "cleanroomsml.training_input_mode", "cleanroomsml.metrics_status", "cleanroomsml.hyperparameters"],
    "GetTrainedModelInferenceJob": ["cleanroomsml.update_time", "cleanroomsml.trained_model_inference_job_status", "cleanroomsml.status_details", "cleanroomsml.configured_model_algorithm_association_arn", "cleanroomsml.resource_config_instance_type", "cleanroomsml.tags", "cleanroomsml.resource_config_instance_count", "cleanroomsml.trained_model_inference_job_name", "cleanroomsml.container_execution_parameters", "cleanroomsml.create_time", "cleanroomsml.trained_model_arn", "cleanroomsml.description", "cleanroomsml.trained_model_inference_job_arn", "cleanroomsml.kms_key_arn", "cleanroomsml.resource_config", "cleanroomsml.data_source", "cleanroomsml.environment", "cleanroomsml.output_configuration", "cleanroomsml.logs_status", "cleanroomsml.trained_model_version_identifier", "cleanroomsml.membership_identifier", "cleanroomsml.metrics_status", "cleanroomsml.inference_container_image_digest"],
    "GetTrainingDataset": ["cleanroomsml.update_time", "cleanroomsml.training_dataset_arn", "cleanroomsml.training_dataset_status", "cleanroomsml.role_arn", "cleanroomsml.training_data_type", "cleanroomsml.training_dataset_name", "cleanroomsml.training_data", "cleanroomsml.create_time", "cleanroomsml.training_data_input_config", "cleanroomsml.description", "cleanroomsml.tags"],
    "ListCollaborationConfiguredModelAlgorithmAssociations": ["cleanroomsml.collaboration_configured_model_algorithm_association_create_time", "cleanroomsml.collaboration_configured_model_algorithm_association_membership_identifier", "cleanroomsml.configured_model_algorithm_arn", "cleanroomsml.configured_model_algorithm_association_arn", "cleanroomsml.collaboration_configured_model_algorithm_associations", "cleanroomsml.collaboration_configured_model_algorithm_association_name", "cleanroomsml.collaboration_configured_model_algorithm_association_collaboration_identifier", "cleanroomsml.collaboration_configured_model_algorithm_association_description", "cleanroomsml.next_token", "cleanroomsml.collaboration_configured_model_algorithm_association_update_time", "cleanroomsml.creator_account_id"],
    "ListCollaborationMLInputChannels": ["cleanroomsml.collaboration_ml_input_channels_name", "cleanroomsml.collaboration_ml_input_channels_update_time", "cleanroomsml.collaboration_ml_input_channels_collaboration_identifier", "cleanroomsml.collaboration_ml_input_channels_description", "cleanroomsml.collaboration_ml_input_channels_membership_identifier", "cleanroomsml.collaboration_ml_input_channels_configured_model_algorithm_associations", "cleanroomsml.ml_input_channel_arn", "cleanroomsml.collaboration_ml_input_channels_status", "cleanroomsml.collaboration_ml_input_channels_list", "cleanroomsml.next_token", "cleanroomsml.collaboration_ml_input_channels_create_time", "cleanroomsml.creator_account_id"],
    "ListCollaborationTrainedModelExportJobs": ["cleanroomsml.collaboration_trained_model_export_job_create_time", "cleanroomsml.collaboration_trained_model_export_job_update_time", "cleanroomsml.collaboration_trained_model_export_job_status", "cleanroomsml.collaboration_trained_model_export_job_trained_model_version_identifier", "cleanroomsml.collaboration_trained_model_export_job_description", "cleanroomsml.collaboration_trained_model_export_jobs", "cleanroomsml.trained_model_export_job_name", "cleanroomsml.trained_model_arn", "cleanroomsml.collaboration_trained_model_export_job_membership_identifier", "cleanroomsml.collaboration_trained_model_export_job_collaboration_identifier", "cleanroomsml.next_token", "cleanroomsml.creator_account_id", "cleanroomsml.collaboration_trained_model_export_job_output_configuration"],
    "ListCollaborationTrainedModelInferenceJobs": ["cleanroomsml.collaboration_trained_model_inference_jobs", "cleanroomsml.collaboration_trained_model_inference_job_collaboration_identifier", "cleanroomsml.trained_model_inference_job_name", "cleanroomsml.configured_model_algorithm_association_arn", "cleanroomsml.collaboration_trained_model_inference_job_membership_identifier", "cleanroomsml.collaboration_trained_model_inference_job_logs_status", "cleanroomsml.trained_model_arn", "cleanroomsml.collaboration_trained_model_inference_job_trained_model_version_identifier", "cleanroomsml.collaboration_trained_model_inference_job_status", "cleanroomsml.collaboration_trained_model_inference_job_metrics_status", "cleanroomsml.collaboration_trained_model_inference_job_update_time", "cleanroomsml.next_token", "cleanroomsml.trained_model_inference_job_arn", "cleanroomsml.collaboration_trained_model_inference_job_create_time", "cleanroomsml.collaboration_trained_model_inference_job_output_configuration", "cleanroomsml.creator_account_id", "cleanroomsml.collaboration_trained_model_inference_job_description"],
    "ListCollaborationTrainedModels": ["cleanroomsml.trained_model_name", "cleanroomsml.collaboration_trained_model_status", "cleanroomsml.collaboration_trained_model_collaboration_identifier", "cleanroomsml.creator_account_id", "cleanroomsml.configured_model_algorithm_association_arn", "cleanroomsml.collaboration_trained_model_description", "cleanroomsml.collaboration_trained_model_update_time", "cleanroomsml.trained_model_arn", "cleanroomsml.collaboration_trained_model_incremental_training_data_channels", "cleanroomsml.collaboration_trained_model_membership_identifier", "cleanroomsml.collaboration_trained_model_create_time", "cleanroomsml.next_token", "cleanroomsml.collaboration_trained_model_version_identifier", "cleanroomsml.collaboration_trained_models"],
    "ListConfiguredModelAlgorithmAssociations": ["cleanroomsml.configured_model_algorithm_associations", "cleanroomsml.configured_model_algorithm_arn", "cleanroomsml.configured_model_algorithm_association_name", "cleanroomsml.configured_model_algorithm_association_description", "cleanroomsml.configured_model_algorithm_association_arn", "cleanroomsml.configured_model_algorithm_association_collaboration_identifier", "cleanroomsml.configured_model_algorithm_association_create_time", "cleanroomsml.configured_model_algorithm_association_update_time", "cleanroomsml.next_token", "cleanroomsml.configured_model_algorithm_association_membership_identifier"],
    "ListMLInputChannels": ["cleanroomsml.ml_input_channels_membership_identifier", "cleanroomsml.ml_input_channels_update_time", "cleanroomsml.ml_input_channels_protected_query_identifier", "cleanroomsml.ml_input_channels_status", "cleanroomsml.ml_input_channels_collaboration_identifier", "cleanroomsml.ml_input_channels_description", "cleanroomsml.ml_input_channels_name", "cleanroomsml.ml_input_channels_list", "cleanroomsml.ml_input_channel_arn", "cleanroomsml.ml_input_channels_configured_model_algorithm_associations", "cleanroomsml.next_token", "cleanroomsml.ml_input_channels_create_time"],
    "ListTagsForResource": ["cleanroomsml.tags"],
    "ListTrainedModelInferenceJobs": ["cleanroomsml.trained_model_inference_job_status", "cleanroomsml.trained_model_inference_job_logs_status", "cleanroomsml.trained_model_inference_job_trained_model_version_identifier", "cleanroomsml.trained_model_inference_job_collaboration_identifier", "cleanroomsml.trained_model_inference_jobs", "cleanroomsml.trained_model_inference_job_output_configuration", "cleanroomsml.trained_model_inference_job_name", "cleanroomsml.configured_model_algorithm_association_arn", "cleanroomsml.trained_model_inference_job_create_time", "cleanroomsml.trained_model_inference_job_metrics_status", "cleanroomsml.trained_model_arn", "cleanroomsml.next_token", "cleanroomsml.trained_model_inference_job_arn", "cleanroomsml.trained_model_inference_job_update_time", "cleanroomsml.trained_model_inference_job_membership_identifier", "cleanroomsml.trained_model_inference_job_description"],
    "ListTrainedModelVersions": ["cleanroomsml.trained_model_name", "cleanroomsml.trained_model_incremental_training_data_channels", "cleanroomsml.trained_model_description", "cleanroomsml.trained_model_create_time", "cleanroomsml.trained_model_collaboration_identifier", "cleanroomsml.configured_model_algorithm_association_arn", "cleanroomsml.trained_models", "cleanroomsml.trained_model_update_time", "cleanroomsml.trained_model_status", "cleanroomsml.trained_model_arn", "cleanroomsml.trained_model_version_identifier", "cleanroomsml.trained_model_membership_identifier", "cleanroomsml.next_token"],
    "ListTrainedModels": ["cleanroomsml.trained_model_name", "cleanroomsml.trained_model_incremental_training_data_channels", "cleanroomsml.trained_model_description", "cleanroomsml.trained_model_create_time", "cleanroomsml.trained_model_collaboration_identifier", "cleanroomsml.configured_model_algorithm_association_arn", "cleanroomsml.trained_models", "cleanroomsml.trained_model_update_time", "cleanroomsml.trained_model_status", "cleanroomsml.trained_model_arn", "cleanroomsml.trained_model_version_identifier", "cleanroomsml.trained_model_membership_identifier", "cleanroomsml.next_token"],
    "PutConfiguredAudienceModelPolicy": ["cleanroomsml.configured_audience_model_policy", "cleanroomsml.policy_hash"],
    "PutMLConfiguration": [],
    "StartAudienceExportJob": [],
    "StartAudienceGenerationJob": ["cleanroomsml.audience_generation_job_arn"],
    "StartTrainedModelExportJob": [],
    "StartTrainedModelInferenceJob": ["cleanroomsml.trained_model_inference_job_arn"],
    "TagResource": [],
    "UntagResource": [],
    "UpdateConfiguredAudienceModel": ["cleanroomsml.configured_audience_model_arn"]
  },
  "entity_producers": {
    "cleanroomsml.next_token": ["ListCollaborationConfiguredModelAlgorithmAssociations", "ListAudienceExportJobs", "ListConfiguredModelAlgorithms", "ListTrainedModels", "ListCollaborationTrainedModelExportJobs", "ListAudienceModels", "ListConfiguredModelAlgorithmAssociations", "ListCollaborationMLInputChannels", "ListTrainedModelVersions", "ListTrainedModelInferenceJobs", "ListCollaborationTrainedModels", "ListAudienceGenerationJobs", "ListCollaborationTrainedModelInferenceJobs", "ListTrainingDatasets", "ListConfiguredAudienceModels", "ListMLInputChannels"],
    "cleanroomsml.audience_export_jobs": ["ListAudienceExportJobs"],
    "cleanroomsml.audience_export_job_create_time": ["ListAudienceExportJobs"],
    "cleanroomsml.audience_export_job_update_time": ["ListAudienceExportJobs"],
    "cleanroomsml.audience_export_job_name": ["ListAudienceExportJobs"],
    "cleanroomsml.audience_generation_job_arn": ["ListAudienceGenerationJobs", "ListAudienceExportJobs", "GetAudienceGenerationJob", "StartAudienceGenerationJob"],
    "cleanroomsml.audience_export_job_audience_size": ["ListAudienceExportJobs"],
    "cleanroomsml.audience_export_job_description": ["ListAudienceExportJobs"],
    "cleanroomsml.audience_export_job_status": ["ListAudienceExportJobs"],
    "cleanroomsml.audience_export_job_output_location": ["ListAudienceExportJobs"],
    "cleanroomsml.audience_generation_jobs": ["ListAudienceGenerationJobs"],
    "cleanroomsml.audience_generation_job_create_time": ["ListAudienceGenerationJobs"],
    "cleanroomsml.audience_generation_job_update_time": ["ListAudienceGenerationJobs"],
    "cleanroomsml.audience_generation_job_name": ["ListAudienceGenerationJobs", "GetAudienceGenerationJob"],
    "cleanroomsml.audience_generation_job_description": ["ListAudienceGenerationJobs"],
    "cleanroomsml.audience_generation_job_status": ["ListAudienceGenerationJobs", "GetAudienceGenerationJob"],
    "cleanroomsml.audience_model_arn": ["CreateAudienceModel", "GetConfiguredAudienceModel", "ListAudienceModels", "GetAudienceModel", "ListAudienceGenerationJobs", "ListConfiguredAudienceModels"],
    "cleanroomsml.audience_generation_job_collaboration_id": ["ListAudienceGenerationJobs"],
    "cleanroomsml.audience_generation_job_started_by": ["ListAudienceGenerationJobs"],
    "cleanroomsml.audience_models": ["ListAudienceModels"],
    "cleanroomsml.audience_model_create_time": ["ListAudienceModels"],
    "cleanroomsml.audience_model_update_time": ["ListAudienceModels"],
    "cleanroomsml.audience_model_name": ["ListAudienceModels", "GetAudienceModel"],
    "cleanroomsml.training_dataset_arn": ["CreateTrainingDataset", "ListAudienceModels", "GetAudienceModel", "GetTrainingDataset", "ListTrainingDatasets"],
    "cleanroomsml.audience_model_status": ["ListAudienceModels", "GetAudienceModel"],
    "cleanroomsml.audience_model_description": ["ListAudienceModels"],
    "cleanroomsml.configured_audience_models": ["ListConfiguredAudienceModels"],
    "cleanroomsml.configured_audience_model_create_time": ["ListConfiguredAudienceModels"],
    "cleanroomsml.configured_audience_model_update_time": ["ListConfiguredAudienceModels"],
    "cleanroomsml.configured_audience_model_name": ["ListConfiguredAudienceModels", "GetConfiguredAudienceModel"],
    "cleanroomsml.configured_audience_model_output_config": ["ListConfiguredAudienceModels"],
    "cleanroomsml.configured_audience_model_description": ["ListConfiguredAudienceModels"],
    "cleanroomsml.configured_audience_model_arn": ["GetConfiguredAudienceModelPolicy", "GetConfiguredAudienceModel", "UpdateConfiguredAudienceModel", "CreateConfiguredAudienceModel", "GetAudienceGenerationJob", "ListConfiguredAudienceModels"],
    "cleanroomsml.configured_audience_model_status": ["ListConfiguredAudienceModels", "GetConfiguredAudienceModel"],
    "cleanroomsml.configured_model_algorithms": ["ListConfiguredModelAlgorithms"],
    "cleanroomsml.configured_model_algorithm_create_time": ["ListConfiguredModelAlgorithms"],
    "cleanroomsml.configured_model_algorithm_update_time": ["ListConfiguredModelAlgorithms"],
    "cleanroomsml.configured_model_algorithm_arn": ["GetConfiguredModelAlgorithmAssociation", "ListConfiguredModelAlgorithms", "ListCollaborationConfiguredModelAlgorithmAssociations", "GetCollaborationConfiguredModelAlgorithmAssociation", "GetConfiguredModelAlgorithm", "ListConfiguredModelAlgorithmAssociations", "CreateConfiguredModelAlgorithm"],
    "cleanroomsml.configured_model_algorithm_name": ["ListConfiguredModelAlgorithms", "GetConfiguredModelAlgorithm"],
    "cleanroomsml.configured_model_algorithm_description": ["ListConfiguredModelAlgorithms"],
    "cleanroomsml.training_datasets": ["ListTrainingDatasets"],
    "cleanroomsml.training_dataset_create_time": ["ListTrainingDatasets"],
    "cleanroomsml.training_dataset_update_time": ["ListTrainingDatasets"],
    "cleanroomsml.training_dataset_name": ["ListTrainingDatasets", "GetTrainingDataset"],
    "cleanroomsml.training_dataset_status": ["ListTrainingDatasets", "GetTrainingDataset"],
    "cleanroomsml.training_dataset_description": ["ListTrainingDatasets"],
    "cleanroomsml.configured_model_algorithm_association_arn": ["GetConfiguredModelAlgorithmAssociation", "ListCollaborationConfiguredModelAlgorithmAssociations", "ListTrainedModels", "ListCollaborationTrainedModelInferenceJobs", "GetTrainedModelInferenceJob", "ListTrainedModelVersions", "GetTrainedModel", "GetCollaborationTrainedModel", "ListTrainedModelInferenceJobs", "ListCollaborationTrainedModels", "ListConfiguredModelAlgorithmAssociations", "GetCollaborationConfiguredModelAlgorithmAssociation", "CreateConfiguredModelAlgorithmAssociation"],
    "cleanroomsml.ml_input_channel_arn": ["CreateMLInputChannel", "ListCollaborationMLInputChannels", "GetCollaborationMLInputChannel", "GetMLInputChannel", "ListMLInputChannels"],
    "cleanroomsml.trained_model_arn": ["ListTrainedModels", "ListCollaborationTrainedModelExportJobs", "GetTrainedModelInferenceJob", "ListTrainedModelVersions", "GetTrainedModel", "GetCollaborationTrainedModel", "ListTrainedModelInferenceJobs", "CreateTrainedModel", "ListCollaborationTrainedModels", "ListCollaborationTrainedModelInferenceJobs"],
    "cleanroomsml.version_identifier": ["GetTrainedModel", "CreateTrainedModel", "GetCollaborationTrainedModel"],
    "cleanroomsml.create_time": ["GetConfiguredModelAlgorithmAssociation", "GetConfiguredAudienceModel", "GetTrainedModelInferenceJob", "GetAudienceModel", "GetCollaborationConfiguredModelAlgorithmAssociation", "GetCollaborationTrainedModel", "GetTrainedModel", "GetTrainingDataset", "GetMLConfiguration", "GetConfiguredModelAlgorithm", "GetCollaborationMLInputChannel", "GetAudienceGenerationJob", "GetMLInputChannel"],
    "cleanroomsml.update_time": ["GetConfiguredModelAlgorithmAssociation", "GetConfiguredAudienceModel", "GetTrainedModelInferenceJob", "GetAudienceModel", "GetCollaborationConfiguredModelAlgorithmAssociation", "GetCollaborationTrainedModel", "GetTrainedModel", "GetTrainingDataset", "GetMLConfiguration", "GetConfiguredModelAlgorithm", "GetCollaborationMLInputChannel", "GetAudienceGenerationJob", "GetMLInputChannel"],
    "cleanroomsml.description": ["GetConfiguredModelAlgorithmAssociation", "GetConfiguredAudienceModel", "GetTrainedModelInferenceJob", "GetAudienceModel", "GetCollaborationConfiguredModelAlgorithmAssociation", "GetCollaborationTrainedModel", "GetTrainedModel", "GetTrainingDataset", "GetConfiguredModelAlgorithm", "GetCollaborationMLInputChannel", "GetAudienceGenerationJob", "GetMLInputChannel"],
    "cleanroomsml.status_details": ["GetTrainedModelInferenceJob", "GetAudienceModel", "GetCollaborationTrainedModel", "GetTrainedModel", "GetCollaborationMLInputChannel", "GetAudienceGenerationJob", "GetMLInputChannel"],
    "cleanroomsml.seed_audience": ["GetAudienceGenerationJob"],
    "cleanroomsml.include_seed_in_output": ["GetAudienceGenerationJob"],
    "cleanroomsml.collaboration_id": ["GetAudienceGenerationJob"],
    "cleanroomsml.metrics": ["GetAudienceGenerationJob"],
    "cleanroomsml.started_by": ["GetAudienceGenerationJob"],
    "cleanroomsml.tags": ["GetConfiguredModelAlgorithmAssociation", "GetConfiguredAudienceModel", "ListTagsForResource", "GetTrainedModelInferenceJob", "GetAudienceModel", "GetTrainedModel", "GetTrainingDataset", "GetConfiguredModelAlgorithm", "GetAudienceGenerationJob", "GetMLInputChannel"],
    "cleanroomsml.protected_query_identifier": ["GetAudienceGenerationJob", "GetMLInputChannel"],
    "cleanroomsml.status_code": ["GetAudienceModel", "GetAudienceGenerationJob"],
    "cleanroomsml.status_message": ["GetAudienceModel", "GetAudienceGenerationJob"],
    "cleanroomsml.training_data_start_time": ["GetAudienceModel"],
    "cleanroomsml.training_data_end_time": ["GetAudienceModel"],
    "cleanroomsml.kms_key_arn": ["GetTrainedModelInferenceJob", "GetAudienceModel", "GetTrainedModel", "GetConfiguredModelAlgorithm", "GetMLInputChannel"],
    "cleanroomsml.membership_identifier": ["GetConfiguredModelAlgorithmAssociation", "GetTrainedModelInferenceJob", "GetCollaborationConfiguredModelAlgorithmAssociation", "GetCollaborationTrainedModel", "GetTrainedModel", "GetMLConfiguration", "GetCollaborationMLInputChannel", "GetMLInputChannel"],
    "cleanroomsml.collaboration_identifier": ["GetConfiguredModelAlgorithmAssociation", "GetCollaborationConfiguredModelAlgorithmAssociation", "GetCollaborationTrainedModel", "GetTrainedModel", "GetCollaborationMLInputChannel", "GetMLInputChannel"],
    "cleanroomsml.collaboration_configured_model_algorithm_association_name": ["ListCollaborationConfiguredModelAlgorithmAssociations", "GetCollaborationConfiguredModelAlgorithmAssociation"],
    "cleanroomsml.creator_account_id": ["ListCollaborationConfiguredModelAlgorithmAssociations", "ListCollaborationTrainedModelExportJobs", "ListCollaborationTrainedModelInferenceJobs", "GetCollaborationConfiguredModelAlgorithmAssociation", "GetCollaborationTrainedModel", "ListCollaborationTrainedModels", "ListCollaborationMLInputChannels", "GetCollaborationMLInputChannel"],
    "cleanroomsml.privacy_configuration": ["GetConfiguredModelAlgorithmAssociation", "GetCollaborationConfiguredModelAlgorithmAssociation"],
    "cleanroomsml.privacy_configuration_policies": ["GetConfiguredModelAlgorithmAssociation", "GetCollaborationConfiguredModelAlgorithmAssociation"],
    "cleanroomsml.collaboration_ml_input_channel_name": ["GetCollaborationMLInputChannel"],
    "cleanroomsml.configured_model_algorithm_associations": ["ListConfiguredModelAlgorithmAssociations", "GetCollaborationMLInputChannel", "GetMLInputChannel"],
    "cleanroomsml.collaboration_ml_input_channel_status": ["GetCollaborationMLInputChannel"],
    "cleanroomsml.retention_in_days": ["GetCollaborationMLInputChannel", "GetMLInputChannel"],
    "cleanroomsml.number_of_records": ["GetCollaborationMLInputChannel", "GetMLInputChannel"],
    "cleanroomsml.privacy_budgets": ["GetCollaborationMLInputChannel", "GetMLInputChannel"],
    "cleanroomsml.incremental_training_data_channels": ["GetTrainedModel", "GetCollaborationTrainedModel"],
    "cleanroomsml.trained_model_name": ["ListTrainedModels", "ListTrainedModelVersions", "GetTrainedModel", "GetCollaborationTrainedModel", "ListCollaborationTrainedModels"],
    "cleanroomsml.collaboration_trained_model_status": ["GetCollaborationTrainedModel", "ListCollaborationTrainedModels"],
    "cleanroomsml.resource_config": ["GetTrainedModelInferenceJob", "GetTrainedModel", "GetCollaborationTrainedModel"],
    "cleanroomsml.training_input_mode": ["GetTrainedModel", "GetCollaborationTrainedModel"],
    "cleanroomsml.stopping_condition": ["GetTrainedModel", "GetCollaborationTrainedModel"],
    "cleanroomsml.metrics_status": ["GetTrainedModelInferenceJob", "GetTrainedModel", "GetCollaborationTrainedModel"],
    "cleanroomsml.logs_status": ["GetTrainedModelInferenceJob", "GetTrainedModel", "GetCollaborationTrainedModel"],
    "cleanroomsml.training_container_image_digest": ["GetTrainedModel", "GetCollaborationTrainedModel"],
    "cleanroomsml.incremental_training_data_channel_channel_name": ["GetTrainedModel", "GetCollaborationTrainedModel"],
    "cleanroomsml.incremental_training_data_channel_version_identifier": ["GetTrainedModel", "GetCollaborationTrainedModel"],
    "cleanroomsml.incremental_training_data_channel_model_name": ["GetTrainedModel", "GetCollaborationTrainedModel"],
    "cleanroomsml.output_config": ["GetConfiguredAudienceModel"],
    "cleanroomsml.shared_audience_metrics": ["GetConfiguredAudienceModel"],
    "cleanroomsml.min_matching_seed_size": ["GetConfiguredAudienceModel"],
    "cleanroomsml.audience_size_config": ["GetConfiguredAudienceModel"],
    "cleanroomsml.child_resource_tag_on_create_policy": ["GetConfiguredAudienceModel"],
    "cleanroomsml.configured_audience_model_policy": ["PutConfiguredAudienceModelPolicy", "GetConfiguredAudienceModelPolicy"],
    "cleanroomsml.policy_hash": ["PutConfiguredAudienceModelPolicy", "GetConfiguredAudienceModelPolicy"],
    "cleanroomsml.training_container_config": ["GetConfiguredModelAlgorithm"],
    "cleanroomsml.inference_container_config": ["GetConfiguredModelAlgorithm"],
    "cleanroomsml.role_arn": ["GetMLConfiguration", "GetConfiguredModelAlgorithm", "GetTrainingDataset"],
    "cleanroomsml.training_container_config_image_uri": ["GetConfiguredModelAlgorithm"],
    "cleanroomsml.training_container_config_entrypoint": ["GetConfiguredModelAlgorithm"],
    "cleanroomsml.training_container_config_arguments": ["GetConfiguredModelAlgorithm"],
    "cleanroomsml.training_container_config_metric_definitions": ["GetConfiguredModelAlgorithm"],
    "cleanroomsml.configured_model_algorithm_association_name": ["GetConfiguredModelAlgorithmAssociation", "ListConfiguredModelAlgorithmAssociations"],
    "cleanroomsml.default_output_location": ["GetMLConfiguration"],
    "cleanroomsml.default_output_location_destination": ["GetMLConfiguration"],
    "cleanroomsml.ml_input_channel_name": ["GetMLInputChannel"],
    "cleanroomsml.ml_input_channel_status": ["GetMLInputChannel"],
    "cleanroomsml.input_channel": ["GetMLInputChannel"],
    "cleanroomsml.number_of_files": ["GetMLInputChannel"],
    "cleanroomsml.size_in_gb": ["GetMLInputChannel"],
    "cleanroomsml.trained_model_status": ["ListTrainedModelVersions", "ListTrainedModels", "GetTrainedModel"],
    "cleanroomsml.hyperparameters": ["GetTrainedModel"],
    "cleanroomsml.environment": ["GetTrainedModelInferenceJob", "GetTrainedModel"],
    "cleanroomsml.data_channels": ["GetTrainedModel"],
    "cleanroomsml.trained_model_inference_job_arn": ["GetTrainedModelInferenceJob", "StartTrainedModelInferenceJob", "ListCollaborationTrainedModelInferenceJobs", "ListTrainedModelInferenceJobs"],
    "cleanroomsml.trained_model_inference_job_name": ["GetTrainedModelInferenceJob", "ListCollaborationTrainedModelInferenceJobs", "ListTrainedModelInferenceJobs"],
    "cleanroomsml.trained_model_inference_job_status": ["GetTrainedModelInferenceJob", "ListTrainedModelInferenceJobs"],
    "cleanroomsml.trained_model_version_identifier": ["GetTrainedModelInferenceJob", "ListTrainedModelVersions", "ListTrainedModels"],
    "cleanroomsml.output_configuration": ["GetTrainedModelInferenceJob"],
    "cleanroomsml.data_source": ["GetTrainedModelInferenceJob"],
    "cleanroomsml.container_execution_parameters": ["GetTrainedModelInferenceJob"],
    "cleanroomsml.inference_container_image_digest": ["GetTrainedModelInferenceJob"],
    "cleanroomsml.resource_config_instance_type": ["GetTrainedModelInferenceJob"],
    "cleanroomsml.resource_config_instance_count": ["GetTrainedModelInferenceJob"],
    "cleanroomsml.training_data": ["GetTrainingDataset"],
    "cleanroomsml.training_data_type": ["GetTrainingDataset"],
    "cleanroomsml.training_data_input_config": ["GetTrainingDataset"],
    "cleanroomsml.collaboration_configured_model_algorithm_associations": ["ListCollaborationConfiguredModelAlgorithmAssociations"],
    "cleanroomsml.collaboration_configured_model_algorithm_association_create_time": ["ListCollaborationConfiguredModelAlgorithmAssociations"],
    "cleanroomsml.collaboration_configured_model_algorithm_association_update_time": ["ListCollaborationConfiguredModelAlgorithmAssociations"],
    "cleanroomsml.collaboration_configured_model_algorithm_association_description": ["ListCollaborationConfiguredModelAlgorithmAssociations"],
    "cleanroomsml.collaboration_configured_model_algorithm_association_membership_identifier": ["ListCollaborationConfiguredModelAlgorithmAssociations"],
    "cleanroomsml.collaboration_configured_model_algorithm_association_collaboration_identifier": ["ListCollaborationConfiguredModelAlgorithmAssociations"],
    "cleanroomsml.collaboration_ml_input_channels_list": ["ListCollaborationMLInputChannels"],
    "cleanroomsml.collaboration_ml_input_channels_create_time": ["ListCollaborationMLInputChannels"],
    "cleanroomsml.collaboration_ml_input_channels_update_time": ["ListCollaborationMLInputChannels"],
    "cleanroomsml.collaboration_ml_input_channels_membership_identifier": ["ListCollaborationMLInputChannels"],
    "cleanroomsml.collaboration_ml_input_channels_collaboration_identifier": ["ListCollaborationMLInputChannels"],
    "cleanroomsml.collaboration_ml_input_channels_name": ["ListCollaborationMLInputChannels"],
    "cleanroomsml.collaboration_ml_input_channels_configured_model_algorithm_associations": ["ListCollaborationMLInputChannels"],
    "cleanroomsml.collaboration_ml_input_channels_status": ["ListCollaborationMLInputChannels"],
    "cleanroomsml.collaboration_ml_input_channels_description": ["ListCollaborationMLInputChannels"],
    "cleanroomsml.collaboration_trained_model_export_jobs": ["ListCollaborationTrainedModelExportJobs"],
    "cleanroomsml.collaboration_trained_model_export_job_create_time": ["ListCollaborationTrainedModelExportJobs"],
    "cleanroomsml.collaboration_trained_model_export_job_update_time": ["ListCollaborationTrainedModelExportJobs"],
    "cleanroomsml.trained_model_export_job_name": ["ListCollaborationTrainedModelExportJobs"],
    "cleanroomsml.collaboration_trained_model_export_job_output_configuration": ["ListCollaborationTrainedModelExportJobs"],
    "cleanroomsml.collaboration_trained_model_export_job_status": ["ListCollaborationTrainedModelExportJobs"],
    "cleanroomsml.collaboration_trained_model_export_job_description": ["ListCollaborationTrainedModelExportJobs"],
    "cleanroomsml.collaboration_trained_model_export_job_trained_model_version_identifier": ["ListCollaborationTrainedModelExportJobs"],
    "cleanroomsml.collaboration_trained_model_export_job_membership_identifier": ["ListCollaborationTrainedModelExportJobs"],
    "cleanroomsml.collaboration_trained_model_export_job_collaboration_identifier": ["ListCollaborationTrainedModelExportJobs"],
    "cleanroomsml.collaboration_trained_model_inference_jobs": ["ListCollaborationTrainedModelInferenceJobs"],
    "cleanroomsml.collaboration_trained_model_inference_job_membership_identifier": ["ListCollaborationTrainedModelInferenceJobs"],
    "cleanroomsml.collaboration_trained_model_inference_job_trained_model_version_identifier": ["ListCollaborationTrainedModelInferenceJobs"],
    "cleanroomsml.collaboration_trained_model_inference_job_collaboration_identifier": ["ListCollaborationTrainedModelInferenceJobs"],
    "cleanroomsml.collaboration_trained_model_inference_job_status": ["ListCollaborationTrainedModelInferenceJobs"],
    "cleanroomsml.collaboration_trained_model_inference_job_output_configuration": ["ListCollaborationTrainedModelInferenceJobs"],
    "cleanroomsml.collaboration_trained_model_inference_job_description": ["ListCollaborationTrainedModelInferenceJobs"],
    "cleanroomsml.collaboration_trained_model_inference_job_metrics_status": ["ListCollaborationTrainedModelInferenceJobs"],
    "cleanroomsml.collaboration_trained_model_inference_job_logs_status": ["ListCollaborationTrainedModelInferenceJobs"],
    "cleanroomsml.collaboration_trained_model_inference_job_create_time": ["ListCollaborationTrainedModelInferenceJobs"],
    "cleanroomsml.collaboration_trained_model_inference_job_update_time": ["ListCollaborationTrainedModelInferenceJobs"],
    "cleanroomsml.collaboration_trained_models": ["ListCollaborationTrainedModels"],
    "cleanroomsml.collaboration_trained_model_create_time": ["ListCollaborationTrainedModels"],
    "cleanroomsml.collaboration_trained_model_update_time": ["ListCollaborationTrainedModels"],
    "cleanroomsml.collaboration_trained_model_version_identifier": ["ListCollaborationTrainedModels"],
    "cleanroomsml.collaboration_trained_model_incremental_training_data_channels": ["ListCollaborationTrainedModels"],
    "cleanroomsml.collaboration_trained_model_description": ["ListCollaborationTrainedModels"],
    "cleanroomsml.collaboration_trained_model_membership_identifier": ["ListCollaborationTrainedModels"],
    "cleanroomsml.collaboration_trained_model_collaboration_identifier": ["ListCollaborationTrainedModels"],
    "cleanroomsml.configured_model_algorithm_association_create_time": ["ListConfiguredModelAlgorithmAssociations"],
    "cleanroomsml.configured_model_algorithm_association_update_time": ["ListConfiguredModelAlgorithmAssociations"],
    "cleanroomsml.configured_model_algorithm_association_description": ["ListConfiguredModelAlgorithmAssociations"],
    "cleanroomsml.configured_model_algorithm_association_membership_identifier": ["ListConfiguredModelAlgorithmAssociations"],
    "cleanroomsml.configured_model_algorithm_association_collaboration_identifier": ["ListConfiguredModelAlgorithmAssociations"],
    "cleanroomsml.ml_input_channels_list": ["ListMLInputChannels"],
    "cleanroomsml.ml_input_channels_create_time": ["ListMLInputChannels"],
    "cleanroomsml.ml_input_channels_update_time": ["ListMLInputChannels"],
    "cleanroomsml.ml_input_channels_membership_identifier": ["ListMLInputChannels"],
    "cleanroomsml.ml_input_channels_collaboration_identifier": ["ListMLInputChannels"],
    "cleanroomsml.ml_input_channels_name": ["ListMLInputChannels"],
    "cleanroomsml.ml_input_channels_configured_model_algorithm_associations": ["ListMLInputChannels"],
    "cleanroomsml.ml_input_channels_protected_query_identifier": ["ListMLInputChannels"],
    "cleanroomsml.ml_input_channels_status": ["ListMLInputChannels"],
    "cleanroomsml.ml_input_channels_description": ["ListMLInputChannels"],
    "cleanroomsml.trained_model_inference_jobs": ["ListTrainedModelInferenceJobs"],
    "cleanroomsml.trained_model_inference_job_membership_identifier": ["ListTrainedModelInferenceJobs"],
    "cleanroomsml.trained_model_inference_job_trained_model_version_identifier": ["ListTrainedModelInferenceJobs"],
    "cleanroomsml.trained_model_inference_job_collaboration_identifier": ["ListTrainedModelInferenceJobs"],
    "cleanroomsml.trained_model_inference_job_output_configuration": ["ListTrainedModelInferenceJobs"],
    "cleanroomsml.trained_model_inference_job_description": ["ListTrainedModelInferenceJobs"],
    "cleanroomsml.trained_model_inference_job_metrics_status": ["ListTrainedModelInferenceJobs"],
    "cleanroomsml.trained_model_inference_job_logs_status": ["ListTrainedModelInferenceJobs"],
    "cleanroomsml.trained_model_inference_job_create_time": ["ListTrainedModelInferenceJobs"],
    "cleanroomsml.trained_model_inference_job_update_time": ["ListTrainedModelInferenceJobs"],
    "cleanroomsml.trained_models": ["ListTrainedModelVersions", "ListTrainedModels"],
    "cleanroomsml.trained_model_create_time": ["ListTrainedModelVersions", "ListTrainedModels"],
    "cleanroomsml.trained_model_update_time": ["ListTrainedModelVersions", "ListTrainedModels"],
    "cleanroomsml.trained_model_incremental_training_data_channels": ["ListTrainedModelVersions", "ListTrainedModels"],
    "cleanroomsml.trained_model_description": ["ListTrainedModelVersions", "ListTrainedModels"],
    "cleanroomsml.trained_model_membership_identifier": ["ListTrainedModelVersions", "ListTrainedModels"],
    "cleanroomsml.trained_model_collaboration_identifier": ["ListTrainedModelVersions", "ListTrainedModels"]
  },
  "entity_consumers": {
    "cleanroomsml.membership_identifier": ["ListTrainedModels", "GetTrainedModelInferenceJob", "ListTrainedModelVersions", "CreateMLInputChannel", "GetMLConfiguration", "DeleteMLConfiguration", "GetConfiguredModelAlgorithmAssociation", "GetMLInputChannel", "StartTrainedModelInferenceJob", "GetTrainedModel", "CancelTrainedModelInferenceJob", "DeleteMLInputChannelData", "ListTrainedModelInferenceJobs", "CreateConfiguredModelAlgorithmAssociation", "ListMLInputChannels", "CreateTrainedModel", "StartTrainedModelExportJob", "DeleteConfiguredModelAlgorithmAssociation", "PutMLConfiguration", "CancelTrainedModel", "ListConfiguredModelAlgorithmAssociations", "DeleteTrainedModelOutput"],
    "cleanroomsml.trainedmodel_arn": ["StartTrainedModelInferenceJob", "ListCollaborationTrainedModelExportJobs", "ListTrainedModelVersions", "GetTrainedModel", "GetCollaborationTrainedModel", "CancelTrainedModel", "StartTrainedModelExportJob", "DeleteTrainedModelOutput"],
    "cleanroomsml.trainedmodelinferencejob_arn": ["GetTrainedModelInferenceJob", "CancelTrainedModelInferenceJob"],
    "cleanroomsml.audience_model_arn_name": ["CreateAudienceModel", "CreateConfiguredAudienceModel"],
    "cleanroomsml.trainingdataset_arn": ["CreateAudienceModel", "DeleteTrainingDataset", "GetTrainingDataset"],
    "cleanroomsml.audiencemodel_arn": ["GetAudienceModel", "CreateConfiguredAudienceModel", "DeleteAudienceModel"],
    "cleanroomsml.output_config": ["CreateConfiguredAudienceModel"],
    "cleanroomsml.shared_audience_metrics": ["CreateConfiguredAudienceModel"],
    "cleanroomsml.configured_model_algorithm_arn_name": ["CreateConfiguredModelAlgorithm"],
    "cleanroomsml.role_arn": ["CreateConfiguredModelAlgorithm", "CreateTrainingDataset"],
    "cleanroomsml.configuredmodelalgorithm_arn": ["DeleteConfiguredModelAlgorithm", "GetConfiguredModelAlgorithm", "CreateConfiguredModelAlgorithmAssociation"],
    "cleanroomsml.configured_model_algorithm_association_arn_name": ["CreateConfiguredModelAlgorithmAssociation"],
    "cleanroomsml.configured_model_algorithm_associations": ["CreateMLInputChannel"],
    "cleanroomsml.input_channel": ["CreateMLInputChannel"],
    "cleanroomsml.ml_input_channel_arn_name": ["CreateMLInputChannel"],
    "cleanroomsml.retention_in_days": ["CreateMLInputChannel"],
    "cleanroomsml.trained_model_arn_name": ["CreateTrainedModel"],
    "cleanroomsml.configuredmodelalgorithmassociation_arn": ["GetConfiguredModelAlgorithmAssociation", "GetCollaborationConfiguredModelAlgorithmAssociation", "CreateTrainedModel", "DeleteConfiguredModelAlgorithmAssociation"],
    "cleanroomsml.resource_config": ["StartTrainedModelInferenceJob", "CreateTrainedModel"],
    "cleanroomsml.data_channels": ["CreateTrainedModel"],
    "cleanroomsml.training_dataset_arn_name": ["CreateTrainingDataset"],
    "cleanroomsml.training_data": ["CreateTrainingDataset"],
    "cleanroomsml.audiencegenerationjob_arn": ["DeleteAudienceGenerationJob", "StartAudienceExportJob", "GetAudienceGenerationJob"],
    "cleanroomsml.configuredaudiencemodel_arn": ["DeleteConfiguredAudienceModelPolicy", "GetConfiguredAudienceModelPolicy", "GetConfiguredAudienceModel", "UpdateConfiguredAudienceModel", "StartAudienceGenerationJob", "DeleteConfiguredAudienceModel", "PutConfiguredAudienceModelPolicy"],
    "cleanroomsml.mlinputchannel_arn": ["GetCollaborationMLInputChannel", "DeleteMLInputChannelData", "GetMLInputChannel"],
    "cleanroomsml.collaboration_identifier": ["ListCollaborationConfiguredModelAlgorithmAssociations", "ListCollaborationTrainedModelExportJobs", "ListCollaborationTrainedModelInferenceJobs", "GetCollaborationConfiguredModelAlgorithmAssociation", "GetCollaborationTrainedModel", "ListCollaborationTrainedModels", "ListCollaborationMLInputChannels", "GetCollaborationMLInputChannel"],
    "cleanroomsml.resource_arn": ["UntagResource", "TagResource", "ListTagsForResource"],
    "cleanroomsml.configured_audience_model_policy": ["PutConfiguredAudienceModelPolicy"],
    "cleanroomsml.default_output_location": ["PutMLConfiguration"],
    "cleanroomsml.audience_export_job_name": ["StartAudienceExportJob"],
    "cleanroomsml.audience_size": ["StartAudienceExportJob"],
    "cleanroomsml.audience_generation_job_arn_name": ["StartAudienceGenerationJob"],
    "cleanroomsml.seed_audience": ["StartAudienceGenerationJob"],
    "cleanroomsml.trained_model_export_job_name": ["StartTrainedModelExportJob"],
    "cleanroomsml.output_configuration": ["StartTrainedModelExportJob", "StartTrainedModelInferenceJob"],
    "cleanroomsml.trained_model_inference_job_arn_name": ["StartTrainedModelInferenceJob"],
    "cleanroomsml.data_source": ["StartTrainedModelInferenceJob"],
    "cleanroomsml.tags": ["TagResource"],
    "cleanroomsml.tag_keys": ["UntagResource"]
  },
  "external_entities": ["cleanroomsml.audience_generation_job_arn_name", "cleanroomsml.audience_model_arn_name", "cleanroomsml.audience_size", "cleanroomsml.audiencegenerationjob_arn", "cleanroomsml.audiencemodel_arn", "cleanroomsml.configured_model_algorithm_arn_name", "cleanroomsml.configured_model_algorithm_association_arn_name", "cleanroomsml.configuredaudiencemodel_arn", "cleanroomsml.configuredmodelalgorithm_arn", "cleanroomsml.configuredmodelalgorithmassociation_arn", "cleanroomsml.ml_input_channel_arn_name", "cleanroomsml.mlinputchannel_arn", "cleanroomsml.resource_arn", "cleanroomsml.tag_keys", "cleanroomsml.trained_model_arn_name", "cleanroomsml.trained_model_inference_job_arn_name", "cleanroomsml.trainedmodel_arn", "cleanroomsml.trainedmodelinferencejob_arn", "cleanroomsml.training_dataset_arn_name", "cleanroomsml.trainingdataset_arn"]
}