{
  "service": "cleanroomsml",
  "fixes": [
    {
      "rule_id": "1",
      "suggested_check": {
        "var": "name",
        "op": "equals",
        "value": "true",
        "derived": null,
        "derive_key": null
      },
      "suggested_aliases": {
        "entity_aliases": {
          "cleanroomsml.audience_export_job_name": "audienceExportJobs[].name"
        },
        "param_aliases": {
          "param": [
            "audienceExportJobs[].name"
          ]
        }
      },
      "confidence": 0.85,
      "reason": "The variable 'name' directly corresponds to the audience export job name."
    },
    {
      "rule_id": "2",
      "suggested_check": {
        "var": "name",
        "op": "equals",
        "value": "true",
        "derived": null,
        "derive_key": null
      },
      "suggested_aliases": {
        "entity_aliases": {
          "cleanroomsml.audience_generation_job_name": "audienceGenerationJobs[].name"
        },
        "param_aliases": {
          "param": [
            "audienceGenerationJobs[].name"
          ]
        }
      },
      "confidence": 0.85,
      "reason": "The variable 'name' directly corresponds to the audience generation job name."
    },
    {
      "rule_id": "3",
      "suggested_check": {
        "var": "name",
        "op": "equals",
        "value": "true",
        "derived": null,
        "derive_key": null
      },
      "suggested_aliases": {
        "entity_aliases": {
          "cleanroomsml.audience_model_name": "audienceModels[].name"
        },
        "param_aliases": {
          "param": [
            "audienceModels[].name"
          ]
        }
      },
      "confidence": 0.85,
      "reason": "The variable 'name' directly corresponds to the audience model name."
    },
    {
      "rule_id": "4",
      "suggested_check": {
        "var": "name",
        "op": "equals",
        "value": "true",
        "derived": null,
        "derive_key": null
      },
      "suggested_aliases": {
        "entity_aliases": {
          "cleanroomsml.configured_audience_model_name": "configuredAudienceModels[].name"
        },
        "param_aliases": {
          "param": [
            "configuredAudienceModels[].name"
          ]
        }
      },
      "confidence": 0.85,
      "reason": "The variable 'name' directly corresponds to the configured audience model name."
    },
    {
      "rule_id": "5",
      "suggested_check": {
        "var": "name",
        "op": "equals",
        "value": "true",
        "derived": null,
        "derive_key": null
      },
      "suggested_aliases": {
        "entity_aliases": {
          "cleanroomsml.configured_model_algorithm_name": "configuredModelAlgorithms[].name"
        },
        "param_aliases": {
          "param": [
            "configuredModelAlgorithms[].name"
          ]
        }
      },
      "confidence": 0.85,
      "reason": "The variable 'name' directly corresponds to the configured model algorithm name."
    },
    {
      "rule_id": "6",
      "suggested_check": {
        "var": "name",
        "op": "equals",
        "value": "true",
        "derived": null,
        "derive_key": null
      },
      "suggested_aliases": {
        "entity_aliases": {
          "cleanroomsml.training_dataset_name": "trainingDatasets[].name"
        },
        "param_aliases": {
          "param": [
            "trainingDatasets[].name"
          ]
        }
      },
      "confidence": 0.85,
      "reason": "The variable 'name' directly corresponds to the training dataset name."
    },
    {
      "rule_id": "7",
      "suggested_check": {
        "var": "name",
        "op": "equals",
        "value": "true",
        "derived": null,
        "derive_key": null
      },
      "suggested_aliases": {
        "entity_aliases": {
          "cleanroomsml.audience_model_arn_name": "CreateAudienceModel.name"
        },
        "param_aliases": {
          "param": [
            "CreateAudienceModel.name"
          ]
        }
      },
      "confidence": 0.9,
      "reason": "The variable 'name' directly corresponds to the audience model ARN name."
    },
    {
      "rule_id": "8",
      "suggested_check": {
        "var": "name",
        "op": "equals",
        "value": "true",
        "derived": null,
        "derive_key": null
      },
      "suggested_aliases": {
        "entity_aliases": {
          "cleanroomsml.audience_model_arn_name": "CreateConfiguredAudienceModel.name"
        },
        "param_aliases": {
          "param": [
            "CreateConfiguredAudienceModel.name"
          ]
        }
      },
      "confidence": 0.9,
      "reason": "The variable 'name' directly corresponds to the audience model ARN name."
    },
    {
      "rule_id": "9",
      "suggested_check": {
        "var": "name",
        "op": "equals",
        "value": "true",
        "derived": null,
        "derive_key": null
      },
      "suggested_aliases": {
        "entity_aliases": {
          "cleanroomsml.configured_model_algorithm_arn_name": "CreateConfiguredModelAlgorithm.name"
        },
        "param_aliases": {
          "param": [
            "CreateConfiguredModelAlgorithm.name"
          ]
        }
      },
      "confidence": 0.9,
      "reason": "The variable 'name' directly corresponds to the configured model algorithm ARN name."
    },
    {
      "rule_id": "10",
      "suggested_check": {
        "var": "name",
        "op": "equals",
        "value": "true",
        "derived": null,
        "derive_key": null
      },
      "suggested_aliases": {
        "entity_aliases": {
          "cleanroomsml.configured_model_algorithm_association_arn_name": "CreateConfiguredModelAlgorithmAssociation.name"
        },
        "param_aliases": {
          "param": [
            "CreateConfiguredModelAlgorithmAssociation.name"
          ]
        }
      },
      "confidence": 0.9,
      "reason": "The variable 'name' directly corresponds to the configured model algorithm association ARN name."
    },
    {
      "type": "llm_fix",
      "original": "1",
      "fix": {
        "var": "name",
        "op": "equals",
        "value": "true",
        "derived": null,
        "derive_key": null
      },
      "confidence": 0.85,
      "reason": "The name field directly corresponds to the audience export job name.",
      "aliases": {
        "entity_aliases": {
          "cleanroomsml.audience_export_job_name": "audienceExportJobs[].name"
        },
        "param_aliases": {
          "param": [
            "audienceExportJobs[].name"
          ]
        }
      }
    },
    {
      "type": "llm_fix",
      "original": "2",
      "fix": {
        "var": "name",
        "op": "equals",
        "value": "true",
        "derived": null,
        "derive_key": null
      },
      "confidence": 0.85,
      "reason": "The name field directly corresponds to the audience generation job name.",
      "aliases": {
        "entity_aliases": {
          "cleanroomsml.audience_generation_job_name": "audienceGenerationJobs[].name"
        },
        "param_aliases": {
          "param": [
            "audienceGenerationJobs[].name"
          ]
        }
      }
    },
    {
      "type": "llm_fix",
      "original": "3",
      "fix": {
        "var": "name",
        "op": "equals",
        "value": "true",
        "derived": null,
        "derive_key": null
      },
      "confidence": 0.85,
      "reason": "The name field directly corresponds to the audience model name.",
      "aliases": {
        "entity_aliases": {
          "cleanroomsml.audience_model_name": "audienceModels[].name"
        },
        "param_aliases": {
          "param": [
            "audienceModels[].name"
          ]
        }
      }
    },
    {
      "type": "llm_fix",
      "original": "4",
      "fix": {
        "var": "name",
        "op": "equals",
        "value": "true",
        "derived": null,
        "derive_key": null
      },
      "confidence": 0.85,
      "reason": "The name field directly corresponds to the configured audience model name.",
      "aliases": {
        "entity_aliases": {
          "cleanroomsml.configured_audience_model_name": "configuredAudienceModels[].name"
        },
        "param_aliases": {
          "param": [
            "configuredAudienceModels[].name"
          ]
        }
      }
    },
    {
      "type": "llm_fix",
      "original": "5",
      "fix": {
        "var": "name",
        "op": "equals",
        "value": "true",
        "derived": null,
        "derive_key": null
      },
      "confidence": 0.85,
      "reason": "The name field directly corresponds to the configured model algorithm name.",
      "aliases": {
        "entity_aliases": {
          "cleanroomsml.configured_model_algorithm_name": "configuredModelAlgorithms[].name"
        },
        "param_aliases": {
          "param": [
            "configuredModelAlgorithms[].name"
          ]
        }
      }
    },
    {
      "type": "llm_fix",
      "original": "6",
      "fix": {
        "var": "name",
        "op": "equals",
        "value": "true",
        "derived": null,
        "derive_key": null
      },
      "confidence": 0.85,
      "reason": "The name field directly corresponds to the training dataset name.",
      "aliases": {
        "entity_aliases": {
          "cleanroomsml.training_dataset_name": "trainingDatasets[].name"
        },
        "param_aliases": {
          "param": [
            "trainingDatasets[].name"
          ]
        }
      }
    },
    {
      "type": "llm_fix",
      "original": "7",
      "fix": {
        "var": "name",
        "op": "equals",
        "value": "true",
        "derived": null,
        "derive_key": null
      },
      "confidence": 0.85,
      "reason": "The name field directly corresponds to the audience model ARN name.",
      "aliases": {
        "entity_aliases": {
          "cleanroomsml.audience_model_arn_name": "CreateAudienceModel.name"
        },
        "param_aliases": {
          "param": [
            "CreateAudienceModel.name"
          ]
        }
      }
    },
    {
      "type": "llm_fix",
      "original": "8",
      "fix": {
        "var": "name",
        "op": "equals",
        "value": "true",
        "derived": null,
        "derive_key": null
      },
      "confidence": 0.85,
      "reason": "The name field directly corresponds to the audience model ARN name.",
      "aliases": {
        "entity_aliases": {
          "cleanroomsml.audience_model_arn_name": "CreateConfiguredAudienceModel.name"
        },
        "param_aliases": {
          "param": [
            "CreateConfiguredAudienceModel.name"
          ]
        }
      }
    },
    {
      "type": "llm_fix",
      "original": "9",
      "fix": {
        "var": "name",
        "op": "equals",
        "value": "true",
        "derived": null,
        "derive_key": null
      },
      "confidence": 0.85,
      "reason": "The name field directly corresponds to the configured model algorithm ARN name.",
      "aliases": {
        "entity_aliases": {
          "cleanroomsml.configured_model_algorithm_arn_name": "CreateConfiguredModelAlgorithm.name"
        },
        "param_aliases": {
          "param": [
            "CreateConfiguredModelAlgorithm.name"
          ]
        }
      }
    },
    {
      "type": "llm_fix",
      "original": "10",
      "fix": {
        "var": "name",
        "op": "equals",
        "value": "true",
        "derived": null,
        "derive_key": null
      },
      "confidence": 0.85,
      "reason": "The name field directly corresponds to the configured model algorithm association ARN name.",
      "aliases": {
        "entity_aliases": {
          "cleanroomsml.configured_model_algorithm_association_arn_name": "CreateConfiguredModelAlgorithmAssociation.name"
        },
        "param_aliases": {
          "param": [
            "CreateConfiguredModelAlgorithmAssociation.name"
          ]
        }
      }
    }
  ],
  "summary": {
    "total_fixes": 20,
    "remaining_unresolved": 40
  }
}