{
  "service": "cleanroomsml",
  "version": "1.0",
  "kind_rules": {
    "read_list": ["List"],
    "read_get": ["Get", "Describe"],
    "write_create": ["Create", "Start", "Generate", "Import", "Enable", "Register"],
    "write_update": ["Update", "Modify", "Put", "Set", "Change", "Reset", "Patch"],
    "write_delete": ["Delete", "Remove", "Terminate", "Destroy", "Disable", "Detach", "Disassociate", "Untag", "Revoke"],
    "write_apply": ["Apply", "Attach", "Associate", "Add", "Tag", "Authorize", "Unauthorize", "Grant"],
    "other": ["default"]
  },
  "entity_aliases": {
    "cleanroomsml.collaboration_ml_input_channels_ml_input_channel_arn": "cleanroomsml.ml_input_channel_arn",
    "cleanroomsml.collaboration_trained_model_name": "cleanroomsml.trained_model_name",
    "cleanroomsml.audience_export_job_audience_generation_job_arn": "cleanroomsml.audience_generation_job_arn",
    "cleanroomsml.collaboration_trained_model_creator_account_id": "cleanroomsml.creator_account_id",
    "cleanroomsml.audience_generation_job_configured_audience_model_arn": "cleanroomsml.audience_model_arn",
    "cleanroomsml.ml_input_channels_ml_input_channel_arn": "cleanroomsml.ml_input_channel_arn",
    "cleanroomsml.collaboration_trained_model_export_job_trained_model_arn": "cleanroomsml.trained_model_arn",
    "cleanroomsml.collaboration_configured_model_algorithm_association_creator_account_id": "cleanroomsml.creator_account_id",
    "cleanroomsml.collaboration_trained_model_inference_job_creator_account_id": "cleanroomsml.creator_account_id",
    "cleanroomsml.trained_model_inference_job_trained_model_arn": "cleanroomsml.trained_model_arn",
    "cleanroomsml.collaboration_trained_model_export_job_creator_account_id": "cleanroomsml.creator_account_id",
    "cleanroomsml.collaboration_trained_model_inference_job_configured_model_algorithm_association_arn": "cleanroomsml.configured_model_algorithm_association_arn",
    "cleanroomsml.trained_model_configured_model_algorithm_association_arn": "cleanroomsml.configured_model_algorithm_association_arn",
    "cleanroomsml.default_output_location_role_arn": "cleanroomsml.role_arn",
    "cleanroomsml.collaboration_trained_model_trained_model_arn": "cleanroomsml.trained_model_arn",
    "cleanroomsml.configured_audience_model_arn_name": "cleanroomsml.audience_model_arn_name",
    "cleanroomsml.collaboration_trained_model_configured_model_algorithm_association_arn": "cleanroomsml.configured_model_algorithm_association_arn",
    "cleanroomsml.trained_model_inference_job_configured_model_algorithm_association_arn": "cleanroomsml.configured_model_algorithm_association_arn",
    "cleanroomsml.collaboration_configured_model_algorithm_association_configured_model_algorithm_arn": "cleanroomsml.configured_model_algorithm_arn",
    "cleanroomsml.collaboration_trained_model_inference_job_trained_model_arn": "cleanroomsml.trained_model_arn",
    "cleanroomsml.configured_model_algorithm_association_configured_model_algorithm_arn": "cleanroomsml.configured_model_algorithm_arn",
    "cleanroomsml.collaboration_configured_model_algorithm_association_configured_model_algorithm_association_arn": "cleanroomsml.configured_model_algorithm_association_arn",
    "cleanroomsml.audience_model_training_dataset_arn": "cleanroomsml.training_dataset_arn",
    "cleanroomsml.collaboration_trained_model_inference_job_trained_model_inference_job_arn": "cleanroomsml.trained_model_inference_job_arn",
    "cleanroomsml.collaboration_trained_model_export_job_name": "cleanroomsml.trained_model_export_job_name",
    "cleanroomsml.collaboration_trained_model_inference_job_name": "cleanroomsml.trained_model_inference_job_name",
    "cleanroomsml.configured_audience_model_audience_model_arn": "cleanroomsml.audience_model_arn",
    "cleanroomsml.collaboration_ml_input_channels_creator_account_id": "cleanroomsml.creator_account_id",
    "cleanroomsml.collaboration_trained_model_export_job_status_details": "cleanroomsml.collaboration_trained_model_export_job_status",
    "cleanroomsml.collaboration_trained_model_inference_job_logs_status_details": "cleanroomsml.collaboration_trained_model_inference_job_logs_status",
    "cleanroomsml.trained_model_inference_job_metrics_status_details": "cleanroomsml.trained_model_inference_job_metrics_status",
    "cleanroomsml.logs_status_details": "cleanroomsml.logs_status",
    "cleanroomsml.collaboration_trained_model_inference_job_metrics_status_details": "cleanroomsml.collaboration_trained_model_inference_job_metrics_status",
    "cleanroomsml.metrics_status_details": "cleanroomsml.metrics_status",
    "cleanroomsml.trained_model_inference_job_logs_status_details": "cleanroomsml.trained_model_inference_job_logs_status",
    "cleanroomsml.audience_export_job_status_details": "cleanroomsml.audience_export_job_status"
  },
  "overrides": {},
  "operations": {
    "ListAudienceExportJobs": {
      "kind": "read_list",
      "side_effect": false,
      "sdk": {"client": "cleanroomsml", "method": "list_audience_export_jobs"},
      "consumes": [],
      "produces": [{"entity": "cleanroomsml.next_token", "source": "output", "path": "nextToken"}, {"entity": "cleanroomsml.audience_export_jobs", "source": "output", "path": "audienceExportJobs"}, {"entity": "cleanroomsml.audience_export_job_create_time", "source": "item", "path": "audienceExportJobs[].createTime"}, {"entity": "cleanroomsml.audience_export_job_update_time", "source": "item", "path": "audienceExportJobs[].updateTime"}, {"entity": "cleanroomsml.audience_export_job_name", "source": "item", "path": "audienceExportJobs[].name"}, {"entity": "cleanroomsml.audience_generation_job_arn", "source": "item", "path": "audienceExportJobs[].audienceGenerationJobArn"}, {"entity": "cleanroomsml.audience_export_job_audience_size", "source": "item", "path": "audienceExportJobs[].audienceSize"}, {"entity": "cleanroomsml.audience_export_job_description", "source": "item", "path": "audienceExportJobs[].description"}, {"entity": "cleanroomsml.audience_export_job_status", "source": "item", "path": "audienceExportJobs[].status"}, {"entity": "cleanroomsml.audience_export_job_status", "source": "item", "path": "audienceExportJobs[].statusDetails"}, {"entity": "cleanroomsml.audience_export_job_output_location", "source": "item", "path": "audienceExportJobs[].outputLocation"}],
      "notes": ""
    },
    "ListAudienceGenerationJobs": {
      "kind": "read_list",
      "side_effect": false,
      "sdk": {"client": "cleanroomsml", "method": "list_audience_generation_jobs"},
      "consumes": [],
      "produces": [{"entity": "cleanroomsml.next_token", "source": "output", "path": "nextToken"}, {"entity": "cleanroomsml.audience_generation_jobs", "source": "output", "path": "audienceGenerationJobs"}, {"entity": "cleanroomsml.audience_generation_job_create_time", "source": "item", "path": "audienceGenerationJobs[].createTime"}, {"entity": "cleanroomsml.audience_generation_job_update_time", "source": "item", "path": "audienceGenerationJobs[].updateTime"}, {"entity": "cleanroomsml.audience_generation_job_arn", "source": "item", "path": "audienceGenerationJobs[].audienceGenerationJobArn"}, {"entity": "cleanroomsml.audience_generation_job_name", "source": "item", "path": "audienceGenerationJobs[].name"}, {"entity": "cleanroomsml.audience_generation_job_description", "source": "item", "path": "audienceGenerationJobs[].description"}, {"entity": "cleanroomsml.audience_generation_job_status", "source": "item", "path": "audienceGenerationJobs[].status"}, {"entity": "cleanroomsml.audience_model_arn", "source": "item", "path": "audienceGenerationJobs[].configuredAudienceModelArn"}, {"entity": "cleanroomsml.audience_generation_job_collaboration_id", "source": "item", "path": "audienceGenerationJobs[].collaborationId"}, {"entity": "cleanroomsml.audience_generation_job_started_by", "source": "item", "path": "audienceGenerationJobs[].startedBy"}],
      "notes": ""
    },
    "ListAudienceModels": {
      "kind": "read_list",
      "side_effect": false,
      "sdk": {"client": "cleanroomsml", "method": "list_audience_models"},
      "consumes": [],
      "produces": [{"entity": "cleanroomsml.next_token", "source": "output", "path": "nextToken"}, {"entity": "cleanroomsml.audience_models", "source": "output", "path": "audienceModels"}, {"entity": "cleanroomsml.audience_model_create_time", "source": "item", "path": "audienceModels[].createTime"}, {"entity": "cleanroomsml.audience_model_update_time", "source": "item", "path": "audienceModels[].updateTime"}, {"entity": "cleanroomsml.audience_model_arn", "source": "item", "path": "audienceModels[].audienceModelArn"}, {"entity": "cleanroomsml.audience_model_name", "source": "item", "path": "audienceModels[].name"}, {"entity": "cleanroomsml.training_dataset_arn", "source": "item", "path": "audienceModels[].trainingDatasetArn"}, {"entity": "cleanroomsml.audience_model_status", "source": "item", "path": "audienceModels[].status"}, {"entity": "cleanroomsml.audience_model_description", "source": "item", "path": "audienceModels[].description"}],
      "notes": ""
    },
    "ListConfiguredAudienceModels": {
      "kind": "read_list",
      "side_effect": false,
      "sdk": {"client": "cleanroomsml", "method": "list_configured_audience_models"},
      "consumes": [],
      "produces": [{"entity": "cleanroomsml.next_token", "source": "output", "path": "nextToken"}, {"entity": "cleanroomsml.configured_audience_models", "source": "output", "path": "configuredAudienceModels"}, {"entity": "cleanroomsml.configured_audience_model_create_time", "source": "item", "path": "configuredAudienceModels[].createTime"}, {"entity": "cleanroomsml.configured_audience_model_update_time", "source": "item", "path": "configuredAudienceModels[].updateTime"}, {"entity": "cleanroomsml.configured_audience_model_name", "source": "item", "path": "configuredAudienceModels[].name"}, {"entity": "cleanroomsml.audience_model_arn", "source": "item", "path": "configuredAudienceModels[].audienceModelArn"}, {"entity": "cleanroomsml.configured_audience_model_output_config", "source": "item", "path": "configuredAudienceModels[].outputConfig"}, {"entity": "cleanroomsml.configured_audience_model_description", "source": "item", "path": "configuredAudienceModels[].description"}, {"entity": "cleanroomsml.configured_audience_model_arn", "source": "item", "path": "configuredAudienceModels[].configuredAudienceModelArn"}, {"entity": "cleanroomsml.configured_audience_model_status", "source": "item", "path": "configuredAudienceModels[].status"}],
      "notes": ""
    },
    "ListConfiguredModelAlgorithms": {
      "kind": "read_list",
      "side_effect": false,
      "sdk": {"client": "cleanroomsml", "method": "list_configured_model_algorithms"},
      "consumes": [],
      "produces": [{"entity": "cleanroomsml.next_token", "source": "output", "path": "nextToken"}, {"entity": "cleanroomsml.configured_model_algorithms", "source": "output", "path": "configuredModelAlgorithms"}, {"entity": "cleanroomsml.configured_model_algorithm_create_time", "source": "item", "path": "configuredModelAlgorithms[].createTime"}, {"entity": "cleanroomsml.configured_model_algorithm_update_time", "source": "item", "path": "configuredModelAlgorithms[].updateTime"}, {"entity": "cleanroomsml.configured_model_algorithm_arn", "source": "item", "path": "configuredModelAlgorithms[].configuredModelAlgorithmArn"}, {"entity": "cleanroomsml.configured_model_algorithm_name", "source": "item", "path": "configuredModelAlgorithms[].name"}, {"entity": "cleanroomsml.configured_model_algorithm_description", "source": "item", "path": "configuredModelAlgorithms[].description"}],
      "notes": ""
    },
    "ListTrainingDatasets": {
      "kind": "read_list",
      "side_effect": false,
      "sdk": {"client": "cleanroomsml", "method": "list_training_datasets"},
      "consumes": [],
      "produces": [{"entity": "cleanroomsml.next_token", "source": "output", "path": "nextToken"}, {"entity": "cleanroomsml.training_datasets", "source": "output", "path": "trainingDatasets"}, {"entity": "cleanroomsml.training_dataset_create_time", "source": "item", "path": "trainingDatasets[].createTime"}, {"entity": "cleanroomsml.training_dataset_update_time", "source": "item", "path": "trainingDatasets[].updateTime"}, {"entity": "cleanroomsml.training_dataset_arn", "source": "item", "path": "trainingDatasets[].trainingDatasetArn"}, {"entity": "cleanroomsml.training_dataset_name", "source": "item", "path": "trainingDatasets[].name"}, {"entity": "cleanroomsml.training_dataset_status", "source": "item", "path": "trainingDatasets[].status"}, {"entity": "cleanroomsml.training_dataset_description", "source": "item", "path": "trainingDatasets[].description"}],
      "notes": ""
    },
    "CancelTrainedModel": {
      "kind": "other",
      "side_effect": true,
      "sdk": {"client": "cleanroomsml", "method": "cancel_trained_model"},
      "consumes": [{"entity": "cleanroomsml.membership_identifier", "param": "membershipIdentifier", "required": true, "source": "internal"}, {"entity": "cleanroomsml.trainedmodel_arn", "param": "trainedModelArn", "required": true, "source": "external"}],
      "produces": [],
      "notes": ""
    },
    "CancelTrainedModelInferenceJob": {
      "kind": "other",
      "side_effect": true,
      "sdk": {"client": "cleanroomsml", "method": "cancel_trained_model_inference_job"},
      "consumes": [{"entity": "cleanroomsml.membership_identifier", "param": "membershipIdentifier", "required": true, "source": "internal"}, {"entity": "cleanroomsml.trainedmodelinferencejob_arn", "param": "trainedModelInferenceJobArn", "required": true, "source": "external"}],
      "produces": [],
      "notes": ""
    },
    "CreateAudienceModel": {
      "kind": "write_create",
      "side_effect": true,
      "sdk": {"client": "cleanroomsml", "method": "create_audience_model"},
      "consumes": [{"entity": "cleanroomsml.audience_model_arn_name", "param": "name", "required": true, "source": "external"}, {"entity": "cleanroomsml.trainingdataset_arn", "param": "trainingDatasetArn", "required": true, "source": "external"}],
      "produces": [{"entity": "cleanroomsml.audience_model_arn", "source": "output", "path": "audienceModelArn"}],
      "notes": ""
    },
    "CreateConfiguredAudienceModel": {
      "kind": "write_create",
      "side_effect": true,
      "sdk": {"client": "cleanroomsml", "method": "create_configured_audience_model"},
      "consumes": [{"entity": "cleanroomsml.audience_model_arn_name", "param": "name", "required": true, "source": "external"}, {"entity": "cleanroomsml.audiencemodel_arn", "param": "audienceModelArn", "required": true, "source": "external"}, {"entity": "cleanroomsml.output_config", "param": "outputConfig", "required": true, "source": "internal"}, {"entity": "cleanroomsml.shared_audience_metrics", "param": "sharedAudienceMetrics", "required": true, "source": "internal"}],
      "produces": [{"entity": "cleanroomsml.configured_audience_model_arn", "source": "output", "path": "configuredAudienceModelArn"}],
      "notes": ""
    },
    "CreateConfiguredModelAlgorithm": {
      "kind": "write_create",
      "side_effect": true,
      "sdk": {"client": "cleanroomsml", "method": "create_configured_model_algorithm"},
      "consumes": [{"entity": "cleanroomsml.configured_model_algorithm_arn_name", "param": "name", "required": true, "source": "external"}, {"entity": "cleanroomsml.role_arn", "param": "roleArn", "required": true, "source": "internal"}],
      "produces": [{"entity": "cleanroomsml.configured_model_algorithm_arn", "source": "output", "path": "configuredModelAlgorithmArn"}],
      "notes": ""
    },
    "CreateConfiguredModelAlgorithmAssociation": {
      "kind": "write_create",
      "side_effect": true,
      "sdk": {"client": "cleanroomsml", "method": "create_configured_model_algorithm_association"},
      "consumes": [{"entity": "cleanroomsml.membership_identifier", "param": "membershipIdentifier", "required": true, "source": "internal"}, {"entity": "cleanroomsml.configuredmodelalgorithm_arn", "param": "configuredModelAlgorithmArn", "required": true, "source": "external"}, {"entity": "cleanroomsml.configured_model_algorithm_association_arn_name", "param": "name", "required": true, "source": "external"}],
      "produces": [{"entity": "cleanroomsml.configured_model_algorithm_association_arn", "source": "output", "path": "configuredModelAlgorithmAssociationArn"}],
      "notes": ""
    },
    "CreateMLInputChannel": {
      "kind": "write_create",
      "side_effect": true,
      "sdk": {"client": "cleanroomsml", "method": "create_ml_input_channel"},
      "consumes": [{"entity": "cleanroomsml.membership_identifier", "param": "membershipIdentifier", "required": true, "source": "internal"}, {"entity": "cleanroomsml.configured_model_algorithm_associations", "param": "configuredModelAlgorithmAssociations", "required": true, "source": "internal"}, {"entity": "cleanroomsml.input_channel", "param": "inputChannel", "required": true, "source": "internal"}, {"entity": "cleanroomsml.ml_input_channel_arn_name", "param": "name", "required": true, "source": "external"}, {"entity": "cleanroomsml.retention_in_days", "param": "retentionInDays", "required": true, "source": "internal"}],
      "produces": [{"entity": "cleanroomsml.ml_input_channel_arn", "source": "output", "path": "mlInputChannelArn"}],
      "notes": ""
    },
    "CreateTrainedModel": {
      "kind": "write_create",
      "side_effect": true,
      "sdk": {"client": "cleanroomsml", "method": "create_trained_model"},
      "consumes": [{"entity": "cleanroomsml.membership_identifier", "param": "membershipIdentifier", "required": true, "source": "internal"}, {"entity": "cleanroomsml.trained_model_arn_name", "param": "name", "required": true, "source": "external"}, {"entity": "cleanroomsml.configuredmodelalgorithmassociation_arn", "param": "configuredModelAlgorithmAssociationArn", "required": true, "source": "external"}, {"entity": "cleanroomsml.resource_config", "param": "resourceConfig", "required": true, "source": "internal"}, {"entity": "cleanroomsml.data_channels", "param": "dataChannels", "required": true, "source": "internal"}],
      "produces": [{"entity": "cleanroomsml.trained_model_arn", "source": "output", "path": "trainedModelArn"}, {"entity": "cleanroomsml.version_identifier", "source": "output", "path": "versionIdentifier"}],
      "notes": ""
    },
    "CreateTrainingDataset": {
      "kind": "write_create",
      "side_effect": true,
      "sdk": {"client": "cleanroomsml", "method": "create_training_dataset"},
      "consumes": [{"entity": "cleanroomsml.training_dataset_arn_name", "param": "name", "required": true, "source": "external"}, {"entity": "cleanroomsml.role_arn", "param": "roleArn", "required": true, "source": "internal"}, {"entity": "cleanroomsml.training_data", "param": "trainingData", "required": true, "source": "internal"}],
      "produces": [{"entity": "cleanroomsml.training_dataset_arn", "source": "output", "path": "trainingDatasetArn"}],
      "notes": ""
    },
    "DeleteAudienceGenerationJob": {
      "kind": "write_delete",
      "side_effect": true,
      "sdk": {"client": "cleanroomsml", "method": "delete_audience_generation_job"},
      "consumes": [{"entity": "cleanroomsml.audiencegenerationjob_arn", "param": "audienceGenerationJobArn", "required": true, "source": "external"}],
      "produces": [],
      "notes": ""
    },
    "DeleteAudienceModel": {
      "kind": "write_delete",
      "side_effect": true,
      "sdk": {"client": "cleanroomsml", "method": "delete_audience_model"},
      "consumes": [{"entity": "cleanroomsml.audiencemodel_arn", "param": "audienceModelArn", "required": true, "source": "external"}],
      "produces": [],
      "notes": ""
    },
    "DeleteConfiguredAudienceModel": {
      "kind": "write_delete",
      "side_effect": true,
      "sdk": {"client": "cleanroomsml", "method": "delete_configured_audience_model"},
      "consumes": [{"entity": "cleanroomsml.configuredaudiencemodel_arn", "param": "configuredAudienceModelArn", "required": true, "source": "external"}],
      "produces": [],
      "notes": ""
    },
    "DeleteConfiguredAudienceModelPolicy": {
      "kind": "write_delete",
      "side_effect": true,
      "sdk": {"client": "cleanroomsml", "method": "delete_configured_audience_model_policy"},
      "consumes": [{"entity": "cleanroomsml.configuredaudiencemodel_arn", "param": "configuredAudienceModelArn", "required": true, "source": "external"}],
      "produces": [],
      "notes": ""
    },
    "DeleteConfiguredModelAlgorithm": {
      "kind": "write_delete",
      "side_effect": true,
      "sdk": {"client": "cleanroomsml", "method": "delete_configured_model_algorithm"},
      "consumes": [{"entity": "cleanroomsml.configuredmodelalgorithm_arn", "param": "configuredModelAlgorithmArn", "required": true, "source": "external"}],
      "produces": [],
      "notes": ""
    },
    "DeleteConfiguredModelAlgorithmAssociation": {
      "kind": "write_delete",
      "side_effect": true,
      "sdk": {"client": "cleanroomsml", "method": "delete_configured_model_algorithm_association"},
      "consumes": [{"entity": "cleanroomsml.configuredmodelalgorithmassociation_arn", "param": "configuredModelAlgorithmAssociationArn", "required": true, "source": "external"}, {"entity": "cleanroomsml.membership_identifier", "param": "membershipIdentifier", "required": true, "source": "internal"}],
      "produces": [],
      "notes": ""
    },
    "DeleteMLConfiguration": {
      "kind": "write_delete",
      "side_effect": true,
      "sdk": {"client": "cleanroomsml", "method": "delete_ml_configuration"},
      "consumes": [{"entity": "cleanroomsml.membership_identifier", "param": "membershipIdentifier", "required": true, "source": "internal"}],
      "produces": [],
      "notes": ""
    },
    "DeleteMLInputChannelData": {
      "kind": "write_delete",
      "side_effect": true,
      "sdk": {"client": "cleanroomsml", "method": "delete_ml_input_channel_data"},
      "consumes": [{"entity": "cleanroomsml.mlinputchannel_arn", "param": "mlInputChannelArn", "required": true, "source": "external"}, {"entity": "cleanroomsml.membership_identifier", "param": "membershipIdentifier", "required": true, "source": "internal"}],
      "produces": [],
      "notes": ""
    },
    "DeleteTrainedModelOutput": {
      "kind": "write_delete",
      "side_effect": true,
      "sdk": {"client": "cleanroomsml", "method": "delete_trained_model_output"},
      "consumes": [{"entity": "cleanroomsml.trainedmodel_arn", "param": "trainedModelArn", "required": true, "source": "external"}, {"entity": "cleanroomsml.membership_identifier", "param": "membershipIdentifier", "required": true, "source": "internal"}],
      "produces": [],
      "notes": ""
    },
    "DeleteTrainingDataset": {
      "kind": "write_delete",
      "side_effect": true,
      "sdk": {"client": "cleanroomsml", "method": "delete_training_dataset"},
      "consumes": [{"entity": "cleanroomsml.trainingdataset_arn", "param": "trainingDatasetArn", "required": true, "source": "external"}],
      "produces": [],
      "notes": ""
    },
    "GetAudienceGenerationJob": {
      "kind": "read_get",
      "side_effect": false,
      "sdk": {"client": "cleanroomsml", "method": "get_audience_generation_job"},
      "consumes": [{"entity": "cleanroomsml.audiencegenerationjob_arn", "param": "audienceGenerationJobArn", "required": true, "source": "external"}],
      "produces": [{"entity": "cleanroomsml.create_time", "source": "output", "path": "createTime"}, {"entity": "cleanroomsml.update_time", "source": "output", "path": "updateTime"}, {"entity": "cleanroomsml.audience_generation_job_arn", "source": "output", "path": "audienceGenerationJobArn"}, {"entity": "cleanroomsml.audience_generation_job_name", "source": "output", "path": "name"}, {"entity": "cleanroomsml.description", "source": "output", "path": "description"}, {"entity": "cleanroomsml.audience_generation_job_status", "source": "output", "path": "status"}, {"entity": "cleanroomsml.status_details", "source": "output", "path": "statusDetails"}, {"entity": "cleanroomsml.configured_audience_model_arn", "source": "output", "path": "configuredAudienceModelArn"}, {"entity": "cleanroomsml.seed_audience", "source": "output", "path": "seedAudience"}, {"entity": "cleanroomsml.include_seed_in_output", "source": "output", "path": "includeSeedInOutput"}, {"entity": "cleanroomsml.collaboration_id", "source": "output", "path": "collaborationId"}, {"entity": "cleanroomsml.metrics", "source": "output", "path": "metrics"}, {"entity": "cleanroomsml.started_by", "source": "output", "path": "startedBy"}, {"entity": "cleanroomsml.tags", "source": "output", "path": "tags"}, {"entity": "cleanroomsml.protected_query_identifier", "source": "output", "path": "protectedQueryIdentifier"}, {"entity": "cleanroomsml.status_code", "source": "item", "path": "statusDetails.statusCode"}, {"entity": "cleanroomsml.status_message", "source": "item", "path": "statusDetails.message"}],
      "notes": ""
    },
    "GetAudienceModel": {
      "kind": "read_get",
      "side_effect": false,
      "sdk": {"client": "cleanroomsml", "method": "get_audience_model"},
      "consumes": [{"entity": "cleanroomsml.audiencemodel_arn", "param": "audienceModelArn", "required": true, "source": "external"}],
      "produces": [{"entity": "cleanroomsml.create_time", "source": "output", "path": "createTime"}, {"entity": "cleanroomsml.update_time", "source": "output", "path": "updateTime"}, {"entity": "cleanroomsml.training_data_start_time", "source": "output", "path": "trainingDataStartTime"}, {"entity": "cleanroomsml.training_data_end_time", "source": "output", "path": "trainingDataEndTime"}, {"entity": "cleanroomsml.audience_model_arn", "source": "output", "path": "audienceModelArn"}, {"entity": "cleanroomsml.audience_model_name", "source": "output", "path": "name"}, {"entity": "cleanroomsml.training_dataset_arn", "source": "output", "path": "trainingDatasetArn"}, {"entity": "cleanroomsml.audience_model_status", "source": "output", "path": "status"}, {"entity": "cleanroomsml.status_details", "source": "output", "path": "statusDetails"}, {"entity": "cleanroomsml.kms_key_arn", "source": "output", "path": "kmsKeyArn"}, {"entity": "cleanroomsml.tags", "source": "output", "path": "tags"}, {"entity": "cleanroomsml.description", "source": "output", "path": "description"}, {"entity": "cleanroomsml.status_code", "source": "item", "path": "statusDetails.statusCode"}, {"entity": "cleanroomsml.status_message", "source": "item", "path": "statusDetails.message"}],
      "notes": ""
    },
    "GetCollaborationConfiguredModelAlgorithmAssociation": {
      "kind": "read_get",
      "side_effect": false,
      "sdk": {"client": "cleanroomsml", "method": "get_collaboration_configured_model_algorithm_association"},
      "consumes": [{"entity": "cleanroomsml.configuredmodelalgorithmassociation_arn", "param": "configuredModelAlgorithmAssociationArn", "required": true, "source": "external"}, {"entity": "cleanroomsml.collaboration_identifier", "param": "collaborationIdentifier", "required": true, "source": "internal"}],
      "produces": [{"entity": "cleanroomsml.create_time", "source": "output", "path": "createTime"}, {"entity": "cleanroomsml.update_time", "source": "output", "path": "updateTime"}, {"entity": "cleanroomsml.configured_model_algorithm_association_arn", "source": "output", "path": "configuredModelAlgorithmAssociationArn"}, {"entity": "cleanroomsml.membership_identifier", "source": "output", "path": "membershipIdentifier"}, {"entity": "cleanroomsml.collaboration_identifier", "source": "output", "path": "collaborationIdentifier"}, {"entity": "cleanroomsml.configured_model_algorithm_arn", "source": "output", "path": "configuredModelAlgorithmArn"}, {"entity": "cleanroomsml.collaboration_configured_model_algorithm_association_name", "source": "output", "path": "name"}, {"entity": "cleanroomsml.description", "source": "output", "path": "description"}, {"entity": "cleanroomsml.creator_account_id", "source": "output", "path": "creatorAccountId"}, {"entity": "cleanroomsml.privacy_configuration", "source": "output", "path": "privacyConfiguration"}, {"entity": "cleanroomsml.privacy_configuration_policies", "source": "item", "path": "privacyConfiguration.policies"}],
      "notes": ""
    },
    "GetCollaborationMLInputChannel": {
      "kind": "read_get",
      "side_effect": false,
      "sdk": {"client": "cleanroomsml", "method": "get_collaboration_ml_input_channel"},
      "consumes": [{"entity": "cleanroomsml.mlinputchannel_arn", "param": "mlInputChannelArn", "required": true, "source": "external"}, {"entity": "cleanroomsml.collaboration_identifier", "param": "collaborationIdentifier", "required": true, "source": "internal"}],
      "produces": [{"entity": "cleanroomsml.membership_identifier", "source": "output", "path": "membershipIdentifier"}, {"entity": "cleanroomsml.collaboration_identifier", "source": "output", "path": "collaborationIdentifier"}, {"entity": "cleanroomsml.ml_input_channel_arn", "source": "output", "path": "mlInputChannelArn"}, {"entity": "cleanroomsml.collaboration_ml_input_channel_name", "source": "output", "path": "name"}, {"entity": "cleanroomsml.configured_model_algorithm_associations", "source": "output", "path": "configuredModelAlgorithmAssociations"}, {"entity": "cleanroomsml.collaboration_ml_input_channel_status", "source": "output", "path": "status"}, {"entity": "cleanroomsml.status_details", "source": "output", "path": "statusDetails"}, {"entity": "cleanroomsml.retention_in_days", "source": "output", "path": "retentionInDays"}, {"entity": "cleanroomsml.number_of_records", "source": "output", "path": "numberOfRecords"}, {"entity": "cleanroomsml.privacy_budgets", "source": "output", "path": "privacyBudgets"}, {"entity": "cleanroomsml.description", "source": "output", "path": "description"}, {"entity": "cleanroomsml.create_time", "source": "output", "path": "createTime"}, {"entity": "cleanroomsml.update_time", "source": "output", "path": "updateTime"}, {"entity": "cleanroomsml.creator_account_id", "source": "output", "path": "creatorAccountId"}],
      "notes": ""
    },
    "GetCollaborationTrainedModel": {
      "kind": "read_get",
      "side_effect": false,
      "sdk": {"client": "cleanroomsml", "method": "get_collaboration_trained_model"},
      "consumes": [{"entity": "cleanroomsml.trainedmodel_arn", "param": "trainedModelArn", "required": true, "source": "external"}, {"entity": "cleanroomsml.collaboration_identifier", "param": "collaborationIdentifier", "required": true, "source": "internal"}],
      "produces": [{"entity": "cleanroomsml.membership_identifier", "source": "output", "path": "membershipIdentifier"}, {"entity": "cleanroomsml.collaboration_identifier", "source": "output", "path": "collaborationIdentifier"}, {"entity": "cleanroomsml.trained_model_arn", "source": "output", "path": "trainedModelArn"}, {"entity": "cleanroomsml.version_identifier", "source": "output", "path": "versionIdentifier"}, {"entity": "cleanroomsml.incremental_training_data_channels", "source": "output", "path": "incrementalTrainingDataChannels"}, {"entity": "cleanroomsml.trained_model_name", "source": "output", "path": "name"}, {"entity": "cleanroomsml.description", "source": "output", "path": "description"}, {"entity": "cleanroomsml.collaboration_trained_model_status", "source": "output", "path": "status"}, {"entity": "cleanroomsml.status_details", "source": "output", "path": "statusDetails"}, {"entity": "cleanroomsml.configured_model_algorithm_association_arn", "source": "output", "path": "configuredModelAlgorithmAssociationArn"}, {"entity": "cleanroomsml.resource_config", "source": "output", "path": "resourceConfig"}, {"entity": "cleanroomsml.training_input_mode", "source": "output", "path": "trainingInputMode"}, {"entity": "cleanroomsml.stopping_condition", "source": "output", "path": "stoppingCondition"}, {"entity": "cleanroomsml.metrics_status", "source": "output", "path": "metricsStatus"}, {"entity": "cleanroomsml.metrics_status", "source": "output", "path": "metricsStatusDetails"}, {"entity": "cleanroomsml.logs_status", "source": "output", "path": "logsStatus"}, {"entity": "cleanroomsml.logs_status", "source": "output", "path": "logsStatusDetails"}, {"entity": "cleanroomsml.training_container_image_digest", "source": "output", "path": "trainingContainerImageDigest"}, {"entity": "cleanroomsml.create_time", "source": "output", "path": "createTime"}, {"entity": "cleanroomsml.update_time", "source": "output", "path": "updateTime"}, {"entity": "cleanroomsml.creator_account_id", "source": "output", "path": "creatorAccountId"}, {"entity": "cleanroomsml.incremental_training_data_channel_channel_name", "source": "item", "path": "incrementalTrainingDataChannels.channelName"}, {"entity": "cleanroomsml.incremental_training_data_channel_version_identifier", "source": "item", "path": "incrementalTrainingDataChannels.versionIdentifier"}, {"entity": "cleanroomsml.incremental_training_data_channel_model_name", "source": "item", "path": "incrementalTrainingDataChannels.modelName"}],
      "notes": ""
    },
    "GetConfiguredAudienceModel": {
      "kind": "read_get",
      "side_effect": false,
      "sdk": {"client": "cleanroomsml", "method": "get_configured_audience_model"},
      "consumes": [{"entity": "cleanroomsml.configuredaudiencemodel_arn", "param": "configuredAudienceModelArn", "required": true, "source": "external"}],
      "produces": [{"entity": "cleanroomsml.create_time", "source": "output", "path": "createTime"}, {"entity": "cleanroomsml.update_time", "source": "output", "path": "updateTime"}, {"entity": "cleanroomsml.configured_audience_model_arn", "source": "output", "path": "configuredAudienceModelArn"}, {"entity": "cleanroomsml.configured_audience_model_name", "source": "output", "path": "name"}, {"entity": "cleanroomsml.audience_model_arn", "source": "output", "path": "audienceModelArn"}, {"entity": "cleanroomsml.output_config", "source": "output", "path": "outputConfig"}, {"entity": "cleanroomsml.description", "source": "output", "path": "description"}, {"entity": "cleanroomsml.configured_audience_model_status", "source": "output", "path": "status"}, {"entity": "cleanroomsml.shared_audience_metrics", "source": "output", "path": "sharedAudienceMetrics"}, {"entity": "cleanroomsml.min_matching_seed_size", "source": "output", "path": "minMatchingSeedSize"}, {"entity": "cleanroomsml.audience_size_config", "source": "output", "path": "audienceSizeConfig"}, {"entity": "cleanroomsml.tags", "source": "output", "path": "tags"}, {"entity": "cleanroomsml.child_resource_tag_on_create_policy", "source": "output", "path": "childResourceTagOnCreatePolicy"}],
      "notes": ""
    },
    "GetConfiguredAudienceModelPolicy": {
      "kind": "read_get",
      "side_effect": false,
      "sdk": {"client": "cleanroomsml", "method": "get_configured_audience_model_policy"},
      "consumes": [{"entity": "cleanroomsml.configuredaudiencemodel_arn", "param": "configuredAudienceModelArn", "required": true, "source": "external"}],
      "produces": [{"entity": "cleanroomsml.configured_audience_model_arn", "source": "output", "path": "configuredAudienceModelArn"}, {"entity": "cleanroomsml.configured_audience_model_policy", "source": "output", "path": "configuredAudienceModelPolicy"}, {"entity": "cleanroomsml.policy_hash", "source": "output", "path": "policyHash"}],
      "notes": ""
    },
    "GetConfiguredModelAlgorithm": {
      "kind": "read_get",
      "side_effect": false,
      "sdk": {"client": "cleanroomsml", "method": "get_configured_model_algorithm"},
      "consumes": [{"entity": "cleanroomsml.configuredmodelalgorithm_arn", "param": "configuredModelAlgorithmArn", "required": true, "source": "external"}],
      "produces": [{"entity": "cleanroomsml.create_time", "source": "output", "path": "createTime"}, {"entity": "cleanroomsml.update_time", "source": "output", "path": "updateTime"}, {"entity": "cleanroomsml.configured_model_algorithm_arn", "source": "output", "path": "configuredModelAlgorithmArn"}, {"entity": "cleanroomsml.configured_model_algorithm_name", "source": "output", "path": "name"}, {"entity": "cleanroomsml.training_container_config", "source": "output", "path": "trainingContainerConfig"}, {"entity": "cleanroomsml.inference_container_config", "source": "output", "path": "inferenceContainerConfig"}, {"entity": "cleanroomsml.role_arn", "source": "output", "path": "roleArn"}, {"entity": "cleanroomsml.description", "source": "output", "path": "description"}, {"entity": "cleanroomsml.tags", "source": "output", "path": "tags"}, {"entity": "cleanroomsml.kms_key_arn", "source": "output", "path": "kmsKeyArn"}, {"entity": "cleanroomsml.training_container_config_image_uri", "source": "item", "path": "trainingContainerConfig.imageUri"}, {"entity": "cleanroomsml.training_container_config_entrypoint", "source": "item", "path": "trainingContainerConfig.entrypoint"}, {"entity": "cleanroomsml.training_container_config_arguments", "source": "item", "path": "trainingContainerConfig.arguments"}, {"entity": "cleanroomsml.training_container_config_metric_definitions", "source": "item", "path": "trainingContainerConfig.metricDefinitions"}],
      "notes": ""
    },
    "GetConfiguredModelAlgorithmAssociation": {
      "kind": "read_get",
      "side_effect": false,
      "sdk": {"client": "cleanroomsml", "method": "get_configured_model_algorithm_association"},
      "consumes": [{"entity": "cleanroomsml.configuredmodelalgorithmassociation_arn", "param": "configuredModelAlgorithmAssociationArn", "required": true, "source": "external"}, {"entity": "cleanroomsml.membership_identifier", "param": "membershipIdentifier", "required": true, "source": "internal"}],
      "produces": [{"entity": "cleanroomsml.create_time", "source": "output", "path": "createTime"}, {"entity": "cleanroomsml.update_time", "source": "output", "path": "updateTime"}, {"entity": "cleanroomsml.configured_model_algorithm_association_arn", "source": "output", "path": "configuredModelAlgorithmAssociationArn"}, {"entity": "cleanroomsml.membership_identifier", "source": "output", "path": "membershipIdentifier"}, {"entity": "cleanroomsml.collaboration_identifier", "source": "output", "path": "collaborationIdentifier"}, {"entity": "cleanroomsml.configured_model_algorithm_arn", "source": "output", "path": "configuredModelAlgorithmArn"}, {"entity": "cleanroomsml.configured_model_algorithm_association_name", "source": "output", "path": "name"}, {"entity": "cleanroomsml.privacy_configuration", "source": "output", "path": "privacyConfiguration"}, {"entity": "cleanroomsml.description", "source": "output", "path": "description"}, {"entity": "cleanroomsml.tags", "source": "output", "path": "tags"}, {"entity": "cleanroomsml.privacy_configuration_policies", "source": "item", "path": "privacyConfiguration.policies"}],
      "notes": ""
    },
    "GetMLConfiguration": {
      "kind": "read_get",
      "side_effect": false,
      "sdk": {"client": "cleanroomsml", "method": "get_ml_configuration"},
      "consumes": [{"entity": "cleanroomsml.membership_identifier", "param": "membershipIdentifier", "required": true, "source": "internal"}],
      "produces": [{"entity": "cleanroomsml.membership_identifier", "source": "output", "path": "membershipIdentifier"}, {"entity": "cleanroomsml.default_output_location", "source": "output", "path": "defaultOutputLocation"}, {"entity": "cleanroomsml.create_time", "source": "output", "path": "createTime"}, {"entity": "cleanroomsml.update_time", "source": "output", "path": "updateTime"}, {"entity": "cleanroomsml.default_output_location_destination", "source": "item", "path": "defaultOutputLocation.destination"}, {"entity": "cleanroomsml.role_arn", "source": "item", "path": "defaultOutputLocation.roleArn"}],
      "notes": ""
    },
    "GetMLInputChannel": {
      "kind": "read_get",
      "side_effect": false,
      "sdk": {"client": "cleanroomsml", "method": "get_ml_input_channel"},
      "consumes": [{"entity": "cleanroomsml.mlinputchannel_arn", "param": "mlInputChannelArn", "required": true, "source": "external"}, {"entity": "cleanroomsml.membership_identifier", "param": "membershipIdentifier", "required": true, "source": "internal"}],
      "produces": [{"entity": "cleanroomsml.membership_identifier", "source": "output", "path": "membershipIdentifier"}, {"entity": "cleanroomsml.collaboration_identifier", "source": "output", "path": "collaborationIdentifier"}, {"entity": "cleanroomsml.ml_input_channel_arn", "source": "output", "path": "mlInputChannelArn"}, {"entity": "cleanroomsml.ml_input_channel_name", "source": "output", "path": "name"}, {"entity": "cleanroomsml.configured_model_algorithm_associations", "source": "output", "path": "configuredModelAlgorithmAssociations"}, {"entity": "cleanroomsml.ml_input_channel_status", "source": "output", "path": "status"}, {"entity": "cleanroomsml.status_details", "source": "output", "path": "statusDetails"}, {"entity": "cleanroomsml.retention_in_days", "source": "output", "path": "retentionInDays"}, {"entity": "cleanroomsml.number_of_records", "source": "output", "path": "numberOfRecords"}, {"entity": "cleanroomsml.privacy_budgets", "source": "output", "path": "privacyBudgets"}, {"entity": "cleanroomsml.description", "source": "output", "path": "description"}, {"entity": "cleanroomsml.create_time", "source": "output", "path": "createTime"}, {"entity": "cleanroomsml.update_time", "source": "output", "path": "updateTime"}, {"entity": "cleanroomsml.input_channel", "source": "output", "path": "inputChannel"}, {"entity": "cleanroomsml.protected_query_identifier", "source": "output", "path": "protectedQueryIdentifier"}, {"entity": "cleanroomsml.number_of_files", "source": "output", "path": "numberOfFiles"}, {"entity": "cleanroomsml.size_in_gb", "source": "output", "path": "sizeInGb"}, {"entity": "cleanroomsml.kms_key_arn", "source": "output", "path": "kmsKeyArn"}, {"entity": "cleanroomsml.tags", "source": "output", "path": "tags"}],
      "notes": ""
    },
    "GetTrainedModel": {
      "kind": "read_get",
      "side_effect": false,
      "sdk": {"client": "cleanroomsml", "method": "get_trained_model"},
      "consumes": [{"entity": "cleanroomsml.trainedmodel_arn", "param": "trainedModelArn", "required": true, "source": "external"}, {"entity": "cleanroomsml.membership_identifier", "param": "membershipIdentifier", "required": true, "source": "internal"}],
      "produces": [{"entity": "cleanroomsml.membership_identifier", "source": "output", "path": "membershipIdentifier"}, {"entity": "cleanroomsml.collaboration_identifier", "source": "output", "path": "collaborationIdentifier"}, {"entity": "cleanroomsml.trained_model_arn", "source": "output", "path": "trainedModelArn"}, {"entity": "cleanroomsml.version_identifier", "source": "output", "path": "versionIdentifier"}, {"entity": "cleanroomsml.incremental_training_data_channels", "source": "output", "path": "incrementalTrainingDataChannels"}, {"entity": "cleanroomsml.trained_model_name", "source": "output", "path": "name"}, {"entity": "cleanroomsml.description", "source": "output", "path": "description"}, {"entity": "cleanroomsml.trained_model_status", "source": "output", "path": "status"}, {"entity": "cleanroomsml.status_details", "source": "output", "path": "statusDetails"}, {"entity": "cleanroomsml.configured_model_algorithm_association_arn", "source": "output", "path": "configuredModelAlgorithmAssociationArn"}, {"entity": "cleanroomsml.resource_config", "source": "output", "path": "resourceConfig"}, {"entity": "cleanroomsml.training_input_mode", "source": "output", "path": "trainingInputMode"}, {"entity": "cleanroomsml.stopping_condition", "source": "output", "path": "stoppingCondition"}, {"entity": "cleanroomsml.metrics_status", "source": "output", "path": "metricsStatus"}, {"entity": "cleanroomsml.metrics_status", "source": "output", "path": "metricsStatusDetails"}, {"entity": "cleanroomsml.logs_status", "source": "output", "path": "logsStatus"}, {"entity": "cleanroomsml.logs_status", "source": "output", "path": "logsStatusDetails"}, {"entity": "cleanroomsml.training_container_image_digest", "source": "output", "path": "trainingContainerImageDigest"}, {"entity": "cleanroomsml.create_time", "source": "output", "path": "createTime"}, {"entity": "cleanroomsml.update_time", "source": "output", "path": "updateTime"}, {"entity": "cleanroomsml.hyperparameters", "source": "output", "path": "hyperparameters"}, {"entity": "cleanroomsml.environment", "source": "output", "path": "environment"}, {"entity": "cleanroomsml.kms_key_arn", "source": "output", "path": "kmsKeyArn"}, {"entity": "cleanroomsml.tags", "source": "output", "path": "tags"}, {"entity": "cleanroomsml.data_channels", "source": "output", "path": "dataChannels"}, {"entity": "cleanroomsml.incremental_training_data_channel_channel_name", "source": "item", "path": "incrementalTrainingDataChannels.channelName"}, {"entity": "cleanroomsml.incremental_training_data_channel_version_identifier", "source": "item", "path": "incrementalTrainingDataChannels.versionIdentifier"}, {"entity": "cleanroomsml.incremental_training_data_channel_model_name", "source": "item", "path": "incrementalTrainingDataChannels.modelName"}],
      "notes": ""
    },
    "GetTrainedModelInferenceJob": {
      "kind": "read_get",
      "side_effect": false,
      "sdk": {"client": "cleanroomsml", "method": "get_trained_model_inference_job"},
      "consumes": [{"entity": "cleanroomsml.membership_identifier", "param": "membershipIdentifier", "required": true, "source": "internal"}, {"entity": "cleanroomsml.trainedmodelinferencejob_arn", "param": "trainedModelInferenceJobArn", "required": true, "source": "external"}],
      "produces": [{"entity": "cleanroomsml.create_time", "source": "output", "path": "createTime"}, {"entity": "cleanroomsml.update_time", "source": "output", "path": "updateTime"}, {"entity": "cleanroomsml.trained_model_inference_job_arn", "source": "output", "path": "trainedModelInferenceJobArn"}, {"entity": "cleanroomsml.configured_model_algorithm_association_arn", "source": "output", "path": "configuredModelAlgorithmAssociationArn"}, {"entity": "cleanroomsml.trained_model_inference_job_name", "source": "output", "path": "name"}, {"entity": "cleanroomsml.trained_model_inference_job_status", "source": "output", "path": "status"}, {"entity": "cleanroomsml.trained_model_arn", "source": "output", "path": "trainedModelArn"}, {"entity": "cleanroomsml.trained_model_version_identifier", "source": "output", "path": "trainedModelVersionIdentifier"}, {"entity": "cleanroomsml.resource_config", "source": "output", "path": "resourceConfig"}, {"entity": "cleanroomsml.output_configuration", "source": "output", "path": "outputConfiguration"}, {"entity": "cleanroomsml.membership_identifier", "source": "output", "path": "membershipIdentifier"}, {"entity": "cleanroomsml.data_source", "source": "output", "path": "dataSource"}, {"entity": "cleanroomsml.container_execution_parameters", "source": "output", "path": "containerExecutionParameters"}, {"entity": "cleanroomsml.status_details", "source": "output", "path": "statusDetails"}, {"entity": "cleanroomsml.description", "source": "output", "path": "description"}, {"entity": "cleanroomsml.inference_container_image_digest", "source": "output", "path": "inferenceContainerImageDigest"}, {"entity": "cleanroomsml.environment", "source": "output", "path": "environment"}, {"entity": "cleanroomsml.kms_key_arn", "source": "output", "path": "kmsKeyArn"}, {"entity": "cleanroomsml.metrics_status", "source": "output", "path": "metricsStatus"}, {"entity": "cleanroomsml.metrics_status", "source": "output", "path": "metricsStatusDetails"}, {"entity": "cleanroomsml.logs_status", "source": "output", "path": "logsStatus"}, {"entity": "cleanroomsml.logs_status", "source": "output", "path": "logsStatusDetails"}, {"entity": "cleanroomsml.tags", "source": "output", "path": "tags"}, {"entity": "cleanroomsml.resource_config_instance_type", "source": "item", "path": "resourceConfig.instanceType"}, {"entity": "cleanroomsml.resource_config_instance_count", "source": "item", "path": "resourceConfig.instanceCount"}],
      "notes": ""
    },
    "GetTrainingDataset": {
      "kind": "read_get",
      "side_effect": false,
      "sdk": {"client": "cleanroomsml", "method": "get_training_dataset"},
      "consumes": [{"entity": "cleanroomsml.trainingdataset_arn", "param": "trainingDatasetArn", "required": true, "source": "external"}],
      "produces": [{"entity": "cleanroomsml.create_time", "source": "output", "path": "createTime"}, {"entity": "cleanroomsml.update_time", "source": "output", "path": "updateTime"}, {"entity": "cleanroomsml.training_dataset_arn", "source": "output", "path": "trainingDatasetArn"}, {"entity": "cleanroomsml.training_dataset_name", "source": "output", "path": "name"}, {"entity": "cleanroomsml.training_data", "source": "output", "path": "trainingData"}, {"entity": "cleanroomsml.training_dataset_status", "source": "output", "path": "status"}, {"entity": "cleanroomsml.role_arn", "source": "output", "path": "roleArn"}, {"entity": "cleanroomsml.tags", "source": "output", "path": "tags"}, {"entity": "cleanroomsml.description", "source": "output", "path": "description"}, {"entity": "cleanroomsml.training_data_type", "source": "item", "path": "trainingData.type"}, {"entity": "cleanroomsml.training_data_input_config", "source": "item", "path": "trainingData.inputConfig"}],
      "notes": ""
    },
    "ListCollaborationConfiguredModelAlgorithmAssociations": {
      "kind": "read_list",
      "side_effect": false,
      "sdk": {"client": "cleanroomsml", "method": "list_collaboration_configured_model_algorithm_associations"},
      "consumes": [{"entity": "cleanroomsml.collaboration_identifier", "param": "collaborationIdentifier", "required": true, "source": "internal"}],
      "produces": [{"entity": "cleanroomsml.next_token", "source": "output", "path": "nextToken"}, {"entity": "cleanroomsml.collaboration_configured_model_algorithm_associations", "source": "output", "path": "collaborationConfiguredModelAlgorithmAssociations"}, {"entity": "cleanroomsml.collaboration_configured_model_algorithm_association_create_time", "source": "item", "path": "collaborationConfiguredModelAlgorithmAssociations[].createTime"}, {"entity": "cleanroomsml.collaboration_configured_model_algorithm_association_update_time", "source": "item", "path": "collaborationConfiguredModelAlgorithmAssociations[].updateTime"}, {"entity": "cleanroomsml.configured_model_algorithm_association_arn", "source": "item", "path": "collaborationConfiguredModelAlgorithmAssociations[].configuredModelAlgorithmAssociationArn"}, {"entity": "cleanroomsml.collaboration_configured_model_algorithm_association_name", "source": "item", "path": "collaborationConfiguredModelAlgorithmAssociations[].name"}, {"entity": "cleanroomsml.collaboration_configured_model_algorithm_association_description", "source": "item", "path": "collaborationConfiguredModelAlgorithmAssociations[].description"}, {"entity": "cleanroomsml.collaboration_configured_model_algorithm_association_membership_identifier", "source": "item", "path": "collaborationConfiguredModelAlgorithmAssociations[].membershipIdentifier"}, {"entity": "cleanroomsml.collaboration_configured_model_algorithm_association_collaboration_identifier", "source": "item", "path": "collaborationConfiguredModelAlgorithmAssociations[].collaborationIdentifier"}, {"entity": "cleanroomsml.configured_model_algorithm_arn", "source": "item", "path": "collaborationConfiguredModelAlgorithmAssociations[].configuredModelAlgorithmArn"}, {"entity": "cleanroomsml.creator_account_id", "source": "item", "path": "collaborationConfiguredModelAlgorithmAssociations[].creatorAccountId"}],
      "notes": ""
    },
    "ListCollaborationMLInputChannels": {
      "kind": "read_list",
      "side_effect": false,
      "sdk": {"client": "cleanroomsml", "method": "list_collaboration_ml_input_channels"},
      "consumes": [{"entity": "cleanroomsml.collaboration_identifier", "param": "collaborationIdentifier", "required": true, "source": "internal"}],
      "produces": [{"entity": "cleanroomsml.next_token", "source": "output", "path": "nextToken"}, {"entity": "cleanroomsml.collaboration_ml_input_channels_list", "source": "output", "path": "collaborationMLInputChannelsList"}, {"entity": "cleanroomsml.collaboration_ml_input_channels_create_time", "source": "item", "path": "collaborationMLInputChannelsList[].createTime"}, {"entity": "cleanroomsml.collaboration_ml_input_channels_update_time", "source": "item", "path": "collaborationMLInputChannelsList[].updateTime"}, {"entity": "cleanroomsml.collaboration_ml_input_channels_membership_identifier", "source": "item", "path": "collaborationMLInputChannelsList[].membershipIdentifier"}, {"entity": "cleanroomsml.collaboration_ml_input_channels_collaboration_identifier", "source": "item", "path": "collaborationMLInputChannelsList[].collaborationIdentifier"}, {"entity": "cleanroomsml.collaboration_ml_input_channels_name", "source": "item", "path": "collaborationMLInputChannelsList[].name"}, {"entity": "cleanroomsml.collaboration_ml_input_channels_configured_model_algorithm_associations", "source": "item", "path": "collaborationMLInputChannelsList[].configuredModelAlgorithmAssociations"}, {"entity": "cleanroomsml.ml_input_channel_arn", "source": "item", "path": "collaborationMLInputChannelsList[].mlInputChannelArn"}, {"entity": "cleanroomsml.collaboration_ml_input_channels_status", "source": "item", "path": "collaborationMLInputChannelsList[].status"}, {"entity": "cleanroomsml.creator_account_id", "source": "item", "path": "collaborationMLInputChannelsList[].creatorAccountId"}, {"entity": "cleanroomsml.collaboration_ml_input_channels_description", "source": "item", "path": "collaborationMLInputChannelsList[].description"}],
      "notes": ""
    },
    "ListCollaborationTrainedModelExportJobs": {
      "kind": "read_list",
      "side_effect": false,
      "sdk": {"client": "cleanroomsml", "method": "list_collaboration_trained_model_export_jobs"},
      "consumes": [{"entity": "cleanroomsml.collaboration_identifier", "param": "collaborationIdentifier", "required": true, "source": "internal"}, {"entity": "cleanroomsml.trainedmodel_arn", "param": "trainedModelArn", "required": true, "source": "external"}],
      "produces": [{"entity": "cleanroomsml.next_token", "source": "output", "path": "nextToken"}, {"entity": "cleanroomsml.collaboration_trained_model_export_jobs", "source": "output", "path": "collaborationTrainedModelExportJobs"}, {"entity": "cleanroomsml.collaboration_trained_model_export_job_create_time", "source": "item", "path": "collaborationTrainedModelExportJobs[].createTime"}, {"entity": "cleanroomsml.collaboration_trained_model_export_job_update_time", "source": "item", "path": "collaborationTrainedModelExportJobs[].updateTime"}, {"entity": "cleanroomsml.trained_model_export_job_name", "source": "item", "path": "collaborationTrainedModelExportJobs[].name"}, {"entity": "cleanroomsml.collaboration_trained_model_export_job_output_configuration", "source": "item", "path": "collaborationTrainedModelExportJobs[].outputConfiguration"}, {"entity": "cleanroomsml.collaboration_trained_model_export_job_status", "source": "item", "path": "collaborationTrainedModelExportJobs[].status"}, {"entity": "cleanroomsml.collaboration_trained_model_export_job_status", "source": "item", "path": "collaborationTrainedModelExportJobs[].statusDetails"}, {"entity": "cleanroomsml.collaboration_trained_model_export_job_description", "source": "item", "path": "collaborationTrainedModelExportJobs[].description"}, {"entity": "cleanroomsml.creator_account_id", "source": "item", "path": "collaborationTrainedModelExportJobs[].creatorAccountId"}, {"entity": "cleanroomsml.trained_model_arn", "source": "item", "path": "collaborationTrainedModelExportJobs[].trainedModelArn"}, {"entity": "cleanroomsml.collaboration_trained_model_export_job_trained_model_version_identifier", "source": "item", "path": "collaborationTrainedModelExportJobs[].trainedModelVersionIdentifier"}, {"entity": "cleanroomsml.collaboration_trained_model_export_job_membership_identifier", "source": "item", "path": "collaborationTrainedModelExportJobs[].membershipIdentifier"}, {"entity": "cleanroomsml.collaboration_trained_model_export_job_collaboration_identifier", "source": "item", "path": "collaborationTrainedModelExportJobs[].collaborationIdentifier"}],
      "notes": ""
    },
    "ListCollaborationTrainedModelInferenceJobs": {
      "kind": "read_list",
      "side_effect": false,
      "sdk": {"client": "cleanroomsml", "method": "list_collaboration_trained_model_inference_jobs"},
      "consumes": [{"entity": "cleanroomsml.collaboration_identifier", "param": "collaborationIdentifier", "required": true, "source": "internal"}],
      "produces": [{"entity": "cleanroomsml.next_token", "source": "output", "path": "nextToken"}, {"entity": "cleanroomsml.collaboration_trained_model_inference_jobs", "source": "output", "path": "collaborationTrainedModelInferenceJobs"}, {"entity": "cleanroomsml.trained_model_inference_job_arn", "source": "item", "path": "collaborationTrainedModelInferenceJobs[].trainedModelInferenceJobArn"}, {"entity": "cleanroomsml.configured_model_algorithm_association_arn", "source": "item", "path": "collaborationTrainedModelInferenceJobs[].configuredModelAlgorithmAssociationArn"}, {"entity": "cleanroomsml.collaboration_trained_model_inference_job_membership_identifier", "source": "item", "path": "collaborationTrainedModelInferenceJobs[].membershipIdentifier"}, {"entity": "cleanroomsml.trained_model_arn", "source": "item", "path": "collaborationTrainedModelInferenceJobs[].trainedModelArn"}, {"entity": "cleanroomsml.collaboration_trained_model_inference_job_trained_model_version_identifier", "source": "item", "path": "collaborationTrainedModelInferenceJobs[].trainedModelVersionIdentifier"}, {"entity": "cleanroomsml.collaboration_trained_model_inference_job_collaboration_identifier", "source": "item", "path": "collaborationTrainedModelInferenceJobs[].collaborationIdentifier"}, {"entity": "cleanroomsml.collaboration_trained_model_inference_job_status", "source": "item", "path": "collaborationTrainedModelInferenceJobs[].status"}, {"entity": "cleanroomsml.collaboration_trained_model_inference_job_output_configuration", "source": "item", "path": "collaborationTrainedModelInferenceJobs[].outputConfiguration"}, {"entity": "cleanroomsml.trained_model_inference_job_name", "source": "item", "path": "collaborationTrainedModelInferenceJobs[].name"}, {"entity": "cleanroomsml.collaboration_trained_model_inference_job_description", "source": "item", "path": "collaborationTrainedModelInferenceJobs[].description"}, {"entity": "cleanroomsml.collaboration_trained_model_inference_job_metrics_status", "source": "item", "path": "collaborationTrainedModelInferenceJobs[].metricsStatus"}, {"entity": "cleanroomsml.collaboration_trained_model_inference_job_metrics_status", "source": "item", "path": "collaborationTrainedModelInferenceJobs[].metricsStatusDetails"}, {"entity": "cleanroomsml.collaboration_trained_model_inference_job_logs_status", "source": "item", "path": "collaborationTrainedModelInferenceJobs[].logsStatus"}, {"entity": "cleanroomsml.collaboration_trained_model_inference_job_logs_status", "source": "item", "path": "collaborationTrainedModelInferenceJobs[].logsStatusDetails"}, {"entity": "cleanroomsml.collaboration_trained_model_inference_job_create_time", "source": "item", "path": "collaborationTrainedModelInferenceJobs[].createTime"}, {"entity": "cleanroomsml.collaboration_trained_model_inference_job_update_time", "source": "item", "path": "collaborationTrainedModelInferenceJobs[].updateTime"}, {"entity": "cleanroomsml.creator_account_id", "source": "item", "path": "collaborationTrainedModelInferenceJobs[].creatorAccountId"}],
      "notes": ""
    },
    "ListCollaborationTrainedModels": {
      "kind": "read_list",
      "side_effect": false,
      "sdk": {"client": "cleanroomsml", "method": "list_collaboration_trained_models"},
      "consumes": [{"entity": "cleanroomsml.collaboration_identifier", "param": "collaborationIdentifier", "required": true, "source": "internal"}],
      "produces": [{"entity": "cleanroomsml.next_token", "source": "output", "path": "nextToken"}, {"entity": "cleanroomsml.collaboration_trained_models", "source": "output", "path": "collaborationTrainedModels"}, {"entity": "cleanroomsml.collaboration_trained_model_create_time", "source": "item", "path": "collaborationTrainedModels[].createTime"}, {"entity": "cleanroomsml.collaboration_trained_model_update_time", "source": "item", "path": "collaborationTrainedModels[].updateTime"}, {"entity": "cleanroomsml.trained_model_arn", "source": "item", "path": "collaborationTrainedModels[].trainedModelArn"}, {"entity": "cleanroomsml.trained_model_name", "source": "item", "path": "collaborationTrainedModels[].name"}, {"entity": "cleanroomsml.collaboration_trained_model_version_identifier", "source": "item", "path": "collaborationTrainedModels[].versionIdentifier"}, {"entity": "cleanroomsml.collaboration_trained_model_incremental_training_data_channels", "source": "item", "path": "collaborationTrainedModels[].incrementalTrainingDataChannels"}, {"entity": "cleanroomsml.collaboration_trained_model_description", "source": "item", "path": "collaborationTrainedModels[].description"}, {"entity": "cleanroomsml.collaboration_trained_model_membership_identifier", "source": "item", "path": "collaborationTrainedModels[].membershipIdentifier"}, {"entity": "cleanroomsml.collaboration_trained_model_collaboration_identifier", "source": "item", "path": "collaborationTrainedModels[].collaborationIdentifier"}, {"entity": "cleanroomsml.collaboration_trained_model_status", "source": "item", "path": "collaborationTrainedModels[].status"}, {"entity": "cleanroomsml.configured_model_algorithm_association_arn", "source": "item", "path": "collaborationTrainedModels[].configuredModelAlgorithmAssociationArn"}, {"entity": "cleanroomsml.creator_account_id", "source": "item", "path": "collaborationTrainedModels[].creatorAccountId"}],
      "notes": ""
    },
    "ListConfiguredModelAlgorithmAssociations": {
      "kind": "read_list",
      "side_effect": false,
      "sdk": {"client": "cleanroomsml", "method": "list_configured_model_algorithm_associations"},
      "consumes": [{"entity": "cleanroomsml.membership_identifier", "param": "membershipIdentifier", "required": true, "source": "internal"}],
      "produces": [{"entity": "cleanroomsml.next_token", "source": "output", "path": "nextToken"}, {"entity": "cleanroomsml.configured_model_algorithm_associations", "source": "output", "path": "configuredModelAlgorithmAssociations"}, {"entity": "cleanroomsml.configured_model_algorithm_association_create_time", "source": "item", "path": "configuredModelAlgorithmAssociations[].createTime"}, {"entity": "cleanroomsml.configured_model_algorithm_association_update_time", "source": "item", "path": "configuredModelAlgorithmAssociations[].updateTime"}, {"entity": "cleanroomsml.configured_model_algorithm_association_arn", "source": "item", "path": "configuredModelAlgorithmAssociations[].configuredModelAlgorithmAssociationArn"}, {"entity": "cleanroomsml.configured_model_algorithm_arn", "source": "item", "path": "configuredModelAlgorithmAssociations[].configuredModelAlgorithmArn"}, {"entity": "cleanroomsml.configured_model_algorithm_association_name", "source": "item", "path": "configuredModelAlgorithmAssociations[].name"}, {"entity": "cleanroomsml.configured_model_algorithm_association_description", "source": "item", "path": "configuredModelAlgorithmAssociations[].description"}, {"entity": "cleanroomsml.configured_model_algorithm_association_membership_identifier", "source": "item", "path": "configuredModelAlgorithmAssociations[].membershipIdentifier"}, {"entity": "cleanroomsml.configured_model_algorithm_association_collaboration_identifier", "source": "item", "path": "configuredModelAlgorithmAssociations[].collaborationIdentifier"}],
      "notes": ""
    },
    "ListMLInputChannels": {
      "kind": "read_list",
      "side_effect": false,
      "sdk": {"client": "cleanroomsml", "method": "list_ml_input_channels"},
      "consumes": [{"entity": "cleanroomsml.membership_identifier", "param": "membershipIdentifier", "required": true, "source": "internal"}],
      "produces": [{"entity": "cleanroomsml.next_token", "source": "output", "path": "nextToken"}, {"entity": "cleanroomsml.ml_input_channels_list", "source": "output", "path": "mlInputChannelsList"}, {"entity": "cleanroomsml.ml_input_channels_create_time", "source": "item", "path": "mlInputChannelsList[].createTime"}, {"entity": "cleanroomsml.ml_input_channels_update_time", "source": "item", "path": "mlInputChannelsList[].updateTime"}, {"entity": "cleanroomsml.ml_input_channels_membership_identifier", "source": "item", "path": "mlInputChannelsList[].membershipIdentifier"}, {"entity": "cleanroomsml.ml_input_channels_collaboration_identifier", "source": "item", "path": "mlInputChannelsList[].collaborationIdentifier"}, {"entity": "cleanroomsml.ml_input_channels_name", "source": "item", "path": "mlInputChannelsList[].name"}, {"entity": "cleanroomsml.ml_input_channels_configured_model_algorithm_associations", "source": "item", "path": "mlInputChannelsList[].configuredModelAlgorithmAssociations"}, {"entity": "cleanroomsml.ml_input_channels_protected_query_identifier", "source": "item", "path": "mlInputChannelsList[].protectedQueryIdentifier"}, {"entity": "cleanroomsml.ml_input_channel_arn", "source": "item", "path": "mlInputChannelsList[].mlInputChannelArn"}, {"entity": "cleanroomsml.ml_input_channels_status", "source": "item", "path": "mlInputChannelsList[].status"}, {"entity": "cleanroomsml.ml_input_channels_description", "source": "item", "path": "mlInputChannelsList[].description"}],
      "notes": ""
    },
    "ListTagsForResource": {
      "kind": "read_list",
      "side_effect": false,
      "sdk": {"client": "cleanroomsml", "method": "list_tags_for_resource"},
      "consumes": [{"entity": "cleanroomsml.resource_arn", "param": "resourceArn", "required": true, "source": "external"}],
      "produces": [{"entity": "cleanroomsml.tags", "source": "output", "path": "tags"}],
      "notes": ""
    },
    "ListTrainedModelInferenceJobs": {
      "kind": "read_list",
      "side_effect": false,
      "sdk": {"client": "cleanroomsml", "method": "list_trained_model_inference_jobs"},
      "consumes": [{"entity": "cleanroomsml.membership_identifier", "param": "membershipIdentifier", "required": true, "source": "internal"}],
      "produces": [{"entity": "cleanroomsml.next_token", "source": "output", "path": "nextToken"}, {"entity": "cleanroomsml.trained_model_inference_jobs", "source": "output", "path": "trainedModelInferenceJobs"}, {"entity": "cleanroomsml.trained_model_inference_job_arn", "source": "item", "path": "trainedModelInferenceJobs[].trainedModelInferenceJobArn"}, {"entity": "cleanroomsml.configured_model_algorithm_association_arn", "source": "item", "path": "trainedModelInferenceJobs[].configuredModelAlgorithmAssociationArn"}, {"entity": "cleanroomsml.trained_model_inference_job_membership_identifier", "source": "item", "path": "trainedModelInferenceJobs[].membershipIdentifier"}, {"entity": "cleanroomsml.trained_model_arn", "source": "item", "path": "trainedModelInferenceJobs[].trainedModelArn"}, {"entity": "cleanroomsml.trained_model_inference_job_trained_model_version_identifier", "source": "item", "path": "trainedModelInferenceJobs[].trainedModelVersionIdentifier"}, {"entity": "cleanroomsml.trained_model_inference_job_collaboration_identifier", "source": "item", "path": "trainedModelInferenceJobs[].collaborationIdentifier"}, {"entity": "cleanroomsml.trained_model_inference_job_status", "source": "item", "path": "trainedModelInferenceJobs[].status"}, {"entity": "cleanroomsml.trained_model_inference_job_output_configuration", "source": "item", "path": "trainedModelInferenceJobs[].outputConfiguration"}, {"entity": "cleanroomsml.trained_model_inference_job_name", "source": "item", "path": "trainedModelInferenceJobs[].name"}, {"entity": "cleanroomsml.trained_model_inference_job_description", "source": "item", "path": "trainedModelInferenceJobs[].description"}, {"entity": "cleanroomsml.trained_model_inference_job_metrics_status", "source": "item", "path": "trainedModelInferenceJobs[].metricsStatus"}, {"entity": "cleanroomsml.trained_model_inference_job_metrics_status", "source": "item", "path": "trainedModelInferenceJobs[].metricsStatusDetails"}, {"entity": "cleanroomsml.trained_model_inference_job_logs_status", "source": "item", "path": "trainedModelInferenceJobs[].logsStatus"}, {"entity": "cleanroomsml.trained_model_inference_job_logs_status", "source": "item", "path": "trainedModelInferenceJobs[].logsStatusDetails"}, {"entity": "cleanroomsml.trained_model_inference_job_create_time", "source": "item", "path": "trainedModelInferenceJobs[].createTime"}, {"entity": "cleanroomsml.trained_model_inference_job_update_time", "source": "item", "path": "trainedModelInferenceJobs[].updateTime"}],
      "notes": ""
    },
    "ListTrainedModelVersions": {
      "kind": "read_list",
      "side_effect": false,
      "sdk": {"client": "cleanroomsml", "method": "list_trained_model_versions"},
      "consumes": [{"entity": "cleanroomsml.membership_identifier", "param": "membershipIdentifier", "required": true, "source": "internal"}, {"entity": "cleanroomsml.trainedmodel_arn", "param": "trainedModelArn", "required": true, "source": "external"}],
      "produces": [{"entity": "cleanroomsml.next_token", "source": "output", "path": "nextToken"}, {"entity": "cleanroomsml.trained_models", "source": "output", "path": "trainedModels"}, {"entity": "cleanroomsml.trained_model_create_time", "source": "item", "path": "trainedModels[].createTime"}, {"entity": "cleanroomsml.trained_model_update_time", "source": "item", "path": "trainedModels[].updateTime"}, {"entity": "cleanroomsml.trained_model_arn", "source": "item", "path": "trainedModels[].trainedModelArn"}, {"entity": "cleanroomsml.trained_model_version_identifier", "source": "item", "path": "trainedModels[].versionIdentifier"}, {"entity": "cleanroomsml.trained_model_incremental_training_data_channels", "source": "item", "path": "trainedModels[].incrementalTrainingDataChannels"}, {"entity": "cleanroomsml.trained_model_name", "source": "item", "path": "trainedModels[].name"}, {"entity": "cleanroomsml.trained_model_description", "source": "item", "path": "trainedModels[].description"}, {"entity": "cleanroomsml.trained_model_membership_identifier", "source": "item", "path": "trainedModels[].membershipIdentifier"}, {"entity": "cleanroomsml.trained_model_collaboration_identifier", "source": "item", "path": "trainedModels[].collaborationIdentifier"}, {"entity": "cleanroomsml.trained_model_status", "source": "item", "path": "trainedModels[].status"}, {"entity": "cleanroomsml.configured_model_algorithm_association_arn", "source": "item", "path": "trainedModels[].configuredModelAlgorithmAssociationArn"}],
      "notes": ""
    },
    "ListTrainedModels": {
      "kind": "read_list",
      "side_effect": false,
      "sdk": {"client": "cleanroomsml", "method": "list_trained_models"},
      "consumes": [{"entity": "cleanroomsml.membership_identifier", "param": "membershipIdentifier", "required": true, "source": "internal"}],
      "produces": [{"entity": "cleanroomsml.next_token", "source": "output", "path": "nextToken"}, {"entity": "cleanroomsml.trained_models", "source": "output", "path": "trainedModels"}, {"entity": "cleanroomsml.trained_model_create_time", "source": "item", "path": "trainedModels[].createTime"}, {"entity": "cleanroomsml.trained_model_update_time", "source": "item", "path": "trainedModels[].updateTime"}, {"entity": "cleanroomsml.trained_model_arn", "source": "item", "path": "trainedModels[].trainedModelArn"}, {"entity": "cleanroomsml.trained_model_version_identifier", "source": "item", "path": "trainedModels[].versionIdentifier"}, {"entity": "cleanroomsml.trained_model_incremental_training_data_channels", "source": "item", "path": "trainedModels[].incrementalTrainingDataChannels"}, {"entity": "cleanroomsml.trained_model_name", "source": "item", "path": "trainedModels[].name"}, {"entity": "cleanroomsml.trained_model_description", "source": "item", "path": "trainedModels[].description"}, {"entity": "cleanroomsml.trained_model_membership_identifier", "source": "item", "path": "trainedModels[].membershipIdentifier"}, {"entity": "cleanroomsml.trained_model_collaboration_identifier", "source": "item", "path": "trainedModels[].collaborationIdentifier"}, {"entity": "cleanroomsml.trained_model_status", "source": "item", "path": "trainedModels[].status"}, {"entity": "cleanroomsml.configured_model_algorithm_association_arn", "source": "item", "path": "trainedModels[].configuredModelAlgorithmAssociationArn"}],
      "notes": ""
    },
    "PutConfiguredAudienceModelPolicy": {
      "kind": "write_update",
      "side_effect": true,
      "sdk": {"client": "cleanroomsml", "method": "put_configured_audience_model_policy"},
      "consumes": [{"entity": "cleanroomsml.configuredaudiencemodel_arn", "param": "configuredAudienceModelArn", "required": true, "source": "external"}, {"entity": "cleanroomsml.configured_audience_model_policy", "param": "configuredAudienceModelPolicy", "required": true, "source": "internal"}],
      "produces": [{"entity": "cleanroomsml.configured_audience_model_policy", "source": "output", "path": "configuredAudienceModelPolicy"}, {"entity": "cleanroomsml.policy_hash", "source": "output", "path": "policyHash"}],
      "notes": ""
    },
    "PutMLConfiguration": {
      "kind": "write_update",
      "side_effect": true,
      "sdk": {"client": "cleanroomsml", "method": "put_ml_configuration"},
      "consumes": [{"entity": "cleanroomsml.membership_identifier", "param": "membershipIdentifier", "required": true, "source": "internal"}, {"entity": "cleanroomsml.default_output_location", "param": "defaultOutputLocation", "required": true, "source": "internal"}],
      "produces": [],
      "notes": ""
    },
    "StartAudienceExportJob": {
      "kind": "write_create",
      "side_effect": true,
      "sdk": {"client": "cleanroomsml", "method": "start_audience_export_job"},
      "consumes": [{"entity": "cleanroomsml.audience_export_job_name", "param": "name", "required": true, "source": "internal"}, {"entity": "cleanroomsml.audiencegenerationjob_arn", "param": "audienceGenerationJobArn", "required": true, "source": "external"}, {"entity": "cleanroomsml.audience_size", "param": "audienceSize", "required": true, "source": "external"}],
      "produces": [],
      "notes": ""
    },
    "StartAudienceGenerationJob": {
      "kind": "write_create",
      "side_effect": true,
      "sdk": {"client": "cleanroomsml", "method": "start_audience_generation_job"},
      "consumes": [{"entity": "cleanroomsml.audience_generation_job_arn_name", "param": "name", "required": true, "source": "external"}, {"entity": "cleanroomsml.configuredaudiencemodel_arn", "param": "configuredAudienceModelArn", "required": true, "source": "external"}, {"entity": "cleanroomsml.seed_audience", "param": "seedAudience", "required": true, "source": "internal"}],
      "produces": [{"entity": "cleanroomsml.audience_generation_job_arn", "source": "output", "path": "audienceGenerationJobArn"}],
      "notes": ""
    },
    "StartTrainedModelExportJob": {
      "kind": "write_create",
      "side_effect": true,
      "sdk": {"client": "cleanroomsml", "method": "start_trained_model_export_job"},
      "consumes": [{"entity": "cleanroomsml.trained_model_export_job_name", "param": "name", "required": true, "source": "internal"}, {"entity": "cleanroomsml.trainedmodel_arn", "param": "trainedModelArn", "required": true, "source": "external"}, {"entity": "cleanroomsml.membership_identifier", "param": "membershipIdentifier", "required": true, "source": "internal"}, {"entity": "cleanroomsml.output_configuration", "param": "outputConfiguration", "required": true, "source": "internal"}],
      "produces": [],
      "notes": ""
    },
    "StartTrainedModelInferenceJob": {
      "kind": "write_create",
      "side_effect": true,
      "sdk": {"client": "cleanroomsml", "method": "start_trained_model_inference_job"},
      "consumes": [{"entity": "cleanroomsml.membership_identifier", "param": "membershipIdentifier", "required": true, "source": "internal"}, {"entity": "cleanroomsml.trained_model_inference_job_arn_name", "param": "name", "required": true, "source": "external"}, {"entity": "cleanroomsml.trainedmodel_arn", "param": "trainedModelArn", "required": true, "source": "external"}, {"entity": "cleanroomsml.resource_config", "param": "resourceConfig", "required": true, "source": "internal"}, {"entity": "cleanroomsml.output_configuration", "param": "outputConfiguration", "required": true, "source": "internal"}, {"entity": "cleanroomsml.data_source", "param": "dataSource", "required": true, "source": "internal"}],
      "produces": [{"entity": "cleanroomsml.trained_model_inference_job_arn", "source": "output", "path": "trainedModelInferenceJobArn"}],
      "notes": ""
    },
    "TagResource": {
      "kind": "write_apply",
      "side_effect": true,
      "sdk": {"client": "cleanroomsml", "method": "tag_resource"},
      "consumes": [{"entity": "cleanroomsml.resource_arn", "param": "resourceArn", "required": true, "source": "external"}, {"entity": "cleanroomsml.tags", "param": "tags", "required": true, "source": "internal"}],
      "produces": [],
      "notes": ""
    },
    "UntagResource": {
      "kind": "write_delete",
      "side_effect": true,
      "sdk": {"client": "cleanroomsml", "method": "untag_resource"},
      "consumes": [{"entity": "cleanroomsml.resource_arn", "param": "resourceArn", "required": true, "source": "external"}, {"entity": "cleanroomsml.tag_keys", "param": "tagKeys", "required": true, "source": "external"}],
      "produces": [],
      "notes": ""
    },
    "UpdateConfiguredAudienceModel": {
      "kind": "write_update",
      "side_effect": true,
      "sdk": {"client": "cleanroomsml", "method": "update_configured_audience_model"},
      "consumes": [{"entity": "cleanroomsml.configuredaudiencemodel_arn", "param": "configuredAudienceModelArn", "required": true, "source": "external"}],
      "produces": [{"entity": "cleanroomsml.configured_audience_model_arn", "source": "output", "path": "configuredAudienceModelArn"}],
      "notes": ""
    }
  }
}