{
  "oam": {
    "service": "oam",
    "total_operations": 15,
    "independent": [
      {
        "operation": "ListLinks",
        "python_method": "list_links",
        "yaml_action": "list_links",
        "required_params": [],
        "optional_params": [
          "MaxResults",
          "NextToken"
        ],
        "total_optional": 2,
        "output_fields": {
          "Items": {
            "type": "string",
            "description": "Items details",
            "compliance_category": "general",
            "operators": [
              "equals",
              "not_equals",
              "contains"
            ]
          },
          "NextToken": {
            "type": "string",
            "description": "NextToken details",
            "compliance_category": "general",
            "operators": [
              "equals",
              "not_equals",
              "contains"
            ],
            "security_impact": "high"
          }
        },
        "main_output_field": "Items",
        "item_fields": {
          "Arn": {
            "type": "string",
            "description": "Arn",
            "compliance_category": "identity",
            "operators": [
              "equals",
              "not_equals",
              "contains",
              "in",
              "exists"
            ]
          },
          "Id": {
            "type": "string",
            "description": "Id",
            "compliance_category": "identity",
            "operators": [
              "equals",
              "not_equals",
              "in",
              "exists"
            ]
          },
          "Label": {
            "type": "array",
            "description": "Label",
            "compliance_category": "general",
            "operators": [
              "exists",
              "not_empty",
              "contains"
            ]
          },
          "ResourceTypes": {
            "type": "string",
            "description": "Resource types",
            "compliance_category": "general"
          },
          "SinkArn": {
            "type": "string",
            "description": "Sink arn",
            "compliance_category": "identity",
            "operators": [
              "equals",
              "not_equals",
              "contains",
              "in",
              "exists"
            ]
          }
        }
      },
      {
        "operation": "ListSinks",
        "python_method": "list_sinks",
        "yaml_action": "list_sinks",
        "required_params": [],
        "optional_params": [
          "MaxResults",
          "NextToken"
        ],
        "total_optional": 2,
        "output_fields": {
          "Items": {
            "type": "string",
            "description": "Items details",
            "compliance_category": "general",
            "operators": [
              "equals",
              "not_equals",
              "contains"
            ]
          },
          "NextToken": {
            "type": "string",
            "description": "NextToken details",
            "compliance_category": "general",
            "operators": [
              "equals",
              "not_equals",
              "contains"
            ],
            "security_impact": "high"
          }
        },
        "main_output_field": "Items",
        "item_fields": {
          "Arn": {
            "type": "string",
            "description": "Arn",
            "compliance_category": "identity",
            "operators": [
              "equals",
              "not_equals",
              "contains",
              "in",
              "exists"
            ]
          },
          "Id": {
            "type": "string",
            "description": "Id",
            "compliance_category": "identity",
            "operators": [
              "equals",
              "not_equals",
              "in",
              "exists"
            ]
          },
          "Name": {
            "type": "string",
            "description": "Name",
            "compliance_category": "general"
          }
        }
      }
    ],
    "dependent": [
      {
        "operation": "CreateLink",
        "python_method": "create_link",
        "yaml_action": "create_link",
        "required_params": [
          "LabelTemplate",
          "ResourceTypes",
          "SinkIdentifier"
        ],
        "optional_params": [
          "LinkConfiguration",
          "Tags"
        ],
        "total_optional": 2,
        "output_fields": {
          "Arn": {
            "type": "string",
            "description": "Arn details",
            "compliance_category": "identity",
            "operators": [
              "equals",
              "not_equals",
              "contains",
              "in",
              "exists"
            ]
          },
          "Id": {
            "type": "string",
            "description": "Id details",
            "compliance_category": "identity",
            "operators": [
              "equals",
              "not_equals",
              "contains",
              "in",
              "exists"
            ]
          },
          "Label": {
            "type": "string",
            "description": "Label details",
            "compliance_category": "general",
            "operators": [
              "equals",
              "not_equals",
              "contains"
            ]
          },
          "LabelTemplate": {
            "type": "string",
            "description": "LabelTemplate details",
            "compliance_category": "general",
            "format": "date-time",
            "operators": [
              "equals",
              "not_equals",
              "contains"
            ]
          },
          "LinkConfiguration": {
            "type": "string",
            "description": "LinkConfiguration details",
            "compliance_category": "general",
            "format": "date-time",
            "operators": [
              "equals",
              "not_equals",
              "contains"
            ]
          },
          "ResourceTypes": {
            "type": "string",
            "description": "ResourceTypes details",
            "compliance_category": "general",
            "operators": [
              "equals",
              "not_equals",
              "contains"
            ]
          },
          "SinkArn": {
            "type": "string",
            "description": "SinkArn details",
            "compliance_category": "identity",
            "operators": [
              "equals",
              "not_equals",
              "contains",
              "in",
              "exists"
            ]
          },
          "Tags": {
            "type": "string",
            "description": "Tags details",
            "compliance_category": "general",
            "operators": [
              "equals",
              "not_equals",
              "contains"
            ]
          }
        },
        "main_output_field": "ResourceTypes",
        "item_fields": []
      },
      {
        "operation": "CreateSink",
        "python_method": "create_sink",
        "yaml_action": "create_sink",
        "required_params": [
          "Name"
        ],
        "optional_params": [
          "Tags"
        ],
        "total_optional": 1,
        "output_fields": {
          "Arn": {
            "type": "string",
            "description": "Arn details",
            "compliance_category": "identity",
            "operators": [
              "equals",
              "not_equals",
              "contains",
              "in",
              "exists"
            ]
          },
          "Id": {
            "type": "string",
            "description": "Id details",
            "compliance_category": "identity",
            "operators": [
              "equals",
              "not_equals",
              "contains",
              "in",
              "exists"
            ]
          },
          "Name": {
            "type": "string",
            "description": "Name details",
            "compliance_category": "identity",
            "operators": [
              "equals",
              "not_equals",
              "contains",
              "in",
              "exists"
            ]
          },
          "Tags": {
            "type": "string",
            "description": "Tags details",
            "compliance_category": "general",
            "operators": [
              "equals",
              "not_equals",
              "contains"
            ]
          }
        },
        "main_output_field": "Arn",
        "item_fields": []
      },
      {
        "operation": "DeleteLink",
        "python_method": "delete_link",
        "yaml_action": "delete_link",
        "required_params": [
          "Identifier"
        ],
        "optional_params": [],
        "total_optional": 0,
        "output_fields": {},
        "main_output_field": null,
        "item_fields": []
      },
      {
        "operation": "DeleteSink",
        "python_method": "delete_sink",
        "yaml_action": "delete_sink",
        "required_params": [
          "Identifier"
        ],
        "optional_params": [],
        "total_optional": 0,
        "output_fields": {},
        "main_output_field": null,
        "item_fields": []
      },
      {
        "operation": "GetLink",
        "python_method": "get_link",
        "yaml_action": "get_link",
        "required_params": [
          "Identifier"
        ],
        "optional_params": [
          "IncludeTags"
        ],
        "total_optional": 1,
        "output_fields": {
          "Arn": {
            "type": "string",
            "description": "Arn details",
            "compliance_category": "identity",
            "operators": [
              "equals",
              "not_equals",
              "contains",
              "in",
              "exists"
            ]
          },
          "Id": {
            "type": "string",
            "description": "Id details",
            "compliance_category": "identity",
            "operators": [
              "equals",
              "not_equals",
              "contains",
              "in",
              "exists"
            ]
          },
          "Label": {
            "type": "string",
            "description": "Label details",
            "compliance_category": "general",
            "operators": [
              "equals",
              "not_equals",
              "contains"
            ]
          },
          "LabelTemplate": {
            "type": "string",
            "description": "LabelTemplate details",
            "compliance_category": "general",
            "format": "date-time",
            "operators": [
              "equals",
              "not_equals",
              "contains"
            ]
          },
          "LinkConfiguration": {
            "type": "string",
            "description": "LinkConfiguration details",
            "compliance_category": "general",
            "format": "date-time",
            "operators": [
              "equals",
              "not_equals",
              "contains"
            ]
          },
          "ResourceTypes": {
            "type": "string",
            "description": "ResourceTypes details",
            "compliance_category": "general",
            "operators": [
              "equals",
              "not_equals",
              "contains"
            ]
          },
          "SinkArn": {
            "type": "string",
            "description": "SinkArn details",
            "compliance_category": "identity",
            "operators": [
              "equals",
              "not_equals",
              "contains",
              "in",
              "exists"
            ]
          },
          "Tags": {
            "type": "string",
            "description": "Tags details",
            "compliance_category": "general",
            "operators": [
              "equals",
              "not_equals",
              "contains"
            ]
          }
        },
        "main_output_field": "ResourceTypes",
        "item_fields": []
      },
      {
        "operation": "GetSink",
        "python_method": "get_sink",
        "yaml_action": "get_sink",
        "required_params": [
          "Identifier"
        ],
        "optional_params": [
          "IncludeTags"
        ],
        "total_optional": 1,
        "output_fields": {
          "Arn": {
            "type": "string",
            "description": "Arn details",
            "compliance_category": "identity",
            "operators": [
              "equals",
              "not_equals",
              "contains",
              "in",
              "exists"
            ]
          },
          "Id": {
            "type": "string",
            "description": "Id details",
            "compliance_category": "identity",
            "operators": [
              "equals",
              "not_equals",
              "contains",
              "in",
              "exists"
            ]
          },
          "Name": {
            "type": "string",
            "description": "Name details",
            "compliance_category": "identity",
            "operators": [
              "equals",
              "not_equals",
              "contains",
              "in",
              "exists"
            ]
          },
          "Tags": {
            "type": "string",
            "description": "Tags details",
            "compliance_category": "general",
            "operators": [
              "equals",
              "not_equals",
              "contains"
            ]
          }
        },
        "main_output_field": "Arn",
        "item_fields": []
      },
      {
        "operation": "GetSinkPolicy",
        "python_method": "get_sink_policy",
        "yaml_action": "get_sink_policy",
        "required_params": [
          "SinkIdentifier"
        ],
        "optional_params": [],
        "total_optional": 0,
        "output_fields": {
          "Policy": {
            "type": "string",
            "description": "Policy details",
            "compliance_category": "security",
            "operators": [
              "equals",
              "not_equals",
              "in",
              "exists"
            ]
          },
          "SinkArn": {
            "type": "string",
            "description": "SinkArn details",
            "compliance_category": "identity",
            "operators": [
              "equals",
              "not_equals",
              "contains",
              "in",
              "exists"
            ]
          },
          "SinkId": {
            "type": "string",
            "description": "SinkId details",
            "compliance_category": "identity",
            "operators": [
              "equals",
              "not_equals",
              "contains",
              "in",
              "exists"
            ]
          }
        },
        "main_output_field": "Policy",
        "item_fields": []
      },
      {
        "operation": "ListAttachedLinks",
        "python_method": "list_attached_links",
        "yaml_action": "list_attached_links",
        "required_params": [
          "SinkIdentifier"
        ],
        "optional_params": [
          "MaxResults",
          "NextToken"
        ],
        "total_optional": 2,
        "output_fields": {
          "Items": {
            "type": "string",
            "description": "Items details",
            "compliance_category": "general",
            "operators": [
              "equals",
              "not_equals",
              "contains"
            ]
          },
          "NextToken": {
            "type": "string",
            "description": "NextToken details",
            "compliance_category": "general",
            "operators": [
              "equals",
              "not_equals",
              "contains"
            ],
            "security_impact": "high"
          }
        },
        "main_output_field": "Items",
        "item_fields": {
          "Label": {
            "type": "array",
            "description": "Label",
            "compliance_category": "general",
            "operators": [
              "exists",
              "not_empty",
              "contains"
            ]
          },
          "LinkArn": {
            "type": "string",
            "description": "Link arn",
            "compliance_category": "identity",
            "operators": [
              "equals",
              "not_equals",
              "contains",
              "in",
              "exists"
            ]
          },
          "ResourceTypes": {
            "type": "string",
            "description": "Resource types",
            "compliance_category": "general"
          }
        }
      },
      {
        "operation": "ListTagsForResource",
        "python_method": "list_tags_for_resource",
        "yaml_action": "list_tags_for_resource",
        "required_params": [
          "ResourceArn"
        ],
        "optional_params": [],
        "total_optional": 0,
        "output_fields": {
          "Tags": {
            "type": "string",
            "description": "Tags details",
            "compliance_category": "general",
            "operators": [
              "equals",
              "not_equals",
              "contains"
            ]
          }
        },
        "main_output_field": "Tags",
        "item_fields": []
      },
      {
        "operation": "PutSinkPolicy",
        "python_method": "put_sink_policy",
        "yaml_action": "put_sink_policy",
        "required_params": [
          "Policy",
          "SinkIdentifier"
        ],
        "optional_params": [],
        "total_optional": 0,
        "output_fields": {
          "Policy": {
            "type": "string",
            "description": "Policy details",
            "compliance_category": "security",
            "operators": [
              "equals",
              "not_equals",
              "in",
              "exists"
            ]
          },
          "SinkArn": {
            "type": "string",
            "description": "SinkArn details",
            "compliance_category": "identity",
            "operators": [
              "equals",
              "not_equals",
              "contains",
              "in",
              "exists"
            ]
          },
          "SinkId": {
            "type": "string",
            "description": "SinkId details",
            "compliance_category": "identity",
            "operators": [
              "equals",
              "not_equals",
              "contains",
              "in",
              "exists"
            ]
          }
        },
        "main_output_field": "Policy",
        "item_fields": []
      },
      {
        "operation": "TagResource",
        "python_method": "tag_resource",
        "yaml_action": "tag_resource",
        "required_params": [
          "ResourceArn",
          "Tags"
        ],
        "optional_params": [],
        "total_optional": 0,
        "output_fields": {},
        "main_output_field": null,
        "item_fields": []
      },
      {
        "operation": "UntagResource",
        "python_method": "untag_resource",
        "yaml_action": "untag_resource",
        "required_params": [
          "ResourceArn",
          "TagKeys"
        ],
        "optional_params": [],
        "total_optional": 0,
        "output_fields": {},
        "main_output_field": null,
        "item_fields": []
      },
      {
        "operation": "UpdateLink",
        "python_method": "update_link",
        "yaml_action": "update_link",
        "required_params": [
          "Identifier",
          "ResourceTypes"
        ],
        "optional_params": [
          "IncludeTags",
          "LinkConfiguration"
        ],
        "total_optional": 2,
        "output_fields": {
          "Arn": {
            "type": "string",
            "description": "Arn details",
            "compliance_category": "identity",
            "operators": [
              "equals",
              "not_equals",
              "contains",
              "in",
              "exists"
            ]
          },
          "Id": {
            "type": "string",
            "description": "Id details",
            "compliance_category": "identity",
            "operators": [
              "equals",
              "not_equals",
              "contains",
              "in",
              "exists"
            ]
          },
          "Label": {
            "type": "string",
            "description": "Label details",
            "compliance_category": "general",
            "operators": [
              "equals",
              "not_equals",
              "contains"
            ]
          },
          "LabelTemplate": {
            "type": "string",
            "description": "LabelTemplate details",
            "compliance_category": "general",
            "format": "date-time",
            "operators": [
              "equals",
              "not_equals",
              "contains"
            ]
          },
          "LinkConfiguration": {
            "type": "string",
            "description": "LinkConfiguration details",
            "compliance_category": "general",
            "format": "date-time",
            "operators": [
              "equals",
              "not_equals",
              "contains"
            ]
          },
          "ResourceTypes": {
            "type": "string",
            "description": "ResourceTypes details",
            "compliance_category": "general",
            "operators": [
              "equals",
              "not_equals",
              "contains"
            ]
          },
          "SinkArn": {
            "type": "string",
            "description": "SinkArn details",
            "compliance_category": "identity",
            "operators": [
              "equals",
              "not_equals",
              "contains",
              "in",
              "exists"
            ]
          },
          "Tags": {
            "type": "string",
            "description": "Tags details",
            "compliance_category": "general",
            "operators": [
              "equals",
              "not_equals",
              "contains"
            ]
          }
        },
        "main_output_field": "ResourceTypes",
        "item_fields": []
      }
    ],
    "independent_count": 2,
    "dependent_count": 13
  }
}