{
  "service": "oam",
  "fixes": [
    {
      "rule_id": "1",
      "suggested_check": {
        "var": "Arn",
        "op": "equals",
        "value": "oam.item_arn",
        "derived": null,
        "derive_key": null
      },
      "suggested_aliases": {
        "entity_aliases": {
          "alias": "oam.item_arn"
        },
        "param_aliases": {
          "param": [
            "ListLinks.Items[].Arn",
            "ListSinks.Items[].Arn"
          ]
        }
      },
      "confidence": 0.9,
      "reason": "The direct variable 'Arn' directly maps to the entity 'oam.item_arn'."
    },
    {
      "rule_id": "2",
      "suggested_check": {
        "var": "Arn",
        "op": "equals",
        "value": "oam.link_arn",
        "derived": null,
        "derive_key": null
      },
      "suggested_aliases": {
        "entity_aliases": {
          "alias": "oam.link_arn"
        },
        "param_aliases": {
          "param": [
            "CreateLink.Arn",
            "GetLink.Arn",
            "UpdateLink.Arn"
          ]
        }
      },
      "confidence": 0.85,
      "reason": "The direct variable 'Arn' directly maps to the entity 'oam.link_arn'."
    },
    {
      "rule_id": "3",
      "suggested_check": {
        "var": "Arn",
        "op": "equals",
        "value": "oam.sink_arn",
        "derived": null,
        "derive_key": null
      },
      "suggested_aliases": {
        "entity_aliases": {
          "alias": "oam.sink_arn"
        },
        "param_aliases": {
          "param": [
            "CreateSink.Arn",
            "GetSink.Arn"
          ]
        }
      },
      "confidence": 0.88,
      "reason": "The direct variable 'Arn' directly maps to the entity 'oam.sink_arn'."
    },
    {
      "rule_id": "4",
      "suggested_check": {
        "var": "Id",
        "op": "equals",
        "value": "oam.item_id",
        "derived": null,
        "derive_key": null
      },
      "suggested_aliases": {
        "entity_aliases": {
          "alias": "oam.item_id"
        },
        "param_aliases": {
          "param": [
            "ListLinks.Items[].Id",
            "ListSinks.Items[].Id"
          ]
        }
      },
      "confidence": 0.9,
      "reason": "The direct variable 'Id' directly maps to the entity 'oam.item_id'."
    },
    {
      "rule_id": "5",
      "suggested_check": {
        "var": "Id",
        "op": "equals",
        "value": "oam.link_id",
        "derived": null,
        "derive_key": null
      },
      "suggested_aliases": {
        "entity_aliases": {
          "alias": "oam.link_id"
        },
        "param_aliases": {
          "param": [
            "CreateLink.Id"
          ]
        }
      },
      "confidence": 0.85,
      "reason": "The direct variable 'Id' directly maps to the entity 'oam.link_id'."
    },
    {
      "type": "llm_fix",
      "original": "1",
      "fix": {
        "var": "Arn",
        "op": "equals",
        "value": "oam.item_arn",
        "derived": null,
        "derive_key": null
      },
      "confidence": 0.9,
      "reason": "The direct variable 'Arn' directly maps to the entity 'oam.item_arn'.",
      "aliases": {
        "entity_aliases": {
          "alias": "oam.item_arn"
        },
        "param_aliases": {
          "param": [
            "ListLinks.Items[].Arn",
            "ListSinks.Items[].Arn"
          ]
        }
      }
    },
    {
      "type": "llm_fix",
      "original": "2",
      "fix": {
        "var": "Arn",
        "op": "equals",
        "value": "oam.link_arn",
        "derived": null,
        "derive_key": null
      },
      "confidence": 0.85,
      "reason": "The direct variable 'Arn' directly maps to the entity 'oam.link_arn'.",
      "aliases": {
        "entity_aliases": {
          "alias": "oam.link_arn"
        },
        "param_aliases": {
          "param": [
            "CreateLink.Arn",
            "GetLink.Arn",
            "UpdateLink.Arn"
          ]
        }
      }
    },
    {
      "type": "llm_fix",
      "original": "3",
      "fix": {
        "var": "Arn",
        "op": "equals",
        "value": "oam.sink_arn",
        "derived": null,
        "derive_key": null
      },
      "confidence": 0.88,
      "reason": "The direct variable 'Arn' directly maps to the entity 'oam.sink_arn'.",
      "aliases": {
        "entity_aliases": {
          "alias": "oam.sink_arn"
        },
        "param_aliases": {
          "param": [
            "CreateSink.Arn",
            "GetSink.Arn"
          ]
        }
      }
    },
    {
      "type": "llm_fix",
      "original": "4",
      "fix": {
        "var": "Id",
        "op": "equals",
        "value": "oam.item_id",
        "derived": null,
        "derive_key": null
      },
      "confidence": 0.9,
      "reason": "The direct variable 'Id' directly maps to the entity 'oam.item_id'.",
      "aliases": {
        "entity_aliases": {
          "alias": "oam.item_id"
        },
        "param_aliases": {
          "param": [
            "ListLinks.Items[].Id",
            "ListSinks.Items[].Id",
            "CreateLink.Id"
          ]
        }
      }
    }
  ],
  "summary": {
    "total_fixes": 9,
    "remaining_unresolved": 18
  }
}