{
  "service": "oam",
  "issues": {
    "generic_entities": {},
    "ambiguous_tokens": {
      "arn": [
        {
          "mapping": "ListLinks.Items[].Arn -> oam.item_arn",
          "evidence": "ListLinks.Items[].Arn",
          "entity": "oam.item_arn"
        },
        {
          "mapping": "ListSinks.Items[].Arn -> oam.item_arn",
          "evidence": "ListSinks.Items[].Arn",
          "entity": "oam.item_arn"
        },
        {
          "mapping": "CreateLink.Arn -> oam.link_arn",
          "evidence": "CreateLink.Arn",
          "entity": "oam.link_arn"
        },
        {
          "mapping": "CreateSink.Arn -> oam.sink_arn",
          "evidence": "CreateSink.Arn",
          "entity": "oam.sink_arn"
        },
        {
          "mapping": "GetLink.Arn -> oam.link_arn",
          "evidence": "GetLink.Arn",
          "entity": "oam.link_arn"
        },
        {
          "mapping": "GetSink.Arn -> oam.sink_arn",
          "evidence": "GetSink.Arn",
          "entity": "oam.sink_arn"
        },
        {
          "mapping": "UpdateLink.Arn -> oam.link_arn",
          "evidence": "UpdateLink.Arn",
          "entity": "oam.link_arn"
        }
      ],
      "id": [
        {
          "mapping": "ListLinks.Items[].Id -> oam.item_id",
          "evidence": "ListLinks.Items[].Id",
          "entity": "oam.item_id"
        },
        {
          "mapping": "ListSinks.Items[].Id -> oam.item_id",
          "evidence": "ListSinks.Items[].Id",
          "entity": "oam.item_id"
        },
        {
          "mapping": "CreateLink.Id -> oam.link_id",
          "evidence": "CreateLink.Id",
          "entity": "oam.link_id"
        },
        {
          "mapping": "CreateSink.Id -> oam.sink_id",
          "evidence": "CreateSink.Id",
          "entity": "oam.sink_id"
        },
        {
          "mapping": "GetLink.Id -> oam.link_id",
          "evidence": "GetLink.Id",
          "entity": "oam.link_id"
        },
        {
          "mapping": "GetSink.Id -> oam.sink_id",
          "evidence": "GetSink.Id",
          "entity": "oam.sink_id"
        },
        {
          "mapping": "UpdateLink.Id -> oam.link_id",
          "evidence": "UpdateLink.Id",
          "entity": "oam.link_id"
        }
      ],
      "name": [
        {
          "mapping": "ListSinks.Items[].Name -> oam.item_name",
          "evidence": "ListSinks.Items[].Name",
          "entity": "oam.item_name"
        },
        {
          "mapping": "CreateSink.Name -> oam.sink_name",
          "evidence": "CreateSink.Name",
          "entity": "oam.sink_name"
        },
        {
          "mapping": "CreateSink.Name -> oam.sink_name",
          "evidence": "CreateSink.Name",
          "entity": "oam.sink_name"
        },
        {
          "mapping": "GetSink.Name -> oam.sink_name",
          "evidence": "GetSink.Name",
          "entity": "oam.sink_name"
        }
      ]
    },
    "unresolved_consumes": [],
    "suspicious_paths": []
  },
  "alias_candidates_not_applied": [],
  "suggested_overrides": [],
  "unresolved_items": [
    {
      "mapping": "ListLinks.Items[].Arn -> oam.item_arn",
      "evidence": "ListLinks.Items[].Arn",
      "entity": "oam.item_arn"
    },
    {
      "mapping": "ListSinks.Items[].Arn -> oam.item_arn",
      "evidence": "ListSinks.Items[].Arn",
      "entity": "oam.item_arn"
    },
    {
      "mapping": "CreateLink.Arn -> oam.link_arn",
      "evidence": "CreateLink.Arn",
      "entity": "oam.link_arn"
    },
    {
      "mapping": "CreateSink.Arn -> oam.sink_arn",
      "evidence": "CreateSink.Arn",
      "entity": "oam.sink_arn"
    },
    {
      "mapping": "GetLink.Arn -> oam.link_arn",
      "evidence": "GetLink.Arn",
      "entity": "oam.link_arn"
    },
    {
      "mapping": "GetSink.Arn -> oam.sink_arn",
      "evidence": "GetSink.Arn",
      "entity": "oam.sink_arn"
    },
    {
      "mapping": "UpdateLink.Arn -> oam.link_arn",
      "evidence": "UpdateLink.Arn",
      "entity": "oam.link_arn"
    },
    {
      "mapping": "ListLinks.Items[].Id -> oam.item_id",
      "evidence": "ListLinks.Items[].Id",
      "entity": "oam.item_id"
    },
    {
      "mapping": "ListSinks.Items[].Id -> oam.item_id",
      "evidence": "ListSinks.Items[].Id",
      "entity": "oam.item_id"
    },
    {
      "mapping": "CreateLink.Id -> oam.link_id",
      "evidence": "CreateLink.Id",
      "entity": "oam.link_id"
    },
    {
      "mapping": "CreateSink.Id -> oam.sink_id",
      "evidence": "CreateSink.Id",
      "entity": "oam.sink_id"
    },
    {
      "mapping": "GetLink.Id -> oam.link_id",
      "evidence": "GetLink.Id",
      "entity": "oam.link_id"
    },
    {
      "mapping": "GetSink.Id -> oam.sink_id",
      "evidence": "GetSink.Id",
      "entity": "oam.sink_id"
    },
    {
      "mapping": "UpdateLink.Id -> oam.link_id",
      "evidence": "UpdateLink.Id",
      "entity": "oam.link_id"
    },
    {
      "mapping": "ListSinks.Items[].Name -> oam.item_name",
      "evidence": "ListSinks.Items[].Name",
      "entity": "oam.item_name"
    },
    {
      "mapping": "CreateSink.Name -> oam.sink_name",
      "evidence": "CreateSink.Name",
      "entity": "oam.sink_name"
    },
    {
      "mapping": "CreateSink.Name -> oam.sink_name",
      "evidence": "CreateSink.Name",
      "entity": "oam.sink_name"
    },
    {
      "mapping": "GetSink.Name -> oam.sink_name",
      "evidence": "GetSink.Name",
      "entity": "oam.sink_name"
    }
  ]
}