{
  "service": "emr",
  "op_consumes": {
    "DescribeJobFlows": [],
    "DescribeReleaseLabel": [],
    "GetBlockPublicAccessConfiguration": [],
    "ListClusters": [],
    "ListNotebookExecutions": [],
    "ListReleaseLabels": [],
    "ListSecurityConfigurations": [],
    "ListStudioSessionMappings": [],
    "ListStudios": [],
    "ModifyInstanceGroups": [],
    "AddInstanceFleet": ["emr.cluster_id", "emr.instance_fleet"],
    "AddInstanceGroups": ["emr.job_id", "emr.instance_groups"],
    "AddJobFlowSteps": ["emr.job_id", "emr.steps"],
    "AddTags": ["emr.resource_id", "emr.tags"],
    "CancelSteps": ["emr.cluster_id", "emr.step_ids"],
    "CreatePersistentAppUI": ["emr.targetresource_arn"],
    "CreateSecurityConfiguration": ["emr.security_configuration", "emr.security_configuration_name"],
    "CreateStudio": ["emr.default_s3_location", "emr.service_role", "emr.subnet_ids", "emr.workspacesecuritygroup_id", "emr.studio_id_name", "emr.auth_mode", "emr.enginesecuritygroup_id", "emr.vpc_id"],
    "CreateStudioSessionMapping": ["emr.sessionpolicy_arn", "emr.identity_type", "emr.studio_id"],
    "DeleteSecurityConfiguration": ["emr.security_configuration_name"],
    "DeleteStudio": ["emr.studio_id"],
    "DeleteStudioSessionMapping": ["emr.identity_type", "emr.studio_id"],
    "DescribeCluster": ["emr.cluster_id"],
    "DescribeNotebookExecution": ["emr.notebookexecution_id"],
    "DescribePersistentAppUI": ["emr.persistentappui_id"],
    "DescribeSecurityConfiguration": ["emr.security_configuration_name"],
    "DescribeStep": ["emr.cluster_id", "emr.step_id"],
    "DescribeStudio": ["emr.studio_id"],
    "GetAutoTerminationPolicy": ["emr.cluster_id"],
    "GetClusterSessionCredentials": ["emr.cluster_id"],
    "GetManagedScalingPolicy": ["emr.cluster_id"],
    "GetOnClusterAppUIPresignedURL": ["emr.cluster_id"],
    "GetPersistentAppUIPresignedURL": ["emr.persistentappui_id"],
    "GetStudioSessionMapping": ["emr.identity_type", "emr.studio_id"],
    "ListBootstrapActions": ["emr.cluster_id"],
    "ListInstanceFleets": ["emr.cluster_id"],
    "ListInstanceGroups": ["emr.cluster_id"],
    "ListInstances": ["emr.cluster_id"],
    "ListSteps": ["emr.cluster_id"],
    "ListSupportedInstanceTypes": ["emr.release_label"],
    "ModifyCluster": ["emr.cluster_id"],
    "ModifyInstanceFleet": ["emr.cluster_id", "emr.instance_fleet"],
    "PutAutoScalingPolicy": ["emr.cluster_id", "emr.auto_scaling_policy", "emr.instancegroup_id"],
    "PutAutoTerminationPolicy": ["emr.cluster_id"],
    "PutBlockPublicAccessConfiguration": ["emr.block_public_access_configuration"],
    "PutManagedScalingPolicy": ["emr.cluster_id", "emr.managed_scaling_policy"],
    "RemoveAutoScalingPolicy": ["emr.cluster_id", "emr.instancegroup_id"],
    "RemoveAutoTerminationPolicy": ["emr.cluster_id"],
    "RemoveManagedScalingPolicy": ["emr.cluster_id"],
    "RemoveTags": ["emr.resource_id", "emr.tag_keys"],
    "RunJobFlow": ["emr.job_flow_id_name", "emr.instances"],
    "SetKeepJobFlowAliveWhenNoSteps": ["emr.keep_job_flow_alive_when_no_steps", "emr.job_flow_ids"],
    "SetTerminationProtection": ["emr.termination_protected", "emr.job_flow_ids"],
    "SetUnhealthyNodeReplacement": ["emr.job_flow_ids", "emr.unhealthy_node_replacement"],
    "SetVisibleToAllUsers": ["emr.visible_to_all_users", "emr.job_flow_ids"],
    "StartNotebookExecution": ["emr.service_role", "emr.execution_engine"],
    "StopNotebookExecution": ["emr.notebookexecution_id"],
    "TerminateJobFlows": ["emr.job_flow_ids"],
    "UpdateStudio": ["emr.studio_id"],
    "UpdateStudioSessionMapping": ["emr.sessionpolicy_arn", "emr.identity_type", "emr.studio_id"]
  },
  "op_produces": {
    "DescribeJobFlows": ["emr.job_flow_name", "emr.job_flow_role", "emr.job_flow_log_encryption_kms_key_id", "emr.job_flow_steps", "emr.job_flow_supported_products", "emr.job_flow_visible_to_all_users", "emr.job_flow_bootstrap_actions", "emr.job_flow_service_role", "emr.job_flow_ami_version", "emr.job_flow_auto_scaling_role", "emr.job_flow_id", "emr.job_flow_scale_down_behavior", "emr.job_flows", "emr.job_flow_execution_status_detail", "emr.job_flow_instances", "emr.job_flow_log_uri"],
    "DescribeReleaseLabel": ["emr.release_label", "emr.next_token", "emr.applications", "emr.available_os_releases", "emr.application_version", "emr.application_name"],
    "GetBlockPublicAccessConfiguration": ["emr.block_public_access_configuration_block_public_security_group_rules", "emr.block_public_access_configuration", "emr.block_public_access_configuration_metadata", "emr.block_public_access_configuration_permitted_public_security_group_rule_ranges"],
    "ListClusters": ["emr.cluster_name", "emr.cluster_status", "emr.cluster_outpost_arn", "emr.marker", "emr.cluster_arn", "emr.clusters", "emr.cluster_id", "emr.cluster_normalized_instance_hours"],
    "ListNotebookExecutions": ["emr.marker", "emr.notebook_execution_start_time", "emr.notebook_execution_notebook_s3_location", "emr.notebook_execution_id", "emr.notebook_execution_execution_engine_id", "emr.notebook_execution_editor_id", "emr.notebook_execution_status", "emr.notebook_executions", "emr.notebook_execution_end_time", "emr.notebook_execution_name"],
    "ListReleaseLabels": ["emr.release_labels", "emr.next_token"],
    "ListSecurityConfigurations": ["emr.security_configurations", "emr.marker", "emr.security_configuration_name", "emr.security_configuration_creation_date_time"],
    "ListStudioSessionMappings": ["emr.session_mapping_identity_name", "emr.session_mapping_identity_id", "emr.marker", "emr.session_mapping_identity_type", "emr.studio_id", "emr.session_mappings", "emr.session_mapping_session_policy_arn", "emr.session_mapping_creation_time"],
    "ListStudios": ["emr.studio_auth_mode", "emr.marker", "emr.studio_description", "emr.studio_name", "emr.studio_id", "emr.studio_creation_time", "emr.studios", "emr.studio_url", "emr.vpc_id"],
    "ModifyInstanceGroups": [],
    "AddInstanceFleet": ["emr.cluster_id", "emr.cluster_arn", "emr.instance_fleet_id"],
    "AddInstanceGroups": ["emr.cluster_arn", "emr.instance_group_ids", "emr.job_flow_id"],
    "AddJobFlowSteps": ["emr.step_ids"],
    "AddTags": [],
    "CancelSteps": ["emr.cancel_steps_info_reason", "emr.cancel_steps_status", "emr.cancel_steps_info_list", "emr.step_id"],
    "CreatePersistentAppUI": ["emr.runtime_role_enabled_cluster", "emr.persistent_app_ui_id"],
    "CreateSecurityConfiguration": ["emr.security_configuration_name", "emr.creation_date_time"],
    "CreateStudio": ["emr.url", "emr.studio_id"],
    "CreateStudioSessionMapping": [],
    "DeleteSecurityConfiguration": [],
    "DeleteStudio": [],
    "DeleteStudioSessionMapping": [],
    "DescribeCluster": ["emr.cluster_name", "emr.cluster_outpost_arn", "emr.cluster", "emr.cluster_log_encryption_kms_key_id", "emr.cluster_visible_to_all_users", "emr.cluster_log_uri", "emr.cluster_service_role", "emr.cluster_custom_ami_id", "emr.cluster_auto_scaling_role", "emr.cluster_status", "emr.cluster_instance_collection_type", "emr.cluster_master_public_dns_name", "emr.cluster_scale_down_behavior", "emr.cluster_step_concurrency_level", "emr.cluster_id", "emr.cluster_configurations", "emr.cluster_normalized_instance_hours", "emr.cluster_tags", "emr.cluster_auto_terminate", "emr.cluster_monitoring_configuration", "emr.cluster_repo_upgrade_on_boot", "emr.cluster_applications", "emr.cluster_unhealthy_node_replacement", "emr.cluster_termination_protected", "emr.cluster_ebs_root_volume_iops", "emr.cluster_requested_ami_version", "emr.cluster_arn", "emr.cluster_kerberos_attributes", "emr.cluster_ec2_instance_attributes", "emr.cluster_release_label", "emr.cluster_security_configuration", "emr.cluster_ebs_root_volume_throughput", "emr.cluster_os_release_label", "emr.cluster_extended_support", "emr.cluster_placement_groups", "emr.cluster_running_ami_version", "emr.cluster_ebs_root_volume_size"],
    "DescribeNotebookExecution": ["emr.notebook_execution_output_notebook_s3_location", "emr.notebook_execution_execution_engine", "emr.notebook_execution", "emr.notebook_execution_start_time", "emr.notebook_execution_arn", "emr.notebook_execution_output_notebook_uri", "emr.notebook_execution_id", "emr.notebook_execution_tags", "emr.notebook_execution_notebook_s3_location", "emr.notebook_execution_output_notebook_format", "emr.notebook_execution_environment_variables", "emr.notebook_execution_editor_id", "emr.notebook_execution_status", "emr.notebook_execution_last_state_change_reason", "emr.notebook_execution_end_time", "emr.notebook_execution_name", "emr.notebook_execution_notebook_instance_security_group_id", "emr.notebook_execution_notebook_params"],
    "DescribePersistentAppUI": ["emr.persistent_app_ui_author_id", "emr.persistent_app_ui_type_list", "emr.persistent_app_ui_last_state_change_reason", "emr.persistent_app_ui_creation_time", "emr.persistent_app_ui_id", "emr.persistent_app_ui_tags", "emr.persistent_app_ui_status", "emr.persistent_app_ui", "emr.persistent_app_ui_last_modified_time"],
    "DescribeSecurityConfiguration": ["emr.security_configuration", "emr.security_configuration_name", "emr.creation_date_time"],
    "DescribeStep": ["emr.step_action_on_failure", "emr.step_config", "emr.step_status", "emr.step_execution_role_arn", "emr.step_log_uri", "emr.step_encryption_key_arn", "emr.step_name", "emr.step_id", "emr.step"],
    "DescribeStudio": ["emr.studio_auth_mode", "emr.studio_default_s3_location", "emr.studio_idc_user_assignment", "emr.studio_description", "emr.studio_trusted_identity_propagation_enabled", "emr.studio_workspace_security_group_id", "emr.studio_idp_relay_state_parameter_name", "emr.studio_idc_instance_arn", "emr.studio_tags", "emr.studio_subnet_ids", "emr.studio_url", "emr.studio_arn", "emr.studio_idp_auth_url", "emr.studio_encryption_key_arn", "emr.studio_name", "emr.studio_id", "emr.studio_creation_time", "emr.vpc_id", "emr.studio", "emr.studio_engine_security_group_id", "emr.studio_user_role", "emr.studio_service_role"],
    "GetAutoTerminationPolicy": ["emr.auto_termination_policy_idle_timeout", "emr.auto_termination_policy"],
    "GetClusterSessionCredentials": ["emr.credentials", "emr.expires_at", "emr.credential_username_password"],
    "GetManagedScalingPolicy": ["emr.managed_scaling_policy", "emr.managed_scaling_policy_compute_limits", "emr.managed_scaling_policy_scaling_strategy", "emr.managed_scaling_policy_utilization_performance_index"],
    "GetOnClusterAppUIPresignedURL": ["emr.presigned_url", "emr.presigned_url_ready"],
    "GetPersistentAppUIPresignedURL": ["emr.presigned_url", "emr.presigned_url_ready"],
    "GetStudioSessionMapping": ["emr.session_mapping", "emr.session_mapping_identity_name", "emr.session_mapping_identity_id", "emr.session_mapping_identity_type", "emr.studio_id", "emr.session_mapping_creation_time", "emr.session_mapping_session_policy_arn", "emr.session_mapping_last_modified_time"],
    "ListBootstrapActions": ["emr.bootstrap_action_script_path", "emr.marker", "emr.bootstrap_action_args", "emr.bootstrap_actions", "emr.bootstrap_action_name"],
    "ListInstanceFleets": ["emr.instance_fleet_target_on_demand_capacity", "emr.instance_fleet_target_spot_capacity", "emr.instance_fleet_resize_specifications", "emr.marker", "emr.instance_fleet_instance_type_specifications", "emr.instance_fleet_launch_specifications", "emr.instance_fleet_id", "emr.instance_fleets", "emr.instance_fleet_provisioned_spot_capacity", "emr.instance_fleet_context", "emr.instance_fleet_type", "emr.instance_fleet_provisioned_on_demand_capacity", "emr.instance_fleet_name", "emr.instance_fleet_status"],
    "ListInstanceGroups": ["emr.instance_group_bid_price", "emr.instance_group_configurations", "emr.instance_group_ebs_optimized", "emr.instance_group_auto_scaling_policy", "emr.instance_group_last_successfully_applied_configurations_version", "emr.instance_group_market", "emr.instance_group_type", "emr.instance_group_name", "emr.instance_group_id", "emr.instance_group_custom_ami_id", "emr.instance_group_instance_type", "emr.marker", "emr.instance_group_last_successfully_applied_configurations", "emr.instance_group_requested_instance_count", "emr.instance_group_configurations_version", "emr.instance_group_ebs_block_devices", "emr.instance_groups", "emr.instance_group_running_instance_count", "emr.instance_group_status", "emr.instance_group_shrink_policy"],
    "ListInstances": ["emr.instanc_ec2_instance_id", "emr.instanc_public_dns_name", "emr.instanc_private_ip_address", "emr.instanc_instance_type", "emr.instances", "emr.instanc_private_dns_name", "emr.marker", "emr.instance_group_id", "emr.instanc_status", "emr.instanc_id", "emr.instanc_public_ip_address", "emr.instanc_market", "emr.instanc_ebs_volumes", "emr.instance_fleet_id"],
    "ListSteps": ["emr.step_config", "emr.step_action_on_failure", "emr.step_status", "emr.step_log_uri", "emr.marker", "emr.steps", "emr.step_encryption_key_arn", "emr.step_name", "emr.step_id"],
    "ListSupportedInstanceTypes": ["emr.supported_instance_typ_architecture", "emr.supported_instance_typ_memory_gb", "emr.supported_instance_types", "emr.marker", "emr.supported_instance_typ_type", "emr.supported_instance_typ_is64_bits_only", "emr.supported_instance_typ_vcpu", "emr.supported_instance_typ_instance_family_id", "emr.supported_instance_typ_ebs_optimized_available", "emr.supported_instance_typ_ebs_optimized_by_default", "emr.supported_instance_typ_number_of_disks", "emr.supported_instance_typ_storage_gb", "emr.supported_instance_typ_ebs_storage_only"],
    "ModifyCluster": ["emr.extended_support", "emr.step_concurrency_level"],
    "ModifyInstanceFleet": [],
    "PutAutoScalingPolicy": ["emr.auto_scaling_policy_constraints", "emr.auto_scaling_policy_status", "emr.auto_scaling_policy", "emr.cluster_arn", "emr.instance_group_id", "emr.cluster_id", "emr.auto_scaling_policy_rules"],
    "PutAutoTerminationPolicy": [],
    "PutBlockPublicAccessConfiguration": [],
    "PutManagedScalingPolicy": [],
    "RemoveAutoScalingPolicy": [],
    "RemoveAutoTerminationPolicy": [],
    "RemoveManagedScalingPolicy": [],
    "RemoveTags": [],
    "RunJobFlow": ["emr.cluster_arn", "emr.job_flow_id"],
    "SetKeepJobFlowAliveWhenNoSteps": [],
    "SetTerminationProtection": [],
    "SetUnhealthyNodeReplacement": [],
    "SetVisibleToAllUsers": [],
    "StartNotebookExecution": ["emr.notebook_execution_id"],
    "StopNotebookExecution": [],
    "TerminateJobFlows": [],
    "UpdateStudio": [],
    "UpdateStudioSessionMapping": []
  },
  "entity_producers": {
    "emr.job_flows": ["DescribeJobFlows"],
    "emr.job_flow_id": ["AddInstanceGroups", "RunJobFlow", "DescribeJobFlows"],
    "emr.job_flow_name": ["DescribeJobFlows"],
    "emr.job_flow_log_uri": ["DescribeJobFlows"],
    "emr.job_flow_log_encryption_kms_key_id": ["DescribeJobFlows"],
    "emr.job_flow_ami_version": ["DescribeJobFlows"],
    "emr.job_flow_execution_status_detail": ["DescribeJobFlows"],
    "emr.job_flow_instances": ["DescribeJobFlows"],
    "emr.job_flow_steps": ["DescribeJobFlows"],
    "emr.job_flow_bootstrap_actions": ["DescribeJobFlows"],
    "emr.job_flow_supported_products": ["DescribeJobFlows"],
    "emr.job_flow_visible_to_all_users": ["DescribeJobFlows"],
    "emr.job_flow_role": ["DescribeJobFlows"],
    "emr.job_flow_service_role": ["DescribeJobFlows"],
    "emr.job_flow_auto_scaling_role": ["DescribeJobFlows"],
    "emr.job_flow_scale_down_behavior": ["DescribeJobFlows"],
    "emr.release_label": ["DescribeReleaseLabel"],
    "emr.applications": ["DescribeReleaseLabel"],
    "emr.next_token": ["ListReleaseLabels", "DescribeReleaseLabel"],
    "emr.available_os_releases": ["DescribeReleaseLabel"],
    "emr.application_name": ["DescribeReleaseLabel"],
    "emr.application_version": ["DescribeReleaseLabel"],
    "emr.block_public_access_configuration": ["GetBlockPublicAccessConfiguration"],
    "emr.block_public_access_configuration_metadata": ["GetBlockPublicAccessConfiguration"],
    "emr.block_public_access_configuration_block_public_security_group_rules": ["GetBlockPublicAccessConfiguration"],
    "emr.block_public_access_configuration_permitted_public_security_group_rule_ranges": ["GetBlockPublicAccessConfiguration"],
    "emr.clusters": ["ListClusters"],
    "emr.marker": ["ListNotebookExecutions", "ListInstanceFleets", "ListInstanceGroups", "ListSupportedInstanceTypes", "ListSteps", "ListStudios", "ListBootstrapActions", "ListStudioSessionMappings", "ListSecurityConfigurations", "ListInstances", "ListClusters"],
    "emr.cluster_id": ["AddInstanceFleet", "PutAutoScalingPolicy", "DescribeCluster", "ListClusters"],
    "emr.cluster_name": ["DescribeCluster", "ListClusters"],
    "emr.cluster_status": ["DescribeCluster", "ListClusters"],
    "emr.cluster_normalized_instance_hours": ["DescribeCluster", "ListClusters"],
    "emr.cluster_arn": ["DescribeCluster", "RunJobFlow", "AddInstanceGroups", "PutAutoScalingPolicy", "AddInstanceFleet", "ListClusters"],
    "emr.cluster_outpost_arn": ["DescribeCluster", "ListClusters"],
    "emr.notebook_executions": ["ListNotebookExecutions"],
    "emr.notebook_execution_id": ["ListNotebookExecutions", "DescribeNotebookExecution", "StartNotebookExecution"],
    "emr.notebook_execution_editor_id": ["ListNotebookExecutions", "DescribeNotebookExecution"],
    "emr.notebook_execution_name": ["ListNotebookExecutions", "DescribeNotebookExecution"],
    "emr.notebook_execution_status": ["ListNotebookExecutions", "DescribeNotebookExecution"],
    "emr.notebook_execution_start_time": ["ListNotebookExecutions", "DescribeNotebookExecution"],
    "emr.notebook_execution_end_time": ["ListNotebookExecutions", "DescribeNotebookExecution"],
    "emr.notebook_execution_notebook_s3_location": ["ListNotebookExecutions", "DescribeNotebookExecution"],
    "emr.notebook_execution_execution_engine_id": ["ListNotebookExecutions"],
    "emr.release_labels": ["ListReleaseLabels"],
    "emr.security_configurations": ["ListSecurityConfigurations"],
    "emr.security_configuration_name": ["CreateSecurityConfiguration", "DescribeSecurityConfiguration", "ListSecurityConfigurations"],
    "emr.security_configuration_creation_date_time": ["ListSecurityConfigurations"],
    "emr.session_mappings": ["ListStudioSessionMappings"],
    "emr.studio_id": ["DescribeStudio", "ListStudios", "ListStudioSessionMappings", "GetStudioSessionMapping", "CreateStudio"],
    "emr.session_mapping_identity_id": ["ListStudioSessionMappings", "GetStudioSessionMapping"],
    "emr.session_mapping_identity_name": ["ListStudioSessionMappings", "GetStudioSessionMapping"],
    "emr.session_mapping_identity_type": ["ListStudioSessionMappings", "GetStudioSessionMapping"],
    "emr.session_mapping_session_policy_arn": ["ListStudioSessionMappings", "GetStudioSessionMapping"],
    "emr.session_mapping_creation_time": ["ListStudioSessionMappings", "GetStudioSessionMapping"],
    "emr.studios": ["ListStudios"],
    "emr.studio_name": ["ListStudios", "DescribeStudio"],
    "emr.vpc_id": ["ListStudios", "DescribeStudio"],
    "emr.studio_description": ["ListStudios", "DescribeStudio"],
    "emr.studio_url": ["ListStudios", "DescribeStudio"],
    "emr.studio_auth_mode": ["ListStudios", "DescribeStudio"],
    "emr.studio_creation_time": ["ListStudios", "DescribeStudio"],
    "emr.instance_fleet_id": ["ListInstanceFleets", "AddInstanceFleet", "ListInstances"],
    "emr.instance_group_ids": ["AddInstanceGroups"],
    "emr.step_ids": ["AddJobFlowSteps"],
    "emr.cancel_steps_info_list": ["CancelSteps"],
    "emr.step_id": ["DescribeStep", "CancelSteps", "ListSteps"],
    "emr.cancel_steps_status": ["CancelSteps"],
    "emr.cancel_steps_info_reason": ["CancelSteps"],
    "emr.persistent_app_ui_id": ["CreatePersistentAppUI", "DescribePersistentAppUI"],
    "emr.runtime_role_enabled_cluster": ["CreatePersistentAppUI"],
    "emr.creation_date_time": ["CreateSecurityConfiguration", "DescribeSecurityConfiguration"],
    "emr.url": ["CreateStudio"],
    "emr.cluster": ["DescribeCluster"],
    "emr.cluster_ec2_instance_attributes": ["DescribeCluster"],
    "emr.cluster_instance_collection_type": ["DescribeCluster"],
    "emr.cluster_log_uri": ["DescribeCluster"],
    "emr.cluster_log_encryption_kms_key_id": ["DescribeCluster"],
    "emr.cluster_requested_ami_version": ["DescribeCluster"],
    "emr.cluster_running_ami_version": ["DescribeCluster"],
    "emr.cluster_release_label": ["DescribeCluster"],
    "emr.cluster_auto_terminate": ["DescribeCluster"],
    "emr.cluster_termination_protected": ["DescribeCluster"],
    "emr.cluster_unhealthy_node_replacement": ["DescribeCluster"],
    "emr.cluster_visible_to_all_users": ["DescribeCluster"],
    "emr.cluster_applications": ["DescribeCluster"],
    "emr.cluster_tags": ["DescribeCluster"],
    "emr.cluster_service_role": ["DescribeCluster"],
    "emr.cluster_master_public_dns_name": ["DescribeCluster"],
    "emr.cluster_configurations": ["DescribeCluster"],
    "emr.cluster_security_configuration": ["DescribeCluster"],
    "emr.cluster_auto_scaling_role": ["DescribeCluster"],
    "emr.cluster_scale_down_behavior": ["DescribeCluster"],
    "emr.cluster_custom_ami_id": ["DescribeCluster"],
    "emr.cluster_ebs_root_volume_size": ["DescribeCluster"],
    "emr.cluster_repo_upgrade_on_boot": ["DescribeCluster"],
    "emr.cluster_kerberos_attributes": ["DescribeCluster"],
    "emr.cluster_step_concurrency_level": ["DescribeCluster"],
    "emr.cluster_placement_groups": ["DescribeCluster"],
    "emr.cluster_os_release_label": ["DescribeCluster"],
    "emr.cluster_ebs_root_volume_iops": ["DescribeCluster"],
    "emr.cluster_ebs_root_volume_throughput": ["DescribeCluster"],
    "emr.cluster_extended_support": ["DescribeCluster"],
    "emr.cluster_monitoring_configuration": ["DescribeCluster"],
    "emr.notebook_execution": ["DescribeNotebookExecution"],
    "emr.notebook_execution_execution_engine": ["DescribeNotebookExecution"],
    "emr.notebook_execution_notebook_params": ["DescribeNotebookExecution"],
    "emr.notebook_execution_arn": ["DescribeNotebookExecution"],
    "emr.notebook_execution_output_notebook_uri": ["DescribeNotebookExecution"],
    "emr.notebook_execution_last_state_change_reason": ["DescribeNotebookExecution"],
    "emr.notebook_execution_notebook_instance_security_group_id": ["DescribeNotebookExecution"],
    "emr.notebook_execution_tags": ["DescribeNotebookExecution"],
    "emr.notebook_execution_output_notebook_s3_location": ["DescribeNotebookExecution"],
    "emr.notebook_execution_output_notebook_format": ["DescribeNotebookExecution"],
    "emr.notebook_execution_environment_variables": ["DescribeNotebookExecution"],
    "emr.persistent_app_ui": ["DescribePersistentAppUI"],
    "emr.persistent_app_ui_type_list": ["DescribePersistentAppUI"],
    "emr.persistent_app_ui_status": ["DescribePersistentAppUI"],
    "emr.persistent_app_ui_author_id": ["DescribePersistentAppUI"],
    "emr.persistent_app_ui_creation_time": ["DescribePersistentAppUI"],
    "emr.persistent_app_ui_last_modified_time": ["DescribePersistentAppUI"],
    "emr.persistent_app_ui_last_state_change_reason": ["DescribePersistentAppUI"],
    "emr.persistent_app_ui_tags": ["DescribePersistentAppUI"],
    "emr.security_configuration": ["DescribeSecurityConfiguration"],
    "emr.step": ["DescribeStep"],
    "emr.step_name": ["DescribeStep", "ListSteps"],
    "emr.step_config": ["DescribeStep", "ListSteps"],
    "emr.step_action_on_failure": ["DescribeStep", "ListSteps"],
    "emr.step_status": ["DescribeStep", "ListSteps"],
    "emr.step_execution_role_arn": ["DescribeStep"],
    "emr.step_log_uri": ["DescribeStep", "ListSteps"],
    "emr.step_encryption_key_arn": ["DescribeStep", "ListSteps"],
    "emr.studio": ["DescribeStudio"],
    "emr.studio_arn": ["DescribeStudio"],
    "emr.studio_subnet_ids": ["DescribeStudio"],
    "emr.studio_service_role": ["DescribeStudio"],
    "emr.studio_user_role": ["DescribeStudio"],
    "emr.studio_workspace_security_group_id": ["DescribeStudio"],
    "emr.studio_engine_security_group_id": ["DescribeStudio"],
    "emr.studio_default_s3_location": ["DescribeStudio"],
    "emr.studio_idp_auth_url": ["DescribeStudio"],
    "emr.studio_idp_relay_state_parameter_name": ["DescribeStudio"],
    "emr.studio_tags": ["DescribeStudio"],
    "emr.studio_idc_instance_arn": ["DescribeStudio"],
    "emr.studio_trusted_identity_propagation_enabled": ["DescribeStudio"],
    "emr.studio_idc_user_assignment": ["DescribeStudio"],
    "emr.studio_encryption_key_arn": ["DescribeStudio"],
    "emr.auto_termination_policy": ["GetAutoTerminationPolicy"],
    "emr.auto_termination_policy_idle_timeout": ["GetAutoTerminationPolicy"],
    "emr.credentials": ["GetClusterSessionCredentials"],
    "emr.expires_at": ["GetClusterSessionCredentials"],
    "emr.credential_username_password": ["GetClusterSessionCredentials"],
    "emr.managed_scaling_policy": ["GetManagedScalingPolicy"],
    "emr.managed_scaling_policy_compute_limits": ["GetManagedScalingPolicy"],
    "emr.managed_scaling_policy_utilization_performance_index": ["GetManagedScalingPolicy"],
    "emr.managed_scaling_policy_scaling_strategy": ["GetManagedScalingPolicy"],
    "emr.presigned_url_ready": ["GetPersistentAppUIPresignedURL", "GetOnClusterAppUIPresignedURL"],
    "emr.presigned_url": ["GetPersistentAppUIPresignedURL", "GetOnClusterAppUIPresignedURL"],
    "emr.session_mapping": ["GetStudioSessionMapping"],
    "emr.session_mapping_last_modified_time": ["GetStudioSessionMapping"],
    "emr.bootstrap_actions": ["ListBootstrapActions"],
    "emr.bootstrap_action_name": ["ListBootstrapActions"],
    "emr.bootstrap_action_script_path": ["ListBootstrapActions"],
    "emr.bootstrap_action_args": ["ListBootstrapActions"],
    "emr.instance_fleets": ["ListInstanceFleets"],
    "emr.instance_fleet_name": ["ListInstanceFleets"],
    "emr.instance_fleet_status": ["ListInstanceFleets"],
    "emr.instance_fleet_type": ["ListInstanceFleets"],
    "emr.instance_fleet_target_on_demand_capacity": ["ListInstanceFleets"],
    "emr.instance_fleet_target_spot_capacity": ["ListInstanceFleets"],
    "emr.instance_fleet_provisioned_on_demand_capacity": ["ListInstanceFleets"],
    "emr.instance_fleet_provisioned_spot_capacity": ["ListInstanceFleets"],
    "emr.instance_fleet_instance_type_specifications": ["ListInstanceFleets"],
    "emr.instance_fleet_launch_specifications": ["ListInstanceFleets"],
    "emr.instance_fleet_resize_specifications": ["ListInstanceFleets"],
    "emr.instance_fleet_context": ["ListInstanceFleets"],
    "emr.instance_groups": ["ListInstanceGroups"],
    "emr.instance_group_id": ["PutAutoScalingPolicy", "ListInstanceGroups", "ListInstances"],
    "emr.instance_group_name": ["ListInstanceGroups"],
    "emr.instance_group_market": ["ListInstanceGroups"],
    "emr.instance_group_type": ["ListInstanceGroups"],
    "emr.instance_group_bid_price": ["ListInstanceGroups"],
    "emr.instance_group_instance_type": ["ListInstanceGroups"],
    "emr.instance_group_requested_instance_count": ["ListInstanceGroups"],
    "emr.instance_group_running_instance_count": ["ListInstanceGroups"],
    "emr.instance_group_status": ["ListInstanceGroups"],
    "emr.instance_group_configurations": ["ListInstanceGroups"],
    "emr.instance_group_configurations_version": ["ListInstanceGroups"],
    "emr.instance_group_last_successfully_applied_configurations": ["ListInstanceGroups"],
    "emr.instance_group_last_successfully_applied_configurations_version": ["ListInstanceGroups"],
    "emr.instance_group_ebs_block_devices": ["ListInstanceGroups"],
    "emr.instance_group_ebs_optimized": ["ListInstanceGroups"],
    "emr.instance_group_shrink_policy": ["ListInstanceGroups"],
    "emr.instance_group_auto_scaling_policy": ["ListInstanceGroups"],
    "emr.instance_group_custom_ami_id": ["ListInstanceGroups"],
    "emr.instances": ["ListInstances"],
    "emr.instanc_id": ["ListInstances"],
    "emr.instanc_ec2_instance_id": ["ListInstances"],
    "emr.instanc_public_dns_name": ["ListInstances"],
    "emr.instanc_public_ip_address": ["ListInstances"],
    "emr.instanc_private_dns_name": ["ListInstances"],
    "emr.instanc_private_ip_address": ["ListInstances"],
    "emr.instanc_status": ["ListInstances"],
    "emr.instanc_market": ["ListInstances"],
    "emr.instanc_instance_type": ["ListInstances"],
    "emr.instanc_ebs_volumes": ["ListInstances"],
    "emr.steps": ["ListSteps"],
    "emr.supported_instance_types": ["ListSupportedInstanceTypes"],
    "emr.supported_instance_typ_type": ["ListSupportedInstanceTypes"],
    "emr.supported_instance_typ_memory_gb": ["ListSupportedInstanceTypes"],
    "emr.supported_instance_typ_storage_gb": ["ListSupportedInstanceTypes"],
    "emr.supported_instance_typ_vcpu": ["ListSupportedInstanceTypes"],
    "emr.supported_instance_typ_is64_bits_only": ["ListSupportedInstanceTypes"],
    "emr.supported_instance_typ_instance_family_id": ["ListSupportedInstanceTypes"],
    "emr.supported_instance_typ_ebs_optimized_available": ["ListSupportedInstanceTypes"],
    "emr.supported_instance_typ_ebs_optimized_by_default": ["ListSupportedInstanceTypes"],
    "emr.supported_instance_typ_number_of_disks": ["ListSupportedInstanceTypes"],
    "emr.supported_instance_typ_ebs_storage_only": ["ListSupportedInstanceTypes"],
    "emr.supported_instance_typ_architecture": ["ListSupportedInstanceTypes"],
    "emr.step_concurrency_level": ["ModifyCluster"],
    "emr.extended_support": ["ModifyCluster"],
    "emr.auto_scaling_policy": ["PutAutoScalingPolicy"],
    "emr.auto_scaling_policy_status": ["PutAutoScalingPolicy"],
    "emr.auto_scaling_policy_constraints": ["PutAutoScalingPolicy"],
    "emr.auto_scaling_policy_rules": ["PutAutoScalingPolicy"]
  },
  "entity_consumers": {
    "emr.cluster_id": ["ListInstanceFleets", "DescribeCluster", "PutAutoTerminationPolicy", "PutManagedScalingPolicy", "ListSteps", "GetAutoTerminationPolicy", "ListBootstrapActions", "ModifyCluster", "RemoveManagedScalingPolicy", "GetOnClusterAppUIPresignedURL", "CancelSteps", "ListInstances", "AddInstanceFleet", "DescribeStep", "GetClusterSessionCredentials", "RemoveAutoScalingPolicy", "ListInstanceGroups", "GetManagedScalingPolicy", "ModifyInstanceFleet", "RemoveAutoTerminationPolicy", "PutAutoScalingPolicy"],
    "emr.instance_fleet": ["ModifyInstanceFleet", "AddInstanceFleet"],
    "emr.instance_groups": ["AddInstanceGroups"],
    "emr.job_id": ["AddJobFlowSteps", "AddInstanceGroups"],
    "emr.steps": ["AddJobFlowSteps"],
    "emr.resource_id": ["RemoveTags", "AddTags"],
    "emr.tags": ["AddTags"],
    "emr.step_ids": ["CancelSteps"],
    "emr.targetresource_arn": ["CreatePersistentAppUI"],
    "emr.security_configuration_name": ["CreateSecurityConfiguration", "DescribeSecurityConfiguration", "DeleteSecurityConfiguration"],
    "emr.security_configuration": ["CreateSecurityConfiguration"],
    "emr.studio_id_name": ["CreateStudio"],
    "emr.auth_mode": ["CreateStudio"],
    "emr.vpc_id": ["CreateStudio"],
    "emr.subnet_ids": ["CreateStudio"],
    "emr.service_role": ["CreateStudio", "StartNotebookExecution"],
    "emr.workspacesecuritygroup_id": ["CreateStudio"],
    "emr.enginesecuritygroup_id": ["CreateStudio"],
    "emr.default_s3_location": ["CreateStudio"],
    "emr.studio_id": ["DescribeStudio", "UpdateStudio", "UpdateStudioSessionMapping", "CreateStudioSessionMapping", "GetStudioSessionMapping", "DeleteStudioSessionMapping", "DeleteStudio"],
    "emr.identity_type": ["DeleteStudioSessionMapping", "UpdateStudioSessionMapping", "CreateStudioSessionMapping", "GetStudioSessionMapping"],
    "emr.sessionpolicy_arn": ["UpdateStudioSessionMapping", "CreateStudioSessionMapping"],
    "emr.notebookexecution_id": ["DescribeNotebookExecution", "StopNotebookExecution"],
    "emr.persistentappui_id": ["GetPersistentAppUIPresignedURL", "DescribePersistentAppUI"],
    "emr.step_id": ["DescribeStep"],
    "emr.release_label": ["ListSupportedInstanceTypes"],
    "emr.instancegroup_id": ["RemoveAutoScalingPolicy", "PutAutoScalingPolicy"],
    "emr.auto_scaling_policy": ["PutAutoScalingPolicy"],
    "emr.block_public_access_configuration": ["PutBlockPublicAccessConfiguration"],
    "emr.managed_scaling_policy": ["PutManagedScalingPolicy"],
    "emr.tag_keys": ["RemoveTags"],
    "emr.job_flow_id_name": ["RunJobFlow"],
    "emr.instances": ["RunJobFlow"],
    "emr.job_flow_ids": ["TerminateJobFlows", "SetVisibleToAllUsers", "SetTerminationProtection", "SetKeepJobFlowAliveWhenNoSteps", "SetUnhealthyNodeReplacement"],
    "emr.keep_job_flow_alive_when_no_steps": ["SetKeepJobFlowAliveWhenNoSteps"],
    "emr.termination_protected": ["SetTerminationProtection"],
    "emr.unhealthy_node_replacement": ["SetUnhealthyNodeReplacement"],
    "emr.visible_to_all_users": ["SetVisibleToAllUsers"],
    "emr.execution_engine": ["StartNotebookExecution"]
  },
  "external_entities": ["emr.auth_mode", "emr.default_s3_location", "emr.enginesecuritygroup_id", "emr.execution_engine", "emr.identity_type", "emr.instance_fleet", "emr.instancegroup_id", "emr.job_flow_id_name", "emr.job_flow_ids", "emr.job_id", "emr.keep_job_flow_alive_when_no_steps", "emr.notebookexecution_id", "emr.persistentappui_id", "emr.resource_id", "emr.service_role", "emr.sessionpolicy_arn", "emr.studio_id_name", "emr.subnet_ids", "emr.tag_keys", "emr.tags", "emr.targetresource_arn", "emr.termination_protected", "emr.unhealthy_node_replacement", "emr.visible_to_all_users", "emr.workspacesecuritygroup_id"]
}