{
  "service": "emr",
  "fixes": [
    {
      "rule_id": "1",
      "suggested_check": {
        "var": "Cluster",
        "op": "equals",
        "value": "emr.cluster_name",
        "derived": null,
        "derive_key": null
      },
      "suggested_aliases": {
        "entity_aliases": {
          "emr.cluster_name": "emr.cluster_name"
        },
        "param_aliases": {
          "param": []
        }
      },
      "confidence": 0.9,
      "reason": "The 'Cluster' variable directly corresponds to the 'emr.cluster_name' entity."
    },
    {
      "rule_id": "2",
      "suggested_check": {
        "var": "Applications",
        "op": "equals",
        "value": "emr.application_name",
        "derived": null,
        "derive_key": null
      },
      "suggested_aliases": {
        "entity_aliases": {
          "emr.application_name": "emr.application_name"
        },
        "param_aliases": {
          "param": []
        }
      },
      "confidence": 0.85,
      "reason": "The 'Applications' variable directly corresponds to the 'emr.application_name' entity."
    },
    {
      "rule_id": "3",
      "suggested_check": {
        "var": "BlockPublicAccessConfiguration",
        "op": "equals",
        "value": "emr.security_configuration_name",
        "derived": null,
        "derive_key": null
      },
      "suggested_aliases": {
        "entity_aliases": {
          "emr.security_configuration_name": "emr.security_configuration_name"
        },
        "param_aliases": {
          "param": []
        }
      },
      "confidence": 0.8,
      "reason": "The 'BlockPublicAccessConfiguration' variable can be associated with security configurations."
    },
    {
      "type": "llm_fix",
      "original": "1",
      "fix": {
        "var": "Cluster",
        "op": "equals",
        "value": "emr.job_flow_name",
        "derived": null,
        "derive_key": null
      },
      "confidence": 0.85,
      "reason": "The Cluster variable directly corresponds to the job flow name.",
      "aliases": {
        "entity_aliases": {
          "emr.job_flow_name": "job_flow_name"
        },
        "param_aliases": {
          "param": []
        }
      }
    },
    {
      "type": "llm_fix",
      "original": "2",
      "fix": {
        "var": "Applications",
        "op": "equals",
        "value": "emr.application_name",
        "derived": null,
        "derive_key": null
      },
      "confidence": 0.9,
      "reason": "The Applications variable directly corresponds to the application name.",
      "aliases": {
        "entity_aliases": {
          "emr.application_name": "application_name"
        },
        "param_aliases": {
          "param": []
        }
      }
    },
    {
      "type": "llm_fix",
      "original": "3",
      "fix": {
        "var": "Cluster",
        "op": "equals",
        "value": "emr.cluster_name",
        "derived": null,
        "derive_key": null
      },
      "confidence": 0.95,
      "reason": "The Cluster variable directly corresponds to the cluster name.",
      "aliases": {
        "entity_aliases": {
          "emr.cluster_name": "cluster_name"
        },
        "param_aliases": {
          "param": []
        }
      }
    }
  ],
  "summary": {
    "total_fixes": 6,
    "remaining_unresolved": 37
  }
}