{
  "service": "emr",
  "issues": {
    "generic_entities": {},
    "ambiguous_tokens": {
      "name": [
        {
          "mapping": "DescribeJobFlows.JobFlows.Name -> emr.job_flow_name",
          "evidence": "DescribeJobFlows.JobFlows.Name",
          "entity": "emr.job_flow_name"
        },
        {
          "mapping": "DescribeReleaseLabel.Applications.Name -> emr.application_name",
          "evidence": "DescribeReleaseLabel.Applications.Name",
          "entity": "emr.application_name"
        },
        {
          "mapping": "ListClusters.Clusters[].Name -> emr.cluster_name",
          "evidence": "ListClusters.Clusters[].Name",
          "entity": "emr.cluster_name"
        },
        {
          "mapping": "ListSecurityConfigurations.SecurityConfigurations[].Name -> emr.security_configuration_name",
          "evidence": "ListSecurityConfigurations.SecurityConfigurations[].Name",
          "entity": "emr.security_configuration_name"
        },
        {
          "mapping": "ListStudios.Studios[].Name -> emr.studio_name",
          "evidence": "ListStudios.Studios[].Name",
          "entity": "emr.studio_name"
        },
        {
          "mapping": "CreateSecurityConfiguration.Name -> emr.security_configuration_name",
          "evidence": "CreateSecurityConfiguration.Name",
          "entity": "emr.security_configuration_name"
        },
        {
          "mapping": "CreateSecurityConfiguration.Name -> emr.security_configuration_name",
          "evidence": "CreateSecurityConfiguration.Name",
          "entity": "emr.security_configuration_name"
        },
        {
          "mapping": "CreateStudio.Name -> emr.studio_id_name",
          "evidence": "CreateStudio.Name",
          "entity": "emr.studio_id_name"
        },
        {
          "mapping": "DeleteSecurityConfiguration.Name -> emr.security_configuration_name",
          "evidence": "DeleteSecurityConfiguration.Name",
          "entity": "emr.security_configuration_name"
        },
        {
          "mapping": "DescribeCluster.Cluster.Name -> emr.cluster_name",
          "evidence": "DescribeCluster.Cluster.Name",
          "entity": "emr.cluster_name"
        },
        {
          "mapping": "DescribeSecurityConfiguration.Name -> emr.security_configuration_name",
          "evidence": "DescribeSecurityConfiguration.Name",
          "entity": "emr.security_configuration_name"
        },
        {
          "mapping": "DescribeSecurityConfiguration.Name -> emr.security_configuration_name",
          "evidence": "DescribeSecurityConfiguration.Name",
          "entity": "emr.security_configuration_name"
        },
        {
          "mapping": "DescribeStep.Step.Name -> emr.step_name",
          "evidence": "DescribeStep.Step.Name",
          "entity": "emr.step_name"
        },
        {
          "mapping": "DescribeStudio.Studio.Name -> emr.studio_name",
          "evidence": "DescribeStudio.Studio.Name",
          "entity": "emr.studio_name"
        },
        {
          "mapping": "ListBootstrapActions.BootstrapActions[].Name -> emr.bootstrap_action_name",
          "evidence": "ListBootstrapActions.BootstrapActions[].Name",
          "entity": "emr.bootstrap_action_name"
        },
        {
          "mapping": "ListInstanceFleets.InstanceFleets[].Name -> emr.instance_fleet_name",
          "evidence": "ListInstanceFleets.InstanceFleets[].Name",
          "entity": "emr.instance_fleet_name"
        },
        {
          "mapping": "ListInstanceGroups.InstanceGroups[].Name -> emr.instance_group_name",
          "evidence": "ListInstanceGroups.InstanceGroups[].Name",
          "entity": "emr.instance_group_name"
        },
        {
          "mapping": "ListSteps.Steps[].Name -> emr.step_name",
          "evidence": "ListSteps.Steps[].Name",
          "entity": "emr.step_name"
        },
        {
          "mapping": "RunJobFlow.Name -> emr.job_flow_id_name",
          "evidence": "RunJobFlow.Name",
          "entity": "emr.job_flow_id_name"
        }
      ],
      "id": [
        {
          "mapping": "ListClusters.Clusters[].Id -> emr.cluster_id",
          "evidence": "ListClusters.Clusters[].Id",
          "entity": "emr.cluster_id"
        },
        {
          "mapping": "DescribeCluster.Cluster.Id -> emr.cluster_id",
          "evidence": "DescribeCluster.Cluster.Id",
          "entity": "emr.cluster_id"
        },
        {
          "mapping": "DescribeStep.Step.Id -> emr.step_id",
          "evidence": "DescribeStep.Step.Id",
          "entity": "emr.step_id"
        },
        {
          "mapping": "ListInstanceFleets.InstanceFleets[].Id -> emr.instance_fleet_id",
          "evidence": "ListInstanceFleets.InstanceFleets[].Id",
          "entity": "emr.instance_fleet_id"
        },
        {
          "mapping": "ListInstanceGroups.InstanceGroups[].Id -> emr.instance_group_id",
          "evidence": "ListInstanceGroups.InstanceGroups[].Id",
          "entity": "emr.instance_group_id"
        },
        {
          "mapping": "ListInstances.Instances[].Id -> emr.instanc_id",
          "evidence": "ListInstances.Instances[].Id",
          "entity": "emr.instanc_id"
        },
        {
          "mapping": "ListSteps.Steps[].Id -> emr.step_id",
          "evidence": "ListSteps.Steps[].Id",
          "entity": "emr.step_id"
        }
      ],
      "status": [
        {
          "mapping": "ListClusters.Clusters[].Status -> emr.cluster_status",
          "evidence": "ListClusters.Clusters[].Status",
          "entity": "emr.cluster_status"
        },
        {
          "mapping": "ListNotebookExecutions.NotebookExecutions[].Status -> emr.notebook_execution_status",
          "evidence": "ListNotebookExecutions.NotebookExecutions[].Status",
          "entity": "emr.notebook_execution_status"
        },
        {
          "mapping": "CancelSteps.CancelStepsInfoList.Status -> emr.cancel_steps_status",
          "evidence": "CancelSteps.CancelStepsInfoList.Status",
          "entity": "emr.cancel_steps_status"
        },
        {
          "mapping": "DescribeCluster.Cluster.Status -> emr.cluster_status",
          "evidence": "DescribeCluster.Cluster.Status",
          "entity": "emr.cluster_status"
        },
        {
          "mapping": "DescribeNotebookExecution.NotebookExecution.Status -> emr.notebook_execution_status",
          "evidence": "DescribeNotebookExecution.NotebookExecution.Status",
          "entity": "emr.notebook_execution_status"
        },
        {
          "mapping": "DescribeStep.Step.Status -> emr.step_status",
          "evidence": "DescribeStep.Step.Status",
          "entity": "emr.step_status"
        },
        {
          "mapping": "ListInstanceFleets.InstanceFleets[].Status -> emr.instance_fleet_status",
          "evidence": "ListInstanceFleets.InstanceFleets[].Status",
          "entity": "emr.instance_fleet_status"
        },
        {
          "mapping": "ListInstanceGroups.InstanceGroups[].Status -> emr.instance_group_status",
          "evidence": "ListInstanceGroups.InstanceGroups[].Status",
          "entity": "emr.instance_group_status"
        },
        {
          "mapping": "ListInstances.Instances[].Status -> emr.instanc_status",
          "evidence": "ListInstances.Instances[].Status",
          "entity": "emr.instanc_status"
        },
        {
          "mapping": "ListSteps.Steps[].Status -> emr.step_status",
          "evidence": "ListSteps.Steps[].Status",
          "entity": "emr.step_status"
        },
        {
          "mapping": "PutAutoScalingPolicy.AutoScalingPolicy.Status -> emr.auto_scaling_policy_status",
          "evidence": "PutAutoScalingPolicy.AutoScalingPolicy.Status",
          "entity": "emr.auto_scaling_policy_status"
        }
      ]
    },
    "unresolved_consumes": [],
    "suspicious_paths": []
  },
  "alias_candidates_not_applied": [],
  "suggested_overrides": [
    {
      "operation": "AddInstanceFleet",
      "type": "produces",
      "key": "InstanceFleetId",
      "suggested_entity": "emr.cluster_id",
      "confidence": "MEDIUM",
      "reason": "Param 'ClusterId' and output field 'InstanceFleetId' match but map to different entities. Suggest unifying to consume entity."
    },
    {
      "operation": "AddInstanceGroups",
      "type": "produces",
      "key": "JobFlowId",
      "suggested_entity": "emr.job_id",
      "confidence": "MEDIUM",
      "reason": "Param 'JobFlowId' and output field 'JobFlowId' match but map to different entities. Suggest unifying to consume entity."
    },
    {
      "operation": "CancelSteps",
      "type": "produces",
      "key": "CancelStepsInfoList.StepId",
      "suggested_entity": "emr.cluster_id",
      "confidence": "MEDIUM",
      "reason": "Param 'ClusterId' and output field 'StepId' match but map to different entities. Suggest unifying to consume entity."
    },
    {
      "operation": "CreateStudio",
      "type": "produces",
      "key": "StudioId",
      "suggested_entity": "emr.vpc_id",
      "confidence": "MEDIUM",
      "reason": "Param 'VpcId' and output field 'StudioId' match but map to different entities. Suggest unifying to consume entity."
    },
    {
      "operation": "CreateStudio",
      "type": "produces",
      "key": "StudioId",
      "suggested_entity": "emr.workspacesecuritygroup_id",
      "confidence": "MEDIUM",
      "reason": "Param 'WorkspaceSecurityGroupId' and output field 'StudioId' match but map to different entities. Suggest unifying to consume entity."
    },
    {
      "operation": "CreateStudio",
      "type": "produces",
      "key": "StudioId",
      "suggested_entity": "emr.enginesecuritygroup_id",
      "confidence": "MEDIUM",
      "reason": "Param 'EngineSecurityGroupId' and output field 'StudioId' match but map to different entities. Suggest unifying to consume entity."
    },
    {
      "operation": "DescribeCluster",
      "type": "produces",
      "key": "Cluster.LogEncryptionKmsKeyId",
      "suggested_entity": "emr.cluster_id",
      "confidence": "MEDIUM",
      "reason": "Param 'ClusterId' and output field 'LogEncryptionKmsKeyId' match but map to different entities. Suggest unifying to consume entity."
    },
    {
      "operation": "DescribeCluster",
      "type": "produces",
      "key": "Cluster.CustomAmiId",
      "suggested_entity": "emr.cluster_id",
      "confidence": "MEDIUM",
      "reason": "Param 'ClusterId' and output field 'CustomAmiId' match but map to different entities. Suggest unifying to consume entity."
    },
    {
      "operation": "DescribeNotebookExecution",
      "type": "produces",
      "key": "NotebookExecution.NotebookExecutionId",
      "suggested_entity": "emr.notebookexecution_id",
      "confidence": "MEDIUM",
      "reason": "Param 'NotebookExecutionId' and output field 'NotebookExecutionId' match but map to different entities. Suggest unifying to consume entity."
    },
    {
      "operation": "DescribeNotebookExecution",
      "type": "produces",
      "key": "NotebookExecution.EditorId",
      "suggested_entity": "emr.notebookexecution_id",
      "confidence": "MEDIUM",
      "reason": "Param 'NotebookExecutionId' and output field 'EditorId' match but map to different entities. Suggest unifying to consume entity."
    },
    {
      "operation": "DescribeNotebookExecution",
      "type": "produces",
      "key": "NotebookExecution.NotebookInstanceSecurityGroupId",
      "suggested_entity": "emr.notebookexecution_id",
      "confidence": "MEDIUM",
      "reason": "Param 'NotebookExecutionId' and output field 'NotebookInstanceSecurityGroupId' match but map to different entities. Suggest unifying to consume entity."
    },
    {
      "operation": "DescribePersistentAppUI",
      "type": "produces",
      "key": "PersistentAppUI.PersistentAppUIId",
      "suggested_entity": "emr.persistentappui_id",
      "confidence": "MEDIUM",
      "reason": "Param 'PersistentAppUIId' and output field 'PersistentAppUIId' match but map to different entities. Suggest unifying to consume entity."
    },
    {
      "operation": "DescribePersistentAppUI",
      "type": "produces",
      "key": "PersistentAppUI.AuthorId",
      "suggested_entity": "emr.persistentappui_id",
      "confidence": "MEDIUM",
      "reason": "Param 'PersistentAppUIId' and output field 'AuthorId' match but map to different entities. Suggest unifying to consume entity."
    },
    {
      "operation": "DescribeStep",
      "type": "produces",
      "key": "Step.Id",
      "suggested_entity": "emr.cluster_id",
      "confidence": "MEDIUM",
      "reason": "Param 'ClusterId' and output field 'Id' match but map to different entities. Suggest unifying to consume entity."
    },
    {
      "operation": "DescribeStudio",
      "type": "produces",
      "key": "Studio.VpcId",
      "suggested_entity": "emr.studio_id",
      "confidence": "MEDIUM",
      "reason": "Param 'StudioId' and output field 'VpcId' match but map to different entities. Suggest unifying to consume entity."
    },
    {
      "operation": "DescribeStudio",
      "type": "produces",
      "key": "Studio.WorkspaceSecurityGroupId",
      "suggested_entity": "emr.studio_id",
      "confidence": "MEDIUM",
      "reason": "Param 'StudioId' and output field 'WorkspaceSecurityGroupId' match but map to different entities. Suggest unifying to consume entity."
    },
    {
      "operation": "DescribeStudio",
      "type": "produces",
      "key": "Studio.EngineSecurityGroupId",
      "suggested_entity": "emr.studio_id",
      "confidence": "MEDIUM",
      "reason": "Param 'StudioId' and output field 'EngineSecurityGroupId' match but map to different entities. Suggest unifying to consume entity."
    },
    {
      "operation": "GetStudioSessionMapping",
      "type": "produces",
      "key": "SessionMapping.IdentityId",
      "suggested_entity": "emr.studio_id",
      "confidence": "MEDIUM",
      "reason": "Param 'StudioId' and output field 'IdentityId' match but map to different entities. Suggest unifying to consume entity."
    },
    {
      "operation": "GetStudioSessionMapping",
      "type": "produces",
      "key": "SessionMapping.IdentityType",
      "suggested_entity": "emr.identity_type",
      "confidence": "MEDIUM",
      "reason": "Param 'IdentityType' and output field 'IdentityType' match but map to different entities. Suggest unifying to consume entity."
    },
    {
      "operation": "ListInstanceFleets",
      "type": "produces",
      "key": "InstanceFleets[].Id",
      "suggested_entity": "emr.cluster_id",
      "confidence": "MEDIUM",
      "reason": "Param 'ClusterId' and output field 'Id' match but map to different entities. Suggest unifying to consume entity."
    }
  ],
  "unresolved_items": [
    {
      "mapping": "DescribeJobFlows.JobFlows.Name -> emr.job_flow_name",
      "evidence": "DescribeJobFlows.JobFlows.Name",
      "entity": "emr.job_flow_name"
    },
    {
      "mapping": "DescribeReleaseLabel.Applications.Name -> emr.application_name",
      "evidence": "DescribeReleaseLabel.Applications.Name",
      "entity": "emr.application_name"
    },
    {
      "mapping": "ListClusters.Clusters[].Name -> emr.cluster_name",
      "evidence": "ListClusters.Clusters[].Name",
      "entity": "emr.cluster_name"
    },
    {
      "mapping": "ListSecurityConfigurations.SecurityConfigurations[].Name -> emr.security_configuration_name",
      "evidence": "ListSecurityConfigurations.SecurityConfigurations[].Name",
      "entity": "emr.security_configuration_name"
    },
    {
      "mapping": "ListStudios.Studios[].Name -> emr.studio_name",
      "evidence": "ListStudios.Studios[].Name",
      "entity": "emr.studio_name"
    },
    {
      "mapping": "CreateSecurityConfiguration.Name -> emr.security_configuration_name",
      "evidence": "CreateSecurityConfiguration.Name",
      "entity": "emr.security_configuration_name"
    },
    {
      "mapping": "CreateSecurityConfiguration.Name -> emr.security_configuration_name",
      "evidence": "CreateSecurityConfiguration.Name",
      "entity": "emr.security_configuration_name"
    },
    {
      "mapping": "CreateStudio.Name -> emr.studio_id_name",
      "evidence": "CreateStudio.Name",
      "entity": "emr.studio_id_name"
    },
    {
      "mapping": "DeleteSecurityConfiguration.Name -> emr.security_configuration_name",
      "evidence": "DeleteSecurityConfiguration.Name",
      "entity": "emr.security_configuration_name"
    },
    {
      "mapping": "DescribeCluster.Cluster.Name -> emr.cluster_name",
      "evidence": "DescribeCluster.Cluster.Name",
      "entity": "emr.cluster_name"
    },
    {
      "mapping": "DescribeSecurityConfiguration.Name -> emr.security_configuration_name",
      "evidence": "DescribeSecurityConfiguration.Name",
      "entity": "emr.security_configuration_name"
    },
    {
      "mapping": "DescribeSecurityConfiguration.Name -> emr.security_configuration_name",
      "evidence": "DescribeSecurityConfiguration.Name",
      "entity": "emr.security_configuration_name"
    },
    {
      "mapping": "DescribeStep.Step.Name -> emr.step_name",
      "evidence": "DescribeStep.Step.Name",
      "entity": "emr.step_name"
    },
    {
      "mapping": "DescribeStudio.Studio.Name -> emr.studio_name",
      "evidence": "DescribeStudio.Studio.Name",
      "entity": "emr.studio_name"
    },
    {
      "mapping": "ListBootstrapActions.BootstrapActions[].Name -> emr.bootstrap_action_name",
      "evidence": "ListBootstrapActions.BootstrapActions[].Name",
      "entity": "emr.bootstrap_action_name"
    },
    {
      "mapping": "ListInstanceFleets.InstanceFleets[].Name -> emr.instance_fleet_name",
      "evidence": "ListInstanceFleets.InstanceFleets[].Name",
      "entity": "emr.instance_fleet_name"
    },
    {
      "mapping": "ListInstanceGroups.InstanceGroups[].Name -> emr.instance_group_name",
      "evidence": "ListInstanceGroups.InstanceGroups[].Name",
      "entity": "emr.instance_group_name"
    },
    {
      "mapping": "ListSteps.Steps[].Name -> emr.step_name",
      "evidence": "ListSteps.Steps[].Name",
      "entity": "emr.step_name"
    },
    {
      "mapping": "RunJobFlow.Name -> emr.job_flow_id_name",
      "evidence": "RunJobFlow.Name",
      "entity": "emr.job_flow_id_name"
    },
    {
      "mapping": "ListClusters.Clusters[].Id -> emr.cluster_id",
      "evidence": "ListClusters.Clusters[].Id",
      "entity": "emr.cluster_id"
    },
    {
      "mapping": "DescribeCluster.Cluster.Id -> emr.cluster_id",
      "evidence": "DescribeCluster.Cluster.Id",
      "entity": "emr.cluster_id"
    },
    {
      "mapping": "DescribeStep.Step.Id -> emr.step_id",
      "evidence": "DescribeStep.Step.Id",
      "entity": "emr.step_id"
    },
    {
      "mapping": "ListInstanceFleets.InstanceFleets[].Id -> emr.instance_fleet_id",
      "evidence": "ListInstanceFleets.InstanceFleets[].Id",
      "entity": "emr.instance_fleet_id"
    },
    {
      "mapping": "ListInstanceGroups.InstanceGroups[].Id -> emr.instance_group_id",
      "evidence": "ListInstanceGroups.InstanceGroups[].Id",
      "entity": "emr.instance_group_id"
    },
    {
      "mapping": "ListInstances.Instances[].Id -> emr.instanc_id",
      "evidence": "ListInstances.Instances[].Id",
      "entity": "emr.instanc_id"
    },
    {
      "mapping": "ListSteps.Steps[].Id -> emr.step_id",
      "evidence": "ListSteps.Steps[].Id",
      "entity": "emr.step_id"
    },
    {
      "mapping": "ListClusters.Clusters[].Status -> emr.cluster_status",
      "evidence": "ListClusters.Clusters[].Status",
      "entity": "emr.cluster_status"
    },
    {
      "mapping": "ListNotebookExecutions.NotebookExecutions[].Status -> emr.notebook_execution_status",
      "evidence": "ListNotebookExecutions.NotebookExecutions[].Status",
      "entity": "emr.notebook_execution_status"
    },
    {
      "mapping": "CancelSteps.CancelStepsInfoList.Status -> emr.cancel_steps_status",
      "evidence": "CancelSteps.CancelStepsInfoList.Status",
      "entity": "emr.cancel_steps_status"
    },
    {
      "mapping": "DescribeCluster.Cluster.Status -> emr.cluster_status",
      "evidence": "DescribeCluster.Cluster.Status",
      "entity": "emr.cluster_status"
    },
    {
      "mapping": "DescribeNotebookExecution.NotebookExecution.Status -> emr.notebook_execution_status",
      "evidence": "DescribeNotebookExecution.NotebookExecution.Status",
      "entity": "emr.notebook_execution_status"
    },
    {
      "mapping": "DescribeStep.Step.Status -> emr.step_status",
      "evidence": "DescribeStep.Step.Status",
      "entity": "emr.step_status"
    },
    {
      "mapping": "ListInstanceFleets.InstanceFleets[].Status -> emr.instance_fleet_status",
      "evidence": "ListInstanceFleets.InstanceFleets[].Status",
      "entity": "emr.instance_fleet_status"
    },
    {
      "mapping": "ListInstanceGroups.InstanceGroups[].Status -> emr.instance_group_status",
      "evidence": "ListInstanceGroups.InstanceGroups[].Status",
      "entity": "emr.instance_group_status"
    },
    {
      "mapping": "ListInstances.Instances[].Status -> emr.instanc_status",
      "evidence": "ListInstances.Instances[].Status",
      "entity": "emr.instanc_status"
    },
    {
      "mapping": "ListSteps.Steps[].Status -> emr.step_status",
      "evidence": "ListSteps.Steps[].Status",
      "entity": "emr.step_status"
    },
    {
      "mapping": "PutAutoScalingPolicy.AutoScalingPolicy.Status -> emr.auto_scaling_policy_status",
      "evidence": "PutAutoScalingPolicy.AutoScalingPolicy.Status",
      "entity": "emr.auto_scaling_policy_status"
    }
  ]
}