{
  "service": "emr",
  "version": "1.0",
  "kind_rules": {
    "read_list": ["List"],
    "read_get": ["Get", "Describe"],
    "write_create": ["Create", "Start", "Generate", "Import", "Enable", "Register"],
    "write_update": ["Update", "Modify", "Put", "Set", "Change", "Reset", "Patch"],
    "write_delete": ["Delete", "Remove", "Terminate", "Destroy", "Disable", "Detach", "Disassociate", "Untag", "Revoke"],
    "write_apply": ["Apply", "Attach", "Associate", "Add", "Tag", "Authorize", "Unauthorize", "Grant"],
    "other": ["default"]
  },
  "entity_aliases": {
    "emr.session_mapping_studio_id": "emr.studio_id",
    "emr.cancel_steps_info_step_id": "emr.step_id",
    "emr.studio_vpc_id": "emr.vpc_id",
    "emr.instanc_instance_fleet_id": "emr.instance_fleet_id",
    "emr.instanc_instance_group_id": "emr.instance_group_id"
  },
  "overrides": {},
  "operations": {
    "DescribeJobFlows": {
      "kind": "read_get",
      "side_effect": false,
      "sdk": {"client": "emr", "method": "describe_job_flows"},
      "consumes": [],
      "produces": [{"entity": "emr.job_flows", "source": "output", "path": "JobFlows"}, {"entity": "emr.job_flow_id", "source": "item", "path": "JobFlows.JobFlowId"}, {"entity": "emr.job_flow_name", "source": "item", "path": "JobFlows.Name"}, {"entity": "emr.job_flow_log_uri", "source": "item", "path": "JobFlows.LogUri"}, {"entity": "emr.job_flow_log_encryption_kms_key_id", "source": "item", "path": "JobFlows.LogEncryptionKmsKeyId"}, {"entity": "emr.job_flow_ami_version", "source": "item", "path": "JobFlows.AmiVersion"}, {"entity": "emr.job_flow_execution_status_detail", "source": "item", "path": "JobFlows.ExecutionStatusDetail"}, {"entity": "emr.job_flow_instances", "source": "item", "path": "JobFlows.Instances"}, {"entity": "emr.job_flow_steps", "source": "item", "path": "JobFlows.Steps"}, {"entity": "emr.job_flow_bootstrap_actions", "source": "item", "path": "JobFlows.BootstrapActions"}, {"entity": "emr.job_flow_supported_products", "source": "item", "path": "JobFlows.SupportedProducts"}, {"entity": "emr.job_flow_visible_to_all_users", "source": "item", "path": "JobFlows.VisibleToAllUsers"}, {"entity": "emr.job_flow_role", "source": "item", "path": "JobFlows.JobFlowRole"}, {"entity": "emr.job_flow_service_role", "source": "item", "path": "JobFlows.ServiceRole"}, {"entity": "emr.job_flow_auto_scaling_role", "source": "item", "path": "JobFlows.AutoScalingRole"}, {"entity": "emr.job_flow_scale_down_behavior", "source": "item", "path": "JobFlows.ScaleDownBehavior"}],
      "notes": ""
    },
    "DescribeReleaseLabel": {
      "kind": "read_get",
      "side_effect": false,
      "sdk": {"client": "emr", "method": "describe_release_label"},
      "consumes": [],
      "produces": [{"entity": "emr.release_label", "source": "output", "path": "ReleaseLabel"}, {"entity": "emr.applications", "source": "output", "path": "Applications"}, {"entity": "emr.next_token", "source": "output", "path": "NextToken"}, {"entity": "emr.available_os_releases", "source": "output", "path": "AvailableOSReleases"}, {"entity": "emr.application_name", "source": "item", "path": "Applications.Name"}, {"entity": "emr.application_version", "source": "item", "path": "Applications.Version"}],
      "notes": ""
    },
    "GetBlockPublicAccessConfiguration": {
      "kind": "read_get",
      "side_effect": false,
      "sdk": {"client": "emr", "method": "get_block_public_access_configuration"},
      "consumes": [],
      "produces": [{"entity": "emr.block_public_access_configuration", "source": "output", "path": "BlockPublicAccessConfiguration"}, {"entity": "emr.block_public_access_configuration_metadata", "source": "output", "path": "BlockPublicAccessConfigurationMetadata"}, {"entity": "emr.block_public_access_configuration_block_public_security_group_rules", "source": "item", "path": "BlockPublicAccessConfiguration.BlockPublicSecurityGroupRules"}, {"entity": "emr.block_public_access_configuration_permitted_public_security_group_rule_ranges", "source": "item", "path": "BlockPublicAccessConfiguration.PermittedPublicSecurityGroupRuleRanges"}],
      "notes": ""
    },
    "ListClusters": {
      "kind": "read_list",
      "side_effect": false,
      "sdk": {"client": "emr", "method": "list_clusters"},
      "consumes": [],
      "produces": [{"entity": "emr.clusters", "source": "output", "path": "Clusters"}, {"entity": "emr.marker", "source": "output", "path": "Marker"}, {"entity": "emr.cluster_id", "source": "item", "path": "Clusters[].Id"}, {"entity": "emr.cluster_name", "source": "item", "path": "Clusters[].Name"}, {"entity": "emr.cluster_status", "source": "item", "path": "Clusters[].Status"}, {"entity": "emr.cluster_normalized_instance_hours", "source": "item", "path": "Clusters[].NormalizedInstanceHours"}, {"entity": "emr.cluster_arn", "source": "item", "path": "Clusters[].ClusterArn"}, {"entity": "emr.cluster_outpost_arn", "source": "item", "path": "Clusters[].OutpostArn"}],
      "notes": ""
    },
    "ListNotebookExecutions": {
      "kind": "read_list",
      "side_effect": false,
      "sdk": {"client": "emr", "method": "list_notebook_executions"},
      "consumes": [],
      "produces": [{"entity": "emr.notebook_executions", "source": "output", "path": "NotebookExecutions"}, {"entity": "emr.marker", "source": "output", "path": "Marker"}, {"entity": "emr.notebook_execution_id", "source": "item", "path": "NotebookExecutions[].NotebookExecutionId"}, {"entity": "emr.notebook_execution_editor_id", "source": "item", "path": "NotebookExecutions[].EditorId"}, {"entity": "emr.notebook_execution_name", "source": "item", "path": "NotebookExecutions[].NotebookExecutionName"}, {"entity": "emr.notebook_execution_status", "source": "item", "path": "NotebookExecutions[].Status"}, {"entity": "emr.notebook_execution_start_time", "source": "item", "path": "NotebookExecutions[].StartTime"}, {"entity": "emr.notebook_execution_end_time", "source": "item", "path": "NotebookExecutions[].EndTime"}, {"entity": "emr.notebook_execution_notebook_s3_location", "source": "item", "path": "NotebookExecutions[].NotebookS3Location"}, {"entity": "emr.notebook_execution_execution_engine_id", "source": "item", "path": "NotebookExecutions[].ExecutionEngineId"}],
      "notes": ""
    },
    "ListReleaseLabels": {
      "kind": "read_list",
      "side_effect": false,
      "sdk": {"client": "emr", "method": "list_release_labels"},
      "consumes": [],
      "produces": [{"entity": "emr.release_labels", "source": "output", "path": "ReleaseLabels"}, {"entity": "emr.next_token", "source": "output", "path": "NextToken"}],
      "notes": ""
    },
    "ListSecurityConfigurations": {
      "kind": "read_list",
      "side_effect": false,
      "sdk": {"client": "emr", "method": "list_security_configurations"},
      "consumes": [],
      "produces": [{"entity": "emr.security_configurations", "source": "output", "path": "SecurityConfigurations"}, {"entity": "emr.marker", "source": "output", "path": "Marker"}, {"entity": "emr.security_configuration_name", "source": "item", "path": "SecurityConfigurations[].Name"}, {"entity": "emr.security_configuration_creation_date_time", "source": "item", "path": "SecurityConfigurations[].CreationDateTime"}],
      "notes": ""
    },
    "ListStudioSessionMappings": {
      "kind": "read_list",
      "side_effect": false,
      "sdk": {"client": "emr", "method": "list_studio_session_mappings"},
      "consumes": [],
      "produces": [{"entity": "emr.session_mappings", "source": "output", "path": "SessionMappings"}, {"entity": "emr.marker", "source": "output", "path": "Marker"}, {"entity": "emr.studio_id", "source": "item", "path": "SessionMappings[].StudioId"}, {"entity": "emr.session_mapping_identity_id", "source": "item", "path": "SessionMappings[].IdentityId"}, {"entity": "emr.session_mapping_identity_name", "source": "item", "path": "SessionMappings[].IdentityName"}, {"entity": "emr.session_mapping_identity_type", "source": "item", "path": "SessionMappings[].IdentityType"}, {"entity": "emr.session_mapping_session_policy_arn", "source": "item", "path": "SessionMappings[].SessionPolicyArn"}, {"entity": "emr.session_mapping_creation_time", "source": "item", "path": "SessionMappings[].CreationTime"}],
      "notes": ""
    },
    "ListStudios": {
      "kind": "read_list",
      "side_effect": false,
      "sdk": {"client": "emr", "method": "list_studios"},
      "consumes": [],
      "produces": [{"entity": "emr.studios", "source": "output", "path": "Studios"}, {"entity": "emr.marker", "source": "output", "path": "Marker"}, {"entity": "emr.studio_id", "source": "item", "path": "Studios[].StudioId"}, {"entity": "emr.studio_name", "source": "item", "path": "Studios[].Name"}, {"entity": "emr.vpc_id", "source": "item", "path": "Studios[].VpcId"}, {"entity": "emr.studio_description", "source": "item", "path": "Studios[].Description"}, {"entity": "emr.studio_url", "source": "item", "path": "Studios[].Url"}, {"entity": "emr.studio_auth_mode", "source": "item", "path": "Studios[].AuthMode"}, {"entity": "emr.studio_creation_time", "source": "item", "path": "Studios[].CreationTime"}],
      "notes": ""
    },
    "ModifyInstanceGroups": {
      "kind": "write_update",
      "side_effect": true,
      "sdk": {"client": "emr", "method": "modify_instance_groups"},
      "consumes": [],
      "produces": [],
      "notes": ""
    },
    "AddInstanceFleet": {
      "kind": "write_apply",
      "side_effect": true,
      "sdk": {"client": "emr", "method": "add_instance_fleet"},
      "consumes": [{"entity": "emr.cluster_id", "param": "ClusterId", "required": true, "source": "internal"}, {"entity": "emr.instance_fleet", "param": "InstanceFleet", "required": true, "source": "external"}],
      "produces": [{"entity": "emr.cluster_id", "source": "output", "path": "ClusterId"}, {"entity": "emr.instance_fleet_id", "source": "output", "path": "InstanceFleetId"}, {"entity": "emr.cluster_arn", "source": "output", "path": "ClusterArn"}],
      "notes": ""
    },
    "AddInstanceGroups": {
      "kind": "write_apply",
      "side_effect": true,
      "sdk": {"client": "emr", "method": "add_instance_groups"},
      "consumes": [{"entity": "emr.instance_groups", "param": "InstanceGroups", "required": true, "source": "internal"}, {"entity": "emr.job_id", "param": "JobFlowId", "required": true, "source": "external"}],
      "produces": [{"entity": "emr.job_flow_id", "source": "output", "path": "JobFlowId"}, {"entity": "emr.instance_group_ids", "source": "output", "path": "InstanceGroupIds"}, {"entity": "emr.cluster_arn", "source": "output", "path": "ClusterArn"}],
      "notes": ""
    },
    "AddJobFlowSteps": {
      "kind": "write_apply",
      "side_effect": true,
      "sdk": {"client": "emr", "method": "add_job_flow_steps"},
      "consumes": [{"entity": "emr.job_id", "param": "JobFlowId", "required": true, "source": "external"}, {"entity": "emr.steps", "param": "Steps", "required": true, "source": "internal"}],
      "produces": [{"entity": "emr.step_ids", "source": "output", "path": "StepIds"}],
      "notes": ""
    },
    "AddTags": {
      "kind": "write_apply",
      "side_effect": true,
      "sdk": {"client": "emr", "method": "add_tags"},
      "consumes": [{"entity": "emr.resource_id", "param": "ResourceId", "required": true, "source": "external"}, {"entity": "emr.tags", "param": "Tags", "required": true, "source": "external"}],
      "produces": [],
      "notes": ""
    },
    "CancelSteps": {
      "kind": "other",
      "side_effect": true,
      "sdk": {"client": "emr", "method": "cancel_steps"},
      "consumes": [{"entity": "emr.cluster_id", "param": "ClusterId", "required": true, "source": "internal"}, {"entity": "emr.step_ids", "param": "StepIds", "required": true, "source": "internal"}],
      "produces": [{"entity": "emr.cancel_steps_info_list", "source": "output", "path": "CancelStepsInfoList"}, {"entity": "emr.step_id", "source": "item", "path": "CancelStepsInfoList.StepId"}, {"entity": "emr.cancel_steps_status", "source": "item", "path": "CancelStepsInfoList.Status"}, {"entity": "emr.cancel_steps_info_reason", "source": "item", "path": "CancelStepsInfoList.Reason"}],
      "notes": ""
    },
    "CreatePersistentAppUI": {
      "kind": "write_create",
      "side_effect": true,
      "sdk": {"client": "emr", "method": "create_persistent_app_ui"},
      "consumes": [{"entity": "emr.targetresource_arn", "param": "TargetResourceArn", "required": true, "source": "external"}],
      "produces": [{"entity": "emr.persistent_app_ui_id", "source": "output", "path": "PersistentAppUIId"}, {"entity": "emr.runtime_role_enabled_cluster", "source": "output", "path": "RuntimeRoleEnabledCluster"}],
      "notes": ""
    },
    "CreateSecurityConfiguration": {
      "kind": "write_create",
      "side_effect": true,
      "sdk": {"client": "emr", "method": "create_security_configuration"},
      "consumes": [{"entity": "emr.security_configuration_name", "param": "Name", "required": true, "source": "internal"}, {"entity": "emr.security_configuration", "param": "SecurityConfiguration", "required": true, "source": "internal"}],
      "produces": [{"entity": "emr.security_configuration_name", "source": "output", "path": "Name"}, {"entity": "emr.creation_date_time", "source": "output", "path": "CreationDateTime"}],
      "notes": ""
    },
    "CreateStudio": {
      "kind": "write_create",
      "side_effect": true,
      "sdk": {"client": "emr", "method": "create_studio"},
      "consumes": [{"entity": "emr.studio_id_name", "param": "Name", "required": true, "source": "external"}, {"entity": "emr.auth_mode", "param": "AuthMode", "required": true, "source": "external"}, {"entity": "emr.vpc_id", "param": "VpcId", "required": true, "source": "internal"}, {"entity": "emr.subnet_ids", "param": "SubnetIds", "required": true, "source": "external"}, {"entity": "emr.service_role", "param": "ServiceRole", "required": true, "source": "external"}, {"entity": "emr.workspacesecuritygroup_id", "param": "WorkspaceSecurityGroupId", "required": true, "source": "external"}, {"entity": "emr.enginesecuritygroup_id", "param": "EngineSecurityGroupId", "required": true, "source": "external"}, {"entity": "emr.default_s3_location", "param": "DefaultS3Location", "required": true, "source": "external"}],
      "produces": [{"entity": "emr.studio_id", "source": "output", "path": "StudioId"}, {"entity": "emr.url", "source": "output", "path": "Url"}],
      "notes": ""
    },
    "CreateStudioSessionMapping": {
      "kind": "write_create",
      "side_effect": true,
      "sdk": {"client": "emr", "method": "create_studio_session_mapping"},
      "consumes": [{"entity": "emr.studio_id", "param": "StudioId", "required": true, "source": "internal"}, {"entity": "emr.identity_type", "param": "IdentityType", "required": true, "source": "external"}, {"entity": "emr.sessionpolicy_arn", "param": "SessionPolicyArn", "required": true, "source": "external"}],
      "produces": [],
      "notes": ""
    },
    "DeleteSecurityConfiguration": {
      "kind": "write_delete",
      "side_effect": true,
      "sdk": {"client": "emr", "method": "delete_security_configuration"},
      "consumes": [{"entity": "emr.security_configuration_name", "param": "Name", "required": true, "source": "internal"}],
      "produces": [],
      "notes": ""
    },
    "DeleteStudio": {
      "kind": "write_delete",
      "side_effect": true,
      "sdk": {"client": "emr", "method": "delete_studio"},
      "consumes": [{"entity": "emr.studio_id", "param": "StudioId", "required": true, "source": "internal"}],
      "produces": [],
      "notes": ""
    },
    "DeleteStudioSessionMapping": {
      "kind": "write_delete",
      "side_effect": true,
      "sdk": {"client": "emr", "method": "delete_studio_session_mapping"},
      "consumes": [{"entity": "emr.studio_id", "param": "StudioId", "required": true, "source": "internal"}, {"entity": "emr.identity_type", "param": "IdentityType", "required": true, "source": "external"}],
      "produces": [],
      "notes": ""
    },
    "DescribeCluster": {
      "kind": "read_get",
      "side_effect": false,
      "sdk": {"client": "emr", "method": "describe_cluster"},
      "consumes": [{"entity": "emr.cluster_id", "param": "ClusterId", "required": true, "source": "internal"}],
      "produces": [{"entity": "emr.cluster", "source": "output", "path": "Cluster"}, {"entity": "emr.cluster_id", "source": "item", "path": "Cluster.Id"}, {"entity": "emr.cluster_name", "source": "item", "path": "Cluster.Name"}, {"entity": "emr.cluster_status", "source": "item", "path": "Cluster.Status"}, {"entity": "emr.cluster_ec2_instance_attributes", "source": "item", "path": "Cluster.Ec2InstanceAttributes"}, {"entity": "emr.cluster_instance_collection_type", "source": "item", "path": "Cluster.InstanceCollectionType"}, {"entity": "emr.cluster_log_uri", "source": "item", "path": "Cluster.LogUri"}, {"entity": "emr.cluster_log_encryption_kms_key_id", "source": "item", "path": "Cluster.LogEncryptionKmsKeyId"}, {"entity": "emr.cluster_requested_ami_version", "source": "item", "path": "Cluster.RequestedAmiVersion"}, {"entity": "emr.cluster_running_ami_version", "source": "item", "path": "Cluster.RunningAmiVersion"}, {"entity": "emr.cluster_release_label", "source": "item", "path": "Cluster.ReleaseLabel"}, {"entity": "emr.cluster_auto_terminate", "source": "item", "path": "Cluster.AutoTerminate"}, {"entity": "emr.cluster_termination_protected", "source": "item", "path": "Cluster.TerminationProtected"}, {"entity": "emr.cluster_unhealthy_node_replacement", "source": "item", "path": "Cluster.UnhealthyNodeReplacement"}, {"entity": "emr.cluster_visible_to_all_users", "source": "item", "path": "Cluster.VisibleToAllUsers"}, {"entity": "emr.cluster_applications", "source": "item", "path": "Cluster.Applications"}, {"entity": "emr.cluster_tags", "source": "item", "path": "Cluster.Tags"}, {"entity": "emr.cluster_service_role", "source": "item", "path": "Cluster.ServiceRole"}, {"entity": "emr.cluster_normalized_instance_hours", "source": "item", "path": "Cluster.NormalizedInstanceHours"}, {"entity": "emr.cluster_master_public_dns_name", "source": "item", "path": "Cluster.MasterPublicDnsName"}, {"entity": "emr.cluster_configurations", "source": "item", "path": "Cluster.Configurations"}, {"entity": "emr.cluster_security_configuration", "source": "item", "path": "Cluster.SecurityConfiguration"}, {"entity": "emr.cluster_auto_scaling_role", "source": "item", "path": "Cluster.AutoScalingRole"}, {"entity": "emr.cluster_scale_down_behavior", "source": "item", "path": "Cluster.ScaleDownBehavior"}, {"entity": "emr.cluster_custom_ami_id", "source": "item", "path": "Cluster.CustomAmiId"}, {"entity": "emr.cluster_ebs_root_volume_size", "source": "item", "path": "Cluster.EbsRootVolumeSize"}, {"entity": "emr.cluster_repo_upgrade_on_boot", "source": "item", "path": "Cluster.RepoUpgradeOnBoot"}, {"entity": "emr.cluster_kerberos_attributes", "source": "item", "path": "Cluster.KerberosAttributes"}, {"entity": "emr.cluster_arn", "source": "item", "path": "Cluster.ClusterArn"}, {"entity": "emr.cluster_outpost_arn", "source": "item", "path": "Cluster.OutpostArn"}, {"entity": "emr.cluster_step_concurrency_level", "source": "item", "path": "Cluster.StepConcurrencyLevel"}, {"entity": "emr.cluster_placement_groups", "source": "item", "path": "Cluster.PlacementGroups"}, {"entity": "emr.cluster_os_release_label", "source": "item", "path": "Cluster.OSReleaseLabel"}, {"entity": "emr.cluster_ebs_root_volume_iops", "source": "item", "path": "Cluster.EbsRootVolumeIops"}, {"entity": "emr.cluster_ebs_root_volume_throughput", "source": "item", "path": "Cluster.EbsRootVolumeThroughput"}, {"entity": "emr.cluster_extended_support", "source": "item", "path": "Cluster.ExtendedSupport"}, {"entity": "emr.cluster_monitoring_configuration", "source": "item", "path": "Cluster.MonitoringConfiguration"}],
      "notes": ""
    },
    "DescribeNotebookExecution": {
      "kind": "read_get",
      "side_effect": false,
      "sdk": {"client": "emr", "method": "describe_notebook_execution"},
      "consumes": [{"entity": "emr.notebookexecution_id", "param": "NotebookExecutionId", "required": true, "source": "external"}],
      "produces": [{"entity": "emr.notebook_execution", "source": "output", "path": "NotebookExecution"}, {"entity": "emr.notebook_execution_id", "source": "item", "path": "NotebookExecution.NotebookExecutionId"}, {"entity": "emr.notebook_execution_editor_id", "source": "item", "path": "NotebookExecution.EditorId"}, {"entity": "emr.notebook_execution_execution_engine", "source": "item", "path": "NotebookExecution.ExecutionEngine"}, {"entity": "emr.notebook_execution_name", "source": "item", "path": "NotebookExecution.NotebookExecutionName"}, {"entity": "emr.notebook_execution_notebook_params", "source": "item", "path": "NotebookExecution.NotebookParams"}, {"entity": "emr.notebook_execution_status", "source": "item", "path": "NotebookExecution.Status"}, {"entity": "emr.notebook_execution_start_time", "source": "item", "path": "NotebookExecution.StartTime"}, {"entity": "emr.notebook_execution_end_time", "source": "item", "path": "NotebookExecution.EndTime"}, {"entity": "emr.notebook_execution_arn", "source": "item", "path": "NotebookExecution.Arn"}, {"entity": "emr.notebook_execution_output_notebook_uri", "source": "item", "path": "NotebookExecution.OutputNotebookURI"}, {"entity": "emr.notebook_execution_last_state_change_reason", "source": "item", "path": "NotebookExecution.LastStateChangeReason"}, {"entity": "emr.notebook_execution_notebook_instance_security_group_id", "source": "item", "path": "NotebookExecution.NotebookInstanceSecurityGroupId"}, {"entity": "emr.notebook_execution_tags", "source": "item", "path": "NotebookExecution.Tags"}, {"entity": "emr.notebook_execution_notebook_s3_location", "source": "item", "path": "NotebookExecution.NotebookS3Location"}, {"entity": "emr.notebook_execution_output_notebook_s3_location", "source": "item", "path": "NotebookExecution.OutputNotebookS3Location"}, {"entity": "emr.notebook_execution_output_notebook_format", "source": "item", "path": "NotebookExecution.OutputNotebookFormat"}, {"entity": "emr.notebook_execution_environment_variables", "source": "item", "path": "NotebookExecution.EnvironmentVariables"}],
      "notes": ""
    },
    "DescribePersistentAppUI": {
      "kind": "read_get",
      "side_effect": false,
      "sdk": {"client": "emr", "method": "describe_persistent_app_ui"},
      "consumes": [{"entity": "emr.persistentappui_id", "param": "PersistentAppUIId", "required": true, "source": "external"}],
      "produces": [{"entity": "emr.persistent_app_ui", "source": "output", "path": "PersistentAppUI"}, {"entity": "emr.persistent_app_ui_id", "source": "item", "path": "PersistentAppUI.PersistentAppUIId"}, {"entity": "emr.persistent_app_ui_type_list", "source": "item", "path": "PersistentAppUI.PersistentAppUITypeList"}, {"entity": "emr.persistent_app_ui_status", "source": "item", "path": "PersistentAppUI.PersistentAppUIStatus"}, {"entity": "emr.persistent_app_ui_author_id", "source": "item", "path": "PersistentAppUI.AuthorId"}, {"entity": "emr.persistent_app_ui_creation_time", "source": "item", "path": "PersistentAppUI.CreationTime"}, {"entity": "emr.persistent_app_ui_last_modified_time", "source": "item", "path": "PersistentAppUI.LastModifiedTime"}, {"entity": "emr.persistent_app_ui_last_state_change_reason", "source": "item", "path": "PersistentAppUI.LastStateChangeReason"}, {"entity": "emr.persistent_app_ui_tags", "source": "item", "path": "PersistentAppUI.Tags"}],
      "notes": ""
    },
    "DescribeSecurityConfiguration": {
      "kind": "read_get",
      "side_effect": false,
      "sdk": {"client": "emr", "method": "describe_security_configuration"},
      "consumes": [{"entity": "emr.security_configuration_name", "param": "Name", "required": true, "source": "internal"}],
      "produces": [{"entity": "emr.security_configuration_name", "source": "output", "path": "Name"}, {"entity": "emr.security_configuration", "source": "output", "path": "SecurityConfiguration"}, {"entity": "emr.creation_date_time", "source": "output", "path": "CreationDateTime"}],
      "notes": ""
    },
    "DescribeStep": {
      "kind": "read_get",
      "side_effect": false,
      "sdk": {"client": "emr", "method": "describe_step"},
      "consumes": [{"entity": "emr.cluster_id", "param": "ClusterId", "required": true, "source": "internal"}, {"entity": "emr.step_id", "param": "StepId", "required": true, "source": "internal"}],
      "produces": [{"entity": "emr.step", "source": "output", "path": "Step"}, {"entity": "emr.step_id", "source": "item", "path": "Step.Id"}, {"entity": "emr.step_name", "source": "item", "path": "Step.Name"}, {"entity": "emr.step_config", "source": "item", "path": "Step.Config"}, {"entity": "emr.step_action_on_failure", "source": "item", "path": "Step.ActionOnFailure"}, {"entity": "emr.step_status", "source": "item", "path": "Step.Status"}, {"entity": "emr.step_execution_role_arn", "source": "item", "path": "Step.ExecutionRoleArn"}, {"entity": "emr.step_log_uri", "source": "item", "path": "Step.LogUri"}, {"entity": "emr.step_encryption_key_arn", "source": "item", "path": "Step.EncryptionKeyArn"}],
      "notes": ""
    },
    "DescribeStudio": {
      "kind": "read_get",
      "side_effect": false,
      "sdk": {"client": "emr", "method": "describe_studio"},
      "consumes": [{"entity": "emr.studio_id", "param": "StudioId", "required": true, "source": "internal"}],
      "produces": [{"entity": "emr.studio", "source": "output", "path": "Studio"}, {"entity": "emr.studio_id", "source": "item", "path": "Studio.StudioId"}, {"entity": "emr.studio_arn", "source": "item", "path": "Studio.StudioArn"}, {"entity": "emr.studio_name", "source": "item", "path": "Studio.Name"}, {"entity": "emr.studio_description", "source": "item", "path": "Studio.Description"}, {"entity": "emr.studio_auth_mode", "source": "item", "path": "Studio.AuthMode"}, {"entity": "emr.vpc_id", "source": "item", "path": "Studio.VpcId"}, {"entity": "emr.studio_subnet_ids", "source": "item", "path": "Studio.SubnetIds"}, {"entity": "emr.studio_service_role", "source": "item", "path": "Studio.ServiceRole"}, {"entity": "emr.studio_user_role", "source": "item", "path": "Studio.UserRole"}, {"entity": "emr.studio_workspace_security_group_id", "source": "item", "path": "Studio.WorkspaceSecurityGroupId"}, {"entity": "emr.studio_engine_security_group_id", "source": "item", "path": "Studio.EngineSecurityGroupId"}, {"entity": "emr.studio_url", "source": "item", "path": "Studio.Url"}, {"entity": "emr.studio_creation_time", "source": "item", "path": "Studio.CreationTime"}, {"entity": "emr.studio_default_s3_location", "source": "item", "path": "Studio.DefaultS3Location"}, {"entity": "emr.studio_idp_auth_url", "source": "item", "path": "Studio.IdpAuthUrl"}, {"entity": "emr.studio_idp_relay_state_parameter_name", "source": "item", "path": "Studio.IdpRelayStateParameterName"}, {"entity": "emr.studio_tags", "source": "item", "path": "Studio.Tags"}, {"entity": "emr.studio_idc_instance_arn", "source": "item", "path": "Studio.IdcInstanceArn"}, {"entity": "emr.studio_trusted_identity_propagation_enabled", "source": "item", "path": "Studio.TrustedIdentityPropagationEnabled"}, {"entity": "emr.studio_idc_user_assignment", "source": "item", "path": "Studio.IdcUserAssignment"}, {"entity": "emr.studio_encryption_key_arn", "source": "item", "path": "Studio.EncryptionKeyArn"}],
      "notes": ""
    },
    "GetAutoTerminationPolicy": {
      "kind": "read_get",
      "side_effect": false,
      "sdk": {"client": "emr", "method": "get_auto_termination_policy"},
      "consumes": [{"entity": "emr.cluster_id", "param": "ClusterId", "required": true, "source": "internal"}],
      "produces": [{"entity": "emr.auto_termination_policy", "source": "output", "path": "AutoTerminationPolicy"}, {"entity": "emr.auto_termination_policy_idle_timeout", "source": "item", "path": "AutoTerminationPolicy.IdleTimeout"}],
      "notes": ""
    },
    "GetClusterSessionCredentials": {
      "kind": "read_get",
      "side_effect": false,
      "sdk": {"client": "emr", "method": "get_cluster_session_credentials"},
      "consumes": [{"entity": "emr.cluster_id", "param": "ClusterId", "required": true, "source": "internal"}],
      "produces": [{"entity": "emr.credentials", "source": "output", "path": "Credentials"}, {"entity": "emr.expires_at", "source": "output", "path": "ExpiresAt"}, {"entity": "emr.credential_username_password", "source": "item", "path": "Credentials.UsernamePassword"}],
      "notes": ""
    },
    "GetManagedScalingPolicy": {
      "kind": "read_get",
      "side_effect": false,
      "sdk": {"client": "emr", "method": "get_managed_scaling_policy"},
      "consumes": [{"entity": "emr.cluster_id", "param": "ClusterId", "required": true, "source": "internal"}],
      "produces": [{"entity": "emr.managed_scaling_policy", "source": "output", "path": "ManagedScalingPolicy"}, {"entity": "emr.managed_scaling_policy_compute_limits", "source": "item", "path": "ManagedScalingPolicy.ComputeLimits"}, {"entity": "emr.managed_scaling_policy_utilization_performance_index", "source": "item", "path": "ManagedScalingPolicy.UtilizationPerformanceIndex"}, {"entity": "emr.managed_scaling_policy_scaling_strategy", "source": "item", "path": "ManagedScalingPolicy.ScalingStrategy"}],
      "notes": ""
    },
    "GetOnClusterAppUIPresignedURL": {
      "kind": "read_get",
      "side_effect": false,
      "sdk": {"client": "emr", "method": "get_on_cluster_app_ui_presigned_url"},
      "consumes": [{"entity": "emr.cluster_id", "param": "ClusterId", "required": true, "source": "internal"}],
      "produces": [{"entity": "emr.presigned_url_ready", "source": "output", "path": "PresignedURLReady"}, {"entity": "emr.presigned_url", "source": "output", "path": "PresignedURL"}],
      "notes": ""
    },
    "GetPersistentAppUIPresignedURL": {
      "kind": "read_get",
      "side_effect": false,
      "sdk": {"client": "emr", "method": "get_persistent_app_ui_presigned_url"},
      "consumes": [{"entity": "emr.persistentappui_id", "param": "PersistentAppUIId", "required": true, "source": "external"}],
      "produces": [{"entity": "emr.presigned_url_ready", "source": "output", "path": "PresignedURLReady"}, {"entity": "emr.presigned_url", "source": "output", "path": "PresignedURL"}],
      "notes": ""
    },
    "GetStudioSessionMapping": {
      "kind": "read_get",
      "side_effect": false,
      "sdk": {"client": "emr", "method": "get_studio_session_mapping"},
      "consumes": [{"entity": "emr.studio_id", "param": "StudioId", "required": true, "source": "internal"}, {"entity": "emr.identity_type", "param": "IdentityType", "required": true, "source": "external"}],
      "produces": [{"entity": "emr.session_mapping", "source": "output", "path": "SessionMapping"}, {"entity": "emr.studio_id", "source": "item", "path": "SessionMapping.StudioId"}, {"entity": "emr.session_mapping_identity_id", "source": "item", "path": "SessionMapping.IdentityId"}, {"entity": "emr.session_mapping_identity_name", "source": "item", "path": "SessionMapping.IdentityName"}, {"entity": "emr.session_mapping_identity_type", "source": "item", "path": "SessionMapping.IdentityType"}, {"entity": "emr.session_mapping_session_policy_arn", "source": "item", "path": "SessionMapping.SessionPolicyArn"}, {"entity": "emr.session_mapping_creation_time", "source": "item", "path": "SessionMapping.CreationTime"}, {"entity": "emr.session_mapping_last_modified_time", "source": "item", "path": "SessionMapping.LastModifiedTime"}],
      "notes": ""
    },
    "ListBootstrapActions": {
      "kind": "read_list",
      "side_effect": false,
      "sdk": {"client": "emr", "method": "list_bootstrap_actions"},
      "consumes": [{"entity": "emr.cluster_id", "param": "ClusterId", "required": true, "source": "internal"}],
      "produces": [{"entity": "emr.bootstrap_actions", "source": "output", "path": "BootstrapActions"}, {"entity": "emr.marker", "source": "output", "path": "Marker"}, {"entity": "emr.bootstrap_action_name", "source": "item", "path": "BootstrapActions[].Name"}, {"entity": "emr.bootstrap_action_script_path", "source": "item", "path": "BootstrapActions[].ScriptPath"}, {"entity": "emr.bootstrap_action_args", "source": "item", "path": "BootstrapActions[].Args"}],
      "notes": ""
    },
    "ListInstanceFleets": {
      "kind": "read_list",
      "side_effect": false,
      "sdk": {"client": "emr", "method": "list_instance_fleets"},
      "consumes": [{"entity": "emr.cluster_id", "param": "ClusterId", "required": true, "source": "internal"}],
      "produces": [{"entity": "emr.instance_fleets", "source": "output", "path": "InstanceFleets"}, {"entity": "emr.marker", "source": "output", "path": "Marker"}, {"entity": "emr.instance_fleet_id", "source": "item", "path": "InstanceFleets[].Id"}, {"entity": "emr.instance_fleet_name", "source": "item", "path": "InstanceFleets[].Name"}, {"entity": "emr.instance_fleet_status", "source": "item", "path": "InstanceFleets[].Status"}, {"entity": "emr.instance_fleet_type", "source": "item", "path": "InstanceFleets[].InstanceFleetType"}, {"entity": "emr.instance_fleet_target_on_demand_capacity", "source": "item", "path": "InstanceFleets[].TargetOnDemandCapacity"}, {"entity": "emr.instance_fleet_target_spot_capacity", "source": "item", "path": "InstanceFleets[].TargetSpotCapacity"}, {"entity": "emr.instance_fleet_provisioned_on_demand_capacity", "source": "item", "path": "InstanceFleets[].ProvisionedOnDemandCapacity"}, {"entity": "emr.instance_fleet_provisioned_spot_capacity", "source": "item", "path": "InstanceFleets[].ProvisionedSpotCapacity"}, {"entity": "emr.instance_fleet_instance_type_specifications", "source": "item", "path": "InstanceFleets[].InstanceTypeSpecifications"}, {"entity": "emr.instance_fleet_launch_specifications", "source": "item", "path": "InstanceFleets[].LaunchSpecifications"}, {"entity": "emr.instance_fleet_resize_specifications", "source": "item", "path": "InstanceFleets[].ResizeSpecifications"}, {"entity": "emr.instance_fleet_context", "source": "item", "path": "InstanceFleets[].Context"}],
      "notes": ""
    },
    "ListInstanceGroups": {
      "kind": "read_list",
      "side_effect": false,
      "sdk": {"client": "emr", "method": "list_instance_groups"},
      "consumes": [{"entity": "emr.cluster_id", "param": "ClusterId", "required": true, "source": "internal"}],
      "produces": [{"entity": "emr.instance_groups", "source": "output", "path": "InstanceGroups"}, {"entity": "emr.marker", "source": "output", "path": "Marker"}, {"entity": "emr.instance_group_id", "source": "item", "path": "InstanceGroups[].Id"}, {"entity": "emr.instance_group_name", "source": "item", "path": "InstanceGroups[].Name"}, {"entity": "emr.instance_group_market", "source": "item", "path": "InstanceGroups[].Market"}, {"entity": "emr.instance_group_type", "source": "item", "path": "InstanceGroups[].InstanceGroupType"}, {"entity": "emr.instance_group_bid_price", "source": "item", "path": "InstanceGroups[].BidPrice"}, {"entity": "emr.instance_group_instance_type", "source": "item", "path": "InstanceGroups[].InstanceType"}, {"entity": "emr.instance_group_requested_instance_count", "source": "item", "path": "InstanceGroups[].RequestedInstanceCount"}, {"entity": "emr.instance_group_running_instance_count", "source": "item", "path": "InstanceGroups[].RunningInstanceCount"}, {"entity": "emr.instance_group_status", "source": "item", "path": "InstanceGroups[].Status"}, {"entity": "emr.instance_group_configurations", "source": "item", "path": "InstanceGroups[].Configurations"}, {"entity": "emr.instance_group_configurations_version", "source": "item", "path": "InstanceGroups[].ConfigurationsVersion"}, {"entity": "emr.instance_group_last_successfully_applied_configurations", "source": "item", "path": "InstanceGroups[].LastSuccessfullyAppliedConfigurations"}, {"entity": "emr.instance_group_last_successfully_applied_configurations_version", "source": "item", "path": "InstanceGroups[].LastSuccessfullyAppliedConfigurationsVersion"}, {"entity": "emr.instance_group_ebs_block_devices", "source": "item", "path": "InstanceGroups[].EbsBlockDevices"}, {"entity": "emr.instance_group_ebs_optimized", "source": "item", "path": "InstanceGroups[].EbsOptimized"}, {"entity": "emr.instance_group_shrink_policy", "source": "item", "path": "InstanceGroups[].ShrinkPolicy"}, {"entity": "emr.instance_group_auto_scaling_policy", "source": "item", "path": "InstanceGroups[].AutoScalingPolicy"}, {"entity": "emr.instance_group_custom_ami_id", "source": "item", "path": "InstanceGroups[].CustomAmiId"}],
      "notes": ""
    },
    "ListInstances": {
      "kind": "read_list",
      "side_effect": false,
      "sdk": {"client": "emr", "method": "list_instances"},
      "consumes": [{"entity": "emr.cluster_id", "param": "ClusterId", "required": true, "source": "internal"}],
      "produces": [{"entity": "emr.instances", "source": "output", "path": "Instances"}, {"entity": "emr.marker", "source": "output", "path": "Marker"}, {"entity": "emr.instanc_id", "source": "item", "path": "Instances[].Id"}, {"entity": "emr.instanc_ec2_instance_id", "source": "item", "path": "Instances[].Ec2InstanceId"}, {"entity": "emr.instanc_public_dns_name", "source": "item", "path": "Instances[].PublicDnsName"}, {"entity": "emr.instanc_public_ip_address", "source": "item", "path": "Instances[].PublicIpAddress"}, {"entity": "emr.instanc_private_dns_name", "source": "item", "path": "Instances[].PrivateDnsName"}, {"entity": "emr.instanc_private_ip_address", "source": "item", "path": "Instances[].PrivateIpAddress"}, {"entity": "emr.instanc_status", "source": "item", "path": "Instances[].Status"}, {"entity": "emr.instance_group_id", "source": "item", "path": "Instances[].InstanceGroupId"}, {"entity": "emr.instance_fleet_id", "source": "item", "path": "Instances[].InstanceFleetId"}, {"entity": "emr.instanc_market", "source": "item", "path": "Instances[].Market"}, {"entity": "emr.instanc_instance_type", "source": "item", "path": "Instances[].InstanceType"}, {"entity": "emr.instanc_ebs_volumes", "source": "item", "path": "Instances[].EbsVolumes"}],
      "notes": ""
    },
    "ListSteps": {
      "kind": "read_list",
      "side_effect": false,
      "sdk": {"client": "emr", "method": "list_steps"},
      "consumes": [{"entity": "emr.cluster_id", "param": "ClusterId", "required": true, "source": "internal"}],
      "produces": [{"entity": "emr.steps", "source": "output", "path": "Steps"}, {"entity": "emr.marker", "source": "output", "path": "Marker"}, {"entity": "emr.step_id", "source": "item", "path": "Steps[].Id"}, {"entity": "emr.step_name", "source": "item", "path": "Steps[].Name"}, {"entity": "emr.step_config", "source": "item", "path": "Steps[].Config"}, {"entity": "emr.step_action_on_failure", "source": "item", "path": "Steps[].ActionOnFailure"}, {"entity": "emr.step_status", "source": "item", "path": "Steps[].Status"}, {"entity": "emr.step_log_uri", "source": "item", "path": "Steps[].LogUri"}, {"entity": "emr.step_encryption_key_arn", "source": "item", "path": "Steps[].EncryptionKeyArn"}],
      "notes": ""
    },
    "ListSupportedInstanceTypes": {
      "kind": "read_list",
      "side_effect": false,
      "sdk": {"client": "emr", "method": "list_supported_instance_types"},
      "consumes": [{"entity": "emr.release_label", "param": "ReleaseLabel", "required": true, "source": "internal"}],
      "produces": [{"entity": "emr.supported_instance_types", "source": "output", "path": "SupportedInstanceTypes"}, {"entity": "emr.marker", "source": "output", "path": "Marker"}, {"entity": "emr.supported_instance_typ_type", "source": "item", "path": "SupportedInstanceTypes[].Type"}, {"entity": "emr.supported_instance_typ_memory_gb", "source": "item", "path": "SupportedInstanceTypes[].MemoryGB"}, {"entity": "emr.supported_instance_typ_storage_gb", "source": "item", "path": "SupportedInstanceTypes[].StorageGB"}, {"entity": "emr.supported_instance_typ_vcpu", "source": "item", "path": "SupportedInstanceTypes[].VCPU"}, {"entity": "emr.supported_instance_typ_is64_bits_only", "source": "item", "path": "SupportedInstanceTypes[].Is64BitsOnly"}, {"entity": "emr.supported_instance_typ_instance_family_id", "source": "item", "path": "SupportedInstanceTypes[].InstanceFamilyId"}, {"entity": "emr.supported_instance_typ_ebs_optimized_available", "source": "item", "path": "SupportedInstanceTypes[].EbsOptimizedAvailable"}, {"entity": "emr.supported_instance_typ_ebs_optimized_by_default", "source": "item", "path": "SupportedInstanceTypes[].EbsOptimizedByDefault"}, {"entity": "emr.supported_instance_typ_number_of_disks", "source": "item", "path": "SupportedInstanceTypes[].NumberOfDisks"}, {"entity": "emr.supported_instance_typ_ebs_storage_only", "source": "item", "path": "SupportedInstanceTypes[].EbsStorageOnly"}, {"entity": "emr.supported_instance_typ_architecture", "source": "item", "path": "SupportedInstanceTypes[].Architecture"}],
      "notes": ""
    },
    "ModifyCluster": {
      "kind": "write_update",
      "side_effect": true,
      "sdk": {"client": "emr", "method": "modify_cluster"},
      "consumes": [{"entity": "emr.cluster_id", "param": "ClusterId", "required": true, "source": "internal"}],
      "produces": [{"entity": "emr.step_concurrency_level", "source": "output", "path": "StepConcurrencyLevel"}, {"entity": "emr.extended_support", "source": "output", "path": "ExtendedSupport"}],
      "notes": ""
    },
    "ModifyInstanceFleet": {
      "kind": "write_update",
      "side_effect": true,
      "sdk": {"client": "emr", "method": "modify_instance_fleet"},
      "consumes": [{"entity": "emr.cluster_id", "param": "ClusterId", "required": true, "source": "internal"}, {"entity": "emr.instance_fleet", "param": "InstanceFleet", "required": true, "source": "external"}],
      "produces": [],
      "notes": ""
    },
    "PutAutoScalingPolicy": {
      "kind": "write_update",
      "side_effect": true,
      "sdk": {"client": "emr", "method": "put_auto_scaling_policy"},
      "consumes": [{"entity": "emr.cluster_id", "param": "ClusterId", "required": true, "source": "internal"}, {"entity": "emr.instancegroup_id", "param": "InstanceGroupId", "required": true, "source": "external"}, {"entity": "emr.auto_scaling_policy", "param": "AutoScalingPolicy", "required": true, "source": "internal"}],
      "produces": [{"entity": "emr.cluster_id", "source": "output", "path": "ClusterId"}, {"entity": "emr.instance_group_id", "source": "output", "path": "InstanceGroupId"}, {"entity": "emr.auto_scaling_policy", "source": "output", "path": "AutoScalingPolicy"}, {"entity": "emr.cluster_arn", "source": "output", "path": "ClusterArn"}, {"entity": "emr.auto_scaling_policy_status", "source": "item", "path": "AutoScalingPolicy.Status"}, {"entity": "emr.auto_scaling_policy_constraints", "source": "item", "path": "AutoScalingPolicy.Constraints"}, {"entity": "emr.auto_scaling_policy_rules", "source": "item", "path": "AutoScalingPolicy.Rules"}],
      "notes": ""
    },
    "PutAutoTerminationPolicy": {
      "kind": "write_update",
      "side_effect": true,
      "sdk": {"client": "emr", "method": "put_auto_termination_policy"},
      "consumes": [{"entity": "emr.cluster_id", "param": "ClusterId", "required": true, "source": "internal"}],
      "produces": [],
      "notes": ""
    },
    "PutBlockPublicAccessConfiguration": {
      "kind": "write_update",
      "side_effect": true,
      "sdk": {"client": "emr", "method": "put_block_public_access_configuration"},
      "consumes": [{"entity": "emr.block_public_access_configuration", "param": "BlockPublicAccessConfiguration", "required": true, "source": "internal"}],
      "produces": [],
      "notes": ""
    },
    "PutManagedScalingPolicy": {
      "kind": "write_update",
      "side_effect": true,
      "sdk": {"client": "emr", "method": "put_managed_scaling_policy"},
      "consumes": [{"entity": "emr.cluster_id", "param": "ClusterId", "required": true, "source": "internal"}, {"entity": "emr.managed_scaling_policy", "param": "ManagedScalingPolicy", "required": true, "source": "internal"}],
      "produces": [],
      "notes": ""
    },
    "RemoveAutoScalingPolicy": {
      "kind": "write_delete",
      "side_effect": true,
      "sdk": {"client": "emr", "method": "remove_auto_scaling_policy"},
      "consumes": [{"entity": "emr.cluster_id", "param": "ClusterId", "required": true, "source": "internal"}, {"entity": "emr.instancegroup_id", "param": "InstanceGroupId", "required": true, "source": "external"}],
      "produces": [],
      "notes": ""
    },
    "RemoveAutoTerminationPolicy": {
      "kind": "write_delete",
      "side_effect": true,
      "sdk": {"client": "emr", "method": "remove_auto_termination_policy"},
      "consumes": [{"entity": "emr.cluster_id", "param": "ClusterId", "required": true, "source": "internal"}],
      "produces": [],
      "notes": ""
    },
    "RemoveManagedScalingPolicy": {
      "kind": "write_delete",
      "side_effect": true,
      "sdk": {"client": "emr", "method": "remove_managed_scaling_policy"},
      "consumes": [{"entity": "emr.cluster_id", "param": "ClusterId", "required": true, "source": "internal"}],
      "produces": [],
      "notes": ""
    },
    "RemoveTags": {
      "kind": "write_delete",
      "side_effect": true,
      "sdk": {"client": "emr", "method": "remove_tags"},
      "consumes": [{"entity": "emr.resource_id", "param": "ResourceId", "required": true, "source": "external"}, {"entity": "emr.tag_keys", "param": "TagKeys", "required": true, "source": "external"}],
      "produces": [],
      "notes": ""
    },
    "RunJobFlow": {
      "kind": "other",
      "side_effect": true,
      "sdk": {"client": "emr", "method": "run_job_flow"},
      "consumes": [{"entity": "emr.job_flow_id_name", "param": "Name", "required": true, "source": "external"}, {"entity": "emr.instances", "param": "Instances", "required": true, "source": "internal"}],
      "produces": [{"entity": "emr.job_flow_id", "source": "output", "path": "JobFlowId"}, {"entity": "emr.cluster_arn", "source": "output", "path": "ClusterArn"}],
      "notes": ""
    },
    "SetKeepJobFlowAliveWhenNoSteps": {
      "kind": "write_update",
      "side_effect": true,
      "sdk": {"client": "emr", "method": "set_keep_job_flow_alive_when_no_steps"},
      "consumes": [{"entity": "emr.job_flow_ids", "param": "JobFlowIds", "required": true, "source": "external"}, {"entity": "emr.keep_job_flow_alive_when_no_steps", "param": "KeepJobFlowAliveWhenNoSteps", "required": true, "source": "external"}],
      "produces": [],
      "notes": ""
    },
    "SetTerminationProtection": {
      "kind": "write_update",
      "side_effect": true,
      "sdk": {"client": "emr", "method": "set_termination_protection"},
      "consumes": [{"entity": "emr.job_flow_ids", "param": "JobFlowIds", "required": true, "source": "external"}, {"entity": "emr.termination_protected", "param": "TerminationProtected", "required": true, "source": "external"}],
      "produces": [],
      "notes": ""
    },
    "SetUnhealthyNodeReplacement": {
      "kind": "write_update",
      "side_effect": true,
      "sdk": {"client": "emr", "method": "set_unhealthy_node_replacement"},
      "consumes": [{"entity": "emr.job_flow_ids", "param": "JobFlowIds", "required": true, "source": "external"}, {"entity": "emr.unhealthy_node_replacement", "param": "UnhealthyNodeReplacement", "required": true, "source": "external"}],
      "produces": [],
      "notes": ""
    },
    "SetVisibleToAllUsers": {
      "kind": "write_update",
      "side_effect": true,
      "sdk": {"client": "emr", "method": "set_visible_to_all_users"},
      "consumes": [{"entity": "emr.job_flow_ids", "param": "JobFlowIds", "required": true, "source": "external"}, {"entity": "emr.visible_to_all_users", "param": "VisibleToAllUsers", "required": true, "source": "external"}],
      "produces": [],
      "notes": ""
    },
    "StartNotebookExecution": {
      "kind": "write_create",
      "side_effect": true,
      "sdk": {"client": "emr", "method": "start_notebook_execution"},
      "consumes": [{"entity": "emr.execution_engine", "param": "ExecutionEngine", "required": true, "source": "external"}, {"entity": "emr.service_role", "param": "ServiceRole", "required": true, "source": "external"}],
      "produces": [{"entity": "emr.notebook_execution_id", "source": "output", "path": "NotebookExecutionId"}],
      "notes": ""
    },
    "StopNotebookExecution": {
      "kind": "other",
      "side_effect": true,
      "sdk": {"client": "emr", "method": "stop_notebook_execution"},
      "consumes": [{"entity": "emr.notebookexecution_id", "param": "NotebookExecutionId", "required": true, "source": "external"}],
      "produces": [],
      "notes": ""
    },
    "TerminateJobFlows": {
      "kind": "write_delete",
      "side_effect": true,
      "sdk": {"client": "emr", "method": "terminate_job_flows"},
      "consumes": [{"entity": "emr.job_flow_ids", "param": "JobFlowIds", "required": true, "source": "external"}],
      "produces": [],
      "notes": ""
    },
    "UpdateStudio": {
      "kind": "write_update",
      "side_effect": true,
      "sdk": {"client": "emr", "method": "update_studio"},
      "consumes": [{"entity": "emr.studio_id", "param": "StudioId", "required": true, "source": "internal"}],
      "produces": [],
      "notes": ""
    },
    "UpdateStudioSessionMapping": {
      "kind": "write_update",
      "side_effect": true,
      "sdk": {"client": "emr", "method": "update_studio_session_mapping"},
      "consumes": [{"entity": "emr.studio_id", "param": "StudioId", "required": true, "source": "internal"}, {"entity": "emr.identity_type", "param": "IdentityType", "required": true, "source": "external"}, {"entity": "emr.sessionpolicy_arn", "param": "SessionPolicyArn", "required": true, "source": "external"}],
      "produces": [],
      "notes": ""
    }
  }
}