{
  "service": "iottwinmaker",
  "op_consumes": {
    "GetPricingPlan": [],
    "ListWorkspaces": [],
    "BatchPutPropertyValues": ["iottwinmaker.entries", "iottwinmaker.workspace_id"],
    "CancelMetadataTransferJob": ["iottwinmaker.job_id"],
    "CreateComponentType": ["iottwinmaker.componenttype_id", "iottwinmaker.workspace_id"],
    "CreateEntity": ["iottwinmaker.workspace_id", "iottwinmaker.entity_name"],
    "CreateMetadataTransferJob": ["iottwinmaker.sources", "iottwinmaker.destination"],
    "CreateScene": ["iottwinmaker.workspace_id", "iottwinmaker.content_location", "iottwinmaker.scene_id"],
    "CreateSyncJob": ["iottwinmaker.sync_source", "iottwinmaker.sync_role", "iottwinmaker.workspace_id"],
    "CreateWorkspace": ["iottwinmaker.workspace_id"],
    "DeleteComponentType": ["iottwinmaker.componenttype_id", "iottwinmaker.workspace_id"],
    "DeleteEntity": ["iottwinmaker.workspace_id", "iottwinmaker.entity_id"],
    "DeleteScene": ["iottwinmaker.workspace_id", "iottwinmaker.scene_id"],
    "DeleteSyncJob": ["iottwinmaker.sync_source", "iottwinmaker.workspace_id"],
    "DeleteWorkspace": ["iottwinmaker.workspace_id"],
    "ExecuteQuery": ["iottwinmaker.query_statement", "iottwinmaker.workspace_id"],
    "GetComponentType": ["iottwinmaker.componenttype_id", "iottwinmaker.workspace_id"],
    "GetEntity": ["iottwinmaker.workspace_id", "iottwinmaker.entity_id"],
    "GetMetadataTransferJob": ["iottwinmaker.job_id"],
    "GetPropertyValue": ["iottwinmaker.workspace_id", "iottwinmaker.selected_properties"],
    "GetPropertyValueHistory": ["iottwinmaker.workspace_id", "iottwinmaker.selected_properties"],
    "GetScene": ["iottwinmaker.workspace_id", "iottwinmaker.scene_id"],
    "GetSyncJob": ["iottwinmaker.sync_source"],
    "GetWorkspace": ["iottwinmaker.workspace_id"],
    "ListComponentTypes": ["iottwinmaker.workspace_id"],
    "ListComponents": ["iottwinmaker.workspace_id", "iottwinmaker.entity_id"],
    "ListEntities": ["iottwinmaker.workspace_id"],
    "ListMetadataTransferJobs": ["iottwinmaker.destination_type", "iottwinmaker.source_type"],
    "ListProperties": ["iottwinmaker.workspace_id", "iottwinmaker.entity_id"],
    "ListScenes": ["iottwinmaker.workspace_id"],
    "ListSyncJobs": ["iottwinmaker.workspace_id"],
    "ListSyncResources": ["iottwinmaker.sync_source", "iottwinmaker.workspace_id"],
    "ListTagsForResource": ["iottwinmaker.resource_arn"],
    "TagResource": ["iottwinmaker.tags", "iottwinmaker.resource_arn"],
    "UntagResource": ["iottwinmaker.resource_arn", "iottwinmaker.tag_keys"],
    "UpdateComponentType": ["iottwinmaker.componenttype_id", "iottwinmaker.workspace_id"],
    "UpdateEntity": ["iottwinmaker.workspace_id", "iottwinmaker.entity_id"],
    "UpdatePricingPlan": ["iottwinmaker.pricing_mode"],
    "UpdateScene": ["iottwinmaker.workspace_id", "iottwinmaker.scene_id"],
    "UpdateWorkspace": ["iottwinmaker.workspace_id"]
  },
  "op_produces": {
    "GetPricingPlan": ["iottwinmaker.current_pricing_plan_effective_date_time", "iottwinmaker.pending_pricing_plan", "iottwinmaker.current_pricing_plan_bundle_information", "iottwinmaker.current_pricing_plan_pricing_mode", "iottwinmaker.current_pricing_plan_update_date_time", "iottwinmaker.current_pricing_plan_billable_entity_count", "iottwinmaker.current_pricing_plan", "iottwinmaker.current_pricing_plan_update_reason"],
    "ListWorkspaces": ["iottwinmaker.workspace_arn", "iottwinmaker.workspace_description", "iottwinmaker.workspace_creation_date_time", "iottwinmaker.workspace_id", "iottwinmaker.workspace_summaries", "iottwinmaker.next_token", "iottwinmaker.workspace_linked_services", "iottwinmaker.workspace_update_date_time"],
    "BatchPutPropertyValues": ["iottwinmaker.error_entries", "iottwinmaker.error_entry_errors"],
    "CancelMetadataTransferJob": ["iottwinmaker.job_id", "iottwinmaker.statu_error", "iottwinmaker.update_date_time", "iottwinmaker.metadata_transfer_job_arn", "iottwinmaker.progress", "iottwinmaker.metadata_transfer_job_status", "iottwinmaker.statu_queued_position", "iottwinmaker.statu_state"],
    "CreateComponentType": ["iottwinmaker.creation_date_time", "iottwinmaker.state", "iottwinmaker.component_type_arn"],
    "CreateEntity": ["iottwinmaker.entity_arn", "iottwinmaker.entity_id", "iottwinmaker.state", "iottwinmaker.creation_date_time"],
    "CreateMetadataTransferJob": ["iottwinmaker.job_id", "iottwinmaker.statu_error", "iottwinmaker.creation_date_time", "iottwinmaker.metadata_transfer_job_arn", "iottwinmaker.metadata_transfer_job_status", "iottwinmaker.statu_queued_position", "iottwinmaker.statu_state"],
    "CreateScene": ["iottwinmaker.scene_arn", "iottwinmaker.creation_date_time"],
    "CreateSyncJob": ["iottwinmaker.sync_job_arn", "iottwinmaker.creation_date_time", "iottwinmaker.state"],
    "CreateWorkspace": ["iottwinmaker.workspace_arn", "iottwinmaker.creation_date_time"],
    "DeleteComponentType": ["iottwinmaker.state"],
    "DeleteEntity": ["iottwinmaker.state"],
    "DeleteScene": [],
    "DeleteSyncJob": ["iottwinmaker.state"],
    "DeleteWorkspace": ["iottwinmaker.message"],
    "ExecuteQuery": ["iottwinmaker.column_descriptions", "iottwinmaker.next_token", "iottwinmaker.column_description_name", "iottwinmaker.rows", "iottwinmaker.column_description_type"],
    "GetComponentType": ["iottwinmaker.property_groups", "iottwinmaker.sync_source", "iottwinmaker.component_type_status", "iottwinmaker.property_definitions", "iottwinmaker.workspace_id", "iottwinmaker.creation_date_time", "iottwinmaker.is_singleton", "iottwinmaker.update_date_time", "iottwinmaker.description", "iottwinmaker.is_abstract", "iottwinmaker.functions", "iottwinmaker.composite_component_types", "iottwinmaker.component_type_name", "iottwinmaker.is_schema_initialized", "iottwinmaker.extends_from", "iottwinmaker.component_type_id", "iottwinmaker.component_type_arn"],
    "GetEntity": ["iottwinmaker.sync_source", "iottwinmaker.workspace_id", "iottwinmaker.creation_date_time", "iottwinmaker.statu_error", "iottwinmaker.update_date_time", "iottwinmaker.statu_state", "iottwinmaker.entity_name", "iottwinmaker.description", "iottwinmaker.components", "iottwinmaker.are_all_components_returned", "iottwinmaker.entity_arn", "iottwinmaker.entity_id", "iottwinmaker.entity_status", "iottwinmaker.has_child_entities"],
    "GetMetadataTransferJob": ["iottwinmaker.job_id", "iottwinmaker.report_url", "iottwinmaker.creation_date_time", "iottwinmaker.metadata_transfer_job_arn", "iottwinmaker.update_date_time", "iottwinmaker.sourc_s3_configuration", "iottwinmaker.description", "iottwinmaker.sourc_iot_twin_maker_configuration", "iottwinmaker.sources", "iottwinmaker.sourc_type", "iottwinmaker.progress", "iottwinmaker.metadata_transfer_job_status", "iottwinmaker.metadata_transfer_job_role", "iottwinmaker.sourc_iot_site_wise_configuration", "iottwinmaker.destination"],
    "GetPropertyValue": ["iottwinmaker.tabular_property_values", "iottwinmaker.property_values", "iottwinmaker.next_token"],
    "GetPropertyValueHistory": ["iottwinmaker.property_valu_values", "iottwinmaker.property_values", "iottwinmaker.property_valu_entity_property_reference", "iottwinmaker.next_token"],
    "GetScene": ["iottwinmaker.scene_metadata", "iottwinmaker.workspace_id", "iottwinmaker.creation_date_time", "iottwinmaker.content_location", "iottwinmaker.update_date_time", "iottwinmaker.capabilities", "iottwinmaker.scene_id", "iottwinmaker.description", "iottwinmaker.generated_scene_metadata", "iottwinmaker.error", "iottwinmaker.scene_arn"],
    "GetSyncJob": ["iottwinmaker.sync_source", "iottwinmaker.workspace_id", "iottwinmaker.creation_date_time", "iottwinmaker.statu_error", "iottwinmaker.update_date_time", "iottwinmaker.sync_job_arn", "iottwinmaker.sync_role", "iottwinmaker.sync_job_status", "iottwinmaker.statu_state"],
    "GetWorkspace": ["iottwinmaker.workspace_arn", "iottwinmaker.role", "iottwinmaker.workspace_id", "iottwinmaker.creation_date_time", "iottwinmaker.update_date_time", "iottwinmaker.linked_services", "iottwinmaker.s3_location", "iottwinmaker.description"],
    "ListComponentTypes": ["iottwinmaker.component_type_status", "iottwinmaker.component_type_description", "iottwinmaker.workspace_id", "iottwinmaker.next_token", "iottwinmaker.component_type_update_date_time", "iottwinmaker.component_type_creation_date_time", "iottwinmaker.component_type_summaries", "iottwinmaker.component_type_name", "iottwinmaker.max_results", "iottwinmaker.component_type_id", "iottwinmaker.component_type_arn"],
    "ListComponents": ["iottwinmaker.component_property_groups", "iottwinmaker.component_summaries", "iottwinmaker.component_name", "iottwinmaker.component_path", "iottwinmaker.next_token", "iottwinmaker.component_sync_source", "iottwinmaker.component_description", "iottwinmaker.component_status", "iottwinmaker.component_type_id", "iottwinmaker.component_defined_in"],
    "ListEntities": ["iottwinmaker.entity_has_child_entities", "iottwinmaker.entity_creation_date_time", "iottwinmaker.next_token", "iottwinmaker.entity_name", "iottwinmaker.entity_arn", "iottwinmaker.entity_id", "iottwinmaker.entity_summaries", "iottwinmaker.entity_description", "iottwinmaker.entity_status", "iottwinmaker.entity_update_date_time"],
    "ListMetadataTransferJobs": ["iottwinmaker.job_id", "iottwinmaker.metadata_transfer_job_arn", "iottwinmaker.next_token", "iottwinmaker.metadata_transfer_job_creation_date_time", "iottwinmaker.metadata_transfer_job_progress", "iottwinmaker.metadata_transfer_job_summaries", "iottwinmaker.metadata_transfer_job_status", "iottwinmaker.metadata_transfer_job_update_date_time"],
    "ListProperties": ["iottwinmaker.property_definition", "iottwinmaker.next_token", "iottwinmaker.property_name", "iottwinmaker.property_value", "iottwinmaker.property_are_all_property_values_returned", "iottwinmaker.property_summaries"],
    "ListScenes": ["iottwinmaker.scene_description", "iottwinmaker.scene_creation_date_time", "iottwinmaker.scene_update_date_time", "iottwinmaker.next_token", "iottwinmaker.scene_id", "iottwinmaker.scene_content_location", "iottwinmaker.scene_arn", "iottwinmaker.scene_summaries"],
    "ListSyncJobs": ["iottwinmaker.sync_job_sync_source", "iottwinmaker.sync_job_summaries", "iottwinmaker.workspace_id", "iottwinmaker.sync_job_update_date_time", "iottwinmaker.next_token", "iottwinmaker.sync_job_arn", "iottwinmaker.sync_job_creation_date_time", "iottwinmaker.sync_job_status"],
    "ListSyncResources": ["iottwinmaker.sync_resources", "iottwinmaker.sync_resourc_status", "iottwinmaker.next_token", "iottwinmaker.sync_resourc_external_id", "iottwinmaker.sync_resourc_update_date_time", "iottwinmaker.sync_resourc_resource_id", "iottwinmaker.sync_resourc_resource_type"],
    "ListTagsForResource": ["iottwinmaker.tags", "iottwinmaker.next_token"],
    "TagResource": [],
    "UntagResource": [],
    "UpdateComponentType": ["iottwinmaker.component_type_id", "iottwinmaker.workspace_id", "iottwinmaker.state", "iottwinmaker.component_type_arn"],
    "UpdateEntity": ["iottwinmaker.state", "iottwinmaker.update_date_time"],
    "UpdatePricingPlan": ["iottwinmaker.current_pricing_plan_effective_date_time", "iottwinmaker.pending_pricing_plan", "iottwinmaker.current_pricing_plan_bundle_information", "iottwinmaker.current_pricing_plan_pricing_mode", "iottwinmaker.current_pricing_plan_update_date_time", "iottwinmaker.current_pricing_plan_billable_entity_count", "iottwinmaker.current_pricing_plan", "iottwinmaker.current_pricing_plan_update_reason"],
    "UpdateScene": ["iottwinmaker.update_date_time"],
    "UpdateWorkspace": ["iottwinmaker.update_date_time"]
  },
  "entity_producers": {
    "iottwinmaker.current_pricing_plan": ["UpdatePricingPlan", "GetPricingPlan"],
    "iottwinmaker.pending_pricing_plan": ["UpdatePricingPlan", "GetPricingPlan"],
    "iottwinmaker.current_pricing_plan_billable_entity_count": ["UpdatePricingPlan", "GetPricingPlan"],
    "iottwinmaker.current_pricing_plan_bundle_information": ["UpdatePricingPlan", "GetPricingPlan"],
    "iottwinmaker.current_pricing_plan_effective_date_time": ["UpdatePricingPlan", "GetPricingPlan"],
    "iottwinmaker.current_pricing_plan_pricing_mode": ["UpdatePricingPlan", "GetPricingPlan"],
    "iottwinmaker.current_pricing_plan_update_date_time": ["UpdatePricingPlan", "GetPricingPlan"],
    "iottwinmaker.current_pricing_plan_update_reason": ["UpdatePricingPlan", "GetPricingPlan"],
    "iottwinmaker.workspace_summaries": ["ListWorkspaces"],
    "iottwinmaker.next_token": ["GetPropertyValue", "ListComponents", "ListProperties", "ListTagsForResource", "GetPropertyValueHistory", "ListSyncResources", "ListComponentTypes", "ExecuteQuery", "ListEntities", "ListSyncJobs", "ListScenes", "ListWorkspaces", "ListMetadataTransferJobs"],
    "iottwinmaker.workspace_id": ["GetComponentType", "GetScene", "ListComponentTypes", "UpdateComponentType", "GetWorkspace", "ListSyncJobs", "ListWorkspaces", "GetEntity", "GetSyncJob"],
    "iottwinmaker.workspace_arn": ["ListWorkspaces", "CreateWorkspace", "GetWorkspace"],
    "iottwinmaker.workspace_description": ["ListWorkspaces"],
    "iottwinmaker.workspace_linked_services": ["ListWorkspaces"],
    "iottwinmaker.workspace_creation_date_time": ["ListWorkspaces"],
    "iottwinmaker.workspace_update_date_time": ["ListWorkspaces"],
    "iottwinmaker.error_entries": ["BatchPutPropertyValues"],
    "iottwinmaker.error_entry_errors": ["BatchPutPropertyValues"],
    "iottwinmaker.job_id": ["CancelMetadataTransferJob", "GetMetadataTransferJob", "CreateMetadataTransferJob", "ListMetadataTransferJobs"],
    "iottwinmaker.metadata_transfer_job_arn": ["CancelMetadataTransferJob", "GetMetadataTransferJob", "CreateMetadataTransferJob", "ListMetadataTransferJobs"],
    "iottwinmaker.update_date_time": ["UpdateWorkspace", "GetMetadataTransferJob", "GetComponentType", "CancelMetadataTransferJob", "GetScene", "UpdateScene", "UpdateEntity", "GetWorkspace", "GetEntity", "GetSyncJob"],
    "iottwinmaker.metadata_transfer_job_status": ["CancelMetadataTransferJob", "GetMetadataTransferJob", "CreateMetadataTransferJob", "ListMetadataTransferJobs"],
    "iottwinmaker.progress": ["CancelMetadataTransferJob", "GetMetadataTransferJob"],
    "iottwinmaker.statu_state": ["CancelMetadataTransferJob", "CreateMetadataTransferJob", "GetEntity", "GetSyncJob"],
    "iottwinmaker.statu_error": ["CancelMetadataTransferJob", "CreateMetadataTransferJob", "GetEntity", "GetSyncJob"],
    "iottwinmaker.statu_queued_position": ["CancelMetadataTransferJob", "CreateMetadataTransferJob"],
    "iottwinmaker.component_type_arn": ["CreateComponentType", "GetComponentType", "ListComponentTypes", "UpdateComponentType"],
    "iottwinmaker.creation_date_time": ["CreateSyncJob", "GetMetadataTransferJob", "GetComponentType", "CreateScene", "CreateWorkspace", "GetScene", "CreateComponentType", "CreateEntity", "GetWorkspace", "CreateMetadataTransferJob", "GetEntity", "GetSyncJob"],
    "iottwinmaker.state": ["CreateSyncJob", "DeleteSyncJob", "UpdateComponentType", "CreateComponentType", "CreateEntity", "UpdateEntity", "DeleteEntity", "DeleteComponentType"],
    "iottwinmaker.entity_id": ["ListEntities", "CreateEntity", "GetEntity"],
    "iottwinmaker.entity_arn": ["ListEntities", "CreateEntity", "GetEntity"],
    "iottwinmaker.scene_arn": ["GetScene", "ListScenes", "CreateScene"],
    "iottwinmaker.sync_job_arn": ["CreateSyncJob", "ListSyncJobs", "GetSyncJob"],
    "iottwinmaker.message": ["DeleteWorkspace"],
    "iottwinmaker.column_descriptions": ["ExecuteQuery"],
    "iottwinmaker.rows": ["ExecuteQuery"],
    "iottwinmaker.column_description_name": ["ExecuteQuery"],
    "iottwinmaker.column_description_type": ["ExecuteQuery"],
    "iottwinmaker.is_singleton": ["GetComponentType"],
    "iottwinmaker.component_type_id": ["ListComponents", "GetComponentType", "ListComponentTypes", "UpdateComponentType"],
    "iottwinmaker.description": ["GetMetadataTransferJob", "GetComponentType", "GetScene", "GetWorkspace", "GetEntity"],
    "iottwinmaker.property_definitions": ["GetComponentType"],
    "iottwinmaker.extends_from": ["GetComponentType"],
    "iottwinmaker.functions": ["GetComponentType"],
    "iottwinmaker.is_abstract": ["GetComponentType"],
    "iottwinmaker.is_schema_initialized": ["GetComponentType"],
    "iottwinmaker.component_type_status": ["GetComponentType", "ListComponentTypes"],
    "iottwinmaker.property_groups": ["GetComponentType"],
    "iottwinmaker.sync_source": ["GetComponentType", "GetEntity", "GetSyncJob"],
    "iottwinmaker.component_type_name": ["GetComponentType", "ListComponentTypes"],
    "iottwinmaker.composite_component_types": ["GetComponentType"],
    "iottwinmaker.entity_name": ["ListEntities", "GetEntity"],
    "iottwinmaker.entity_status": ["ListEntities", "GetEntity"],
    "iottwinmaker.components": ["GetEntity"],
    "iottwinmaker.has_child_entities": ["GetEntity"],
    "iottwinmaker.are_all_components_returned": ["GetEntity"],
    "iottwinmaker.sources": ["GetMetadataTransferJob"],
    "iottwinmaker.destination": ["GetMetadataTransferJob"],
    "iottwinmaker.metadata_transfer_job_role": ["GetMetadataTransferJob"],
    "iottwinmaker.report_url": ["GetMetadataTransferJob"],
    "iottwinmaker.sourc_type": ["GetMetadataTransferJob"],
    "iottwinmaker.sourc_s3_configuration": ["GetMetadataTransferJob"],
    "iottwinmaker.sourc_iot_site_wise_configuration": ["GetMetadataTransferJob"],
    "iottwinmaker.sourc_iot_twin_maker_configuration": ["GetMetadataTransferJob"],
    "iottwinmaker.property_values": ["GetPropertyValueHistory", "GetPropertyValue"],
    "iottwinmaker.tabular_property_values": ["GetPropertyValue"],
    "iottwinmaker.property_valu_entity_property_reference": ["GetPropertyValueHistory"],
    "iottwinmaker.property_valu_values": ["GetPropertyValueHistory"],
    "iottwinmaker.scene_id": ["GetScene", "ListScenes"],
    "iottwinmaker.content_location": ["GetScene"],
    "iottwinmaker.capabilities": ["GetScene"],
    "iottwinmaker.scene_metadata": ["GetScene"],
    "iottwinmaker.generated_scene_metadata": ["GetScene"],
    "iottwinmaker.error": ["GetScene"],
    "iottwinmaker.sync_role": ["GetSyncJob"],
    "iottwinmaker.sync_job_status": ["ListSyncJobs", "GetSyncJob"],
    "iottwinmaker.linked_services": ["GetWorkspace"],
    "iottwinmaker.s3_location": ["GetWorkspace"],
    "iottwinmaker.role": ["GetWorkspace"],
    "iottwinmaker.component_type_summaries": ["ListComponentTypes"],
    "iottwinmaker.max_results": ["ListComponentTypes"],
    "iottwinmaker.component_type_creation_date_time": ["ListComponentTypes"],
    "iottwinmaker.component_type_update_date_time": ["ListComponentTypes"],
    "iottwinmaker.component_type_description": ["ListComponentTypes"],
    "iottwinmaker.component_summaries": ["ListComponents"],
    "iottwinmaker.component_name": ["ListComponents"],
    "iottwinmaker.component_defined_in": ["ListComponents"],
    "iottwinmaker.component_description": ["ListComponents"],
    "iottwinmaker.component_property_groups": ["ListComponents"],
    "iottwinmaker.component_status": ["ListComponents"],
    "iottwinmaker.component_sync_source": ["ListComponents"],
    "iottwinmaker.component_path": ["ListComponents"],
    "iottwinmaker.entity_summaries": ["ListEntities"],
    "iottwinmaker.entity_description": ["ListEntities"],
    "iottwinmaker.entity_has_child_entities": ["ListEntities"],
    "iottwinmaker.entity_creation_date_time": ["ListEntities"],
    "iottwinmaker.entity_update_date_time": ["ListEntities"],
    "iottwinmaker.metadata_transfer_job_summaries": ["ListMetadataTransferJobs"],
    "iottwinmaker.metadata_transfer_job_creation_date_time": ["ListMetadataTransferJobs"],
    "iottwinmaker.metadata_transfer_job_update_date_time": ["ListMetadataTransferJobs"],
    "iottwinmaker.metadata_transfer_job_progress": ["ListMetadataTransferJobs"],
    "iottwinmaker.property_summaries": ["ListProperties"],
    "iottwinmaker.property_definition": ["ListProperties"],
    "iottwinmaker.property_name": ["ListProperties"],
    "iottwinmaker.property_value": ["ListProperties"],
    "iottwinmaker.property_are_all_property_values_returned": ["ListProperties"],
    "iottwinmaker.scene_summaries": ["ListScenes"],
    "iottwinmaker.scene_content_location": ["ListScenes"],
    "iottwinmaker.scene_creation_date_time": ["ListScenes"],
    "iottwinmaker.scene_update_date_time": ["ListScenes"],
    "iottwinmaker.scene_description": ["ListScenes"],
    "iottwinmaker.sync_job_summaries": ["ListSyncJobs"],
    "iottwinmaker.sync_job_sync_source": ["ListSyncJobs"],
    "iottwinmaker.sync_job_creation_date_time": ["ListSyncJobs"],
    "iottwinmaker.sync_job_update_date_time": ["ListSyncJobs"],
    "iottwinmaker.sync_resources": ["ListSyncResources"],
    "iottwinmaker.sync_resourc_resource_type": ["ListSyncResources"],
    "iottwinmaker.sync_resourc_external_id": ["ListSyncResources"],
    "iottwinmaker.sync_resourc_resource_id": ["ListSyncResources"],
    "iottwinmaker.sync_resourc_status": ["ListSyncResources"],
    "iottwinmaker.sync_resourc_update_date_time": ["ListSyncResources"],
    "iottwinmaker.tags": ["ListTagsForResource"]
  },
  "entity_consumers": {
    "iottwinmaker.workspace_id": ["GetPropertyValue", "ListComponents", "DeleteWorkspace", "CreateScene", "ListSyncResources", "ExecuteQuery", "ListEntities", "ListSyncJobs", "DeleteEntity", "UpdateWorkspace", "CreateSyncJob", "UpdateComponentType", "CreateComponentType", "ListScenes", "ListProperties", "DeleteScene", "CreateWorkspace", "GetScene", "UpdateScene", "ListComponentTypes", "CreateEntity", "UpdateEntity", "GetWorkspace", "DeleteComponentType", "GetEntity", "BatchPutPropertyValues", "GetComponentType", "DeleteSyncJob", "GetPropertyValueHistory"],
    "iottwinmaker.entries": ["BatchPutPropertyValues"],
    "iottwinmaker.job_id": ["CancelMetadataTransferJob", "GetMetadataTransferJob"],
    "iottwinmaker.componenttype_id": ["CreateComponentType", "DeleteComponentType", "GetComponentType", "UpdateComponentType"],
    "iottwinmaker.entity_name": ["CreateEntity"],
    "iottwinmaker.sources": ["CreateMetadataTransferJob"],
    "iottwinmaker.destination": ["CreateMetadataTransferJob"],
    "iottwinmaker.scene_id": ["UpdateScene", "GetScene", "DeleteScene", "CreateScene"],
    "iottwinmaker.content_location": ["CreateScene"],
    "iottwinmaker.sync_source": ["CreateSyncJob", "GetSyncJob", "ListSyncResources", "DeleteSyncJob"],
    "iottwinmaker.sync_role": ["CreateSyncJob"],
    "iottwinmaker.entity_id": ["ListProperties", "ListComponents", "UpdateEntity", "DeleteEntity", "GetEntity"],
    "iottwinmaker.query_statement": ["ExecuteQuery"],
    "iottwinmaker.selected_properties": ["GetPropertyValueHistory", "GetPropertyValue"],
    "iottwinmaker.source_type": ["ListMetadataTransferJobs"],
    "iottwinmaker.destination_type": ["ListMetadataTransferJobs"],
    "iottwinmaker.resource_arn": ["UntagResource", "TagResource", "ListTagsForResource"],
    "iottwinmaker.tags": ["TagResource"],
    "iottwinmaker.tag_keys": ["UntagResource"],
    "iottwinmaker.pricing_mode": ["UpdatePricingPlan"]
  },
  "external_entities": ["iottwinmaker.componenttype_id", "iottwinmaker.destination_type", "iottwinmaker.entries", "iottwinmaker.pricing_mode", "iottwinmaker.query_statement", "iottwinmaker.resource_arn", "iottwinmaker.selected_properties", "iottwinmaker.source_type", "iottwinmaker.tag_keys"]
}