{
  "service": "iottwinmaker",
  "seed_from_list": [
    "areAllPropertyValuesReturned",
    "arn",
    "componentName",
    "componentPath",
    "componentTypeId",
    "componentTypeName",
    "contentLocation",
    "creationDateTime",
    "definedIn",
    "definition",
    "description",
    "entityId",
    "entityName",
    "externalId",
    "hasChildEntities",
    "linkedServices",
    "metadataTransferJobId",
    "parentEntityId",
    "progress",
    "propertyGroups",
    "propertyName",
    "resourceId",
    "resourceType",
    "sceneId",
    "status",
    "syncSource",
    "updateDateTime",
    "value",
    "workspaceId"
  ],
  "enriched_from_get_describe": [
    "areAllComponentsReturned",
    "arn",
    "billableEntityCount",
    "bundleInformation",
    "capabilities",
    "componentTypeId",
    "componentTypeName",
    "components",
    "compositeComponentTypes",
    "contentLocation",
    "creationDateTime",
    "currentPricingPlan",
    "description",
    "destination",
    "effectiveDateTime",
    "entityId",
    "entityName",
    "entityPropertyReference",
    "error",
    "extendsFrom",
    "functions",
    "generatedSceneMetadata",
    "hasChildEntities",
    "iotSiteWiseConfiguration",
    "iotTwinMakerConfiguration",
    "isAbstract",
    "isSchemaInitialized",
    "isSingleton",
    "linkedServices",
    "metadataTransferJobId",
    "metadataTransferJobRole",
    "nextToken",
    "parentEntityId",
    "pendingPricingPlan",
    "pricingMode",
    "progress",
    "propertyDefinitions",
    "propertyGroups",
    "propertyValues",
    "reportUrl",
    "role",
    "s3Configuration",
    "s3Location",
    "sceneId",
    "sceneMetadata",
    "sources",
    "state",
    "status",
    "syncRole",
    "syncSource",
    "tabularPropertyValues",
    "type",
    "updateDateTime",
    "updateReason",
    "values",
    "workspaceId"
  ],
  "final_union": [
    "areAllComponentsReturned",
    "areAllPropertyValuesReturned",
    "arn",
    "billableEntityCount",
    "bundleInformation",
    "capabilities",
    "componentName",
    "componentPath",
    "componentTypeId",
    "componentTypeName",
    "components",
    "compositeComponentTypes",
    "contentLocation",
    "creationDateTime",
    "currentPricingPlan",
    "definedIn",
    "definition",
    "description",
    "destination",
    "effectiveDateTime",
    "entityId",
    "entityName",
    "entityPropertyReference",
    "error",
    "extendsFrom",
    "externalId",
    "functions",
    "generatedSceneMetadata",
    "hasChildEntities",
    "iotSiteWiseConfiguration",
    "iotTwinMakerConfiguration",
    "isAbstract",
    "isSchemaInitialized",
    "isSingleton",
    "linkedServices",
    "metadataTransferJobId",
    "metadataTransferJobRole",
    "nextToken",
    "parentEntityId",
    "pendingPricingPlan",
    "pricingMode",
    "progress",
    "propertyDefinitions",
    "propertyGroups",
    "propertyName",
    "propertyValues",
    "reportUrl",
    "resourceId",
    "resourceType",
    "role",
    "s3Configuration",
    "s3Location",
    "sceneId",
    "sceneMetadata",
    "sources",
    "state",
    "status",
    "syncRole",
    "syncSource",
    "tabularPropertyValues",
    "type",
    "updateDateTime",
    "updateReason",
    "value",
    "values",
    "workspaceId"
  ],
  "source": {
    "operation_registry": "services/iottwinmaker/operation_registry.json",
    "read_ops_rule": "operation name startswith List/Get/Describe/Search/Lookup",
    "excluded_keys": [
      "nextToken",
      "maxResults"
    ]
  }
}