{
  "service": "iottwinmaker",
  "version": "1.0",
  "kind_rules": {
    "read_list": ["List"],
    "read_get": ["Get", "Describe"],
    "write_create": ["Create", "Start", "Generate", "Import", "Enable", "Register"],
    "write_update": ["Update", "Modify", "Put", "Set", "Change", "Reset", "Patch"],
    "write_delete": ["Delete", "Remove", "Terminate", "Destroy", "Disable", "Detach", "Disassociate", "Untag", "Revoke"],
    "write_apply": ["Apply", "Attach", "Associate", "Add", "Tag", "Authorize", "Unauthorize", "Grant"],
    "other": ["default"]
  },
  "entity_aliases": {
    "iottwinmaker.sync_job_workspace_id": "iottwinmaker.workspace_id",
    "iottwinmaker.parent_entity_id": "iottwinmaker.entity_id",
    "iottwinmaker.entity_parent_entity_id": "iottwinmaker.entity_id",
    "iottwinmaker.metadata_transfer_job_id": "iottwinmaker.job_id"
  },
  "overrides": {},
  "operations": {
    "GetPricingPlan": {
      "kind": "read_get",
      "side_effect": false,
      "sdk": {"client": "iottwinmaker", "method": "get_pricing_plan"},
      "consumes": [],
      "produces": [{"entity": "iottwinmaker.current_pricing_plan", "source": "output", "path": "currentPricingPlan"}, {"entity": "iottwinmaker.pending_pricing_plan", "source": "output", "path": "pendingPricingPlan"}, {"entity": "iottwinmaker.current_pricing_plan_billable_entity_count", "source": "item", "path": "currentPricingPlan.billableEntityCount"}, {"entity": "iottwinmaker.current_pricing_plan_bundle_information", "source": "item", "path": "currentPricingPlan.bundleInformation"}, {"entity": "iottwinmaker.current_pricing_plan_effective_date_time", "source": "item", "path": "currentPricingPlan.effectiveDateTime"}, {"entity": "iottwinmaker.current_pricing_plan_pricing_mode", "source": "item", "path": "currentPricingPlan.pricingMode"}, {"entity": "iottwinmaker.current_pricing_plan_update_date_time", "source": "item", "path": "currentPricingPlan.updateDateTime"}, {"entity": "iottwinmaker.current_pricing_plan_update_reason", "source": "item", "path": "currentPricingPlan.updateReason"}],
      "notes": ""
    },
    "ListWorkspaces": {
      "kind": "read_list",
      "side_effect": false,
      "sdk": {"client": "iottwinmaker", "method": "list_workspaces"},
      "consumes": [],
      "produces": [{"entity": "iottwinmaker.workspace_summaries", "source": "output", "path": "workspaceSummaries"}, {"entity": "iottwinmaker.next_token", "source": "output", "path": "nextToken"}, {"entity": "iottwinmaker.workspace_id", "source": "item", "path": "workspaceSummaries[].workspaceId"}, {"entity": "iottwinmaker.workspace_arn", "source": "item", "path": "workspaceSummaries[].arn"}, {"entity": "iottwinmaker.workspace_description", "source": "item", "path": "workspaceSummaries[].description"}, {"entity": "iottwinmaker.workspace_linked_services", "source": "item", "path": "workspaceSummaries[].linkedServices"}, {"entity": "iottwinmaker.workspace_creation_date_time", "source": "item", "path": "workspaceSummaries[].creationDateTime"}, {"entity": "iottwinmaker.workspace_update_date_time", "source": "item", "path": "workspaceSummaries[].updateDateTime"}],
      "notes": ""
    },
    "BatchPutPropertyValues": {
      "kind": "other",
      "side_effect": true,
      "sdk": {"client": "iottwinmaker", "method": "batch_put_property_values"},
      "consumes": [{"entity": "iottwinmaker.workspace_id", "param": "workspaceId", "required": true, "source": "internal"}, {"entity": "iottwinmaker.entries", "param": "entries", "required": true, "source": "external"}],
      "produces": [{"entity": "iottwinmaker.error_entries", "source": "output", "path": "errorEntries"}, {"entity": "iottwinmaker.error_entry_errors", "source": "item", "path": "errorEntries.errors"}],
      "notes": ""
    },
    "CancelMetadataTransferJob": {
      "kind": "other",
      "side_effect": true,
      "sdk": {"client": "iottwinmaker", "method": "cancel_metadata_transfer_job"},
      "consumes": [{"entity": "iottwinmaker.job_id", "param": "metadataTransferJobId", "required": true, "source": "internal"}],
      "produces": [{"entity": "iottwinmaker.job_id", "source": "output", "path": "metadataTransferJobId"}, {"entity": "iottwinmaker.metadata_transfer_job_arn", "source": "output", "path": "arn"}, {"entity": "iottwinmaker.update_date_time", "source": "output", "path": "updateDateTime"}, {"entity": "iottwinmaker.metadata_transfer_job_status", "source": "output", "path": "status"}, {"entity": "iottwinmaker.progress", "source": "output", "path": "progress"}, {"entity": "iottwinmaker.statu_state", "source": "item", "path": "status.state"}, {"entity": "iottwinmaker.statu_error", "source": "item", "path": "status.error"}, {"entity": "iottwinmaker.statu_queued_position", "source": "item", "path": "status.queuedPosition"}],
      "notes": ""
    },
    "CreateComponentType": {
      "kind": "write_create",
      "side_effect": true,
      "sdk": {"client": "iottwinmaker", "method": "create_component_type"},
      "consumes": [{"entity": "iottwinmaker.workspace_id", "param": "workspaceId", "required": true, "source": "internal"}, {"entity": "iottwinmaker.componenttype_id", "param": "componentTypeId", "required": true, "source": "external"}],
      "produces": [{"entity": "iottwinmaker.component_type_arn", "source": "output", "path": "arn"}, {"entity": "iottwinmaker.creation_date_time", "source": "output", "path": "creationDateTime"}, {"entity": "iottwinmaker.state", "source": "output", "path": "state"}],
      "notes": ""
    },
    "CreateEntity": {
      "kind": "write_create",
      "side_effect": true,
      "sdk": {"client": "iottwinmaker", "method": "create_entity"},
      "consumes": [{"entity": "iottwinmaker.workspace_id", "param": "workspaceId", "required": true, "source": "internal"}, {"entity": "iottwinmaker.entity_name", "param": "entityName", "required": true, "source": "internal"}],
      "produces": [{"entity": "iottwinmaker.entity_id", "source": "output", "path": "entityId"}, {"entity": "iottwinmaker.entity_arn", "source": "output", "path": "arn"}, {"entity": "iottwinmaker.creation_date_time", "source": "output", "path": "creationDateTime"}, {"entity": "iottwinmaker.state", "source": "output", "path": "state"}],
      "notes": ""
    },
    "CreateMetadataTransferJob": {
      "kind": "write_create",
      "side_effect": true,
      "sdk": {"client": "iottwinmaker", "method": "create_metadata_transfer_job"},
      "consumes": [{"entity": "iottwinmaker.sources", "param": "sources", "required": true, "source": "internal"}, {"entity": "iottwinmaker.destination", "param": "destination", "required": true, "source": "internal"}],
      "produces": [{"entity": "iottwinmaker.job_id", "source": "output", "path": "metadataTransferJobId"}, {"entity": "iottwinmaker.metadata_transfer_job_arn", "source": "output", "path": "arn"}, {"entity": "iottwinmaker.creation_date_time", "source": "output", "path": "creationDateTime"}, {"entity": "iottwinmaker.metadata_transfer_job_status", "source": "output", "path": "status"}, {"entity": "iottwinmaker.statu_state", "source": "item", "path": "status.state"}, {"entity": "iottwinmaker.statu_error", "source": "item", "path": "status.error"}, {"entity": "iottwinmaker.statu_queued_position", "source": "item", "path": "status.queuedPosition"}],
      "notes": ""
    },
    "CreateScene": {
      "kind": "write_create",
      "side_effect": true,
      "sdk": {"client": "iottwinmaker", "method": "create_scene"},
      "consumes": [{"entity": "iottwinmaker.workspace_id", "param": "workspaceId", "required": true, "source": "internal"}, {"entity": "iottwinmaker.scene_id", "param": "sceneId", "required": true, "source": "internal"}, {"entity": "iottwinmaker.content_location", "param": "contentLocation", "required": true, "source": "internal"}],
      "produces": [{"entity": "iottwinmaker.scene_arn", "source": "output", "path": "arn"}, {"entity": "iottwinmaker.creation_date_time", "source": "output", "path": "creationDateTime"}],
      "notes": ""
    },
    "CreateSyncJob": {
      "kind": "write_create",
      "side_effect": true,
      "sdk": {"client": "iottwinmaker", "method": "create_sync_job"},
      "consumes": [{"entity": "iottwinmaker.workspace_id", "param": "workspaceId", "required": true, "source": "internal"}, {"entity": "iottwinmaker.sync_source", "param": "syncSource", "required": true, "source": "internal"}, {"entity": "iottwinmaker.sync_role", "param": "syncRole", "required": true, "source": "internal"}],
      "produces": [{"entity": "iottwinmaker.sync_job_arn", "source": "output", "path": "arn"}, {"entity": "iottwinmaker.creation_date_time", "source": "output", "path": "creationDateTime"}, {"entity": "iottwinmaker.state", "source": "output", "path": "state"}],
      "notes": ""
    },
    "CreateWorkspace": {
      "kind": "write_create",
      "side_effect": true,
      "sdk": {"client": "iottwinmaker", "method": "create_workspace"},
      "consumes": [{"entity": "iottwinmaker.workspace_id", "param": "workspaceId", "required": true, "source": "internal"}],
      "produces": [{"entity": "iottwinmaker.workspace_arn", "source": "output", "path": "arn"}, {"entity": "iottwinmaker.creation_date_time", "source": "output", "path": "creationDateTime"}],
      "notes": ""
    },
    "DeleteComponentType": {
      "kind": "write_delete",
      "side_effect": true,
      "sdk": {"client": "iottwinmaker", "method": "delete_component_type"},
      "consumes": [{"entity": "iottwinmaker.workspace_id", "param": "workspaceId", "required": true, "source": "internal"}, {"entity": "iottwinmaker.componenttype_id", "param": "componentTypeId", "required": true, "source": "external"}],
      "produces": [{"entity": "iottwinmaker.state", "source": "output", "path": "state"}],
      "notes": ""
    },
    "DeleteEntity": {
      "kind": "write_delete",
      "side_effect": true,
      "sdk": {"client": "iottwinmaker", "method": "delete_entity"},
      "consumes": [{"entity": "iottwinmaker.workspace_id", "param": "workspaceId", "required": true, "source": "internal"}, {"entity": "iottwinmaker.entity_id", "param": "entityId", "required": true, "source": "internal"}],
      "produces": [{"entity": "iottwinmaker.state", "source": "output", "path": "state"}],
      "notes": ""
    },
    "DeleteScene": {
      "kind": "write_delete",
      "side_effect": true,
      "sdk": {"client": "iottwinmaker", "method": "delete_scene"},
      "consumes": [{"entity": "iottwinmaker.workspace_id", "param": "workspaceId", "required": true, "source": "internal"}, {"entity": "iottwinmaker.scene_id", "param": "sceneId", "required": true, "source": "internal"}],
      "produces": [],
      "notes": ""
    },
    "DeleteSyncJob": {
      "kind": "write_delete",
      "side_effect": true,
      "sdk": {"client": "iottwinmaker", "method": "delete_sync_job"},
      "consumes": [{"entity": "iottwinmaker.workspace_id", "param": "workspaceId", "required": true, "source": "internal"}, {"entity": "iottwinmaker.sync_source", "param": "syncSource", "required": true, "source": "internal"}],
      "produces": [{"entity": "iottwinmaker.state", "source": "output", "path": "state"}],
      "notes": ""
    },
    "DeleteWorkspace": {
      "kind": "write_delete",
      "side_effect": true,
      "sdk": {"client": "iottwinmaker", "method": "delete_workspace"},
      "consumes": [{"entity": "iottwinmaker.workspace_id", "param": "workspaceId", "required": true, "source": "internal"}],
      "produces": [{"entity": "iottwinmaker.message", "source": "output", "path": "message"}],
      "notes": ""
    },
    "ExecuteQuery": {
      "kind": "other",
      "side_effect": true,
      "sdk": {"client": "iottwinmaker", "method": "execute_query"},
      "consumes": [{"entity": "iottwinmaker.workspace_id", "param": "workspaceId", "required": true, "source": "internal"}, {"entity": "iottwinmaker.query_statement", "param": "queryStatement", "required": true, "source": "external"}],
      "produces": [{"entity": "iottwinmaker.column_descriptions", "source": "output", "path": "columnDescriptions"}, {"entity": "iottwinmaker.rows", "source": "output", "path": "rows"}, {"entity": "iottwinmaker.next_token", "source": "output", "path": "nextToken"}, {"entity": "iottwinmaker.column_description_name", "source": "item", "path": "columnDescriptions.name"}, {"entity": "iottwinmaker.column_description_type", "source": "item", "path": "columnDescriptions.type"}],
      "notes": ""
    },
    "GetComponentType": {
      "kind": "read_get",
      "side_effect": false,
      "sdk": {"client": "iottwinmaker", "method": "get_component_type"},
      "consumes": [{"entity": "iottwinmaker.workspace_id", "param": "workspaceId", "required": true, "source": "internal"}, {"entity": "iottwinmaker.componenttype_id", "param": "componentTypeId", "required": true, "source": "external"}],
      "produces": [{"entity": "iottwinmaker.workspace_id", "source": "output", "path": "workspaceId"}, {"entity": "iottwinmaker.is_singleton", "source": "output", "path": "isSingleton"}, {"entity": "iottwinmaker.component_type_id", "source": "output", "path": "componentTypeId"}, {"entity": "iottwinmaker.description", "source": "output", "path": "description"}, {"entity": "iottwinmaker.property_definitions", "source": "output", "path": "propertyDefinitions"}, {"entity": "iottwinmaker.extends_from", "source": "output", "path": "extendsFrom"}, {"entity": "iottwinmaker.functions", "source": "output", "path": "functions"}, {"entity": "iottwinmaker.creation_date_time", "source": "output", "path": "creationDateTime"}, {"entity": "iottwinmaker.update_date_time", "source": "output", "path": "updateDateTime"}, {"entity": "iottwinmaker.component_type_arn", "source": "output", "path": "arn"}, {"entity": "iottwinmaker.is_abstract", "source": "output", "path": "isAbstract"}, {"entity": "iottwinmaker.is_schema_initialized", "source": "output", "path": "isSchemaInitialized"}, {"entity": "iottwinmaker.component_type_status", "source": "output", "path": "status"}, {"entity": "iottwinmaker.property_groups", "source": "output", "path": "propertyGroups"}, {"entity": "iottwinmaker.sync_source", "source": "output", "path": "syncSource"}, {"entity": "iottwinmaker.component_type_name", "source": "output", "path": "componentTypeName"}, {"entity": "iottwinmaker.composite_component_types", "source": "output", "path": "compositeComponentTypes"}],
      "notes": ""
    },
    "GetEntity": {
      "kind": "read_get",
      "side_effect": false,
      "sdk": {"client": "iottwinmaker", "method": "get_entity"},
      "consumes": [{"entity": "iottwinmaker.workspace_id", "param": "workspaceId", "required": true, "source": "internal"}, {"entity": "iottwinmaker.entity_id", "param": "entityId", "required": true, "source": "internal"}],
      "produces": [{"entity": "iottwinmaker.entity_id", "source": "output", "path": "entityId"}, {"entity": "iottwinmaker.entity_name", "source": "output", "path": "entityName"}, {"entity": "iottwinmaker.entity_arn", "source": "output", "path": "arn"}, {"entity": "iottwinmaker.entity_status", "source": "output", "path": "status"}, {"entity": "iottwinmaker.workspace_id", "source": "output", "path": "workspaceId"}, {"entity": "iottwinmaker.description", "source": "output", "path": "description"}, {"entity": "iottwinmaker.components", "source": "output", "path": "components"}, {"entity": "iottwinmaker.entity_id", "source": "output", "path": "parentEntityId"}, {"entity": "iottwinmaker.has_child_entities", "source": "output", "path": "hasChildEntities"}, {"entity": "iottwinmaker.creation_date_time", "source": "output", "path": "creationDateTime"}, {"entity": "iottwinmaker.update_date_time", "source": "output", "path": "updateDateTime"}, {"entity": "iottwinmaker.sync_source", "source": "output", "path": "syncSource"}, {"entity": "iottwinmaker.are_all_components_returned", "source": "output", "path": "areAllComponentsReturned"}, {"entity": "iottwinmaker.statu_state", "source": "item", "path": "status.state"}, {"entity": "iottwinmaker.statu_error", "source": "item", "path": "status.error"}],
      "notes": ""
    },
    "GetMetadataTransferJob": {
      "kind": "read_get",
      "side_effect": false,
      "sdk": {"client": "iottwinmaker", "method": "get_metadata_transfer_job"},
      "consumes": [{"entity": "iottwinmaker.job_id", "param": "metadataTransferJobId", "required": true, "source": "internal"}],
      "produces": [{"entity": "iottwinmaker.job_id", "source": "output", "path": "metadataTransferJobId"}, {"entity": "iottwinmaker.metadata_transfer_job_arn", "source": "output", "path": "arn"}, {"entity": "iottwinmaker.description", "source": "output", "path": "description"}, {"entity": "iottwinmaker.sources", "source": "output", "path": "sources"}, {"entity": "iottwinmaker.destination", "source": "output", "path": "destination"}, {"entity": "iottwinmaker.metadata_transfer_job_role", "source": "output", "path": "metadataTransferJobRole"}, {"entity": "iottwinmaker.report_url", "source": "output", "path": "reportUrl"}, {"entity": "iottwinmaker.creation_date_time", "source": "output", "path": "creationDateTime"}, {"entity": "iottwinmaker.update_date_time", "source": "output", "path": "updateDateTime"}, {"entity": "iottwinmaker.metadata_transfer_job_status", "source": "output", "path": "status"}, {"entity": "iottwinmaker.progress", "source": "output", "path": "progress"}, {"entity": "iottwinmaker.sourc_type", "source": "item", "path": "sources.type"}, {"entity": "iottwinmaker.sourc_s3_configuration", "source": "item", "path": "sources.s3Configuration"}, {"entity": "iottwinmaker.sourc_iot_site_wise_configuration", "source": "item", "path": "sources.iotSiteWiseConfiguration"}, {"entity": "iottwinmaker.sourc_iot_twin_maker_configuration", "source": "item", "path": "sources.iotTwinMakerConfiguration"}],
      "notes": ""
    },
    "GetPropertyValue": {
      "kind": "read_get",
      "side_effect": false,
      "sdk": {"client": "iottwinmaker", "method": "get_property_value"},
      "consumes": [{"entity": "iottwinmaker.selected_properties", "param": "selectedProperties", "required": true, "source": "external"}, {"entity": "iottwinmaker.workspace_id", "param": "workspaceId", "required": true, "source": "internal"}],
      "produces": [{"entity": "iottwinmaker.property_values", "source": "output", "path": "propertyValues"}, {"entity": "iottwinmaker.next_token", "source": "output", "path": "nextToken"}, {"entity": "iottwinmaker.tabular_property_values", "source": "output", "path": "tabularPropertyValues"}],
      "notes": ""
    },
    "GetPropertyValueHistory": {
      "kind": "read_get",
      "side_effect": false,
      "sdk": {"client": "iottwinmaker", "method": "get_property_value_history"},
      "consumes": [{"entity": "iottwinmaker.workspace_id", "param": "workspaceId", "required": true, "source": "internal"}, {"entity": "iottwinmaker.selected_properties", "param": "selectedProperties", "required": true, "source": "external"}],
      "produces": [{"entity": "iottwinmaker.property_values", "source": "output", "path": "propertyValues"}, {"entity": "iottwinmaker.next_token", "source": "output", "path": "nextToken"}, {"entity": "iottwinmaker.property_valu_entity_property_reference", "source": "item", "path": "propertyValues.entityPropertyReference"}, {"entity": "iottwinmaker.property_valu_values", "source": "item", "path": "propertyValues.values"}],
      "notes": ""
    },
    "GetScene": {
      "kind": "read_get",
      "side_effect": false,
      "sdk": {"client": "iottwinmaker", "method": "get_scene"},
      "consumes": [{"entity": "iottwinmaker.workspace_id", "param": "workspaceId", "required": true, "source": "internal"}, {"entity": "iottwinmaker.scene_id", "param": "sceneId", "required": true, "source": "internal"}],
      "produces": [{"entity": "iottwinmaker.workspace_id", "source": "output", "path": "workspaceId"}, {"entity": "iottwinmaker.scene_id", "source": "output", "path": "sceneId"}, {"entity": "iottwinmaker.content_location", "source": "output", "path": "contentLocation"}, {"entity": "iottwinmaker.scene_arn", "source": "output", "path": "arn"}, {"entity": "iottwinmaker.creation_date_time", "source": "output", "path": "creationDateTime"}, {"entity": "iottwinmaker.update_date_time", "source": "output", "path": "updateDateTime"}, {"entity": "iottwinmaker.description", "source": "output", "path": "description"}, {"entity": "iottwinmaker.capabilities", "source": "output", "path": "capabilities"}, {"entity": "iottwinmaker.scene_metadata", "source": "output", "path": "sceneMetadata"}, {"entity": "iottwinmaker.generated_scene_metadata", "source": "output", "path": "generatedSceneMetadata"}, {"entity": "iottwinmaker.error", "source": "output", "path": "error"}],
      "notes": ""
    },
    "GetSyncJob": {
      "kind": "read_get",
      "side_effect": false,
      "sdk": {"client": "iottwinmaker", "method": "get_sync_job"},
      "consumes": [{"entity": "iottwinmaker.sync_source", "param": "syncSource", "required": true, "source": "internal"}],
      "produces": [{"entity": "iottwinmaker.sync_job_arn", "source": "output", "path": "arn"}, {"entity": "iottwinmaker.workspace_id", "source": "output", "path": "workspaceId"}, {"entity": "iottwinmaker.sync_source", "source": "output", "path": "syncSource"}, {"entity": "iottwinmaker.sync_role", "source": "output", "path": "syncRole"}, {"entity": "iottwinmaker.sync_job_status", "source": "output", "path": "status"}, {"entity": "iottwinmaker.creation_date_time", "source": "output", "path": "creationDateTime"}, {"entity": "iottwinmaker.update_date_time", "source": "output", "path": "updateDateTime"}, {"entity": "iottwinmaker.statu_state", "source": "item", "path": "status.state"}, {"entity": "iottwinmaker.statu_error", "source": "item", "path": "status.error"}],
      "notes": ""
    },
    "GetWorkspace": {
      "kind": "read_get",
      "side_effect": false,
      "sdk": {"client": "iottwinmaker", "method": "get_workspace"},
      "consumes": [{"entity": "iottwinmaker.workspace_id", "param": "workspaceId", "required": true, "source": "internal"}],
      "produces": [{"entity": "iottwinmaker.workspace_id", "source": "output", "path": "workspaceId"}, {"entity": "iottwinmaker.workspace_arn", "source": "output", "path": "arn"}, {"entity": "iottwinmaker.description", "source": "output", "path": "description"}, {"entity": "iottwinmaker.linked_services", "source": "output", "path": "linkedServices"}, {"entity": "iottwinmaker.s3_location", "source": "output", "path": "s3Location"}, {"entity": "iottwinmaker.role", "source": "output", "path": "role"}, {"entity": "iottwinmaker.creation_date_time", "source": "output", "path": "creationDateTime"}, {"entity": "iottwinmaker.update_date_time", "source": "output", "path": "updateDateTime"}],
      "notes": ""
    },
    "ListComponentTypes": {
      "kind": "read_list",
      "side_effect": false,
      "sdk": {"client": "iottwinmaker", "method": "list_component_types"},
      "consumes": [{"entity": "iottwinmaker.workspace_id", "param": "workspaceId", "required": true, "source": "internal"}],
      "produces": [{"entity": "iottwinmaker.workspace_id", "source": "output", "path": "workspaceId"}, {"entity": "iottwinmaker.component_type_summaries", "source": "output", "path": "componentTypeSummaries"}, {"entity": "iottwinmaker.next_token", "source": "output", "path": "nextToken"}, {"entity": "iottwinmaker.max_results", "source": "output", "path": "maxResults"}, {"entity": "iottwinmaker.component_type_arn", "source": "item", "path": "componentTypeSummaries[].arn"}, {"entity": "iottwinmaker.component_type_id", "source": "item", "path": "componentTypeSummaries[].componentTypeId"}, {"entity": "iottwinmaker.component_type_creation_date_time", "source": "item", "path": "componentTypeSummaries[].creationDateTime"}, {"entity": "iottwinmaker.component_type_update_date_time", "source": "item", "path": "componentTypeSummaries[].updateDateTime"}, {"entity": "iottwinmaker.component_type_description", "source": "item", "path": "componentTypeSummaries[].description"}, {"entity": "iottwinmaker.component_type_status", "source": "item", "path": "componentTypeSummaries[].status"}, {"entity": "iottwinmaker.component_type_name", "source": "item", "path": "componentTypeSummaries[].componentTypeName"}],
      "notes": ""
    },
    "ListComponents": {
      "kind": "read_list",
      "side_effect": false,
      "sdk": {"client": "iottwinmaker", "method": "list_components"},
      "consumes": [{"entity": "iottwinmaker.workspace_id", "param": "workspaceId", "required": true, "source": "internal"}, {"entity": "iottwinmaker.entity_id", "param": "entityId", "required": true, "source": "internal"}],
      "produces": [{"entity": "iottwinmaker.component_summaries", "source": "output", "path": "componentSummaries"}, {"entity": "iottwinmaker.next_token", "source": "output", "path": "nextToken"}, {"entity": "iottwinmaker.component_name", "source": "item", "path": "componentSummaries[].componentName"}, {"entity": "iottwinmaker.component_type_id", "source": "item", "path": "componentSummaries[].componentTypeId"}, {"entity": "iottwinmaker.component_defined_in", "source": "item", "path": "componentSummaries[].definedIn"}, {"entity": "iottwinmaker.component_description", "source": "item", "path": "componentSummaries[].description"}, {"entity": "iottwinmaker.component_property_groups", "source": "item", "path": "componentSummaries[].propertyGroups"}, {"entity": "iottwinmaker.component_status", "source": "item", "path": "componentSummaries[].status"}, {"entity": "iottwinmaker.component_sync_source", "source": "item", "path": "componentSummaries[].syncSource"}, {"entity": "iottwinmaker.component_path", "source": "item", "path": "componentSummaries[].componentPath"}],
      "notes": ""
    },
    "ListEntities": {
      "kind": "read_list",
      "side_effect": false,
      "sdk": {"client": "iottwinmaker", "method": "list_entities"},
      "consumes": [{"entity": "iottwinmaker.workspace_id", "param": "workspaceId", "required": true, "source": "internal"}],
      "produces": [{"entity": "iottwinmaker.entity_summaries", "source": "output", "path": "entitySummaries"}, {"entity": "iottwinmaker.next_token", "source": "output", "path": "nextToken"}, {"entity": "iottwinmaker.entity_id", "source": "item", "path": "entitySummaries[].entityId"}, {"entity": "iottwinmaker.entity_name", "source": "item", "path": "entitySummaries[].entityName"}, {"entity": "iottwinmaker.entity_arn", "source": "item", "path": "entitySummaries[].arn"}, {"entity": "iottwinmaker.entity_id", "source": "item", "path": "entitySummaries[].parentEntityId"}, {"entity": "iottwinmaker.entity_status", "source": "item", "path": "entitySummaries[].status"}, {"entity": "iottwinmaker.entity_description", "source": "item", "path": "entitySummaries[].description"}, {"entity": "iottwinmaker.entity_has_child_entities", "source": "item", "path": "entitySummaries[].hasChildEntities"}, {"entity": "iottwinmaker.entity_creation_date_time", "source": "item", "path": "entitySummaries[].creationDateTime"}, {"entity": "iottwinmaker.entity_update_date_time", "source": "item", "path": "entitySummaries[].updateDateTime"}],
      "notes": ""
    },
    "ListMetadataTransferJobs": {
      "kind": "read_list",
      "side_effect": false,
      "sdk": {"client": "iottwinmaker", "method": "list_metadata_transfer_jobs"},
      "consumes": [{"entity": "iottwinmaker.source_type", "param": "sourceType", "required": true, "source": "external"}, {"entity": "iottwinmaker.destination_type", "param": "destinationType", "required": true, "source": "external"}],
      "produces": [{"entity": "iottwinmaker.metadata_transfer_job_summaries", "source": "output", "path": "metadataTransferJobSummaries"}, {"entity": "iottwinmaker.next_token", "source": "output", "path": "nextToken"}, {"entity": "iottwinmaker.job_id", "source": "item", "path": "metadataTransferJobSummaries[].metadataTransferJobId"}, {"entity": "iottwinmaker.metadata_transfer_job_arn", "source": "item", "path": "metadataTransferJobSummaries[].arn"}, {"entity": "iottwinmaker.metadata_transfer_job_creation_date_time", "source": "item", "path": "metadataTransferJobSummaries[].creationDateTime"}, {"entity": "iottwinmaker.metadata_transfer_job_update_date_time", "source": "item", "path": "metadataTransferJobSummaries[].updateDateTime"}, {"entity": "iottwinmaker.metadata_transfer_job_status", "source": "item", "path": "metadataTransferJobSummaries[].status"}, {"entity": "iottwinmaker.metadata_transfer_job_progress", "source": "item", "path": "metadataTransferJobSummaries[].progress"}],
      "notes": ""
    },
    "ListProperties": {
      "kind": "read_list",
      "side_effect": false,
      "sdk": {"client": "iottwinmaker", "method": "list_properties"},
      "consumes": [{"entity": "iottwinmaker.workspace_id", "param": "workspaceId", "required": true, "source": "internal"}, {"entity": "iottwinmaker.entity_id", "param": "entityId", "required": true, "source": "internal"}],
      "produces": [{"entity": "iottwinmaker.property_summaries", "source": "output", "path": "propertySummaries"}, {"entity": "iottwinmaker.next_token", "source": "output", "path": "nextToken"}, {"entity": "iottwinmaker.property_definition", "source": "item", "path": "propertySummaries[].definition"}, {"entity": "iottwinmaker.property_name", "source": "item", "path": "propertySummaries[].propertyName"}, {"entity": "iottwinmaker.property_value", "source": "item", "path": "propertySummaries[].value"}, {"entity": "iottwinmaker.property_are_all_property_values_returned", "source": "item", "path": "propertySummaries[].areAllPropertyValuesReturned"}],
      "notes": ""
    },
    "ListScenes": {
      "kind": "read_list",
      "side_effect": false,
      "sdk": {"client": "iottwinmaker", "method": "list_scenes"},
      "consumes": [{"entity": "iottwinmaker.workspace_id", "param": "workspaceId", "required": true, "source": "internal"}],
      "produces": [{"entity": "iottwinmaker.scene_summaries", "source": "output", "path": "sceneSummaries"}, {"entity": "iottwinmaker.next_token", "source": "output", "path": "nextToken"}, {"entity": "iottwinmaker.scene_id", "source": "item", "path": "sceneSummaries[].sceneId"}, {"entity": "iottwinmaker.scene_content_location", "source": "item", "path": "sceneSummaries[].contentLocation"}, {"entity": "iottwinmaker.scene_arn", "source": "item", "path": "sceneSummaries[].arn"}, {"entity": "iottwinmaker.scene_creation_date_time", "source": "item", "path": "sceneSummaries[].creationDateTime"}, {"entity": "iottwinmaker.scene_update_date_time", "source": "item", "path": "sceneSummaries[].updateDateTime"}, {"entity": "iottwinmaker.scene_description", "source": "item", "path": "sceneSummaries[].description"}],
      "notes": ""
    },
    "ListSyncJobs": {
      "kind": "read_list",
      "side_effect": false,
      "sdk": {"client": "iottwinmaker", "method": "list_sync_jobs"},
      "consumes": [{"entity": "iottwinmaker.workspace_id", "param": "workspaceId", "required": true, "source": "internal"}],
      "produces": [{"entity": "iottwinmaker.sync_job_summaries", "source": "output", "path": "syncJobSummaries"}, {"entity": "iottwinmaker.next_token", "source": "output", "path": "nextToken"}, {"entity": "iottwinmaker.sync_job_arn", "source": "item", "path": "syncJobSummaries[].arn"}, {"entity": "iottwinmaker.workspace_id", "source": "item", "path": "syncJobSummaries[].workspaceId"}, {"entity": "iottwinmaker.sync_job_sync_source", "source": "item", "path": "syncJobSummaries[].syncSource"}, {"entity": "iottwinmaker.sync_job_status", "source": "item", "path": "syncJobSummaries[].status"}, {"entity": "iottwinmaker.sync_job_creation_date_time", "source": "item", "path": "syncJobSummaries[].creationDateTime"}, {"entity": "iottwinmaker.sync_job_update_date_time", "source": "item", "path": "syncJobSummaries[].updateDateTime"}],
      "notes": ""
    },
    "ListSyncResources": {
      "kind": "read_list",
      "side_effect": false,
      "sdk": {"client": "iottwinmaker", "method": "list_sync_resources"},
      "consumes": [{"entity": "iottwinmaker.workspace_id", "param": "workspaceId", "required": true, "source": "internal"}, {"entity": "iottwinmaker.sync_source", "param": "syncSource", "required": true, "source": "internal"}],
      "produces": [{"entity": "iottwinmaker.sync_resources", "source": "output", "path": "syncResources"}, {"entity": "iottwinmaker.next_token", "source": "output", "path": "nextToken"}, {"entity": "iottwinmaker.sync_resourc_resource_type", "source": "item", "path": "syncResources[].resourceType"}, {"entity": "iottwinmaker.sync_resourc_external_id", "source": "item", "path": "syncResources[].externalId"}, {"entity": "iottwinmaker.sync_resourc_resource_id", "source": "item", "path": "syncResources[].resourceId"}, {"entity": "iottwinmaker.sync_resourc_status", "source": "item", "path": "syncResources[].status"}, {"entity": "iottwinmaker.sync_resourc_update_date_time", "source": "item", "path": "syncResources[].updateDateTime"}],
      "notes": ""
    },
    "ListTagsForResource": {
      "kind": "read_list",
      "side_effect": false,
      "sdk": {"client": "iottwinmaker", "method": "list_tags_for_resource"},
      "consumes": [{"entity": "iottwinmaker.resource_arn", "param": "resourceARN", "required": true, "source": "external"}],
      "produces": [{"entity": "iottwinmaker.tags", "source": "output", "path": "tags"}, {"entity": "iottwinmaker.next_token", "source": "output", "path": "nextToken"}],
      "notes": ""
    },
    "TagResource": {
      "kind": "write_apply",
      "side_effect": true,
      "sdk": {"client": "iottwinmaker", "method": "tag_resource"},
      "consumes": [{"entity": "iottwinmaker.resource_arn", "param": "resourceARN", "required": true, "source": "external"}, {"entity": "iottwinmaker.tags", "param": "tags", "required": true, "source": "internal"}],
      "produces": [],
      "notes": ""
    },
    "UntagResource": {
      "kind": "write_delete",
      "side_effect": true,
      "sdk": {"client": "iottwinmaker", "method": "untag_resource"},
      "consumes": [{"entity": "iottwinmaker.resource_arn", "param": "resourceARN", "required": true, "source": "external"}, {"entity": "iottwinmaker.tag_keys", "param": "tagKeys", "required": true, "source": "external"}],
      "produces": [],
      "notes": ""
    },
    "UpdateComponentType": {
      "kind": "write_update",
      "side_effect": true,
      "sdk": {"client": "iottwinmaker", "method": "update_component_type"},
      "consumes": [{"entity": "iottwinmaker.workspace_id", "param": "workspaceId", "required": true, "source": "internal"}, {"entity": "iottwinmaker.componenttype_id", "param": "componentTypeId", "required": true, "source": "external"}],
      "produces": [{"entity": "iottwinmaker.workspace_id", "source": "output", "path": "workspaceId"}, {"entity": "iottwinmaker.component_type_arn", "source": "output", "path": "arn"}, {"entity": "iottwinmaker.component_type_id", "source": "output", "path": "componentTypeId"}, {"entity": "iottwinmaker.state", "source": "output", "path": "state"}],
      "notes": ""
    },
    "UpdateEntity": {
      "kind": "write_update",
      "side_effect": true,
      "sdk": {"client": "iottwinmaker", "method": "update_entity"},
      "consumes": [{"entity": "iottwinmaker.workspace_id", "param": "workspaceId", "required": true, "source": "internal"}, {"entity": "iottwinmaker.entity_id", "param": "entityId", "required": true, "source": "internal"}],
      "produces": [{"entity": "iottwinmaker.update_date_time", "source": "output", "path": "updateDateTime"}, {"entity": "iottwinmaker.state", "source": "output", "path": "state"}],
      "notes": ""
    },
    "UpdatePricingPlan": {
      "kind": "write_update",
      "side_effect": true,
      "sdk": {"client": "iottwinmaker", "method": "update_pricing_plan"},
      "consumes": [{"entity": "iottwinmaker.pricing_mode", "param": "pricingMode", "required": true, "source": "external"}],
      "produces": [{"entity": "iottwinmaker.current_pricing_plan", "source": "output", "path": "currentPricingPlan"}, {"entity": "iottwinmaker.pending_pricing_plan", "source": "output", "path": "pendingPricingPlan"}, {"entity": "iottwinmaker.current_pricing_plan_billable_entity_count", "source": "item", "path": "currentPricingPlan.billableEntityCount"}, {"entity": "iottwinmaker.current_pricing_plan_bundle_information", "source": "item", "path": "currentPricingPlan.bundleInformation"}, {"entity": "iottwinmaker.current_pricing_plan_effective_date_time", "source": "item", "path": "currentPricingPlan.effectiveDateTime"}, {"entity": "iottwinmaker.current_pricing_plan_pricing_mode", "source": "item", "path": "currentPricingPlan.pricingMode"}, {"entity": "iottwinmaker.current_pricing_plan_update_date_time", "source": "item", "path": "currentPricingPlan.updateDateTime"}, {"entity": "iottwinmaker.current_pricing_plan_update_reason", "source": "item", "path": "currentPricingPlan.updateReason"}],
      "notes": ""
    },
    "UpdateScene": {
      "kind": "write_update",
      "side_effect": true,
      "sdk": {"client": "iottwinmaker", "method": "update_scene"},
      "consumes": [{"entity": "iottwinmaker.workspace_id", "param": "workspaceId", "required": true, "source": "internal"}, {"entity": "iottwinmaker.scene_id", "param": "sceneId", "required": true, "source": "internal"}],
      "produces": [{"entity": "iottwinmaker.update_date_time", "source": "output", "path": "updateDateTime"}],
      "notes": ""
    },
    "UpdateWorkspace": {
      "kind": "write_update",
      "side_effect": true,
      "sdk": {"client": "iottwinmaker", "method": "update_workspace"},
      "consumes": [{"entity": "iottwinmaker.workspace_id", "param": "workspaceId", "required": true, "source": "internal"}],
      "produces": [{"entity": "iottwinmaker.update_date_time", "source": "output", "path": "updateDateTime"}],
      "notes": ""
    }
  }
}