{
  "service": "connect-contact-lens",
  "op_consumes": {
    "ListRealtimeContactAnalysisSegments": ["connect-contact-lens.contact_id", "connect-contact-lens.instance_id"]
  },
  "op_produces": {
    "ListRealtimeContactAnalysisSegments": ["connect-contact-lens.next_token", "connect-contact-lens.segment_transcript", "connect-contact-lens.segments", "connect-contact-lens.segment_post_contact_summary", "connect-contact-lens.segment_categories"]
  },
  "entity_producers": {
    "connect-contact-lens.segments": ["ListRealtimeContactAnalysisSegments"],
    "connect-contact-lens.next_token": ["ListRealtimeContactAnalysisSegments"],
    "connect-contact-lens.segment_transcript": ["ListRealtimeContactAnalysisSegments"],
    "connect-contact-lens.segment_categories": ["ListRealtimeContactAnalysisSegments"],
    "connect-contact-lens.segment_post_contact_summary": ["ListRealtimeContactAnalysisSegments"]
  },
  "entity_consumers": {
    "connect-contact-lens.instance_id": ["ListRealtimeContactAnalysisSegments"],
    "connect-contact-lens.contact_id": ["ListRealtimeContactAnalysisSegments"]
  },
  "external_entities": ["connect-contact-lens.contact_id", "connect-contact-lens.instance_id"]
}