{
  "connect-contact-lens": {
    "service": "connect-contact-lens",
    "total_operations": 1,
    "independent": [],
    "dependent": [
      {
        "operation": "ListRealtimeContactAnalysisSegments",
        "python_method": "list_realtime_contact_analysis_segments",
        "yaml_action": "list_realtime_contact_analysis_segments",
        "required_params": [
          "InstanceId",
          "ContactId"
        ],
        "optional_params": [
          "MaxResults",
          "NextToken"
        ],
        "total_optional": 2,
        "output_fields": {
          "Segments": {
            "type": "string",
            "description": "Segments details",
            "compliance_category": "general",
            "operators": [
              "equals",
              "not_equals",
              "contains"
            ]
          },
          "NextToken": {
            "type": "string",
            "description": "NextToken details",
            "compliance_category": "general",
            "operators": [
              "equals",
              "not_equals",
              "contains"
            ],
            "security_impact": "high"
          }
        },
        "main_output_field": "Segments",
        "item_fields": {
          "Transcript": {
            "type": "string",
            "description": "Transcript",
            "compliance_category": "general"
          },
          "Categories": {
            "type": "string",
            "description": "Categories",
            "compliance_category": "general",
            "format": "date-time"
          },
          "PostContactSummary": {
            "type": "string",
            "description": "Post contact summary",
            "compliance_category": "general",
            "format": "date-time"
          }
        }
      }
    ],
    "independent_count": 0,
    "dependent_count": 1
  }
}