{
  "service": "connect-contact-lens",
  "version": "1.0",
  "kind_rules": {
    "read_list": ["List"],
    "read_get": ["Get", "Describe"],
    "write_create": ["Create", "Start", "Generate", "Import", "Enable", "Register"],
    "write_update": ["Update", "Modify", "Put", "Set", "Change", "Reset", "Patch"],
    "write_delete": ["Delete", "Remove", "Terminate", "Destroy", "Disable", "Detach", "Disassociate", "Untag", "Revoke"],
    "write_apply": ["Apply", "Attach", "Associate", "Add", "Tag", "Authorize", "Unauthorize", "Grant"],
    "other": ["default"]
  },
  "entity_aliases": {},
  "overrides": {},
  "operations": {
    "ListRealtimeContactAnalysisSegments": {
      "kind": "read_list",
      "side_effect": false,
      "sdk": {"client": "connect-contact-lens", "method": "list_realtime_contact_analysis_segments"},
      "consumes": [{"entity": "connect-contact-lens.instance_id", "param": "InstanceId", "required": true, "source": "external"}, {"entity": "connect-contact-lens.contact_id", "param": "ContactId", "required": true, "source": "external"}],
      "produces": [{"entity": "connect-contact-lens.segments", "source": "output", "path": "Segments"}, {"entity": "connect-contact-lens.next_token", "source": "output", "path": "NextToken"}, {"entity": "connect-contact-lens.segment_transcript", "source": "item", "path": "Segments[].Transcript"}, {"entity": "connect-contact-lens.segment_categories", "source": "item", "path": "Segments[].Categories"}, {"entity": "connect-contact-lens.segment_post_contact_summary", "source": "item", "path": "Segments[].PostContactSummary"}],
      "notes": ""
    }
  }
}