{
  "service": "cloudwatch",
  "issues": {
    "generic_entities": {},
    "ambiguous_tokens": {
      "name": [
        {
          "mapping": "DescribeInsightRules.InsightRules.Name -> cloudwatch.insight_rul_name",
          "evidence": "DescribeInsightRules.InsightRules.Name",
          "entity": "cloudwatch.insight_rul_name"
        },
        {
          "mapping": "ListMetricStreams.Entries[].Name -> cloudwatch.entry_name",
          "evidence": "ListMetricStreams.Entries[].Name",
          "entity": "cloudwatch.entry_name"
        },
        {
          "mapping": "DeleteMetricStream.Name -> cloudwatch.metric_stream_name",
          "evidence": "DeleteMetricStream.Name",
          "entity": "cloudwatch.metric_stream_name"
        },
        {
          "mapping": "GetMetricStream.Name -> cloudwatch.include_filter_name",
          "evidence": "GetMetricStream.Name",
          "entity": "cloudwatch.include_filter_name"
        },
        {
          "mapping": "GetMetricStream.Name -> cloudwatch.metric_stream_name",
          "evidence": "GetMetricStream.Name",
          "entity": "cloudwatch.metric_stream_name"
        },
        {
          "mapping": "PutMetricStream.Name -> cloudwatch.metric_stream_name",
          "evidence": "PutMetricStream.Name",
          "entity": "cloudwatch.metric_stream_name"
        }
      ],
      "arn": [
        {
          "mapping": "ListMetricStreams.Entries[].Arn -> cloudwatch.entry_arn",
          "evidence": "ListMetricStreams.Entries[].Arn",
          "entity": "cloudwatch.entry_arn"
        },
        {
          "mapping": "GetMetricStream.Arn -> cloudwatch.metric_stream_arn",
          "evidence": "GetMetricStream.Arn",
          "entity": "cloudwatch.metric_stream_arn"
        },
        {
          "mapping": "PutMetricStream.Arn -> cloudwatch.metric_stream_arn",
          "evidence": "PutMetricStream.Arn",
          "entity": "cloudwatch.metric_stream_arn"
        }
      ]
    },
    "unresolved_consumes": [],
    "suspicious_paths": []
  },
  "alias_candidates_not_applied": [],
  "suggested_overrides": [
    {
      "operation": "DescribeAlarmsForMetric",
      "type": "produces",
      "key": "MetricAlarms.Namespace",
      "suggested_entity": "cloudwatch.namespace",
      "confidence": "MEDIUM",
      "reason": "Param 'Namespace' and output field 'Namespace' match but map to different entities. Suggest unifying to consume entity."
    },
    {
      "operation": "GetMetricStream",
      "type": "produces",
      "key": "Name",
      "suggested_entity": "cloudwatch.include_filter_name",
      "confidence": "MEDIUM",
      "reason": "Param 'Name' and output field 'Name' match but map to different entities. Suggest unifying to consume entity."
    },
    {
      "operation": "PutMetricStream",
      "type": "produces",
      "key": "Arn",
      "suggested_entity": "cloudwatch.firehose_arn",
      "confidence": "MEDIUM",
      "reason": "Param 'FirehoseArn' and output field 'Arn' match but map to different entities. Suggest unifying to consume entity."
    },
    {
      "operation": "PutMetricStream",
      "type": "produces",
      "key": "Arn",
      "suggested_entity": "cloudwatch.role_arn",
      "confidence": "MEDIUM",
      "reason": "Param 'RoleArn' and output field 'Arn' match but map to different entities. Suggest unifying to consume entity."
    }
  ],
  "unresolved_items": [
    {
      "mapping": "DescribeInsightRules.InsightRules.Name -> cloudwatch.insight_rul_name",
      "evidence": "DescribeInsightRules.InsightRules.Name",
      "entity": "cloudwatch.insight_rul_name"
    },
    {
      "mapping": "ListMetricStreams.Entries[].Name -> cloudwatch.entry_name",
      "evidence": "ListMetricStreams.Entries[].Name",
      "entity": "cloudwatch.entry_name"
    },
    {
      "mapping": "DeleteMetricStream.Name -> cloudwatch.metric_stream_name",
      "evidence": "DeleteMetricStream.Name",
      "entity": "cloudwatch.metric_stream_name"
    },
    {
      "mapping": "GetMetricStream.Name -> cloudwatch.include_filter_name",
      "evidence": "GetMetricStream.Name",
      "entity": "cloudwatch.include_filter_name"
    },
    {
      "mapping": "GetMetricStream.Name -> cloudwatch.metric_stream_name",
      "evidence": "GetMetricStream.Name",
      "entity": "cloudwatch.metric_stream_name"
    },
    {
      "mapping": "PutMetricStream.Name -> cloudwatch.metric_stream_name",
      "evidence": "PutMetricStream.Name",
      "entity": "cloudwatch.metric_stream_name"
    },
    {
      "mapping": "ListMetricStreams.Entries[].Arn -> cloudwatch.entry_arn",
      "evidence": "ListMetricStreams.Entries[].Arn",
      "entity": "cloudwatch.entry_arn"
    },
    {
      "mapping": "GetMetricStream.Arn -> cloudwatch.metric_stream_arn",
      "evidence": "GetMetricStream.Arn",
      "entity": "cloudwatch.metric_stream_arn"
    },
    {
      "mapping": "PutMetricStream.Arn -> cloudwatch.metric_stream_arn",
      "evidence": "PutMetricStream.Arn",
      "entity": "cloudwatch.metric_stream_arn"
    }
  ]
}