{
  "service": "kinesisvideo",
  "op_consumes": {
    "DeleteEdgeConfiguration": [],
    "DescribeEdgeConfiguration": [],
    "DescribeImageGenerationConfiguration": [],
    "DescribeMappedResourceConfiguration": [],
    "DescribeMediaStorageConfiguration": [],
    "DescribeNotificationConfiguration": [],
    "DescribeSignalingChannel": [],
    "DescribeStream": [],
    "DescribeStreamStorageConfiguration": [],
    "ListSignalingChannels": [],
    "ListStreams": [],
    "ListTagsForStream": [],
    "UpdateImageGenerationConfiguration": [],
    "UpdateNotificationConfiguration": [],
    "CreateSignalingChannel": ["kinesisvideo.channel_name"],
    "CreateStream": ["kinesisvideo.stream_name"],
    "DeleteSignalingChannel": ["kinesisvideo.channel_arn"],
    "DeleteStream": ["kinesisvideo.stream_arn"],
    "GetDataEndpoint": ["kinesisvideo.api_name"],
    "GetSignalingChannelEndpoint": ["kinesisvideo.channel_arn"],
    "ListEdgeAgentConfigurations": ["kinesisvideo.hubdevice_arn"],
    "ListTagsForResource": ["kinesisvideo.resource_arn"],
    "StartEdgeConfigurationUpdate": ["kinesisvideo.edge_config"],
    "TagResource": ["kinesisvideo.resource_arn", "kinesisvideo.tags"],
    "TagStream": ["kinesisvideo.tags"],
    "UntagResource": ["kinesisvideo.resource_arn", "kinesisvideo.tag_key_list"],
    "UntagStream": ["kinesisvideo.tag_key_list"],
    "UpdateDataRetention": ["kinesisvideo.operation", "kinesisvideo.data_retention_change_in_hours", "kinesisvideo.current_version"],
    "UpdateMediaStorageConfiguration": ["kinesisvideo.channel_arn", "kinesisvideo.media_storage_configuration"],
    "UpdateSignalingChannel": ["kinesisvideo.channel_arn", "kinesisvideo.current_version"],
    "UpdateStream": ["kinesisvideo.current_version"],
    "UpdateStreamStorageConfiguration": ["kinesisvideo.stream_storage_configuration", "kinesisvideo.current_version"]
  },
  "op_produces": {
    "DeleteEdgeConfiguration": [],
    "DescribeEdgeConfiguration": ["kinesisvideo.stream_name", "kinesisvideo.edge_config_deletion_config", "kinesisvideo.sync_status", "kinesisvideo.stream_arn", "kinesisvideo.edge_config", "kinesisvideo.edge_config_recorder_config", "kinesisvideo.edge_config_uploader_config", "kinesisvideo.edge_agent_status", "kinesisvideo.last_updated_time", "kinesisvideo.edge_config_hub_device_arn", "kinesisvideo.creation_time", "kinesisvideo.failed_status_details"],
    "DescribeImageGenerationConfiguration": ["kinesisvideo.image_generation_configuration_status", "kinesisvideo.image_generation_configuration_width_pixels", "kinesisvideo.image_generation_configuration", "kinesisvideo.image_generation_configuration_height_pixels", "kinesisvideo.image_generation_configuration_sampling_interval", "kinesisvideo.image_generation_configuration_image_selector_type", "kinesisvideo.image_generation_configuration_format", "kinesisvideo.image_generation_configuration_format_config", "kinesisvideo.image_generation_configuration_destination_config"],
    "DescribeMappedResourceConfiguration": ["kinesisvideo.mapped_resource_configuration_arn", "kinesisvideo.next_token", "kinesisvideo.mapped_resource_configuration_list", "kinesisvideo.mapped_resource_configuration_type"],
    "DescribeMediaStorageConfiguration": ["kinesisvideo.media_storage_configuration_status", "kinesisvideo.media_storage_configuration", "kinesisvideo.stream_arn"],
    "DescribeNotificationConfiguration": ["kinesisvideo.notification_configuration", "kinesisvideo.notification_configuration_destination_config", "kinesisvideo.notification_configuration_status"],
    "DescribeSignalingChannel": ["kinesisvideo.channel_single_master_configuration", "kinesisvideo.channel_status", "kinesisvideo.channel_name", "kinesisvideo.channel_arn", "kinesisvideo.channel_info", "kinesisvideo.channel_version", "kinesisvideo.channel_type", "kinesisvideo.channel_creation_time"],
    "DescribeStream": ["kinesisvideo.stream_name", "kinesisvideo.stream_version", "kinesisvideo.stream_arn", "kinesisvideo.stream_device_name", "kinesisvideo.stream_status", "kinesisvideo.stream_data_retention_in_hours", "kinesisvideo.stream_kms_key_id", "kinesisvideo.stream_media_type", "kinesisvideo.stream_info", "kinesisvideo.stream_creation_time"],
    "DescribeStreamStorageConfiguration": ["kinesisvideo.stream_name", "kinesisvideo.stream_storage_configuration", "kinesisvideo.stream_storage_configuration_default_storage_tier", "kinesisvideo.stream_arn"],
    "ListSignalingChannels": ["kinesisvideo.channel_single_master_configuration", "kinesisvideo.channel_info_channel_type", "kinesisvideo.channel_name", "kinesisvideo.next_token", "kinesisvideo.channel_info_channel_status", "kinesisvideo.channel_arn", "kinesisvideo.channel_info", "kinesisvideo.channel_version", "kinesisvideo.channel_creation_time"],
    "ListStreams": ["kinesisvideo.stream_name", "kinesisvideo.stream_version", "kinesisvideo.stream_arn", "kinesisvideo.stream_device_name", "kinesisvideo.next_token", "kinesisvideo.stream_status", "kinesisvideo.stream_data_retention_in_hours", "kinesisvideo.stream_kms_key_id", "kinesisvideo.stream_media_type", "kinesisvideo.stream_info", "kinesisvideo.stream_creation_time"],
    "ListTagsForStream": ["kinesisvideo.next_token", "kinesisvideo.tags"],
    "UpdateImageGenerationConfiguration": [],
    "UpdateNotificationConfiguration": [],
    "CreateSignalingChannel": ["kinesisvideo.channel_arn"],
    "CreateStream": ["kinesisvideo.stream_arn"],
    "DeleteSignalingChannel": [],
    "DeleteStream": [],
    "GetDataEndpoint": ["kinesisvideo.data_endpoint"],
    "GetSignalingChannelEndpoint": ["kinesisvideo.resource_endpoint_list", "kinesisvideo.resource_endpoint_protocol", "kinesisvideo.resource_endpoint_resource_endpoint"],
    "ListEdgeAgentConfigurations": ["kinesisvideo.stream_name", "kinesisvideo.stream_arn", "kinesisvideo.edge_configs", "kinesisvideo.next_token", "kinesisvideo.edge_config_last_updated_time", "kinesisvideo.edge_config_creation_time", "kinesisvideo.edge_config_failed_status_details", "kinesisvideo.edge_config_sync_status", "kinesisvideo.edge_config_edge_config"],
    "ListTagsForResource": ["kinesisvideo.next_token", "kinesisvideo.tags"],
    "StartEdgeConfigurationUpdate": ["kinesisvideo.stream_name", "kinesisvideo.edge_config_deletion_config", "kinesisvideo.sync_status", "kinesisvideo.stream_arn", "kinesisvideo.edge_config", "kinesisvideo.edge_config_recorder_config", "kinesisvideo.edge_config_uploader_config", "kinesisvideo.last_updated_time", "kinesisvideo.edge_config_hub_device_arn", "kinesisvideo.creation_time", "kinesisvideo.failed_status_details"],
    "TagResource": [],
    "TagStream": [],
    "UntagResource": [],
    "UntagStream": [],
    "UpdateDataRetention": [],
    "UpdateMediaStorageConfiguration": [],
    "UpdateSignalingChannel": [],
    "UpdateStream": [],
    "UpdateStreamStorageConfiguration": []
  },
  "entity_producers": {
    "kinesisvideo.stream_name": ["DescribeStream", "DescribeEdgeConfiguration", "ListStreams", "StartEdgeConfigurationUpdate", "ListEdgeAgentConfigurations", "DescribeStreamStorageConfiguration"],
    "kinesisvideo.stream_arn": ["ListEdgeAgentConfigurations", "CreateStream", "DescribeStream", "DescribeEdgeConfiguration", "ListStreams", "StartEdgeConfigurationUpdate", "DescribeMediaStorageConfiguration", "DescribeStreamStorageConfiguration"],
    "kinesisvideo.creation_time": ["DescribeEdgeConfiguration", "StartEdgeConfigurationUpdate"],
    "kinesisvideo.last_updated_time": ["DescribeEdgeConfiguration", "StartEdgeConfigurationUpdate"],
    "kinesisvideo.sync_status": ["DescribeEdgeConfiguration", "StartEdgeConfigurationUpdate"],
    "kinesisvideo.failed_status_details": ["DescribeEdgeConfiguration", "StartEdgeConfigurationUpdate"],
    "kinesisvideo.edge_config": ["DescribeEdgeConfiguration", "StartEdgeConfigurationUpdate"],
    "kinesisvideo.edge_agent_status": ["DescribeEdgeConfiguration"],
    "kinesisvideo.edge_config_hub_device_arn": ["DescribeEdgeConfiguration", "StartEdgeConfigurationUpdate"],
    "kinesisvideo.edge_config_recorder_config": ["DescribeEdgeConfiguration", "StartEdgeConfigurationUpdate"],
    "kinesisvideo.edge_config_uploader_config": ["DescribeEdgeConfiguration", "StartEdgeConfigurationUpdate"],
    "kinesisvideo.edge_config_deletion_config": ["DescribeEdgeConfiguration", "StartEdgeConfigurationUpdate"],
    "kinesisvideo.image_generation_configuration": ["DescribeImageGenerationConfiguration"],
    "kinesisvideo.image_generation_configuration_status": ["DescribeImageGenerationConfiguration"],
    "kinesisvideo.image_generation_configuration_image_selector_type": ["DescribeImageGenerationConfiguration"],
    "kinesisvideo.image_generation_configuration_destination_config": ["DescribeImageGenerationConfiguration"],
    "kinesisvideo.image_generation_configuration_sampling_interval": ["DescribeImageGenerationConfiguration"],
    "kinesisvideo.image_generation_configuration_format": ["DescribeImageGenerationConfiguration"],
    "kinesisvideo.image_generation_configuration_format_config": ["DescribeImageGenerationConfiguration"],
    "kinesisvideo.image_generation_configuration_width_pixels": ["DescribeImageGenerationConfiguration"],
    "kinesisvideo.image_generation_configuration_height_pixels": ["DescribeImageGenerationConfiguration"],
    "kinesisvideo.mapped_resource_configuration_list": ["DescribeMappedResourceConfiguration"],
    "kinesisvideo.next_token": ["DescribeMappedResourceConfiguration", "ListTagsForResource", "ListTagsForStream", "ListStreams", "ListEdgeAgentConfigurations", "ListSignalingChannels"],
    "kinesisvideo.mapped_resource_configuration_type": ["DescribeMappedResourceConfiguration"],
    "kinesisvideo.mapped_resource_configuration_arn": ["DescribeMappedResourceConfiguration"],
    "kinesisvideo.media_storage_configuration": ["DescribeMediaStorageConfiguration"],
    "kinesisvideo.media_storage_configuration_status": ["DescribeMediaStorageConfiguration"],
    "kinesisvideo.notification_configuration": ["DescribeNotificationConfiguration"],
    "kinesisvideo.notification_configuration_status": ["DescribeNotificationConfiguration"],
    "kinesisvideo.notification_configuration_destination_config": ["DescribeNotificationConfiguration"],
    "kinesisvideo.channel_info": ["DescribeSignalingChannel", "ListSignalingChannels"],
    "kinesisvideo.channel_name": ["DescribeSignalingChannel", "ListSignalingChannels"],
    "kinesisvideo.channel_arn": ["CreateSignalingChannel", "DescribeSignalingChannel", "ListSignalingChannels"],
    "kinesisvideo.channel_type": ["DescribeSignalingChannel"],
    "kinesisvideo.channel_status": ["DescribeSignalingChannel"],
    "kinesisvideo.channel_creation_time": ["DescribeSignalingChannel", "ListSignalingChannels"],
    "kinesisvideo.channel_single_master_configuration": ["DescribeSignalingChannel", "ListSignalingChannels"],
    "kinesisvideo.channel_version": ["DescribeSignalingChannel", "ListSignalingChannels"],
    "kinesisvideo.stream_info": ["DescribeStream", "ListStreams"],
    "kinesisvideo.stream_device_name": ["DescribeStream", "ListStreams"],
    "kinesisvideo.stream_media_type": ["DescribeStream", "ListStreams"],
    "kinesisvideo.stream_kms_key_id": ["DescribeStream", "ListStreams"],
    "kinesisvideo.stream_version": ["DescribeStream", "ListStreams"],
    "kinesisvideo.stream_status": ["DescribeStream", "ListStreams"],
    "kinesisvideo.stream_creation_time": ["DescribeStream", "ListStreams"],
    "kinesisvideo.stream_data_retention_in_hours": ["DescribeStream", "ListStreams"],
    "kinesisvideo.stream_storage_configuration": ["DescribeStreamStorageConfiguration"],
    "kinesisvideo.stream_storage_configuration_default_storage_tier": ["DescribeStreamStorageConfiguration"],
    "kinesisvideo.channel_info_channel_type": ["ListSignalingChannels"],
    "kinesisvideo.channel_info_channel_status": ["ListSignalingChannels"],
    "kinesisvideo.tags": ["ListTagsForStream", "ListTagsForResource"],
    "kinesisvideo.data_endpoint": ["GetDataEndpoint"],
    "kinesisvideo.resource_endpoint_list": ["GetSignalingChannelEndpoint"],
    "kinesisvideo.resource_endpoint_protocol": ["GetSignalingChannelEndpoint"],
    "kinesisvideo.resource_endpoint_resource_endpoint": ["GetSignalingChannelEndpoint"],
    "kinesisvideo.edge_configs": ["ListEdgeAgentConfigurations"],
    "kinesisvideo.edge_config_creation_time": ["ListEdgeAgentConfigurations"],
    "kinesisvideo.edge_config_last_updated_time": ["ListEdgeAgentConfigurations"],
    "kinesisvideo.edge_config_sync_status": ["ListEdgeAgentConfigurations"],
    "kinesisvideo.edge_config_failed_status_details": ["ListEdgeAgentConfigurations"],
    "kinesisvideo.edge_config_edge_config": ["ListEdgeAgentConfigurations"]
  },
  "entity_consumers": {
    "kinesisvideo.channel_name": ["CreateSignalingChannel"],
    "kinesisvideo.stream_name": ["CreateStream"],
    "kinesisvideo.channel_arn": ["UpdateMediaStorageConfiguration", "DeleteSignalingChannel", "UpdateSignalingChannel", "GetSignalingChannelEndpoint"],
    "kinesisvideo.stream_arn": ["DeleteStream"],
    "kinesisvideo.api_name": ["GetDataEndpoint"],
    "kinesisvideo.hubdevice_arn": ["ListEdgeAgentConfigurations"],
    "kinesisvideo.resource_arn": ["UntagResource", "TagResource", "ListTagsForResource"],
    "kinesisvideo.edge_config": ["StartEdgeConfigurationUpdate"],
    "kinesisvideo.tags": ["TagStream", "TagResource"],
    "kinesisvideo.tag_key_list": ["UntagResource", "UntagStream"],
    "kinesisvideo.current_version": ["UpdateDataRetention", "UpdateStream", "UpdateStreamStorageConfiguration", "UpdateSignalingChannel"],
    "kinesisvideo.operation": ["UpdateDataRetention"],
    "kinesisvideo.data_retention_change_in_hours": ["UpdateDataRetention"],
    "kinesisvideo.media_storage_configuration": ["UpdateMediaStorageConfiguration"],
    "kinesisvideo.stream_storage_configuration": ["UpdateStreamStorageConfiguration"]
  },
  "external_entities": ["kinesisvideo.api_name", "kinesisvideo.current_version", "kinesisvideo.data_retention_change_in_hours", "kinesisvideo.hubdevice_arn", "kinesisvideo.operation", "kinesisvideo.resource_arn", "kinesisvideo.tag_key_list"]
}