{
  "kinesisvideo": {
    "service": "kinesisvideo",
    "total_operations": 32,
    "independent": [
      {
        "operation": "DeleteEdgeConfiguration",
        "python_method": "delete_edge_configuration",
        "yaml_action": "delete_edge_configuration",
        "required_params": [],
        "optional_params": [
          "StreamName",
          "StreamARN"
        ],
        "total_optional": 2,
        "output_fields": {},
        "main_output_field": null,
        "item_fields": []
      },
      {
        "operation": "DescribeEdgeConfiguration",
        "python_method": "describe_edge_configuration",
        "yaml_action": "describe_edge_configuration",
        "required_params": [],
        "optional_params": [
          "StreamName",
          "StreamARN"
        ],
        "total_optional": 2,
        "output_fields": {
          "StreamName": {
            "type": "string",
            "description": "StreamName details",
            "compliance_category": "identity",
            "operators": [
              "equals",
              "not_equals",
              "contains",
              "in",
              "exists"
            ]
          },
          "StreamARN": {
            "type": "string",
            "description": "StreamARN details",
            "compliance_category": "identity",
            "operators": [
              "equals",
              "not_equals",
              "contains",
              "in",
              "exists"
            ]
          },
          "CreationTime": {
            "type": "string",
            "description": "CreationTime details",
            "compliance_category": "general",
            "format": "date-time",
            "operators": [
              "equals",
              "not_equals",
              "contains"
            ]
          },
          "LastUpdatedTime": {
            "type": "string",
            "description": "LastUpdatedTime details",
            "compliance_category": "general",
            "format": "date-time",
            "operators": [
              "equals",
              "not_equals",
              "contains"
            ]
          },
          "SyncStatus": {
            "type": "string",
            "description": "SyncStatus details",
            "compliance_category": "general",
            "format": "date-time",
            "operators": [
              "equals",
              "not_equals",
              "contains"
            ]
          },
          "FailedStatusDetails": {
            "type": "string",
            "description": "FailedStatusDetails details",
            "compliance_category": "general",
            "format": "date-time",
            "operators": [
              "equals",
              "not_equals",
              "contains"
            ]
          },
          "EdgeConfig": {
            "type": "string",
            "description": "EdgeConfig details",
            "compliance_category": "general",
            "operators": [
              "equals",
              "not_equals",
              "contains"
            ]
          },
          "EdgeAgentStatus": {
            "type": "string",
            "description": "EdgeAgentStatus details",
            "compliance_category": "general",
            "format": "date-time",
            "operators": [
              "equals",
              "not_equals",
              "contains"
            ]
          }
        },
        "main_output_field": "EdgeConfig",
        "item_fields": {
          "HubDeviceArn": {
            "type": "string",
            "description": "Hub device arn",
            "compliance_category": "identity",
            "operators": [
              "equals",
              "not_equals",
              "contains",
              "in",
              "exists"
            ]
          },
          "RecorderConfig": {
            "type": "string",
            "description": "Recorder config",
            "compliance_category": "general",
            "format": "date-time"
          },
          "UploaderConfig": {
            "type": "string",
            "description": "Uploader config",
            "compliance_category": "general",
            "format": "date-time"
          },
          "DeletionConfig": {
            "type": "string",
            "description": "Deletion config",
            "compliance_category": "general",
            "format": "date-time"
          }
        }
      },
      {
        "operation": "DescribeImageGenerationConfiguration",
        "python_method": "describe_image_generation_configuration",
        "yaml_action": "describe_image_generation_configuration",
        "required_params": [],
        "optional_params": [
          "StreamName",
          "StreamARN"
        ],
        "total_optional": 2,
        "output_fields": {
          "ImageGenerationConfiguration": {
            "type": "string",
            "description": "ImageGenerationConfiguration details",
            "compliance_category": "general",
            "format": "date-time",
            "operators": [
              "equals",
              "not_equals",
              "contains"
            ]
          }
        },
        "main_output_field": "ImageGenerationConfiguration",
        "item_fields": {
          "Status": {
            "type": "string",
            "description": "Status",
            "compliance_category": "general",
            "format": "date-time"
          },
          "ImageSelectorType": {
            "type": "string",
            "description": "Image selector type",
            "compliance_category": "general"
          },
          "DestinationConfig": {
            "type": "string",
            "description": "Destination config",
            "compliance_category": "general",
            "format": "date-time"
          },
          "SamplingInterval": {
            "type": "string",
            "description": "Sampling interval",
            "compliance_category": "general"
          },
          "Format": {
            "type": "string",
            "description": "Format",
            "compliance_category": "general",
            "format": "date-time"
          },
          "FormatConfig": {
            "type": "string",
            "description": "Format config",
            "compliance_category": "general",
            "format": "date-time"
          },
          "WidthPixels": {
            "type": "string",
            "description": "Width pixels",
            "compliance_category": "identity",
            "operators": [
              "equals",
              "not_equals",
              "in",
              "exists"
            ]
          },
          "HeightPixels": {
            "type": "string",
            "description": "Height pixels",
            "compliance_category": "general"
          }
        }
      },
      {
        "operation": "DescribeMappedResourceConfiguration",
        "python_method": "describe_mapped_resource_configuration",
        "yaml_action": "describe_mapped_resource_configuration",
        "required_params": [],
        "optional_params": [
          "StreamName",
          "StreamARN",
          "MaxResults",
          "NextToken"
        ],
        "total_optional": 4,
        "output_fields": {
          "MappedResourceConfigurationList": {
            "type": "boolean",
            "description": "MappedResourceConfigurationList details",
            "compliance_category": "general",
            "operators": [
              "equals",
              "not_equals",
              "contains"
            ]
          },
          "NextToken": {
            "type": "string",
            "description": "NextToken details",
            "compliance_category": "general",
            "operators": [
              "equals",
              "not_equals",
              "contains"
            ],
            "security_impact": "high"
          }
        },
        "main_output_field": "MappedResourceConfigurationList",
        "item_fields": {
          "Type": {
            "type": "string",
            "description": "Type",
            "compliance_category": "general"
          },
          "ARN": {
            "type": "string",
            "description": "Arn",
            "compliance_category": "identity",
            "operators": [
              "equals",
              "not_equals",
              "contains",
              "in",
              "exists"
            ]
          }
        }
      },
      {
        "operation": "DescribeMediaStorageConfiguration",
        "python_method": "describe_media_storage_configuration",
        "yaml_action": "describe_media_storage_configuration",
        "required_params": [],
        "optional_params": [
          "ChannelName",
          "ChannelARN"
        ],
        "total_optional": 2,
        "output_fields": {
          "MediaStorageConfiguration": {
            "type": "string",
            "description": "MediaStorageConfiguration details",
            "compliance_category": "general",
            "format": "date-time",
            "operators": [
              "equals",
              "not_equals",
              "contains"
            ]
          }
        },
        "main_output_field": "MediaStorageConfiguration",
        "item_fields": {
          "StreamARN": {
            "type": "string",
            "description": "Stream arn",
            "compliance_category": "identity",
            "operators": [
              "equals",
              "not_equals",
              "contains",
              "in",
              "exists"
            ]
          },
          "Status": {
            "type": "string",
            "description": "Status",
            "compliance_category": "general",
            "format": "date-time"
          }
        }
      },
      {
        "operation": "DescribeNotificationConfiguration",
        "python_method": "describe_notification_configuration",
        "yaml_action": "describe_notification_configuration",
        "required_params": [],
        "optional_params": [
          "StreamName",
          "StreamARN"
        ],
        "total_optional": 2,
        "output_fields": {
          "NotificationConfiguration": {
            "type": "string",
            "description": "NotificationConfiguration details",
            "compliance_category": "general",
            "format": "date-time",
            "operators": [
              "equals",
              "not_equals",
              "contains"
            ]
          }
        },
        "main_output_field": "NotificationConfiguration",
        "item_fields": {
          "Status": {
            "type": "string",
            "description": "Status",
            "compliance_category": "general",
            "format": "date-time"
          },
          "DestinationConfig": {
            "type": "string",
            "description": "Destination config",
            "compliance_category": "general",
            "format": "date-time"
          }
        }
      },
      {
        "operation": "DescribeSignalingChannel",
        "python_method": "describe_signaling_channel",
        "yaml_action": "describe_signaling_channel",
        "required_params": [],
        "optional_params": [
          "ChannelName",
          "ChannelARN"
        ],
        "total_optional": 2,
        "output_fields": {
          "ChannelInfo": {
            "type": "string",
            "description": "ChannelInfo details",
            "compliance_category": "general",
            "operators": [
              "equals",
              "not_equals",
              "contains"
            ]
          }
        },
        "main_output_field": "ChannelInfo",
        "item_fields": {
          "ChannelName": {
            "type": "string",
            "description": "Channel name",
            "compliance_category": "general"
          },
          "ChannelARN": {
            "type": "string",
            "description": "Channel arn",
            "compliance_category": "identity",
            "operators": [
              "equals",
              "not_equals",
              "contains",
              "in",
              "exists"
            ]
          },
          "ChannelType": {
            "type": "string",
            "description": "Channel type",
            "compliance_category": "general"
          },
          "ChannelStatus": {
            "type": "string",
            "description": "Channel status",
            "compliance_category": "general",
            "format": "date-time"
          },
          "CreationTime": {
            "type": "string",
            "description": "Creation time",
            "compliance_category": "general",
            "format": "date-time"
          },
          "SingleMasterConfiguration": {
            "type": "string",
            "description": "Single master configuration",
            "compliance_category": "general",
            "format": "date-time"
          },
          "Version": {
            "type": "string",
            "description": "Version",
            "compliance_category": "general",
            "format": "date-time"
          }
        }
      },
      {
        "operation": "DescribeStream",
        "python_method": "describe_stream",
        "yaml_action": "describe_stream",
        "required_params": [],
        "optional_params": [
          "StreamName",
          "StreamARN"
        ],
        "total_optional": 2,
        "output_fields": {
          "StreamInfo": {
            "type": "integer",
            "description": "StreamInfo details",
            "compliance_category": "general",
            "operators": [
              "equals",
              "not_equals",
              "contains"
            ]
          }
        },
        "main_output_field": "StreamInfo",
        "item_fields": {
          "DeviceName": {
            "type": "string",
            "description": "Device name",
            "compliance_category": "general"
          },
          "StreamName": {
            "type": "string",
            "description": "Stream name",
            "compliance_category": "general"
          },
          "StreamARN": {
            "type": "string",
            "description": "Stream arn",
            "compliance_category": "identity",
            "operators": [
              "equals",
              "not_equals",
              "contains",
              "in",
              "exists"
            ]
          },
          "MediaType": {
            "type": "string",
            "description": "Media type",
            "compliance_category": "general",
            "format": "date-time"
          },
          "KmsKeyId": {
            "type": "string",
            "description": "Kms key id",
            "compliance_category": "identity",
            "operators": [
              "equals",
              "not_equals",
              "in",
              "exists"
            ]
          },
          "Version": {
            "type": "string",
            "description": "Version",
            "compliance_category": "general",
            "format": "date-time"
          },
          "Status": {
            "type": "string",
            "description": "Status",
            "compliance_category": "general",
            "format": "date-time"
          },
          "CreationTime": {
            "type": "string",
            "description": "Creation time",
            "compliance_category": "general",
            "format": "date-time"
          },
          "DataRetentionInHours": {
            "type": "string",
            "description": "Data retention in hours",
            "compliance_category": "general",
            "format": "date-time"
          }
        }
      },
      {
        "operation": "DescribeStreamStorageConfiguration",
        "python_method": "describe_stream_storage_configuration",
        "yaml_action": "describe_stream_storage_configuration",
        "required_params": [],
        "optional_params": [
          "StreamName",
          "StreamARN"
        ],
        "total_optional": 2,
        "output_fields": {
          "StreamName": {
            "type": "string",
            "description": "StreamName details",
            "compliance_category": "identity",
            "operators": [
              "equals",
              "not_equals",
              "contains",
              "in",
              "exists"
            ]
          },
          "StreamARN": {
            "type": "string",
            "description": "StreamARN details",
            "compliance_category": "identity",
            "operators": [
              "equals",
              "not_equals",
              "contains",
              "in",
              "exists"
            ]
          },
          "StreamStorageConfiguration": {
            "type": "string",
            "description": "StreamStorageConfiguration details",
            "compliance_category": "general",
            "format": "date-time",
            "operators": [
              "equals",
              "not_equals",
              "contains"
            ]
          }
        },
        "main_output_field": "StreamStorageConfiguration",
        "item_fields": {
          "DefaultStorageTier": {
            "type": "string",
            "description": "Default storage tier",
            "compliance_category": "general"
          }
        }
      },
      {
        "operation": "ListSignalingChannels",
        "python_method": "list_signaling_channels",
        "yaml_action": "list_signaling_channels",
        "required_params": [],
        "optional_params": [
          "MaxResults",
          "NextToken",
          "ChannelNameCondition"
        ],
        "total_optional": 3,
        "output_fields": {
          "ChannelInfoList": {
            "type": "boolean",
            "description": "ChannelInfoList details",
            "compliance_category": "general",
            "operators": [
              "equals",
              "not_equals",
              "contains"
            ]
          },
          "NextToken": {
            "type": "string",
            "description": "NextToken details",
            "compliance_category": "general",
            "operators": [
              "equals",
              "not_equals",
              "contains"
            ],
            "security_impact": "high"
          }
        },
        "main_output_field": "ChannelInfoList",
        "item_fields": {
          "ChannelName": {
            "type": "string",
            "description": "Channel name",
            "compliance_category": "general"
          },
          "ChannelARN": {
            "type": "string",
            "description": "Channel arn",
            "compliance_category": "identity",
            "operators": [
              "equals",
              "not_equals",
              "contains",
              "in",
              "exists"
            ]
          },
          "ChannelType": {
            "type": "string",
            "description": "Channel type",
            "compliance_category": "general"
          },
          "ChannelStatus": {
            "type": "string",
            "description": "Channel status",
            "compliance_category": "general",
            "format": "date-time"
          },
          "CreationTime": {
            "type": "string",
            "description": "Creation time",
            "compliance_category": "general",
            "format": "date-time"
          },
          "SingleMasterConfiguration": {
            "type": "string",
            "description": "Single master configuration",
            "compliance_category": "general",
            "format": "date-time"
          },
          "Version": {
            "type": "string",
            "description": "Version",
            "compliance_category": "general",
            "format": "date-time"
          }
        }
      },
      {
        "operation": "ListStreams",
        "python_method": "list_streams",
        "yaml_action": "list_streams",
        "required_params": [],
        "optional_params": [
          "MaxResults",
          "NextToken",
          "StreamNameCondition"
        ],
        "total_optional": 3,
        "output_fields": {
          "StreamInfoList": {
            "type": "boolean",
            "description": "StreamInfoList details",
            "compliance_category": "general",
            "operators": [
              "equals",
              "not_equals",
              "contains"
            ]
          },
          "NextToken": {
            "type": "string",
            "description": "NextToken details",
            "compliance_category": "general",
            "operators": [
              "equals",
              "not_equals",
              "contains"
            ],
            "security_impact": "high"
          }
        },
        "main_output_field": "StreamInfoList",
        "item_fields": {
          "DeviceName": {
            "type": "string",
            "description": "Device name",
            "compliance_category": "general"
          },
          "StreamName": {
            "type": "string",
            "description": "Stream name",
            "compliance_category": "general"
          },
          "StreamARN": {
            "type": "string",
            "description": "Stream arn",
            "compliance_category": "identity",
            "operators": [
              "equals",
              "not_equals",
              "contains",
              "in",
              "exists"
            ]
          },
          "MediaType": {
            "type": "string",
            "description": "Media type",
            "compliance_category": "general",
            "format": "date-time"
          },
          "KmsKeyId": {
            "type": "string",
            "description": "Kms key id",
            "compliance_category": "identity",
            "operators": [
              "equals",
              "not_equals",
              "in",
              "exists"
            ]
          },
          "Version": {
            "type": "string",
            "description": "Version",
            "compliance_category": "general",
            "format": "date-time"
          },
          "Status": {
            "type": "string",
            "description": "Status",
            "compliance_category": "general",
            "format": "date-time"
          },
          "CreationTime": {
            "type": "string",
            "description": "Creation time",
            "compliance_category": "general",
            "format": "date-time"
          },
          "DataRetentionInHours": {
            "type": "string",
            "description": "Data retention in hours",
            "compliance_category": "general",
            "format": "date-time"
          }
        }
      },
      {
        "operation": "ListTagsForStream",
        "python_method": "list_tags_for_stream",
        "yaml_action": "list_tags_for_stream",
        "required_params": [],
        "optional_params": [
          "NextToken",
          "StreamARN",
          "StreamName"
        ],
        "total_optional": 3,
        "output_fields": {
          "NextToken": {
            "type": "string",
            "description": "NextToken details",
            "compliance_category": "general",
            "operators": [
              "equals",
              "not_equals",
              "contains"
            ],
            "security_impact": "high"
          },
          "Tags": {
            "type": "string",
            "description": "Tags details",
            "compliance_category": "general",
            "operators": [
              "equals",
              "not_equals",
              "contains"
            ]
          }
        },
        "main_output_field": "NextToken",
        "item_fields": []
      },
      {
        "operation": "UpdateImageGenerationConfiguration",
        "python_method": "update_image_generation_configuration",
        "yaml_action": "update_image_generation_configuration",
        "required_params": [],
        "optional_params": [
          "StreamName",
          "StreamARN",
          "ImageGenerationConfiguration"
        ],
        "total_optional": 3,
        "output_fields": {},
        "main_output_field": null,
        "item_fields": []
      },
      {
        "operation": "UpdateNotificationConfiguration",
        "python_method": "update_notification_configuration",
        "yaml_action": "update_notification_configuration",
        "required_params": [],
        "optional_params": [
          "StreamName",
          "StreamARN",
          "NotificationConfiguration"
        ],
        "total_optional": 3,
        "output_fields": {},
        "main_output_field": null,
        "item_fields": []
      }
    ],
    "dependent": [
      {
        "operation": "CreateSignalingChannel",
        "python_method": "create_signaling_channel",
        "yaml_action": "create_signaling_channel",
        "required_params": [
          "ChannelName"
        ],
        "optional_params": [
          "ChannelType",
          "SingleMasterConfiguration",
          "Tags"
        ],
        "total_optional": 3,
        "output_fields": {
          "ChannelARN": {
            "type": "string",
            "description": "ChannelARN details",
            "compliance_category": "identity",
            "operators": [
              "equals",
              "not_equals",
              "contains",
              "in",
              "exists"
            ]
          }
        },
        "main_output_field": "ChannelARN",
        "item_fields": []
      },
      {
        "operation": "CreateStream",
        "python_method": "create_stream",
        "yaml_action": "create_stream",
        "required_params": [
          "StreamName"
        ],
        "optional_params": [
          "DeviceName",
          "MediaType",
          "KmsKeyId",
          "DataRetentionInHours",
          "Tags"
        ],
        "total_optional": 6,
        "output_fields": {
          "StreamARN": {
            "type": "string",
            "description": "StreamARN details",
            "compliance_category": "identity",
            "operators": [
              "equals",
              "not_equals",
              "contains",
              "in",
              "exists"
            ]
          }
        },
        "main_output_field": "StreamARN",
        "item_fields": []
      },
      {
        "operation": "DeleteSignalingChannel",
        "python_method": "delete_signaling_channel",
        "yaml_action": "delete_signaling_channel",
        "required_params": [
          "ChannelARN"
        ],
        "optional_params": [
          "CurrentVersion"
        ],
        "total_optional": 1,
        "output_fields": {},
        "main_output_field": null,
        "item_fields": []
      },
      {
        "operation": "DeleteStream",
        "python_method": "delete_stream",
        "yaml_action": "delete_stream",
        "required_params": [
          "StreamARN"
        ],
        "optional_params": [
          "CurrentVersion"
        ],
        "total_optional": 1,
        "output_fields": {},
        "main_output_field": null,
        "item_fields": []
      },
      {
        "operation": "GetDataEndpoint",
        "python_method": "get_data_endpoint",
        "yaml_action": "get_data_endpoint",
        "required_params": [
          "APIName"
        ],
        "optional_params": [
          "StreamName",
          "StreamARN"
        ],
        "total_optional": 2,
        "output_fields": {
          "DataEndpoint": {
            "type": "string",
            "description": "DataEndpoint details",
            "compliance_category": "general",
            "format": "date-time",
            "operators": [
              "equals",
              "not_equals",
              "contains"
            ]
          }
        },
        "main_output_field": "DataEndpoint",
        "item_fields": []
      },
      {
        "operation": "GetSignalingChannelEndpoint",
        "python_method": "get_signaling_channel_endpoint",
        "yaml_action": "get_signaling_channel_endpoint",
        "required_params": [
          "ChannelARN"
        ],
        "optional_params": [
          "SingleMasterChannelEndpointConfiguration"
        ],
        "total_optional": 1,
        "output_fields": {
          "ResourceEndpointList": {
            "type": "boolean",
            "description": "ResourceEndpointList details",
            "compliance_category": "general",
            "operators": [
              "equals",
              "not_equals",
              "contains"
            ]
          }
        },
        "main_output_field": "ResourceEndpointList",
        "item_fields": {
          "Protocol": {
            "type": "string",
            "description": "Protocol",
            "compliance_category": "general"
          },
          "ResourceEndpoint": {
            "type": "string",
            "description": "Resource endpoint",
            "compliance_category": "general"
          }
        }
      },
      {
        "operation": "ListEdgeAgentConfigurations",
        "python_method": "list_edge_agent_configurations",
        "yaml_action": "list_edge_agent_configurations",
        "required_params": [
          "HubDeviceArn"
        ],
        "optional_params": [
          "MaxResults",
          "NextToken"
        ],
        "total_optional": 2,
        "output_fields": {
          "EdgeConfigs": {
            "type": "string",
            "description": "EdgeConfigs details",
            "compliance_category": "general",
            "operators": [
              "equals",
              "not_equals",
              "contains"
            ]
          },
          "NextToken": {
            "type": "string",
            "description": "NextToken details",
            "compliance_category": "general",
            "operators": [
              "equals",
              "not_equals",
              "contains"
            ],
            "security_impact": "high"
          }
        },
        "main_output_field": "EdgeConfigs",
        "item_fields": {
          "StreamName": {
            "type": "string",
            "description": "Stream name",
            "compliance_category": "general"
          },
          "StreamARN": {
            "type": "string",
            "description": "Stream arn",
            "compliance_category": "identity",
            "operators": [
              "equals",
              "not_equals",
              "contains",
              "in",
              "exists"
            ]
          },
          "CreationTime": {
            "type": "string",
            "description": "Creation time",
            "compliance_category": "general",
            "format": "date-time"
          },
          "LastUpdatedTime": {
            "type": "string",
            "description": "Last updated time",
            "compliance_category": "general",
            "format": "date-time"
          },
          "SyncStatus": {
            "type": "string",
            "description": "Sync status",
            "compliance_category": "general",
            "format": "date-time"
          },
          "FailedStatusDetails": {
            "type": "string",
            "description": "Failed status details",
            "compliance_category": "general",
            "format": "date-time"
          },
          "EdgeConfig": {
            "type": "string",
            "description": "Edge config",
            "compliance_category": "general",
            "format": "date-time"
          }
        }
      },
      {
        "operation": "ListTagsForResource",
        "python_method": "list_tags_for_resource",
        "yaml_action": "list_tags_for_resource",
        "required_params": [
          "ResourceARN"
        ],
        "optional_params": [
          "NextToken"
        ],
        "total_optional": 1,
        "output_fields": {
          "NextToken": {
            "type": "string",
            "description": "NextToken details",
            "compliance_category": "general",
            "operators": [
              "equals",
              "not_equals",
              "contains"
            ],
            "security_impact": "high"
          },
          "Tags": {
            "type": "string",
            "description": "Tags details",
            "compliance_category": "general",
            "operators": [
              "equals",
              "not_equals",
              "contains"
            ]
          }
        },
        "main_output_field": "NextToken",
        "item_fields": []
      },
      {
        "operation": "StartEdgeConfigurationUpdate",
        "python_method": "start_edge_configuration_update",
        "yaml_action": "start_edge_configuration_update",
        "required_params": [
          "EdgeConfig"
        ],
        "optional_params": [
          "StreamName",
          "StreamARN"
        ],
        "total_optional": 2,
        "output_fields": {
          "StreamName": {
            "type": "string",
            "description": "StreamName details",
            "compliance_category": "identity",
            "operators": [
              "equals",
              "not_equals",
              "contains",
              "in",
              "exists"
            ]
          },
          "StreamARN": {
            "type": "string",
            "description": "StreamARN details",
            "compliance_category": "identity",
            "operators": [
              "equals",
              "not_equals",
              "contains",
              "in",
              "exists"
            ]
          },
          "CreationTime": {
            "type": "string",
            "description": "CreationTime details",
            "compliance_category": "general",
            "format": "date-time",
            "operators": [
              "equals",
              "not_equals",
              "contains"
            ]
          },
          "LastUpdatedTime": {
            "type": "string",
            "description": "LastUpdatedTime details",
            "compliance_category": "general",
            "format": "date-time",
            "operators": [
              "equals",
              "not_equals",
              "contains"
            ]
          },
          "SyncStatus": {
            "type": "string",
            "description": "SyncStatus details",
            "compliance_category": "general",
            "format": "date-time",
            "operators": [
              "equals",
              "not_equals",
              "contains"
            ]
          },
          "FailedStatusDetails": {
            "type": "string",
            "description": "FailedStatusDetails details",
            "compliance_category": "general",
            "format": "date-time",
            "operators": [
              "equals",
              "not_equals",
              "contains"
            ]
          },
          "EdgeConfig": {
            "type": "string",
            "description": "EdgeConfig details",
            "compliance_category": "general",
            "operators": [
              "equals",
              "not_equals",
              "contains"
            ]
          }
        },
        "main_output_field": "EdgeConfig",
        "item_fields": {
          "HubDeviceArn": {
            "type": "string",
            "description": "Hub device arn",
            "compliance_category": "identity",
            "operators": [
              "equals",
              "not_equals",
              "contains",
              "in",
              "exists"
            ]
          },
          "RecorderConfig": {
            "type": "string",
            "description": "Recorder config",
            "compliance_category": "general",
            "format": "date-time"
          },
          "UploaderConfig": {
            "type": "string",
            "description": "Uploader config",
            "compliance_category": "general",
            "format": "date-time"
          },
          "DeletionConfig": {
            "type": "string",
            "description": "Deletion config",
            "compliance_category": "general",
            "format": "date-time"
          }
        }
      },
      {
        "operation": "TagResource",
        "python_method": "tag_resource",
        "yaml_action": "tag_resource",
        "required_params": [
          "ResourceARN",
          "Tags"
        ],
        "optional_params": [],
        "total_optional": 0,
        "output_fields": {},
        "main_output_field": null,
        "item_fields": []
      },
      {
        "operation": "TagStream",
        "python_method": "tag_stream",
        "yaml_action": "tag_stream",
        "required_params": [
          "Tags"
        ],
        "optional_params": [
          "StreamARN",
          "StreamName"
        ],
        "total_optional": 2,
        "output_fields": {},
        "main_output_field": null,
        "item_fields": []
      },
      {
        "operation": "UntagResource",
        "python_method": "untag_resource",
        "yaml_action": "untag_resource",
        "required_params": [
          "ResourceARN",
          "TagKeyList"
        ],
        "optional_params": [],
        "total_optional": 0,
        "output_fields": {},
        "main_output_field": null,
        "item_fields": []
      },
      {
        "operation": "UntagStream",
        "python_method": "untag_stream",
        "yaml_action": "untag_stream",
        "required_params": [
          "TagKeyList"
        ],
        "optional_params": [
          "StreamARN",
          "StreamName"
        ],
        "total_optional": 2,
        "output_fields": {},
        "main_output_field": null,
        "item_fields": []
      },
      {
        "operation": "UpdateDataRetention",
        "python_method": "update_data_retention",
        "yaml_action": "update_data_retention",
        "required_params": [
          "CurrentVersion",
          "Operation",
          "DataRetentionChangeInHours"
        ],
        "optional_params": [
          "StreamName",
          "StreamARN"
        ],
        "total_optional": 2,
        "output_fields": {},
        "main_output_field": null,
        "item_fields": []
      },
      {
        "operation": "UpdateMediaStorageConfiguration",
        "python_method": "update_media_storage_configuration",
        "yaml_action": "update_media_storage_configuration",
        "required_params": [
          "ChannelARN",
          "MediaStorageConfiguration"
        ],
        "optional_params": [],
        "total_optional": 0,
        "output_fields": {},
        "main_output_field": null,
        "item_fields": []
      },
      {
        "operation": "UpdateSignalingChannel",
        "python_method": "update_signaling_channel",
        "yaml_action": "update_signaling_channel",
        "required_params": [
          "ChannelARN",
          "CurrentVersion"
        ],
        "optional_params": [
          "SingleMasterConfiguration"
        ],
        "total_optional": 1,
        "output_fields": {},
        "main_output_field": null,
        "item_fields": []
      },
      {
        "operation": "UpdateStream",
        "python_method": "update_stream",
        "yaml_action": "update_stream",
        "required_params": [
          "CurrentVersion"
        ],
        "optional_params": [
          "StreamName",
          "StreamARN",
          "DeviceName",
          "MediaType"
        ],
        "total_optional": 4,
        "output_fields": {},
        "main_output_field": null,
        "item_fields": []
      },
      {
        "operation": "UpdateStreamStorageConfiguration",
        "python_method": "update_stream_storage_configuration",
        "yaml_action": "update_stream_storage_configuration",
        "required_params": [
          "CurrentVersion",
          "StreamStorageConfiguration"
        ],
        "optional_params": [
          "StreamName",
          "StreamARN"
        ],
        "total_optional": 2,
        "output_fields": {},
        "main_output_field": null,
        "item_fields": []
      }
    ],
    "independent_count": 14,
    "dependent_count": 18
  }
}