{
  "service": "kinesisvideo",
  "version": "1.0",
  "kind_rules": {
    "read_list": ["List"],
    "read_get": ["Get", "Describe"],
    "write_create": ["Create", "Start", "Generate", "Import", "Enable", "Register"],
    "write_update": ["Update", "Modify", "Put", "Set", "Change", "Reset", "Patch"],
    "write_delete": ["Delete", "Remove", "Terminate", "Destroy", "Disable", "Detach", "Disassociate", "Untag", "Revoke"],
    "write_apply": ["Apply", "Attach", "Associate", "Add", "Tag", "Authorize", "Unauthorize", "Grant"],
    "other": ["default"]
  },
  "entity_aliases": {
    "kinesisvideo.edge_config_stream_arn": "kinesisvideo.stream_arn",
    "kinesisvideo.media_storage_configuration_stream_arn": "kinesisvideo.stream_arn",
    "kinesisvideo.channel_info_channel_name": "kinesisvideo.channel_name",
    "kinesisvideo.stream_info_stream_arn": "kinesisvideo.stream_arn",
    "kinesisvideo.channel_info_channel_arn": "kinesisvideo.channel_arn",
    "kinesisvideo.edge_config_stream_name": "kinesisvideo.stream_name",
    "kinesisvideo.stream_info_stream_name": "kinesisvideo.stream_name",
    "kinesisvideo.channel_info_single_master_configuration": "kinesisvideo.channel_single_master_configuration",
    "kinesisvideo.channel_info_creation_time": "kinesisvideo.channel_creation_time",
    "kinesisvideo.stream_info_kms_key_id": "kinesisvideo.stream_kms_key_id",
    "kinesisvideo.stream_info_data_retention_in_hours": "kinesisvideo.stream_data_retention_in_hours",
    "kinesisvideo.stream_info_media_type": "kinesisvideo.stream_media_type",
    "kinesisvideo.stream_info_creation_time": "kinesisvideo.stream_creation_time",
    "kinesisvideo.channel_info_version": "kinesisvideo.channel_version",
    "kinesisvideo.stream_info_list": "kinesisvideo.stream_info",
    "kinesisvideo.channel_info_list": "kinesisvideo.channel_info",
    "kinesisvideo.stream_info_version": "kinesisvideo.stream_version",
    "kinesisvideo.stream_info_device_name": "kinesisvideo.stream_device_name"
  },
  "overrides": {},
  "operations": {
    "DeleteEdgeConfiguration": {
      "kind": "write_delete",
      "side_effect": true,
      "sdk": {"client": "kinesisvideo", "method": "delete_edge_configuration"},
      "consumes": [],
      "produces": [],
      "notes": ""
    },
    "DescribeEdgeConfiguration": {
      "kind": "read_get",
      "side_effect": false,
      "sdk": {"client": "kinesisvideo", "method": "describe_edge_configuration"},
      "consumes": [],
      "produces": [{"entity": "kinesisvideo.stream_name", "source": "output", "path": "StreamName"}, {"entity": "kinesisvideo.stream_arn", "source": "output", "path": "StreamARN"}, {"entity": "kinesisvideo.creation_time", "source": "output", "path": "CreationTime"}, {"entity": "kinesisvideo.last_updated_time", "source": "output", "path": "LastUpdatedTime"}, {"entity": "kinesisvideo.sync_status", "source": "output", "path": "SyncStatus"}, {"entity": "kinesisvideo.failed_status_details", "source": "output", "path": "FailedStatusDetails"}, {"entity": "kinesisvideo.edge_config", "source": "output", "path": "EdgeConfig"}, {"entity": "kinesisvideo.edge_agent_status", "source": "output", "path": "EdgeAgentStatus"}, {"entity": "kinesisvideo.edge_config_hub_device_arn", "source": "item", "path": "EdgeConfig.HubDeviceArn"}, {"entity": "kinesisvideo.edge_config_recorder_config", "source": "item", "path": "EdgeConfig.RecorderConfig"}, {"entity": "kinesisvideo.edge_config_uploader_config", "source": "item", "path": "EdgeConfig.UploaderConfig"}, {"entity": "kinesisvideo.edge_config_deletion_config", "source": "item", "path": "EdgeConfig.DeletionConfig"}],
      "notes": ""
    },
    "DescribeImageGenerationConfiguration": {
      "kind": "read_get",
      "side_effect": false,
      "sdk": {"client": "kinesisvideo", "method": "describe_image_generation_configuration"},
      "consumes": [],
      "produces": [{"entity": "kinesisvideo.image_generation_configuration", "source": "output", "path": "ImageGenerationConfiguration"}, {"entity": "kinesisvideo.image_generation_configuration_status", "source": "item", "path": "ImageGenerationConfiguration.Status"}, {"entity": "kinesisvideo.image_generation_configuration_image_selector_type", "source": "item", "path": "ImageGenerationConfiguration.ImageSelectorType"}, {"entity": "kinesisvideo.image_generation_configuration_destination_config", "source": "item", "path": "ImageGenerationConfiguration.DestinationConfig"}, {"entity": "kinesisvideo.image_generation_configuration_sampling_interval", "source": "item", "path": "ImageGenerationConfiguration.SamplingInterval"}, {"entity": "kinesisvideo.image_generation_configuration_format", "source": "item", "path": "ImageGenerationConfiguration.Format"}, {"entity": "kinesisvideo.image_generation_configuration_format_config", "source": "item", "path": "ImageGenerationConfiguration.FormatConfig"}, {"entity": "kinesisvideo.image_generation_configuration_width_pixels", "source": "item", "path": "ImageGenerationConfiguration.WidthPixels"}, {"entity": "kinesisvideo.image_generation_configuration_height_pixels", "source": "item", "path": "ImageGenerationConfiguration.HeightPixels"}],
      "notes": ""
    },
    "DescribeMappedResourceConfiguration": {
      "kind": "read_get",
      "side_effect": false,
      "sdk": {"client": "kinesisvideo", "method": "describe_mapped_resource_configuration"},
      "consumes": [],
      "produces": [{"entity": "kinesisvideo.mapped_resource_configuration_list", "source": "output", "path": "MappedResourceConfigurationList"}, {"entity": "kinesisvideo.next_token", "source": "output", "path": "NextToken"}, {"entity": "kinesisvideo.mapped_resource_configuration_type", "source": "item", "path": "MappedResourceConfigurationList.Type"}, {"entity": "kinesisvideo.mapped_resource_configuration_arn", "source": "item", "path": "MappedResourceConfigurationList.ARN"}],
      "notes": ""
    },
    "DescribeMediaStorageConfiguration": {
      "kind": "read_get",
      "side_effect": false,
      "sdk": {"client": "kinesisvideo", "method": "describe_media_storage_configuration"},
      "consumes": [],
      "produces": [{"entity": "kinesisvideo.media_storage_configuration", "source": "output", "path": "MediaStorageConfiguration"}, {"entity": "kinesisvideo.stream_arn", "source": "item", "path": "MediaStorageConfiguration.StreamARN"}, {"entity": "kinesisvideo.media_storage_configuration_status", "source": "item", "path": "MediaStorageConfiguration.Status"}],
      "notes": ""
    },
    "DescribeNotificationConfiguration": {
      "kind": "read_get",
      "side_effect": false,
      "sdk": {"client": "kinesisvideo", "method": "describe_notification_configuration"},
      "consumes": [],
      "produces": [{"entity": "kinesisvideo.notification_configuration", "source": "output", "path": "NotificationConfiguration"}, {"entity": "kinesisvideo.notification_configuration_status", "source": "item", "path": "NotificationConfiguration.Status"}, {"entity": "kinesisvideo.notification_configuration_destination_config", "source": "item", "path": "NotificationConfiguration.DestinationConfig"}],
      "notes": ""
    },
    "DescribeSignalingChannel": {
      "kind": "read_get",
      "side_effect": false,
      "sdk": {"client": "kinesisvideo", "method": "describe_signaling_channel"},
      "consumes": [],
      "produces": [{"entity": "kinesisvideo.channel_info", "source": "output", "path": "ChannelInfo"}, {"entity": "kinesisvideo.channel_name", "source": "item", "path": "ChannelInfo.ChannelName"}, {"entity": "kinesisvideo.channel_arn", "source": "item", "path": "ChannelInfo.ChannelARN"}, {"entity": "kinesisvideo.channel_type", "source": "item", "path": "ChannelInfo.ChannelType"}, {"entity": "kinesisvideo.channel_status", "source": "item", "path": "ChannelInfo.ChannelStatus"}, {"entity": "kinesisvideo.channel_creation_time", "source": "item", "path": "ChannelInfo.CreationTime"}, {"entity": "kinesisvideo.channel_single_master_configuration", "source": "item", "path": "ChannelInfo.SingleMasterConfiguration"}, {"entity": "kinesisvideo.channel_version", "source": "item", "path": "ChannelInfo.Version"}],
      "notes": ""
    },
    "DescribeStream": {
      "kind": "read_get",
      "side_effect": false,
      "sdk": {"client": "kinesisvideo", "method": "describe_stream"},
      "consumes": [],
      "produces": [{"entity": "kinesisvideo.stream_info", "source": "output", "path": "StreamInfo"}, {"entity": "kinesisvideo.stream_device_name", "source": "item", "path": "StreamInfo.DeviceName"}, {"entity": "kinesisvideo.stream_name", "source": "item", "path": "StreamInfo.StreamName"}, {"entity": "kinesisvideo.stream_arn", "source": "item", "path": "StreamInfo.StreamARN"}, {"entity": "kinesisvideo.stream_media_type", "source": "item", "path": "StreamInfo.MediaType"}, {"entity": "kinesisvideo.stream_kms_key_id", "source": "item", "path": "StreamInfo.KmsKeyId"}, {"entity": "kinesisvideo.stream_version", "source": "item", "path": "StreamInfo.Version"}, {"entity": "kinesisvideo.stream_status", "source": "item", "path": "StreamInfo.Status"}, {"entity": "kinesisvideo.stream_creation_time", "source": "item", "path": "StreamInfo.CreationTime"}, {"entity": "kinesisvideo.stream_data_retention_in_hours", "source": "item", "path": "StreamInfo.DataRetentionInHours"}],
      "notes": ""
    },
    "DescribeStreamStorageConfiguration": {
      "kind": "read_get",
      "side_effect": false,
      "sdk": {"client": "kinesisvideo", "method": "describe_stream_storage_configuration"},
      "consumes": [],
      "produces": [{"entity": "kinesisvideo.stream_name", "source": "output", "path": "StreamName"}, {"entity": "kinesisvideo.stream_arn", "source": "output", "path": "StreamARN"}, {"entity": "kinesisvideo.stream_storage_configuration", "source": "output", "path": "StreamStorageConfiguration"}, {"entity": "kinesisvideo.stream_storage_configuration_default_storage_tier", "source": "item", "path": "StreamStorageConfiguration.DefaultStorageTier"}],
      "notes": ""
    },
    "ListSignalingChannels": {
      "kind": "read_list",
      "side_effect": false,
      "sdk": {"client": "kinesisvideo", "method": "list_signaling_channels"},
      "consumes": [],
      "produces": [{"entity": "kinesisvideo.channel_info", "source": "output", "path": "ChannelInfoList"}, {"entity": "kinesisvideo.next_token", "source": "output", "path": "NextToken"}, {"entity": "kinesisvideo.channel_name", "source": "item", "path": "ChannelInfoList[].ChannelName"}, {"entity": "kinesisvideo.channel_arn", "source": "item", "path": "ChannelInfoList[].ChannelARN"}, {"entity": "kinesisvideo.channel_info_channel_type", "source": "item", "path": "ChannelInfoList[].ChannelType"}, {"entity": "kinesisvideo.channel_info_channel_status", "source": "item", "path": "ChannelInfoList[].ChannelStatus"}, {"entity": "kinesisvideo.channel_creation_time", "source": "item", "path": "ChannelInfoList[].CreationTime"}, {"entity": "kinesisvideo.channel_single_master_configuration", "source": "item", "path": "ChannelInfoList[].SingleMasterConfiguration"}, {"entity": "kinesisvideo.channel_version", "source": "item", "path": "ChannelInfoList[].Version"}],
      "notes": ""
    },
    "ListStreams": {
      "kind": "read_list",
      "side_effect": false,
      "sdk": {"client": "kinesisvideo", "method": "list_streams"},
      "consumes": [],
      "produces": [{"entity": "kinesisvideo.stream_info", "source": "output", "path": "StreamInfoList"}, {"entity": "kinesisvideo.next_token", "source": "output", "path": "NextToken"}, {"entity": "kinesisvideo.stream_device_name", "source": "item", "path": "StreamInfoList[].DeviceName"}, {"entity": "kinesisvideo.stream_name", "source": "item", "path": "StreamInfoList[].StreamName"}, {"entity": "kinesisvideo.stream_arn", "source": "item", "path": "StreamInfoList[].StreamARN"}, {"entity": "kinesisvideo.stream_media_type", "source": "item", "path": "StreamInfoList[].MediaType"}, {"entity": "kinesisvideo.stream_kms_key_id", "source": "item", "path": "StreamInfoList[].KmsKeyId"}, {"entity": "kinesisvideo.stream_version", "source": "item", "path": "StreamInfoList[].Version"}, {"entity": "kinesisvideo.stream_status", "source": "item", "path": "StreamInfoList[].Status"}, {"entity": "kinesisvideo.stream_creation_time", "source": "item", "path": "StreamInfoList[].CreationTime"}, {"entity": "kinesisvideo.stream_data_retention_in_hours", "source": "item", "path": "StreamInfoList[].DataRetentionInHours"}],
      "notes": ""
    },
    "ListTagsForStream": {
      "kind": "read_list",
      "side_effect": false,
      "sdk": {"client": "kinesisvideo", "method": "list_tags_for_stream"},
      "consumes": [],
      "produces": [{"entity": "kinesisvideo.next_token", "source": "output", "path": "NextToken"}, {"entity": "kinesisvideo.tags", "source": "output", "path": "Tags"}],
      "notes": ""
    },
    "UpdateImageGenerationConfiguration": {
      "kind": "write_update",
      "side_effect": true,
      "sdk": {"client": "kinesisvideo", "method": "update_image_generation_configuration"},
      "consumes": [],
      "produces": [],
      "notes": ""
    },
    "UpdateNotificationConfiguration": {
      "kind": "write_update",
      "side_effect": true,
      "sdk": {"client": "kinesisvideo", "method": "update_notification_configuration"},
      "consumes": [],
      "produces": [],
      "notes": ""
    },
    "CreateSignalingChannel": {
      "kind": "write_create",
      "side_effect": true,
      "sdk": {"client": "kinesisvideo", "method": "create_signaling_channel"},
      "consumes": [{"entity": "kinesisvideo.channel_name", "param": "ChannelName", "required": true, "source": "internal"}],
      "produces": [{"entity": "kinesisvideo.channel_arn", "source": "output", "path": "ChannelARN"}],
      "notes": ""
    },
    "CreateStream": {
      "kind": "write_create",
      "side_effect": true,
      "sdk": {"client": "kinesisvideo", "method": "create_stream"},
      "consumes": [{"entity": "kinesisvideo.stream_name", "param": "StreamName", "required": true, "source": "internal"}],
      "produces": [{"entity": "kinesisvideo.stream_arn", "source": "output", "path": "StreamARN"}],
      "notes": ""
    },
    "DeleteSignalingChannel": {
      "kind": "write_delete",
      "side_effect": true,
      "sdk": {"client": "kinesisvideo", "method": "delete_signaling_channel"},
      "consumes": [{"entity": "kinesisvideo.channel_arn", "param": "ChannelARN", "required": true, "source": "internal"}],
      "produces": [],
      "notes": ""
    },
    "DeleteStream": {
      "kind": "write_delete",
      "side_effect": true,
      "sdk": {"client": "kinesisvideo", "method": "delete_stream"},
      "consumes": [{"entity": "kinesisvideo.stream_arn", "param": "StreamARN", "required": true, "source": "internal"}],
      "produces": [],
      "notes": ""
    },
    "GetDataEndpoint": {
      "kind": "read_get",
      "side_effect": false,
      "sdk": {"client": "kinesisvideo", "method": "get_data_endpoint"},
      "consumes": [{"entity": "kinesisvideo.api_name", "param": "APIName", "required": true, "source": "external"}],
      "produces": [{"entity": "kinesisvideo.data_endpoint", "source": "output", "path": "DataEndpoint"}],
      "notes": ""
    },
    "GetSignalingChannelEndpoint": {
      "kind": "read_get",
      "side_effect": false,
      "sdk": {"client": "kinesisvideo", "method": "get_signaling_channel_endpoint"},
      "consumes": [{"entity": "kinesisvideo.channel_arn", "param": "ChannelARN", "required": true, "source": "internal"}],
      "produces": [{"entity": "kinesisvideo.resource_endpoint_list", "source": "output", "path": "ResourceEndpointList"}, {"entity": "kinesisvideo.resource_endpoint_protocol", "source": "item", "path": "ResourceEndpointList.Protocol"}, {"entity": "kinesisvideo.resource_endpoint_resource_endpoint", "source": "item", "path": "ResourceEndpointList.ResourceEndpoint"}],
      "notes": ""
    },
    "ListEdgeAgentConfigurations": {
      "kind": "read_list",
      "side_effect": false,
      "sdk": {"client": "kinesisvideo", "method": "list_edge_agent_configurations"},
      "consumes": [{"entity": "kinesisvideo.hubdevice_arn", "param": "HubDeviceArn", "required": true, "source": "external"}],
      "produces": [{"entity": "kinesisvideo.edge_configs", "source": "output", "path": "EdgeConfigs"}, {"entity": "kinesisvideo.next_token", "source": "output", "path": "NextToken"}, {"entity": "kinesisvideo.stream_name", "source": "item", "path": "EdgeConfigs[].StreamName"}, {"entity": "kinesisvideo.stream_arn", "source": "item", "path": "EdgeConfigs[].StreamARN"}, {"entity": "kinesisvideo.edge_config_creation_time", "source": "item", "path": "EdgeConfigs[].CreationTime"}, {"entity": "kinesisvideo.edge_config_last_updated_time", "source": "item", "path": "EdgeConfigs[].LastUpdatedTime"}, {"entity": "kinesisvideo.edge_config_sync_status", "source": "item", "path": "EdgeConfigs[].SyncStatus"}, {"entity": "kinesisvideo.edge_config_failed_status_details", "source": "item", "path": "EdgeConfigs[].FailedStatusDetails"}, {"entity": "kinesisvideo.edge_config_edge_config", "source": "item", "path": "EdgeConfigs[].EdgeConfig"}],
      "notes": ""
    },
    "ListTagsForResource": {
      "kind": "read_list",
      "side_effect": false,
      "sdk": {"client": "kinesisvideo", "method": "list_tags_for_resource"},
      "consumes": [{"entity": "kinesisvideo.resource_arn", "param": "ResourceARN", "required": true, "source": "external"}],
      "produces": [{"entity": "kinesisvideo.next_token", "source": "output", "path": "NextToken"}, {"entity": "kinesisvideo.tags", "source": "output", "path": "Tags"}],
      "notes": ""
    },
    "StartEdgeConfigurationUpdate": {
      "kind": "write_create",
      "side_effect": true,
      "sdk": {"client": "kinesisvideo", "method": "start_edge_configuration_update"},
      "consumes": [{"entity": "kinesisvideo.edge_config", "param": "EdgeConfig", "required": true, "source": "internal"}],
      "produces": [{"entity": "kinesisvideo.stream_name", "source": "output", "path": "StreamName"}, {"entity": "kinesisvideo.stream_arn", "source": "output", "path": "StreamARN"}, {"entity": "kinesisvideo.creation_time", "source": "output", "path": "CreationTime"}, {"entity": "kinesisvideo.last_updated_time", "source": "output", "path": "LastUpdatedTime"}, {"entity": "kinesisvideo.sync_status", "source": "output", "path": "SyncStatus"}, {"entity": "kinesisvideo.failed_status_details", "source": "output", "path": "FailedStatusDetails"}, {"entity": "kinesisvideo.edge_config", "source": "output", "path": "EdgeConfig"}, {"entity": "kinesisvideo.edge_config_hub_device_arn", "source": "item", "path": "EdgeConfig.HubDeviceArn"}, {"entity": "kinesisvideo.edge_config_recorder_config", "source": "item", "path": "EdgeConfig.RecorderConfig"}, {"entity": "kinesisvideo.edge_config_uploader_config", "source": "item", "path": "EdgeConfig.UploaderConfig"}, {"entity": "kinesisvideo.edge_config_deletion_config", "source": "item", "path": "EdgeConfig.DeletionConfig"}],
      "notes": ""
    },
    "TagResource": {
      "kind": "write_apply",
      "side_effect": true,
      "sdk": {"client": "kinesisvideo", "method": "tag_resource"},
      "consumes": [{"entity": "kinesisvideo.resource_arn", "param": "ResourceARN", "required": true, "source": "external"}, {"entity": "kinesisvideo.tags", "param": "Tags", "required": true, "source": "internal"}],
      "produces": [],
      "notes": ""
    },
    "TagStream": {
      "kind": "write_apply",
      "side_effect": true,
      "sdk": {"client": "kinesisvideo", "method": "tag_stream"},
      "consumes": [{"entity": "kinesisvideo.tags", "param": "Tags", "required": true, "source": "internal"}],
      "produces": [],
      "notes": ""
    },
    "UntagResource": {
      "kind": "write_delete",
      "side_effect": true,
      "sdk": {"client": "kinesisvideo", "method": "untag_resource"},
      "consumes": [{"entity": "kinesisvideo.resource_arn", "param": "ResourceARN", "required": true, "source": "external"}, {"entity": "kinesisvideo.tag_key_list", "param": "TagKeyList", "required": true, "source": "external"}],
      "produces": [],
      "notes": ""
    },
    "UntagStream": {
      "kind": "write_delete",
      "side_effect": true,
      "sdk": {"client": "kinesisvideo", "method": "untag_stream"},
      "consumes": [{"entity": "kinesisvideo.tag_key_list", "param": "TagKeyList", "required": true, "source": "external"}],
      "produces": [],
      "notes": ""
    },
    "UpdateDataRetention": {
      "kind": "write_update",
      "side_effect": true,
      "sdk": {"client": "kinesisvideo", "method": "update_data_retention"},
      "consumes": [{"entity": "kinesisvideo.current_version", "param": "CurrentVersion", "required": true, "source": "external"}, {"entity": "kinesisvideo.operation", "param": "Operation", "required": true, "source": "external"}, {"entity": "kinesisvideo.data_retention_change_in_hours", "param": "DataRetentionChangeInHours", "required": true, "source": "external"}],
      "produces": [],
      "notes": ""
    },
    "UpdateMediaStorageConfiguration": {
      "kind": "write_update",
      "side_effect": true,
      "sdk": {"client": "kinesisvideo", "method": "update_media_storage_configuration"},
      "consumes": [{"entity": "kinesisvideo.channel_arn", "param": "ChannelARN", "required": true, "source": "internal"}, {"entity": "kinesisvideo.media_storage_configuration", "param": "MediaStorageConfiguration", "required": true, "source": "internal"}],
      "produces": [],
      "notes": ""
    },
    "UpdateSignalingChannel": {
      "kind": "write_update",
      "side_effect": true,
      "sdk": {"client": "kinesisvideo", "method": "update_signaling_channel"},
      "consumes": [{"entity": "kinesisvideo.channel_arn", "param": "ChannelARN", "required": true, "source": "internal"}, {"entity": "kinesisvideo.current_version", "param": "CurrentVersion", "required": true, "source": "external"}],
      "produces": [],
      "notes": ""
    },
    "UpdateStream": {
      "kind": "write_update",
      "side_effect": true,
      "sdk": {"client": "kinesisvideo", "method": "update_stream"},
      "consumes": [{"entity": "kinesisvideo.current_version", "param": "CurrentVersion", "required": true, "source": "external"}],
      "produces": [],
      "notes": ""
    },
    "UpdateStreamStorageConfiguration": {
      "kind": "write_update",
      "side_effect": true,
      "sdk": {"client": "kinesisvideo", "method": "update_stream_storage_configuration"},
      "consumes": [{"entity": "kinesisvideo.current_version", "param": "CurrentVersion", "required": true, "source": "external"}, {"entity": "kinesisvideo.stream_storage_configuration", "param": "StreamStorageConfiguration", "required": true, "source": "internal"}],
      "produces": [],
      "notes": ""
    }
  }
}