{
  "service": "personalize",
  "seed_from_list": [
    "batchInferenceJobArn",
    "batchInferenceJobMode",
    "batchSegmentJobArn",
    "campaignArn",
    "creationDateTime",
    "dataDeletionJobArn",
    "datasetArn",
    "datasetExportJobArn",
    "datasetGroupArn",
    "datasetImportJobArn",
    "datasetType",
    "domain",
    "eventTrackerArn",
    "eventType",
    "expression",
    "failureReason",
    "filterArn",
    "importMode",
    "jobName",
    "lastUpdatedDateTime",
    "metricAttributionArn",
    "metricName",
    "name",
    "recipeArn",
    "recommenderArn",
    "recommenderConfig",
    "schemaArn",
    "solutionArn",
    "solutionVersionArn",
    "status",
    "tagKey",
    "tagValue",
    "trainingMode",
    "trainingType"
  ],
  "enriched_from_get_describe": [
    "accountId",
    "algorithm",
    "algorithmArn",
    "algorithmImage",
    "autoMLResult",
    "batchInferenceJob",
    "batchInferenceJobArn",
    "batchInferenceJobConfig",
    "batchInferenceJobMode",
    "batchSegmentJob",
    "batchSegmentJobArn",
    "campaign",
    "campaignArn",
    "campaignConfig",
    "creationDateTime",
    "dataDeletionJob",
    "dataDeletionJobArn",
    "dataSource",
    "dataset",
    "datasetArn",
    "datasetExportJob",
    "datasetExportJobArn",
    "datasetGroup",
    "datasetGroupArn",
    "datasetImportJob",
    "datasetImportJobArn",
    "datasetType",
    "defaultHyperParameterRanges",
    "defaultHyperParameters",
    "defaultParameters",
    "defaultResourceConfig",
    "description",
    "domain",
    "eventTracker",
    "eventTrackerArn",
    "eventType",
    "failureReason",
    "featureTransformation",
    "featureTransformationArn",
    "filter",
    "filterArn",
    "filterExpression",
    "importMode",
    "ingestionMode",
    "jobInput",
    "jobName",
    "jobOutput",
    "kmsKeyArn",
    "lastUpdatedDateTime",
    "latestCampaignUpdate",
    "latestDatasetUpdate",
    "latestRecommenderUpdate",
    "latestSolutionUpdate",
    "latestSolutionVersion",
    "metricAttribution",
    "metricAttributionArn",
    "metrics",
    "metricsOutputConfig",
    "minProvisionedTPS",
    "modelMetrics",
    "name",
    "numDeleted",
    "numResults",
    "performAutoML",
    "performAutoTraining",
    "performHPO",
    "publishAttributionMetricsToS3",
    "recipe",
    "recipeArn",
    "recipeType",
    "recommender",
    "recommenderArn",
    "recommenderConfig",
    "roleArn",
    "schema",
    "schemaArn",
    "solution",
    "solutionArn",
    "solutionConfig",
    "solutionVersion",
    "solutionVersionArn",
    "status",
    "themeGenerationConfig",
    "trackingId",
    "trainingHours",
    "trainingInputMode",
    "trainingMode",
    "trainingType",
    "tunedHPOParams"
  ],
  "final_union": [
    "accountId",
    "algorithm",
    "algorithmArn",
    "algorithmImage",
    "autoMLResult",
    "batchInferenceJob",
    "batchInferenceJobArn",
    "batchInferenceJobConfig",
    "batchInferenceJobMode",
    "batchSegmentJob",
    "batchSegmentJobArn",
    "campaign",
    "campaignArn",
    "campaignConfig",
    "creationDateTime",
    "dataDeletionJob",
    "dataDeletionJobArn",
    "dataSource",
    "dataset",
    "datasetArn",
    "datasetExportJob",
    "datasetExportJobArn",
    "datasetGroup",
    "datasetGroupArn",
    "datasetImportJob",
    "datasetImportJobArn",
    "datasetType",
    "defaultHyperParameterRanges",
    "defaultHyperParameters",
    "defaultParameters",
    "defaultResourceConfig",
    "description",
    "domain",
    "eventTracker",
    "eventTrackerArn",
    "eventType",
    "expression",
    "failureReason",
    "featureTransformation",
    "featureTransformationArn",
    "filter",
    "filterArn",
    "filterExpression",
    "importMode",
    "ingestionMode",
    "jobInput",
    "jobName",
    "jobOutput",
    "kmsKeyArn",
    "lastUpdatedDateTime",
    "latestCampaignUpdate",
    "latestDatasetUpdate",
    "latestRecommenderUpdate",
    "latestSolutionUpdate",
    "latestSolutionVersion",
    "metricAttribution",
    "metricAttributionArn",
    "metricName",
    "metrics",
    "metricsOutputConfig",
    "minProvisionedTPS",
    "modelMetrics",
    "name",
    "numDeleted",
    "numResults",
    "performAutoML",
    "performAutoTraining",
    "performHPO",
    "publishAttributionMetricsToS3",
    "recipe",
    "recipeArn",
    "recipeType",
    "recommender",
    "recommenderArn",
    "recommenderConfig",
    "roleArn",
    "schema",
    "schemaArn",
    "solution",
    "solutionArn",
    "solutionConfig",
    "solutionVersion",
    "solutionVersionArn",
    "status",
    "tagKey",
    "tagValue",
    "themeGenerationConfig",
    "trackingId",
    "trainingHours",
    "trainingInputMode",
    "trainingMode",
    "trainingType",
    "tunedHPOParams"
  ],
  "source": {
    "operation_registry": "services/personalize/operation_registry.json",
    "read_ops_rule": "operation name startswith List/Get/Describe/Search/Lookup",
    "excluded_keys": [
      "nextToken",
      "maxResults"
    ]
  }
}