{
  "service": "personalize",
  "fixes": [
    {
      "rule_id": "1",
      "suggested_check": {
        "var": "batchInferenceJob.status",
        "op": "equals",
        "value": "true",
        "derived": "has_findings",
        "derive_key": "personalize.batch_inference_job_status"
      },
      "suggested_aliases": {
        "entity_aliases": {
          "alias": "batchInferenceJob"
        },
        "param_aliases": {
          "param": [
            "status"
          ]
        }
      },
      "confidence": 0.85,
      "reason": "The status of batch inference jobs can be directly mapped to the available variable."
    },
    {
      "rule_id": "2",
      "suggested_check": {
        "var": "batchSegmentJob.status",
        "op": "equals",
        "value": "true",
        "derived": "has_findings",
        "derive_key": "personalize.batch_segment_job_status"
      },
      "suggested_aliases": {
        "entity_aliases": {
          "alias": "batchSegmentJob"
        },
        "param_aliases": {
          "param": [
            "status"
          ]
        }
      },
      "confidence": 0.85,
      "reason": "The status of batch segment jobs can be directly mapped to the available variable."
    },
    {
      "rule_id": "3",
      "suggested_check": {
        "var": "campaign.status",
        "op": "equals",
        "value": "true",
        "derived": "has_findings",
        "derive_key": "personalize.campaign_status"
      },
      "suggested_aliases": {
        "entity_aliases": {
          "alias": "campaign"
        },
        "param_aliases": {
          "param": [
            "status"
          ]
        }
      },
      "confidence": 0.85,
      "reason": "The status of campaigns can be directly mapped to the available variable."
    },
    {
      "rule_id": "4",
      "suggested_check": {
        "var": "dataDeletionJob.status",
        "op": "equals",
        "value": "true",
        "derived": "has_findings",
        "derive_key": "personalize.deletion_job_status"
      },
      "suggested_aliases": {
        "entity_aliases": {
          "alias": "dataDeletionJob"
        },
        "param_aliases": {
          "param": [
            "status"
          ]
        }
      },
      "confidence": 0.85,
      "reason": "The status of data deletion jobs can be directly mapped to the available variable."
    },
    {
      "rule_id": "5",
      "suggested_check": {
        "var": "datasetExportJob.status",
        "op": "equals",
        "value": "true",
        "derived": "has_findings",
        "derive_key": "personalize.dataset_export_job_status"
      },
      "suggested_aliases": {
        "entity_aliases": {
          "alias": "datasetExportJob"
        },
        "param_aliases": {
          "param": [
            "status"
          ]
        }
      },
      "confidence": 0.85,
      "reason": "The status of dataset export jobs can be directly mapped to the available variable."
    },
    {
      "rule_id": "6",
      "suggested_check": {
        "var": "datasetGroup.status",
        "op": "equals",
        "value": "true",
        "derived": "has_findings",
        "derive_key": "personalize.dataset_group_status"
      },
      "suggested_aliases": {
        "entity_aliases": {
          "alias": "datasetGroup"
        },
        "param_aliases": {
          "param": [
            "status"
          ]
        }
      },
      "confidence": 0.85,
      "reason": "The status of dataset groups can be directly mapped to the available variable."
    },
    {
      "rule_id": "7",
      "suggested_check": {
        "var": "datasetImportJob.status",
        "op": "equals",
        "value": "true",
        "derived": "has_findings",
        "derive_key": "personalize.dataset_import_job_status"
      },
      "suggested_aliases": {
        "entity_aliases": {
          "alias": "datasetImportJob"
        },
        "param_aliases": {
          "param": [
            "status"
          ]
        }
      },
      "confidence": 0.85,
      "reason": "The status of dataset import jobs can be directly mapped to the available variable."
    },
    {
      "rule_id": "8",
      "suggested_check": {
        "var": "dataset.status",
        "op": "equals",
        "value": "true",
        "derived": "has_findings",
        "derive_key": "personalize.dataset_status"
      },
      "suggested_aliases": {
        "entity_aliases": {
          "alias": "dataset"
        },
        "param_aliases": {
          "param": [
            "status"
          ]
        }
      },
      "confidence": 0.85,
      "reason": "The status of datasets can be directly mapped to the available variable."
    },
    {
      "rule_id": "9",
      "suggested_check": {
        "var": "eventTracker.status",
        "op": "equals",
        "value": "true",
        "derived": "has_findings",
        "derive_key": "personalize.event_tracker_status"
      },
      "suggested_aliases": {
        "entity_aliases": {
          "alias": "eventTracker"
        },
        "param_aliases": {
          "param": [
            "status"
          ]
        }
      },
      "confidence": 0.85,
      "reason": "The status of event trackers can be directly mapped to the available variable."
    },
    {
      "rule_id": "10",
      "suggested_check": {
        "var": "filter.status",
        "op": "equals",
        "value": "true",
        "derived": "has_findings",
        "derive_key": "personalize.filter_status"
      },
      "suggested_aliases": {
        "entity_aliases": {
          "alias": "filter"
        },
        "param_aliases": {
          "param": [
            "status"
          ]
        }
      },
      "confidence": 0.85,
      "reason": "The status of filters can be directly mapped to the available variable."
    }
  ],
  "summary": {
    "total_fixes": 10,
    "remaining_unresolved": 40
  }
}