{
  "service": "personalize",
  "issues": {
    "generic_entities": {},
    "ambiguous_tokens": {
      "status": [
        {
          "mapping": "ListBatchInferenceJobs.batchInferenceJobs[].status -> personalize.batch_inference_job_status",
          "evidence": "ListBatchInferenceJobs.batchInferenceJobs[].status",
          "entity": "personalize.batch_inference_job_status"
        },
        {
          "mapping": "ListBatchSegmentJobs.batchSegmentJobs[].status -> personalize.batch_segment_job_status",
          "evidence": "ListBatchSegmentJobs.batchSegmentJobs[].status",
          "entity": "personalize.batch_segment_job_status"
        },
        {
          "mapping": "ListCampaigns.campaigns[].status -> personalize.campaign_status",
          "evidence": "ListCampaigns.campaigns[].status",
          "entity": "personalize.campaign_status"
        },
        {
          "mapping": "ListDataDeletionJobs.dataDeletionJobs[].status -> personalize.deletion_job_status",
          "evidence": "ListDataDeletionJobs.dataDeletionJobs[].status",
          "entity": "personalize.deletion_job_status"
        },
        {
          "mapping": "ListDatasetExportJobs.datasetExportJobs[].status -> personalize.dataset_export_job_status",
          "evidence": "ListDatasetExportJobs.datasetExportJobs[].status",
          "entity": "personalize.dataset_export_job_status"
        },
        {
          "mapping": "ListDatasetGroups.datasetGroups[].status -> personalize.dataset_group_status",
          "evidence": "ListDatasetGroups.datasetGroups[].status",
          "entity": "personalize.dataset_group_status"
        },
        {
          "mapping": "ListDatasetImportJobs.datasetImportJobs[].status -> personalize.dataset_import_job_status",
          "evidence": "ListDatasetImportJobs.datasetImportJobs[].status",
          "entity": "personalize.dataset_import_job_status"
        },
        {
          "mapping": "ListDatasets.datasets[].status -> personalize.dataset_status",
          "evidence": "ListDatasets.datasets[].status",
          "entity": "personalize.dataset_status"
        },
        {
          "mapping": "ListEventTrackers.eventTrackers[].status -> personalize.event_tracker_status",
          "evidence": "ListEventTrackers.eventTrackers[].status",
          "entity": "personalize.event_tracker_status"
        },
        {
          "mapping": "ListFilters.Filters[].status -> personalize.filter_status",
          "evidence": "ListFilters.Filters[].status",
          "entity": "personalize.filter_status"
        },
        {
          "mapping": "ListMetricAttributions.metricAttributions[].status -> personalize.metric_attribution_status",
          "evidence": "ListMetricAttributions.metricAttributions[].status",
          "entity": "personalize.metric_attribution_status"
        },
        {
          "mapping": "ListRecipes.recipes[].status -> personalize.recip_status",
          "evidence": "ListRecipes.recipes[].status",
          "entity": "personalize.recip_status"
        },
        {
          "mapping": "ListRecommenders.recommenders[].status -> personalize.recommender_status",
          "evidence": "ListRecommenders.recommenders[].status",
          "entity": "personalize.recommender_status"
        },
        {
          "mapping": "ListSolutionVersions.solutionVersions[].status -> personalize.solution_version_status",
          "evidence": "ListSolutionVersions.solutionVersions[].status",
          "entity": "personalize.solution_version_status"
        },
        {
          "mapping": "ListSolutions.solutions[].status -> personalize.solution_status",
          "evidence": "ListSolutions.solutions[].status",
          "entity": "personalize.solution_status"
        },
        {
          "mapping": "DescribeBatchInferenceJob.batchInferenceJob.status -> personalize.batch_inference_job_status",
          "evidence": "DescribeBatchInferenceJob.batchInferenceJob.status",
          "entity": "personalize.batch_inference_job_status"
        },
        {
          "mapping": "DescribeBatchSegmentJob.batchSegmentJob.status -> personalize.batch_segment_job_status",
          "evidence": "DescribeBatchSegmentJob.batchSegmentJob.status",
          "entity": "personalize.batch_segment_job_status"
        },
        {
          "mapping": "DescribeCampaign.campaign.status -> personalize.campaign_status",
          "evidence": "DescribeCampaign.campaign.status",
          "entity": "personalize.campaign_status"
        },
        {
          "mapping": "DescribeDataDeletionJob.dataDeletionJob.status -> personalize.deletion_job_status",
          "evidence": "DescribeDataDeletionJob.dataDeletionJob.status",
          "entity": "personalize.deletion_job_status"
        },
        {
          "mapping": "DescribeDataset.dataset.status -> personalize.dataset_status",
          "evidence": "DescribeDataset.dataset.status",
          "entity": "personalize.dataset_status"
        }
      ],
      "name": [
        {
          "mapping": "ListCampaigns.campaigns[].name -> personalize.campaign_name",
          "evidence": "ListCampaigns.campaigns[].name",
          "entity": "personalize.campaign_name"
        },
        {
          "mapping": "ListDatasetGroups.datasetGroups[].name -> personalize.dataset_group_name",
          "evidence": "ListDatasetGroups.datasetGroups[].name",
          "entity": "personalize.dataset_group_name"
        },
        {
          "mapping": "ListDatasets.datasets[].name -> personalize.dataset_name",
          "evidence": "ListDatasets.datasets[].name",
          "entity": "personalize.dataset_name"
        },
        {
          "mapping": "ListEventTrackers.eventTrackers[].name -> personalize.event_tracker_name",
          "evidence": "ListEventTrackers.eventTrackers[].name",
          "entity": "personalize.event_tracker_name"
        },
        {
          "mapping": "ListFilters.Filters[].name -> personalize.filter_name",
          "evidence": "ListFilters.Filters[].name",
          "entity": "personalize.filter_name"
        },
        {
          "mapping": "ListMetricAttributions.metricAttributions[].name -> personalize.metric_attribution_name",
          "evidence": "ListMetricAttributions.metricAttributions[].name",
          "entity": "personalize.metric_attribution_name"
        },
        {
          "mapping": "ListRecipes.recipes[].name -> personalize.recip_name",
          "evidence": "ListRecipes.recipes[].name",
          "entity": "personalize.recip_name"
        },
        {
          "mapping": "ListRecommenders.recommenders[].name -> personalize.recommender_name",
          "evidence": "ListRecommenders.recommenders[].name",
          "entity": "personalize.recommender_name"
        },
        {
          "mapping": "ListSchemas.schemas[].name -> personalize.schema_name",
          "evidence": "ListSchemas.schemas[].name",
          "entity": "personalize.schema_name"
        },
        {
          "mapping": "ListSolutions.solutions[].name -> personalize.solution_name",
          "evidence": "ListSolutions.solutions[].name",
          "entity": "personalize.solution_name"
        },
        {
          "mapping": "CreateCampaign.name -> personalize.campaign_arn_name",
          "evidence": "CreateCampaign.name",
          "entity": "personalize.campaign_arn_name"
        },
        {
          "mapping": "CreateDataset.name -> personalize.dataset_arn_name",
          "evidence": "CreateDataset.name",
          "entity": "personalize.dataset_arn_name"
        },
        {
          "mapping": "CreateDatasetGroup.name -> personalize.dataset_group_arn_name",
          "evidence": "CreateDatasetGroup.name",
          "entity": "personalize.dataset_group_arn_name"
        },
        {
          "mapping": "CreateEventTracker.name -> personalize.event_tracker_arn_name",
          "evidence": "CreateEventTracker.name",
          "entity": "personalize.event_tracker_arn_name"
        },
        {
          "mapping": "CreateFilter.name -> personalize.filter_arn_name",
          "evidence": "CreateFilter.name",
          "entity": "personalize.filter_arn_name"
        },
        {
          "mapping": "CreateMetricAttribution.name -> personalize.metric_attribution_arn_name",
          "evidence": "CreateMetricAttribution.name",
          "entity": "personalize.metric_attribution_arn_name"
        },
        {
          "mapping": "CreateRecommender.name -> personalize.recommender_arn_name",
          "evidence": "CreateRecommender.name",
          "entity": "personalize.recommender_arn_name"
        },
        {
          "mapping": "CreateSchema.name -> personalize.schema_arn_name",
          "evidence": "CreateSchema.name",
          "entity": "personalize.schema_arn_name"
        },
        {
          "mapping": "CreateSolution.name -> personalize.solution_arn_name",
          "evidence": "CreateSolution.name",
          "entity": "personalize.solution_arn_name"
        },
        {
          "mapping": "DescribeAlgorithm.algorithm.name -> personalize.algorithm_name",
          "evidence": "DescribeAlgorithm.algorithm.name",
          "entity": "personalize.algorithm_name"
        }
      ]
    },
    "unresolved_consumes": [],
    "suspicious_paths": []
  },
  "alias_candidates_not_applied": [],
  "suggested_overrides": [
    {
      "operation": "CreateBatchInferenceJob",
      "type": "produces",
      "key": "batchInferenceJobArn",
      "suggested_entity": "personalize.solutionversion_arn",
      "confidence": "MEDIUM",
      "reason": "Param 'solutionVersionArn' and output field 'batchInferenceJobArn' match but map to different entities. Suggest unifying to consume entity."
    },
    {
      "operation": "CreateBatchInferenceJob",
      "type": "produces",
      "key": "batchInferenceJobArn",
      "suggested_entity": "personalize.role_arn",
      "confidence": "MEDIUM",
      "reason": "Param 'roleArn' and output field 'batchInferenceJobArn' match but map to different entities. Suggest unifying to consume entity."
    },
    {
      "operation": "CreateBatchSegmentJob",
      "type": "produces",
      "key": "batchSegmentJobArn",
      "suggested_entity": "personalize.solutionversion_arn",
      "confidence": "MEDIUM",
      "reason": "Param 'solutionVersionArn' and output field 'batchSegmentJobArn' match but map to different entities. Suggest unifying to consume entity."
    },
    {
      "operation": "CreateBatchSegmentJob",
      "type": "produces",
      "key": "batchSegmentJobArn",
      "suggested_entity": "personalize.role_arn",
      "confidence": "MEDIUM",
      "reason": "Param 'roleArn' and output field 'batchSegmentJobArn' match but map to different entities. Suggest unifying to consume entity."
    },
    {
      "operation": "CreateCampaign",
      "type": "produces",
      "key": "campaignArn",
      "suggested_entity": "personalize.solutionversion_arn",
      "confidence": "MEDIUM",
      "reason": "Param 'solutionVersionArn' and output field 'campaignArn' match but map to different entities. Suggest unifying to consume entity."
    },
    {
      "operation": "CreateDataDeletionJob",
      "type": "produces",
      "key": "dataDeletionJobArn",
      "suggested_entity": "personalize.datasetgroup_arn",
      "confidence": "MEDIUM",
      "reason": "Param 'datasetGroupArn' and output field 'dataDeletionJobArn' match but map to different entities. Suggest unifying to consume entity."
    },
    {
      "operation": "CreateDataDeletionJob",
      "type": "produces",
      "key": "dataDeletionJobArn",
      "suggested_entity": "personalize.role_arn",
      "confidence": "MEDIUM",
      "reason": "Param 'roleArn' and output field 'dataDeletionJobArn' match but map to different entities. Suggest unifying to consume entity."
    },
    {
      "operation": "CreateDataset",
      "type": "produces",
      "key": "datasetArn",
      "suggested_entity": "personalize.schema_arn",
      "confidence": "MEDIUM",
      "reason": "Param 'schemaArn' and output field 'datasetArn' match but map to different entities. Suggest unifying to consume entity."
    },
    {
      "operation": "CreateDataset",
      "type": "produces",
      "key": "datasetArn",
      "suggested_entity": "personalize.datasetgroup_arn",
      "confidence": "MEDIUM",
      "reason": "Param 'datasetGroupArn' and output field 'datasetArn' match but map to different entities. Suggest unifying to consume entity."
    },
    {
      "operation": "CreateDatasetExportJob",
      "type": "produces",
      "key": "datasetExportJobArn",
      "suggested_entity": "personalize.dataset_arn",
      "confidence": "MEDIUM",
      "reason": "Param 'datasetArn' and output field 'datasetExportJobArn' match but map to different entities. Suggest unifying to consume entity."
    },
    {
      "operation": "CreateDatasetExportJob",
      "type": "produces",
      "key": "datasetExportJobArn",
      "suggested_entity": "personalize.role_arn",
      "confidence": "MEDIUM",
      "reason": "Param 'roleArn' and output field 'datasetExportJobArn' match but map to different entities. Suggest unifying to consume entity."
    },
    {
      "operation": "CreateDatasetImportJob",
      "type": "produces",
      "key": "datasetImportJobArn",
      "suggested_entity": "personalize.dataset_arn",
      "confidence": "MEDIUM",
      "reason": "Param 'datasetArn' and output field 'datasetImportJobArn' match but map to different entities. Suggest unifying to consume entity."
    },
    {
      "operation": "CreateDatasetImportJob",
      "type": "produces",
      "key": "datasetImportJobArn",
      "suggested_entity": "personalize.role_arn",
      "confidence": "MEDIUM",
      "reason": "Param 'roleArn' and output field 'datasetImportJobArn' match but map to different entities. Suggest unifying to consume entity."
    },
    {
      "operation": "CreateEventTracker",
      "type": "produces",
      "key": "eventTrackerArn",
      "suggested_entity": "personalize.datasetgroup_arn",
      "confidence": "MEDIUM",
      "reason": "Param 'datasetGroupArn' and output field 'eventTrackerArn' match but map to different entities. Suggest unifying to consume entity."
    },
    {
      "operation": "CreateFilter",
      "type": "produces",
      "key": "filterArn",
      "suggested_entity": "personalize.datasetgroup_arn",
      "confidence": "MEDIUM",
      "reason": "Param 'datasetGroupArn' and output field 'filterArn' match but map to different entities. Suggest unifying to consume entity."
    },
    {
      "operation": "CreateMetricAttribution",
      "type": "produces",
      "key": "metricAttributionArn",
      "suggested_entity": "personalize.datasetgroup_arn",
      "confidence": "MEDIUM",
      "reason": "Param 'datasetGroupArn' and output field 'metricAttributionArn' match but map to different entities. Suggest unifying to consume entity."
    },
    {
      "operation": "CreateRecommender",
      "type": "produces",
      "key": "recommenderArn",
      "suggested_entity": "personalize.datasetgroup_arn",
      "confidence": "MEDIUM",
      "reason": "Param 'datasetGroupArn' and output field 'recommenderArn' match but map to different entities. Suggest unifying to consume entity."
    },
    {
      "operation": "CreateRecommender",
      "type": "produces",
      "key": "recommenderArn",
      "suggested_entity": "personalize.recipe_arn",
      "confidence": "MEDIUM",
      "reason": "Param 'recipeArn' and output field 'recommenderArn' match but map to different entities. Suggest unifying to consume entity."
    },
    {
      "operation": "CreateSolution",
      "type": "produces",
      "key": "solutionArn",
      "suggested_entity": "personalize.datasetgroup_arn",
      "confidence": "MEDIUM",
      "reason": "Param 'datasetGroupArn' and output field 'solutionArn' match but map to different entities. Suggest unifying to consume entity."
    },
    {
      "operation": "CreateSolutionVersion",
      "type": "produces",
      "key": "solutionVersionArn",
      "suggested_entity": "personalize.solution_arn",
      "confidence": "MEDIUM",
      "reason": "Param 'solutionArn' and output field 'solutionVersionArn' match but map to different entities. Suggest unifying to consume entity."
    }
  ],
  "unresolved_items": [
    {
      "mapping": "ListBatchInferenceJobs.batchInferenceJobs[].status -> personalize.batch_inference_job_status",
      "evidence": "ListBatchInferenceJobs.batchInferenceJobs[].status",
      "entity": "personalize.batch_inference_job_status"
    },
    {
      "mapping": "ListBatchSegmentJobs.batchSegmentJobs[].status -> personalize.batch_segment_job_status",
      "evidence": "ListBatchSegmentJobs.batchSegmentJobs[].status",
      "entity": "personalize.batch_segment_job_status"
    },
    {
      "mapping": "ListCampaigns.campaigns[].status -> personalize.campaign_status",
      "evidence": "ListCampaigns.campaigns[].status",
      "entity": "personalize.campaign_status"
    },
    {
      "mapping": "ListDataDeletionJobs.dataDeletionJobs[].status -> personalize.deletion_job_status",
      "evidence": "ListDataDeletionJobs.dataDeletionJobs[].status",
      "entity": "personalize.deletion_job_status"
    },
    {
      "mapping": "ListDatasetExportJobs.datasetExportJobs[].status -> personalize.dataset_export_job_status",
      "evidence": "ListDatasetExportJobs.datasetExportJobs[].status",
      "entity": "personalize.dataset_export_job_status"
    },
    {
      "mapping": "ListDatasetGroups.datasetGroups[].status -> personalize.dataset_group_status",
      "evidence": "ListDatasetGroups.datasetGroups[].status",
      "entity": "personalize.dataset_group_status"
    },
    {
      "mapping": "ListDatasetImportJobs.datasetImportJobs[].status -> personalize.dataset_import_job_status",
      "evidence": "ListDatasetImportJobs.datasetImportJobs[].status",
      "entity": "personalize.dataset_import_job_status"
    },
    {
      "mapping": "ListDatasets.datasets[].status -> personalize.dataset_status",
      "evidence": "ListDatasets.datasets[].status",
      "entity": "personalize.dataset_status"
    },
    {
      "mapping": "ListEventTrackers.eventTrackers[].status -> personalize.event_tracker_status",
      "evidence": "ListEventTrackers.eventTrackers[].status",
      "entity": "personalize.event_tracker_status"
    },
    {
      "mapping": "ListFilters.Filters[].status -> personalize.filter_status",
      "evidence": "ListFilters.Filters[].status",
      "entity": "personalize.filter_status"
    },
    {
      "mapping": "ListMetricAttributions.metricAttributions[].status -> personalize.metric_attribution_status",
      "evidence": "ListMetricAttributions.metricAttributions[].status",
      "entity": "personalize.metric_attribution_status"
    },
    {
      "mapping": "ListRecipes.recipes[].status -> personalize.recip_status",
      "evidence": "ListRecipes.recipes[].status",
      "entity": "personalize.recip_status"
    },
    {
      "mapping": "ListRecommenders.recommenders[].status -> personalize.recommender_status",
      "evidence": "ListRecommenders.recommenders[].status",
      "entity": "personalize.recommender_status"
    },
    {
      "mapping": "ListSolutionVersions.solutionVersions[].status -> personalize.solution_version_status",
      "evidence": "ListSolutionVersions.solutionVersions[].status",
      "entity": "personalize.solution_version_status"
    },
    {
      "mapping": "ListSolutions.solutions[].status -> personalize.solution_status",
      "evidence": "ListSolutions.solutions[].status",
      "entity": "personalize.solution_status"
    },
    {
      "mapping": "DescribeBatchInferenceJob.batchInferenceJob.status -> personalize.batch_inference_job_status",
      "evidence": "DescribeBatchInferenceJob.batchInferenceJob.status",
      "entity": "personalize.batch_inference_job_status"
    },
    {
      "mapping": "DescribeBatchSegmentJob.batchSegmentJob.status -> personalize.batch_segment_job_status",
      "evidence": "DescribeBatchSegmentJob.batchSegmentJob.status",
      "entity": "personalize.batch_segment_job_status"
    },
    {
      "mapping": "DescribeCampaign.campaign.status -> personalize.campaign_status",
      "evidence": "DescribeCampaign.campaign.status",
      "entity": "personalize.campaign_status"
    },
    {
      "mapping": "DescribeDataDeletionJob.dataDeletionJob.status -> personalize.deletion_job_status",
      "evidence": "DescribeDataDeletionJob.dataDeletionJob.status",
      "entity": "personalize.deletion_job_status"
    },
    {
      "mapping": "DescribeDataset.dataset.status -> personalize.dataset_status",
      "evidence": "DescribeDataset.dataset.status",
      "entity": "personalize.dataset_status"
    },
    {
      "mapping": "ListCampaigns.campaigns[].name -> personalize.campaign_name",
      "evidence": "ListCampaigns.campaigns[].name",
      "entity": "personalize.campaign_name"
    },
    {
      "mapping": "ListDatasetGroups.datasetGroups[].name -> personalize.dataset_group_name",
      "evidence": "ListDatasetGroups.datasetGroups[].name",
      "entity": "personalize.dataset_group_name"
    },
    {
      "mapping": "ListDatasets.datasets[].name -> personalize.dataset_name",
      "evidence": "ListDatasets.datasets[].name",
      "entity": "personalize.dataset_name"
    },
    {
      "mapping": "ListEventTrackers.eventTrackers[].name -> personalize.event_tracker_name",
      "evidence": "ListEventTrackers.eventTrackers[].name",
      "entity": "personalize.event_tracker_name"
    },
    {
      "mapping": "ListFilters.Filters[].name -> personalize.filter_name",
      "evidence": "ListFilters.Filters[].name",
      "entity": "personalize.filter_name"
    },
    {
      "mapping": "ListMetricAttributions.metricAttributions[].name -> personalize.metric_attribution_name",
      "evidence": "ListMetricAttributions.metricAttributions[].name",
      "entity": "personalize.metric_attribution_name"
    },
    {
      "mapping": "ListRecipes.recipes[].name -> personalize.recip_name",
      "evidence": "ListRecipes.recipes[].name",
      "entity": "personalize.recip_name"
    },
    {
      "mapping": "ListRecommenders.recommenders[].name -> personalize.recommender_name",
      "evidence": "ListRecommenders.recommenders[].name",
      "entity": "personalize.recommender_name"
    },
    {
      "mapping": "ListSchemas.schemas[].name -> personalize.schema_name",
      "evidence": "ListSchemas.schemas[].name",
      "entity": "personalize.schema_name"
    },
    {
      "mapping": "ListSolutions.solutions[].name -> personalize.solution_name",
      "evidence": "ListSolutions.solutions[].name",
      "entity": "personalize.solution_name"
    },
    {
      "mapping": "CreateCampaign.name -> personalize.campaign_arn_name",
      "evidence": "CreateCampaign.name",
      "entity": "personalize.campaign_arn_name"
    },
    {
      "mapping": "CreateDataset.name -> personalize.dataset_arn_name",
      "evidence": "CreateDataset.name",
      "entity": "personalize.dataset_arn_name"
    },
    {
      "mapping": "CreateDatasetGroup.name -> personalize.dataset_group_arn_name",
      "evidence": "CreateDatasetGroup.name",
      "entity": "personalize.dataset_group_arn_name"
    },
    {
      "mapping": "CreateEventTracker.name -> personalize.event_tracker_arn_name",
      "evidence": "CreateEventTracker.name",
      "entity": "personalize.event_tracker_arn_name"
    },
    {
      "mapping": "CreateFilter.name -> personalize.filter_arn_name",
      "evidence": "CreateFilter.name",
      "entity": "personalize.filter_arn_name"
    },
    {
      "mapping": "CreateMetricAttribution.name -> personalize.metric_attribution_arn_name",
      "evidence": "CreateMetricAttribution.name",
      "entity": "personalize.metric_attribution_arn_name"
    },
    {
      "mapping": "CreateRecommender.name -> personalize.recommender_arn_name",
      "evidence": "CreateRecommender.name",
      "entity": "personalize.recommender_arn_name"
    },
    {
      "mapping": "CreateSchema.name -> personalize.schema_arn_name",
      "evidence": "CreateSchema.name",
      "entity": "personalize.schema_arn_name"
    },
    {
      "mapping": "CreateSolution.name -> personalize.solution_arn_name",
      "evidence": "CreateSolution.name",
      "entity": "personalize.solution_arn_name"
    },
    {
      "mapping": "DescribeAlgorithm.algorithm.name -> personalize.algorithm_name",
      "evidence": "DescribeAlgorithm.algorithm.name",
      "entity": "personalize.algorithm_name"
    }
  ]
}