{
  "backup-gateway": {
    "service": "backup-gateway",
    "total_operations": 25,
    "independent": [
      {
        "operation": "ListGateways",
        "python_method": "list_gateways",
        "yaml_action": "list_gateways",
        "required_params": [],
        "optional_params": [
          "MaxResults",
          "NextToken"
        ],
        "total_optional": 2,
        "output_fields": {
          "Gateways": {
            "type": "string",
            "description": "Gateways details",
            "compliance_category": "general",
            "format": "date-time",
            "operators": [
              "equals",
              "not_equals",
              "contains"
            ]
          },
          "NextToken": {
            "type": "string",
            "description": "NextToken details",
            "compliance_category": "general",
            "operators": [
              "equals",
              "not_equals",
              "contains"
            ],
            "security_impact": "high"
          }
        },
        "main_output_field": "Gateways",
        "item_fields": {
          "GatewayArn": {
            "type": "string",
            "description": "Gateway arn",
            "compliance_category": "identity",
            "operators": [
              "equals",
              "not_equals",
              "contains",
              "in",
              "exists"
            ]
          },
          "GatewayDisplayName": {
            "type": "string",
            "description": "Gateway display name",
            "compliance_category": "general",
            "format": "date-time"
          },
          "GatewayType": {
            "type": "string",
            "description": "Gateway type",
            "compliance_category": "general",
            "format": "date-time"
          },
          "HypervisorId": {
            "type": "string",
            "description": "Hypervisor id",
            "compliance_category": "identity",
            "operators": [
              "equals",
              "not_equals",
              "in",
              "exists"
            ]
          },
          "LastSeenTime": {
            "type": "string",
            "description": "Last seen time",
            "compliance_category": "general",
            "format": "date-time"
          }
        }
      },
      {
        "operation": "ListHypervisors",
        "python_method": "list_hypervisors",
        "yaml_action": "list_hypervisors",
        "required_params": [],
        "optional_params": [
          "MaxResults",
          "NextToken"
        ],
        "total_optional": 2,
        "output_fields": {
          "Hypervisors": {
            "type": "boolean",
            "description": "Hypervisors details",
            "compliance_category": "general",
            "operators": [
              "equals",
              "not_equals",
              "contains"
            ]
          },
          "NextToken": {
            "type": "string",
            "description": "NextToken details",
            "compliance_category": "general",
            "operators": [
              "equals",
              "not_equals",
              "contains"
            ],
            "security_impact": "high"
          }
        },
        "main_output_field": "Hypervisors",
        "item_fields": {
          "Host": {
            "type": "string",
            "description": "Host",
            "compliance_category": "general"
          },
          "HypervisorArn": {
            "type": "string",
            "description": "Hypervisor arn",
            "compliance_category": "identity",
            "operators": [
              "equals",
              "not_equals",
              "contains",
              "in",
              "exists"
            ]
          },
          "KmsKeyArn": {
            "type": "string",
            "description": "Kms key arn",
            "compliance_category": "identity",
            "operators": [
              "equals",
              "not_equals",
              "contains",
              "in",
              "exists"
            ]
          },
          "Name": {
            "type": "string",
            "description": "Name",
            "compliance_category": "general"
          },
          "State": {
            "type": "string",
            "description": "State",
            "compliance_category": "general",
            "format": "date-time"
          }
        }
      },
      {
        "operation": "ListVirtualMachines",
        "python_method": "list_virtual_machines",
        "yaml_action": "list_virtual_machines",
        "required_params": [],
        "optional_params": [
          "HypervisorArn",
          "MaxResults",
          "NextToken"
        ],
        "total_optional": 3,
        "output_fields": {
          "NextToken": {
            "type": "string",
            "description": "NextToken details",
            "compliance_category": "general",
            "operators": [
              "equals",
              "not_equals",
              "contains"
            ],
            "security_impact": "high"
          },
          "VirtualMachines": {
            "type": "string",
            "description": "VirtualMachines details",
            "compliance_category": "general",
            "operators": [
              "equals",
              "not_equals",
              "contains"
            ]
          }
        },
        "main_output_field": "VirtualMachines",
        "item_fields": {
          "HostName": {
            "type": "string",
            "description": "Host name",
            "compliance_category": "general"
          },
          "HypervisorId": {
            "type": "string",
            "description": "Hypervisor id",
            "compliance_category": "identity",
            "operators": [
              "equals",
              "not_equals",
              "in",
              "exists"
            ]
          },
          "LastBackupDate": {
            "type": "string",
            "description": "Last backup date",
            "compliance_category": "general",
            "format": "date-time"
          },
          "Name": {
            "type": "string",
            "description": "Name",
            "compliance_category": "general"
          },
          "Path": {
            "type": "string",
            "description": "Path",
            "compliance_category": "general",
            "format": "date-time"
          },
          "ResourceArn": {
            "type": "string",
            "description": "Resource arn",
            "compliance_category": "identity",
            "operators": [
              "equals",
              "not_equals",
              "contains",
              "in",
              "exists"
            ]
          }
        }
      }
    ],
    "dependent": [
      {
        "operation": "AssociateGatewayToServer",
        "python_method": "associate_gateway_to_server",
        "yaml_action": "associate_gateway_to_server",
        "required_params": [
          "GatewayArn",
          "ServerArn"
        ],
        "optional_params": [],
        "total_optional": 0,
        "output_fields": {
          "GatewayArn": {
            "type": "string",
            "description": "GatewayArn details",
            "compliance_category": "identity",
            "format": "date-time",
            "operators": [
              "equals",
              "not_equals",
              "contains",
              "in",
              "exists"
            ]
          }
        },
        "main_output_field": "GatewayArn",
        "item_fields": []
      },
      {
        "operation": "CreateGateway",
        "python_method": "create_gateway",
        "yaml_action": "create_gateway",
        "required_params": [
          "ActivationKey",
          "GatewayDisplayName",
          "GatewayType"
        ],
        "optional_params": [
          "Tags"
        ],
        "total_optional": 1,
        "output_fields": {
          "GatewayArn": {
            "type": "string",
            "description": "GatewayArn details",
            "compliance_category": "identity",
            "format": "date-time",
            "operators": [
              "equals",
              "not_equals",
              "contains",
              "in",
              "exists"
            ]
          }
        },
        "main_output_field": "GatewayArn",
        "item_fields": []
      },
      {
        "operation": "DeleteGateway",
        "python_method": "delete_gateway",
        "yaml_action": "delete_gateway",
        "required_params": [
          "GatewayArn"
        ],
        "optional_params": [],
        "total_optional": 0,
        "output_fields": {
          "GatewayArn": {
            "type": "string",
            "description": "GatewayArn details",
            "compliance_category": "identity",
            "format": "date-time",
            "operators": [
              "equals",
              "not_equals",
              "contains",
              "in",
              "exists"
            ]
          }
        },
        "main_output_field": "GatewayArn",
        "item_fields": []
      },
      {
        "operation": "DeleteHypervisor",
        "python_method": "delete_hypervisor",
        "yaml_action": "delete_hypervisor",
        "required_params": [
          "HypervisorArn"
        ],
        "optional_params": [],
        "total_optional": 0,
        "output_fields": {
          "HypervisorArn": {
            "type": "boolean",
            "description": "HypervisorArn details",
            "compliance_category": "identity",
            "operators": [
              "equals",
              "not_equals",
              "contains",
              "in",
              "exists"
            ]
          }
        },
        "main_output_field": "HypervisorArn",
        "item_fields": []
      },
      {
        "operation": "DisassociateGatewayFromServer",
        "python_method": "disassociate_gateway_from_server",
        "yaml_action": "disassociate_gateway_from_server",
        "required_params": [
          "GatewayArn"
        ],
        "optional_params": [],
        "total_optional": 0,
        "output_fields": {
          "GatewayArn": {
            "type": "string",
            "description": "GatewayArn details",
            "compliance_category": "identity",
            "format": "date-time",
            "operators": [
              "equals",
              "not_equals",
              "contains",
              "in",
              "exists"
            ]
          }
        },
        "main_output_field": "GatewayArn",
        "item_fields": []
      },
      {
        "operation": "GetBandwidthRateLimitSchedule",
        "python_method": "get_bandwidth_rate_limit_schedule",
        "yaml_action": "get_bandwidth_rate_limit_schedule",
        "required_params": [
          "GatewayArn"
        ],
        "optional_params": [],
        "total_optional": 0,
        "output_fields": {
          "BandwidthRateLimitIntervals": {
            "type": "integer",
            "description": "BandwidthRateLimitIntervals details",
            "compliance_category": "identity",
            "operators": [
              "equals",
              "not_equals",
              "contains",
              "in",
              "exists"
            ]
          },
          "GatewayArn": {
            "type": "string",
            "description": "GatewayArn details",
            "compliance_category": "identity",
            "format": "date-time",
            "operators": [
              "equals",
              "not_equals",
              "contains",
              "in",
              "exists"
            ]
          }
        },
        "main_output_field": "BandwidthRateLimitIntervals",
        "item_fields": {
          "AverageUploadRateLimitInBitsPerSec": {
            "type": "string",
            "description": "Average upload rate limit in bits per sec",
            "compliance_category": "general",
            "format": "date-time"
          },
          "DaysOfWeek": {
            "type": "string",
            "description": "Days of week",
            "compliance_category": "general"
          },
          "EndHourOfDay": {
            "type": "string",
            "description": "End hour of day",
            "compliance_category": "general"
          },
          "EndMinuteOfHour": {
            "type": "string",
            "description": "End minute of hour",
            "compliance_category": "general"
          },
          "StartHourOfDay": {
            "type": "string",
            "description": "Start hour of day",
            "compliance_category": "general"
          },
          "StartMinuteOfHour": {
            "type": "string",
            "description": "Start minute of hour",
            "compliance_category": "general"
          }
        }
      },
      {
        "operation": "GetGateway",
        "python_method": "get_gateway",
        "yaml_action": "get_gateway",
        "required_params": [
          "GatewayArn"
        ],
        "optional_params": [],
        "total_optional": 0,
        "output_fields": {
          "Gateway": {
            "type": "string",
            "description": "Gateway details",
            "compliance_category": "general",
            "format": "date-time",
            "operators": [
              "equals",
              "not_equals",
              "contains"
            ]
          }
        },
        "main_output_field": "Gateway",
        "item_fields": {
          "GatewayArn": {
            "type": "string",
            "description": "Gateway arn",
            "compliance_category": "identity",
            "operators": [
              "equals",
              "not_equals",
              "contains",
              "in",
              "exists"
            ]
          },
          "GatewayDisplayName": {
            "type": "string",
            "description": "Gateway display name",
            "compliance_category": "general",
            "format": "date-time"
          },
          "GatewayType": {
            "type": "string",
            "description": "Gateway type",
            "compliance_category": "general",
            "format": "date-time"
          },
          "HypervisorId": {
            "type": "string",
            "description": "Hypervisor id",
            "compliance_category": "identity",
            "operators": [
              "equals",
              "not_equals",
              "in",
              "exists"
            ]
          },
          "LastSeenTime": {
            "type": "string",
            "description": "Last seen time",
            "compliance_category": "general",
            "format": "date-time"
          },
          "MaintenanceStartTime": {
            "type": "string",
            "description": "Maintenance start time",
            "compliance_category": "general",
            "format": "date-time"
          },
          "NextUpdateAvailabilityTime": {
            "type": "string",
            "description": "Next update availability time",
            "compliance_category": "general",
            "format": "date-time"
          },
          "VpcEndpoint": {
            "type": "string",
            "description": "Vpc endpoint",
            "compliance_category": "general"
          }
        }
      },
      {
        "operation": "GetHypervisor",
        "python_method": "get_hypervisor",
        "yaml_action": "get_hypervisor",
        "required_params": [
          "HypervisorArn"
        ],
        "optional_params": [],
        "total_optional": 0,
        "output_fields": {
          "Hypervisor": {
            "type": "boolean",
            "description": "Hypervisor details",
            "compliance_category": "general",
            "operators": [
              "equals",
              "not_equals",
              "contains"
            ]
          }
        },
        "main_output_field": "Hypervisor",
        "item_fields": {
          "Host": {
            "type": "string",
            "description": "Host",
            "compliance_category": "general"
          },
          "HypervisorArn": {
            "type": "string",
            "description": "Hypervisor arn",
            "compliance_category": "identity",
            "operators": [
              "equals",
              "not_equals",
              "contains",
              "in",
              "exists"
            ]
          },
          "KmsKeyArn": {
            "type": "string",
            "description": "Kms key arn",
            "compliance_category": "identity",
            "operators": [
              "equals",
              "not_equals",
              "contains",
              "in",
              "exists"
            ]
          },
          "LastSuccessfulMetadataSyncTime": {
            "type": "string",
            "description": "Last successful metadata sync time",
            "compliance_category": "general",
            "format": "date-time"
          },
          "LatestMetadataSyncStatus": {
            "type": "string",
            "description": "Latest metadata sync status",
            "compliance_category": "general",
            "format": "date-time"
          },
          "LatestMetadataSyncStatusMessage": {
            "type": "string",
            "description": "Latest metadata sync status message",
            "compliance_category": "general",
            "format": "date-time"
          },
          "LogGroupArn": {
            "type": "string",
            "description": "Log group arn",
            "compliance_category": "identity",
            "operators": [
              "equals",
              "not_equals",
              "contains",
              "in",
              "exists"
            ]
          },
          "Name": {
            "type": "string",
            "description": "Name",
            "compliance_category": "general"
          },
          "State": {
            "type": "string",
            "description": "State",
            "compliance_category": "general",
            "format": "date-time"
          }
        }
      },
      {
        "operation": "GetHypervisorPropertyMappings",
        "python_method": "get_hypervisor_property_mappings",
        "yaml_action": "get_hypervisor_property_mappings",
        "required_params": [
          "HypervisorArn"
        ],
        "optional_params": [],
        "total_optional": 0,
        "output_fields": {
          "HypervisorArn": {
            "type": "boolean",
            "description": "HypervisorArn details",
            "compliance_category": "identity",
            "operators": [
              "equals",
              "not_equals",
              "contains",
              "in",
              "exists"
            ]
          },
          "IamRoleArn": {
            "type": "string",
            "description": "IamRoleArn details",
            "compliance_category": "identity",
            "operators": [
              "equals",
              "not_equals",
              "contains",
              "in",
              "exists"
            ]
          },
          "VmwareToAwsTagMappings": {
            "type": "string",
            "description": "VmwareToAwsTagMappings details",
            "compliance_category": "general",
            "operators": [
              "equals",
              "not_equals",
              "contains"
            ]
          }
        },
        "main_output_field": "VmwareToAwsTagMappings",
        "item_fields": {
          "AwsTagKey": {
            "type": "string",
            "description": "Aws tag key",
            "compliance_category": "security",
            "security_impact": "high"
          },
          "AwsTagValue": {
            "type": "array",
            "description": "Aws tag value",
            "compliance_category": "general",
            "operators": [
              "exists",
              "not_empty",
              "contains"
            ]
          },
          "VmwareCategory": {
            "type": "string",
            "description": "Vmware category",
            "compliance_category": "general",
            "format": "date-time"
          },
          "VmwareTagName": {
            "type": "array",
            "description": "Vmware tag name",
            "compliance_category": "general",
            "operators": [
              "exists",
              "not_empty",
              "contains"
            ]
          }
        }
      },
      {
        "operation": "GetVirtualMachine",
        "python_method": "get_virtual_machine",
        "yaml_action": "get_virtual_machine",
        "required_params": [
          "ResourceArn"
        ],
        "optional_params": [],
        "total_optional": 0,
        "output_fields": {
          "VirtualMachine": {
            "type": "string",
            "description": "VirtualMachine details",
            "compliance_category": "general",
            "operators": [
              "equals",
              "not_equals",
              "contains"
            ]
          }
        },
        "main_output_field": "VirtualMachine",
        "item_fields": {
          "HostName": {
            "type": "string",
            "description": "Host name",
            "compliance_category": "general"
          },
          "HypervisorId": {
            "type": "string",
            "description": "Hypervisor id",
            "compliance_category": "identity",
            "operators": [
              "equals",
              "not_equals",
              "in",
              "exists"
            ]
          },
          "LastBackupDate": {
            "type": "string",
            "description": "Last backup date",
            "compliance_category": "general",
            "format": "date-time"
          },
          "Name": {
            "type": "string",
            "description": "Name",
            "compliance_category": "general"
          },
          "Path": {
            "type": "string",
            "description": "Path",
            "compliance_category": "general",
            "format": "date-time"
          },
          "ResourceArn": {
            "type": "string",
            "description": "Resource arn",
            "compliance_category": "identity",
            "operators": [
              "equals",
              "not_equals",
              "contains",
              "in",
              "exists"
            ]
          },
          "VmwareTags": {
            "type": "array",
            "description": "Vmware tags",
            "compliance_category": "general",
            "operators": [
              "exists",
              "not_empty",
              "contains"
            ]
          }
        }
      },
      {
        "operation": "ImportHypervisorConfiguration",
        "python_method": "import_hypervisor_configuration",
        "yaml_action": "import_hypervisor_configuration",
        "required_params": [
          "Host",
          "Name"
        ],
        "optional_params": [
          "KmsKeyArn",
          "Password",
          "Tags",
          "Username"
        ],
        "total_optional": 4,
        "output_fields": {
          "HypervisorArn": {
            "type": "boolean",
            "description": "HypervisorArn details",
            "compliance_category": "identity",
            "operators": [
              "equals",
              "not_equals",
              "contains",
              "in",
              "exists"
            ]
          }
        },
        "main_output_field": "HypervisorArn",
        "item_fields": []
      },
      {
        "operation": "ListTagsForResource",
        "python_method": "list_tags_for_resource",
        "yaml_action": "list_tags_for_resource",
        "required_params": [
          "ResourceArn"
        ],
        "optional_params": [],
        "total_optional": 0,
        "output_fields": {
          "ResourceArn": {
            "type": "string",
            "description": "ResourceArn details",
            "compliance_category": "identity",
            "operators": [
              "equals",
              "not_equals",
              "contains",
              "in",
              "exists"
            ]
          },
          "Tags": {
            "type": "string",
            "description": "Tags details",
            "compliance_category": "general",
            "operators": [
              "equals",
              "not_equals",
              "contains"
            ]
          }
        },
        "main_output_field": "Tags",
        "item_fields": {
          "Key": {
            "type": "string",
            "description": "Key",
            "compliance_category": "security",
            "security_impact": "high"
          },
          "Value": {
            "type": "string",
            "description": "Value",
            "compliance_category": "general"
          }
        }
      },
      {
        "operation": "PutBandwidthRateLimitSchedule",
        "python_method": "put_bandwidth_rate_limit_schedule",
        "yaml_action": "put_bandwidth_rate_limit_schedule",
        "required_params": [
          "BandwidthRateLimitIntervals",
          "GatewayArn"
        ],
        "optional_params": [],
        "total_optional": 0,
        "output_fields": {
          "GatewayArn": {
            "type": "string",
            "description": "GatewayArn details",
            "compliance_category": "identity",
            "format": "date-time",
            "operators": [
              "equals",
              "not_equals",
              "contains",
              "in",
              "exists"
            ]
          }
        },
        "main_output_field": "GatewayArn",
        "item_fields": []
      },
      {
        "operation": "PutHypervisorPropertyMappings",
        "python_method": "put_hypervisor_property_mappings",
        "yaml_action": "put_hypervisor_property_mappings",
        "required_params": [
          "HypervisorArn",
          "IamRoleArn",
          "VmwareToAwsTagMappings"
        ],
        "optional_params": [],
        "total_optional": 0,
        "output_fields": {
          "HypervisorArn": {
            "type": "boolean",
            "description": "HypervisorArn details",
            "compliance_category": "identity",
            "operators": [
              "equals",
              "not_equals",
              "contains",
              "in",
              "exists"
            ]
          }
        },
        "main_output_field": "HypervisorArn",
        "item_fields": []
      },
      {
        "operation": "PutMaintenanceStartTime",
        "python_method": "put_maintenance_start_time",
        "yaml_action": "put_maintenance_start_time",
        "required_params": [
          "GatewayArn",
          "HourOfDay",
          "MinuteOfHour"
        ],
        "optional_params": [
          "DayOfMonth",
          "DayOfWeek"
        ],
        "total_optional": 2,
        "output_fields": {
          "GatewayArn": {
            "type": "string",
            "description": "GatewayArn details",
            "compliance_category": "identity",
            "format": "date-time",
            "operators": [
              "equals",
              "not_equals",
              "contains",
              "in",
              "exists"
            ]
          }
        },
        "main_output_field": "GatewayArn",
        "item_fields": []
      },
      {
        "operation": "StartVirtualMachinesMetadataSync",
        "python_method": "start_virtual_machines_metadata_sync",
        "yaml_action": "start_virtual_machines_metadata_sync",
        "required_params": [
          "HypervisorArn"
        ],
        "optional_params": [],
        "total_optional": 0,
        "output_fields": {
          "HypervisorArn": {
            "type": "boolean",
            "description": "HypervisorArn details",
            "compliance_category": "identity",
            "operators": [
              "equals",
              "not_equals",
              "contains",
              "in",
              "exists"
            ]
          }
        },
        "main_output_field": "HypervisorArn",
        "item_fields": []
      },
      {
        "operation": "TagResource",
        "python_method": "tag_resource",
        "yaml_action": "tag_resource",
        "required_params": [
          "ResourceARN",
          "Tags"
        ],
        "optional_params": [],
        "total_optional": 0,
        "output_fields": {
          "ResourceARN": {
            "type": "string",
            "description": "ResourceARN details",
            "compliance_category": "identity",
            "operators": [
              "equals",
              "not_equals",
              "contains",
              "in",
              "exists"
            ]
          }
        },
        "main_output_field": "ResourceARN",
        "item_fields": []
      },
      {
        "operation": "TestHypervisorConfiguration",
        "python_method": "test_hypervisor_configuration",
        "yaml_action": "test_hypervisor_configuration",
        "required_params": [
          "GatewayArn",
          "Host"
        ],
        "optional_params": [
          "Password",
          "Username"
        ],
        "total_optional": 2,
        "output_fields": {},
        "main_output_field": null,
        "item_fields": []
      },
      {
        "operation": "UntagResource",
        "python_method": "untag_resource",
        "yaml_action": "untag_resource",
        "required_params": [
          "ResourceARN",
          "TagKeys"
        ],
        "optional_params": [],
        "total_optional": 0,
        "output_fields": {
          "ResourceARN": {
            "type": "string",
            "description": "ResourceARN details",
            "compliance_category": "identity",
            "operators": [
              "equals",
              "not_equals",
              "contains",
              "in",
              "exists"
            ]
          }
        },
        "main_output_field": "ResourceARN",
        "item_fields": []
      },
      {
        "operation": "UpdateGatewayInformation",
        "python_method": "update_gateway_information",
        "yaml_action": "update_gateway_information",
        "required_params": [
          "GatewayArn"
        ],
        "optional_params": [
          "GatewayDisplayName"
        ],
        "total_optional": 1,
        "output_fields": {
          "GatewayArn": {
            "type": "string",
            "description": "GatewayArn details",
            "compliance_category": "identity",
            "format": "date-time",
            "operators": [
              "equals",
              "not_equals",
              "contains",
              "in",
              "exists"
            ]
          }
        },
        "main_output_field": "GatewayArn",
        "item_fields": []
      },
      {
        "operation": "UpdateGatewaySoftwareNow",
        "python_method": "update_gateway_software_now",
        "yaml_action": "update_gateway_software_now",
        "required_params": [
          "GatewayArn"
        ],
        "optional_params": [],
        "total_optional": 0,
        "output_fields": {
          "GatewayArn": {
            "type": "string",
            "description": "GatewayArn details",
            "compliance_category": "identity",
            "format": "date-time",
            "operators": [
              "equals",
              "not_equals",
              "contains",
              "in",
              "exists"
            ]
          }
        },
        "main_output_field": "GatewayArn",
        "item_fields": []
      },
      {
        "operation": "UpdateHypervisor",
        "python_method": "update_hypervisor",
        "yaml_action": "update_hypervisor",
        "required_params": [
          "HypervisorArn"
        ],
        "optional_params": [
          "Host",
          "LogGroupArn",
          "Name",
          "Password",
          "Username"
        ],
        "total_optional": 5,
        "output_fields": {
          "HypervisorArn": {
            "type": "boolean",
            "description": "HypervisorArn details",
            "compliance_category": "identity",
            "operators": [
              "equals",
              "not_equals",
              "contains",
              "in",
              "exists"
            ]
          }
        },
        "main_output_field": "HypervisorArn",
        "item_fields": []
      }
    ],
    "independent_count": 3,
    "dependent_count": 22
  }
}