{
  "service": "backup-gateway",
  "seed_from_list": [
    "GatewayArn",
    "GatewayDisplayName",
    "GatewayType",
    "Host",
    "HostName",
    "HypervisorArn",
    "HypervisorId",
    "Key",
    "KmsKeyArn",
    "LastBackupDate",
    "LastSeenTime",
    "Name",
    "Path",
    "ResourceArn",
    "State",
    "Value"
  ],
  "enriched_from_get_describe": [
    "AverageUploadRateLimitInBitsPerSec",
    "AwsTagKey",
    "AwsTagValue",
    "BandwidthRateLimitIntervals",
    "DaysOfWeek",
    "EndHourOfDay",
    "EndMinuteOfHour",
    "Gateway",
    "GatewayArn",
    "GatewayDisplayName",
    "GatewayType",
    "Host",
    "HostName",
    "Hypervisor",
    "HypervisorArn",
    "HypervisorId",
    "IamRoleArn",
    "KmsKeyArn",
    "LastBackupDate",
    "LastSeenTime",
    "LastSuccessfulMetadataSyncTime",
    "LatestMetadataSyncStatus",
    "LatestMetadataSyncStatusMessage",
    "LogGroupArn",
    "MaintenanceStartTime",
    "Name",
    "NextUpdateAvailabilityTime",
    "Path",
    "ResourceArn",
    "StartHourOfDay",
    "StartMinuteOfHour",
    "State",
    "VirtualMachine",
    "VmwareCategory",
    "VmwareTagName",
    "VmwareTags",
    "VmwareToAwsTagMappings",
    "VpcEndpoint"
  ],
  "final_union": [
    "AverageUploadRateLimitInBitsPerSec",
    "AwsTagKey",
    "AwsTagValue",
    "BandwidthRateLimitIntervals",
    "DaysOfWeek",
    "EndHourOfDay",
    "EndMinuteOfHour",
    "Gateway",
    "GatewayArn",
    "GatewayDisplayName",
    "GatewayType",
    "Host",
    "HostName",
    "Hypervisor",
    "HypervisorArn",
    "HypervisorId",
    "IamRoleArn",
    "Key",
    "KmsKeyArn",
    "LastBackupDate",
    "LastSeenTime",
    "LastSuccessfulMetadataSyncTime",
    "LatestMetadataSyncStatus",
    "LatestMetadataSyncStatusMessage",
    "LogGroupArn",
    "MaintenanceStartTime",
    "Name",
    "NextUpdateAvailabilityTime",
    "Path",
    "ResourceArn",
    "StartHourOfDay",
    "StartMinuteOfHour",
    "State",
    "Value",
    "VirtualMachine",
    "VmwareCategory",
    "VmwareTagName",
    "VmwareTags",
    "VmwareToAwsTagMappings",
    "VpcEndpoint"
  ],
  "source": {
    "operation_registry": "services/backup-gateway/operation_registry.json",
    "read_ops_rule": "operation name startswith List/Get/Describe/Search/Lookup",
    "excluded_keys": [
      "nextToken",
      "maxResults"
    ]
  }
}