{
  "service": "backup-gateway",
  "issues": {
    "generic_entities": {},
    "ambiguous_tokens": {
      "name": [
        {
          "mapping": "ListHypervisors.Hypervisors[].Name -> backup-gateway.hypervisor_name",
          "evidence": "ListHypervisors.Hypervisors[].Name",
          "entity": "backup-gateway.hypervisor_name"
        },
        {
          "mapping": "ListVirtualMachines.VirtualMachines[].Name -> backup-gateway.virtual_machin_name",
          "evidence": "ListVirtualMachines.VirtualMachines[].Name",
          "entity": "backup-gateway.virtual_machin_name"
        },
        {
          "mapping": "GetHypervisor.Hypervisor.Name -> backup-gateway.hypervisor_name",
          "evidence": "GetHypervisor.Hypervisor.Name",
          "entity": "backup-gateway.hypervisor_name"
        },
        {
          "mapping": "GetVirtualMachine.VirtualMachine.Name -> backup-gateway.virtual_machine_name",
          "evidence": "GetVirtualMachine.VirtualMachine.Name",
          "entity": "backup-gateway.virtual_machine_name"
        },
        {
          "mapping": "ImportHypervisorConfiguration.Name -> backup-gateway.hypervisor_arn_name",
          "evidence": "ImportHypervisorConfiguration.Name",
          "entity": "backup-gateway.hypervisor_arn_name"
        }
      ]
    },
    "unresolved_consumes": [],
    "suspicious_paths": []
  },
  "alias_candidates_not_applied": [],
  "suggested_overrides": [
    {
      "operation": "AssociateGatewayToServer",
      "type": "produces",
      "key": "GatewayArn",
      "suggested_entity": "backup-gateway.server_arn",
      "confidence": "MEDIUM",
      "reason": "Param 'ServerArn' and output field 'GatewayArn' match but map to different entities. Suggest unifying to consume entity."
    },
    {
      "operation": "GetHypervisor",
      "type": "produces",
      "key": "Hypervisor.KmsKeyArn",
      "suggested_entity": "backup-gateway.hypervisor_arn",
      "confidence": "MEDIUM",
      "reason": "Param 'HypervisorArn' and output field 'KmsKeyArn' match but map to different entities. Suggest unifying to consume entity."
    },
    {
      "operation": "GetHypervisor",
      "type": "produces",
      "key": "Hypervisor.LogGroupArn",
      "suggested_entity": "backup-gateway.hypervisor_arn",
      "confidence": "MEDIUM",
      "reason": "Param 'HypervisorArn' and output field 'LogGroupArn' match but map to different entities. Suggest unifying to consume entity."
    },
    {
      "operation": "GetHypervisorPropertyMappings",
      "type": "produces",
      "key": "IamRoleArn",
      "suggested_entity": "backup-gateway.hypervisor_arn",
      "confidence": "MEDIUM",
      "reason": "Param 'HypervisorArn' and output field 'IamRoleArn' match but map to different entities. Suggest unifying to consume entity."
    },
    {
      "operation": "PutHypervisorPropertyMappings",
      "type": "produces",
      "key": "HypervisorArn",
      "suggested_entity": "backup-gateway.iamrole_arn",
      "confidence": "MEDIUM",
      "reason": "Param 'IamRoleArn' and output field 'HypervisorArn' match but map to different entities. Suggest unifying to consume entity."
    }
  ],
  "unresolved_items": [
    {
      "mapping": "ListHypervisors.Hypervisors[].Name -> backup-gateway.hypervisor_name",
      "evidence": "ListHypervisors.Hypervisors[].Name",
      "entity": "backup-gateway.hypervisor_name"
    },
    {
      "mapping": "ListVirtualMachines.VirtualMachines[].Name -> backup-gateway.virtual_machin_name",
      "evidence": "ListVirtualMachines.VirtualMachines[].Name",
      "entity": "backup-gateway.virtual_machin_name"
    },
    {
      "mapping": "GetHypervisor.Hypervisor.Name -> backup-gateway.hypervisor_name",
      "evidence": "GetHypervisor.Hypervisor.Name",
      "entity": "backup-gateway.hypervisor_name"
    },
    {
      "mapping": "GetVirtualMachine.VirtualMachine.Name -> backup-gateway.virtual_machine_name",
      "evidence": "GetVirtualMachine.VirtualMachine.Name",
      "entity": "backup-gateway.virtual_machine_name"
    },
    {
      "mapping": "ImportHypervisorConfiguration.Name -> backup-gateway.hypervisor_arn_name",
      "evidence": "ImportHypervisorConfiguration.Name",
      "entity": "backup-gateway.hypervisor_arn_name"
    }
  ]
}