{
  "service": "backup-gateway",
  "version": "1.0",
  "kind_rules": {
    "read_list": ["List"],
    "read_get": ["Get", "Describe"],
    "write_create": ["Create", "Start", "Generate", "Import", "Enable", "Register"],
    "write_update": ["Update", "Modify", "Put", "Set", "Change", "Reset", "Patch"],
    "write_delete": ["Delete", "Remove", "Terminate", "Destroy", "Disable", "Detach", "Disassociate", "Untag", "Revoke"],
    "write_apply": ["Apply", "Attach", "Associate", "Add", "Tag", "Authorize", "Unauthorize", "Grant"],
    "other": ["default"]
  },
  "entity_aliases": {
    "backup-gateway.virtual_machine_resource_arn": "backup-gateway.resource_arn",
    "backup-gateway.virtual_machin_resource_arn": "backup-gateway.resource_arn"
  },
  "overrides": {},
  "operations": {
    "ListGateways": {
      "kind": "read_list",
      "side_effect": false,
      "sdk": {"client": "backup-gateway", "method": "list_gateways"},
      "consumes": [],
      "produces": [{"entity": "backup-gateway.gateways", "source": "output", "path": "Gateways"}, {"entity": "backup-gateway.next_token", "source": "output", "path": "NextToken"}, {"entity": "backup-gateway.gateway_arn", "source": "item", "path": "Gateways[].GatewayArn"}, {"entity": "backup-gateway.gateway_display_name", "source": "item", "path": "Gateways[].GatewayDisplayName"}, {"entity": "backup-gateway.gateway_type", "source": "item", "path": "Gateways[].GatewayType"}, {"entity": "backup-gateway.gateway_hypervisor_id", "source": "item", "path": "Gateways[].HypervisorId"}, {"entity": "backup-gateway.gateway_last_seen_time", "source": "item", "path": "Gateways[].LastSeenTime"}],
      "notes": ""
    },
    "ListHypervisors": {
      "kind": "read_list",
      "side_effect": false,
      "sdk": {"client": "backup-gateway", "method": "list_hypervisors"},
      "consumes": [],
      "produces": [{"entity": "backup-gateway.hypervisors", "source": "output", "path": "Hypervisors"}, {"entity": "backup-gateway.next_token", "source": "output", "path": "NextToken"}, {"entity": "backup-gateway.hypervisor_host", "source": "item", "path": "Hypervisors[].Host"}, {"entity": "backup-gateway.hypervisor_arn", "source": "item", "path": "Hypervisors[].HypervisorArn"}, {"entity": "backup-gateway.hypervisor_kms_key_arn", "source": "item", "path": "Hypervisors[].KmsKeyArn"}, {"entity": "backup-gateway.hypervisor_name", "source": "item", "path": "Hypervisors[].Name"}, {"entity": "backup-gateway.hypervisor_state", "source": "item", "path": "Hypervisors[].State"}],
      "notes": ""
    },
    "ListVirtualMachines": {
      "kind": "read_list",
      "side_effect": false,
      "sdk": {"client": "backup-gateway", "method": "list_virtual_machines"},
      "consumes": [],
      "produces": [{"entity": "backup-gateway.next_token", "source": "output", "path": "NextToken"}, {"entity": "backup-gateway.virtual_machines", "source": "output", "path": "VirtualMachines"}, {"entity": "backup-gateway.virtual_machin_host_name", "source": "item", "path": "VirtualMachines[].HostName"}, {"entity": "backup-gateway.virtual_machin_hypervisor_id", "source": "item", "path": "VirtualMachines[].HypervisorId"}, {"entity": "backup-gateway.virtual_machin_last_backup_date", "source": "item", "path": "VirtualMachines[].LastBackupDate"}, {"entity": "backup-gateway.virtual_machin_name", "source": "item", "path": "VirtualMachines[].Name"}, {"entity": "backup-gateway.virtual_machin_path", "source": "item", "path": "VirtualMachines[].Path"}, {"entity": "backup-gateway.resource_arn", "source": "item", "path": "VirtualMachines[].ResourceArn"}],
      "notes": ""
    },
    "AssociateGatewayToServer": {
      "kind": "write_apply",
      "side_effect": true,
      "sdk": {"client": "backup-gateway", "method": "associate_gateway_to_server"},
      "consumes": [{"entity": "backup-gateway.gateway_arn", "param": "GatewayArn", "required": true, "source": "internal"}, {"entity": "backup-gateway.server_arn", "param": "ServerArn", "required": true, "source": "external"}],
      "produces": [{"entity": "backup-gateway.gateway_arn", "source": "output", "path": "GatewayArn"}],
      "notes": ""
    },
    "CreateGateway": {
      "kind": "write_create",
      "side_effect": true,
      "sdk": {"client": "backup-gateway", "method": "create_gateway"},
      "consumes": [{"entity": "backup-gateway.activation_key", "param": "ActivationKey", "required": true, "source": "external"}, {"entity": "backup-gateway.gatewaydisplay_name", "param": "GatewayDisplayName", "required": true, "source": "external"}, {"entity": "backup-gateway.gateway_type", "param": "GatewayType", "required": true, "source": "internal"}],
      "produces": [{"entity": "backup-gateway.gateway_arn", "source": "output", "path": "GatewayArn"}],
      "notes": ""
    },
    "DeleteGateway": {
      "kind": "write_delete",
      "side_effect": true,
      "sdk": {"client": "backup-gateway", "method": "delete_gateway"},
      "consumes": [{"entity": "backup-gateway.gateway_arn", "param": "GatewayArn", "required": true, "source": "internal"}],
      "produces": [{"entity": "backup-gateway.gateway_arn", "source": "output", "path": "GatewayArn"}],
      "notes": ""
    },
    "DeleteHypervisor": {
      "kind": "write_delete",
      "side_effect": true,
      "sdk": {"client": "backup-gateway", "method": "delete_hypervisor"},
      "consumes": [{"entity": "backup-gateway.hypervisor_arn", "param": "HypervisorArn", "required": true, "source": "internal"}],
      "produces": [{"entity": "backup-gateway.hypervisor_arn", "source": "output", "path": "HypervisorArn"}],
      "notes": ""
    },
    "DisassociateGatewayFromServer": {
      "kind": "write_delete",
      "side_effect": true,
      "sdk": {"client": "backup-gateway", "method": "disassociate_gateway_from_server"},
      "consumes": [{"entity": "backup-gateway.gateway_arn", "param": "GatewayArn", "required": true, "source": "internal"}],
      "produces": [{"entity": "backup-gateway.gateway_arn", "source": "output", "path": "GatewayArn"}],
      "notes": ""
    },
    "GetBandwidthRateLimitSchedule": {
      "kind": "read_get",
      "side_effect": false,
      "sdk": {"client": "backup-gateway", "method": "get_bandwidth_rate_limit_schedule"},
      "consumes": [{"entity": "backup-gateway.gateway_arn", "param": "GatewayArn", "required": true, "source": "internal"}],
      "produces": [{"entity": "backup-gateway.bandwidth_rate_limit_intervals", "source": "output", "path": "BandwidthRateLimitIntervals"}, {"entity": "backup-gateway.gateway_arn", "source": "output", "path": "GatewayArn"}, {"entity": "backup-gateway.bandwidth_rate_limit_interval_average_upload_rate_limit_in_bits_per_sec", "source": "item", "path": "BandwidthRateLimitIntervals.AverageUploadRateLimitInBitsPerSec"}, {"entity": "backup-gateway.bandwidth_rate_limit_interval_days_of_week", "source": "item", "path": "BandwidthRateLimitIntervals.DaysOfWeek"}, {"entity": "backup-gateway.bandwidth_rate_limit_interval_end_hour_of_day", "source": "item", "path": "BandwidthRateLimitIntervals.EndHourOfDay"}, {"entity": "backup-gateway.bandwidth_rate_limit_interval_end_minute_of_hour", "source": "item", "path": "BandwidthRateLimitIntervals.EndMinuteOfHour"}, {"entity": "backup-gateway.bandwidth_rate_limit_interval_start_hour_of_day", "source": "item", "path": "BandwidthRateLimitIntervals.StartHourOfDay"}, {"entity": "backup-gateway.bandwidth_rate_limit_interval_start_minute_of_hour", "source": "item", "path": "BandwidthRateLimitIntervals.StartMinuteOfHour"}],
      "notes": ""
    },
    "GetGateway": {
      "kind": "read_get",
      "side_effect": false,
      "sdk": {"client": "backup-gateway", "method": "get_gateway"},
      "consumes": [{"entity": "backup-gateway.gateway_arn", "param": "GatewayArn", "required": true, "source": "internal"}],
      "produces": [{"entity": "backup-gateway.gateway", "source": "output", "path": "Gateway"}, {"entity": "backup-gateway.gateway_arn", "source": "item", "path": "Gateway.GatewayArn"}, {"entity": "backup-gateway.gateway_display_name", "source": "item", "path": "Gateway.GatewayDisplayName"}, {"entity": "backup-gateway.gateway_type", "source": "item", "path": "Gateway.GatewayType"}, {"entity": "backup-gateway.gateway_hypervisor_id", "source": "item", "path": "Gateway.HypervisorId"}, {"entity": "backup-gateway.gateway_last_seen_time", "source": "item", "path": "Gateway.LastSeenTime"}, {"entity": "backup-gateway.gateway_maintenance_start_time", "source": "item", "path": "Gateway.MaintenanceStartTime"}, {"entity": "backup-gateway.gateway_next_update_availability_time", "source": "item", "path": "Gateway.NextUpdateAvailabilityTime"}, {"entity": "backup-gateway.gateway_vpc_endpoint", "source": "item", "path": "Gateway.VpcEndpoint"}],
      "notes": ""
    },
    "GetHypervisor": {
      "kind": "read_get",
      "side_effect": false,
      "sdk": {"client": "backup-gateway", "method": "get_hypervisor"},
      "consumes": [{"entity": "backup-gateway.hypervisor_arn", "param": "HypervisorArn", "required": true, "source": "internal"}],
      "produces": [{"entity": "backup-gateway.hypervisor", "source": "output", "path": "Hypervisor"}, {"entity": "backup-gateway.hypervisor_host", "source": "item", "path": "Hypervisor.Host"}, {"entity": "backup-gateway.hypervisor_arn", "source": "item", "path": "Hypervisor.HypervisorArn"}, {"entity": "backup-gateway.hypervisor_kms_key_arn", "source": "item", "path": "Hypervisor.KmsKeyArn"}, {"entity": "backup-gateway.hypervisor_last_successful_metadata_sync_time", "source": "item", "path": "Hypervisor.LastSuccessfulMetadataSyncTime"}, {"entity": "backup-gateway.hypervisor_latest_metadata_sync_status", "source": "item", "path": "Hypervisor.LatestMetadataSyncStatus"}, {"entity": "backup-gateway.hypervisor_latest_metadata_sync_status_message", "source": "item", "path": "Hypervisor.LatestMetadataSyncStatusMessage"}, {"entity": "backup-gateway.hypervisor_log_group_arn", "source": "item", "path": "Hypervisor.LogGroupArn"}, {"entity": "backup-gateway.hypervisor_name", "source": "item", "path": "Hypervisor.Name"}, {"entity": "backup-gateway.hypervisor_state", "source": "item", "path": "Hypervisor.State"}],
      "notes": ""
    },
    "GetHypervisorPropertyMappings": {
      "kind": "read_get",
      "side_effect": false,
      "sdk": {"client": "backup-gateway", "method": "get_hypervisor_property_mappings"},
      "consumes": [{"entity": "backup-gateway.hypervisor_arn", "param": "HypervisorArn", "required": true, "source": "internal"}],
      "produces": [{"entity": "backup-gateway.hypervisor_arn", "source": "output", "path": "HypervisorArn"}, {"entity": "backup-gateway.iam_role_arn", "source": "output", "path": "IamRoleArn"}, {"entity": "backup-gateway.vmware_to_aws_tag_mappings", "source": "output", "path": "VmwareToAwsTagMappings"}, {"entity": "backup-gateway.vmware_to_aws_tag_mapping_aws_tag_key", "source": "item", "path": "VmwareToAwsTagMappings.AwsTagKey"}, {"entity": "backup-gateway.vmware_to_aws_tag_mapping_aws_tag_value", "source": "item", "path": "VmwareToAwsTagMappings.AwsTagValue"}, {"entity": "backup-gateway.vmware_to_aws_tag_mapping_vmware_category", "source": "item", "path": "VmwareToAwsTagMappings.VmwareCategory"}, {"entity": "backup-gateway.vmware_to_aws_tag_mapping_vmware_tag_name", "source": "item", "path": "VmwareToAwsTagMappings.VmwareTagName"}],
      "notes": ""
    },
    "GetVirtualMachine": {
      "kind": "read_get",
      "side_effect": false,
      "sdk": {"client": "backup-gateway", "method": "get_virtual_machine"},
      "consumes": [{"entity": "backup-gateway.resource_arn", "param": "ResourceArn", "required": true, "source": "internal"}],
      "produces": [{"entity": "backup-gateway.virtual_machine", "source": "output", "path": "VirtualMachine"}, {"entity": "backup-gateway.virtual_machine_host_name", "source": "item", "path": "VirtualMachine.HostName"}, {"entity": "backup-gateway.virtual_machine_hypervisor_id", "source": "item", "path": "VirtualMachine.HypervisorId"}, {"entity": "backup-gateway.virtual_machine_last_backup_date", "source": "item", "path": "VirtualMachine.LastBackupDate"}, {"entity": "backup-gateway.virtual_machine_name", "source": "item", "path": "VirtualMachine.Name"}, {"entity": "backup-gateway.virtual_machine_path", "source": "item", "path": "VirtualMachine.Path"}, {"entity": "backup-gateway.resource_arn", "source": "item", "path": "VirtualMachine.ResourceArn"}, {"entity": "backup-gateway.virtual_machine_vmware_tags", "source": "item", "path": "VirtualMachine.VmwareTags"}],
      "notes": ""
    },
    "ImportHypervisorConfiguration": {
      "kind": "write_create",
      "side_effect": true,
      "sdk": {"client": "backup-gateway", "method": "import_hypervisor_configuration"},
      "consumes": [{"entity": "backup-gateway.host", "param": "Host", "required": true, "source": "external"}, {"entity": "backup-gateway.hypervisor_arn_name", "param": "Name", "required": true, "source": "external"}],
      "produces": [{"entity": "backup-gateway.hypervisor_arn", "source": "output", "path": "HypervisorArn"}],
      "notes": ""
    },
    "ListTagsForResource": {
      "kind": "read_list",
      "side_effect": false,
      "sdk": {"client": "backup-gateway", "method": "list_tags_for_resource"},
      "consumes": [{"entity": "backup-gateway.resource_arn", "param": "ResourceArn", "required": true, "source": "internal"}],
      "produces": [{"entity": "backup-gateway.resource_arn", "source": "output", "path": "ResourceArn"}, {"entity": "backup-gateway.tags", "source": "output", "path": "Tags"}, {"entity": "backup-gateway.tag_key", "source": "item", "path": "Tags[].Key"}, {"entity": "backup-gateway.tag_value", "source": "item", "path": "Tags[].Value"}],
      "notes": ""
    },
    "PutBandwidthRateLimitSchedule": {
      "kind": "write_update",
      "side_effect": true,
      "sdk": {"client": "backup-gateway", "method": "put_bandwidth_rate_limit_schedule"},
      "consumes": [{"entity": "backup-gateway.bandwidth_rate_limit_intervals", "param": "BandwidthRateLimitIntervals", "required": true, "source": "internal"}, {"entity": "backup-gateway.gateway_arn", "param": "GatewayArn", "required": true, "source": "internal"}],
      "produces": [{"entity": "backup-gateway.gateway_arn", "source": "output", "path": "GatewayArn"}],
      "notes": ""
    },
    "PutHypervisorPropertyMappings": {
      "kind": "write_update",
      "side_effect": true,
      "sdk": {"client": "backup-gateway", "method": "put_hypervisor_property_mappings"},
      "consumes": [{"entity": "backup-gateway.hypervisor_arn", "param": "HypervisorArn", "required": true, "source": "internal"}, {"entity": "backup-gateway.iamrole_arn", "param": "IamRoleArn", "required": true, "source": "external"}, {"entity": "backup-gateway.vmware_to_aws_tag_mappings", "param": "VmwareToAwsTagMappings", "required": true, "source": "internal"}],
      "produces": [{"entity": "backup-gateway.hypervisor_arn", "source": "output", "path": "HypervisorArn"}],
      "notes": ""
    },
    "PutMaintenanceStartTime": {
      "kind": "write_update",
      "side_effect": true,
      "sdk": {"client": "backup-gateway", "method": "put_maintenance_start_time"},
      "consumes": [{"entity": "backup-gateway.gateway_arn", "param": "GatewayArn", "required": true, "source": "internal"}, {"entity": "backup-gateway.hour_of_day", "param": "HourOfDay", "required": true, "source": "external"}, {"entity": "backup-gateway.minute_of_hour", "param": "MinuteOfHour", "required": true, "source": "external"}],
      "produces": [{"entity": "backup-gateway.gateway_arn", "source": "output", "path": "GatewayArn"}],
      "notes": ""
    },
    "StartVirtualMachinesMetadataSync": {
      "kind": "write_create",
      "side_effect": true,
      "sdk": {"client": "backup-gateway", "method": "start_virtual_machines_metadata_sync"},
      "consumes": [{"entity": "backup-gateway.hypervisor_arn", "param": "HypervisorArn", "required": true, "source": "internal"}],
      "produces": [{"entity": "backup-gateway.hypervisor_arn", "source": "output", "path": "HypervisorArn"}],
      "notes": ""
    },
    "TagResource": {
      "kind": "write_apply",
      "side_effect": true,
      "sdk": {"client": "backup-gateway", "method": "tag_resource"},
      "consumes": [{"entity": "backup-gateway.resource_arn", "param": "ResourceARN", "required": true, "source": "internal"}, {"entity": "backup-gateway.tags", "param": "Tags", "required": true, "source": "internal"}],
      "produces": [{"entity": "backup-gateway.resource_arn", "source": "output", "path": "ResourceARN"}],
      "notes": ""
    },
    "TestHypervisorConfiguration": {
      "kind": "other",
      "side_effect": true,
      "sdk": {"client": "backup-gateway", "method": "test_hypervisor_configuration"},
      "consumes": [{"entity": "backup-gateway.gateway_arn", "param": "GatewayArn", "required": true, "source": "internal"}, {"entity": "backup-gateway.host", "param": "Host", "required": true, "source": "external"}],
      "produces": [],
      "notes": ""
    },
    "UntagResource": {
      "kind": "write_delete",
      "side_effect": true,
      "sdk": {"client": "backup-gateway", "method": "untag_resource"},
      "consumes": [{"entity": "backup-gateway.resource_arn", "param": "ResourceARN", "required": true, "source": "internal"}, {"entity": "backup-gateway.tag_keys", "param": "TagKeys", "required": true, "source": "external"}],
      "produces": [{"entity": "backup-gateway.resource_arn", "source": "output", "path": "ResourceARN"}],
      "notes": ""
    },
    "UpdateGatewayInformation": {
      "kind": "write_update",
      "side_effect": true,
      "sdk": {"client": "backup-gateway", "method": "update_gateway_information"},
      "consumes": [{"entity": "backup-gateway.gateway_arn", "param": "GatewayArn", "required": true, "source": "internal"}],
      "produces": [{"entity": "backup-gateway.gateway_arn", "source": "output", "path": "GatewayArn"}],
      "notes": ""
    },
    "UpdateGatewaySoftwareNow": {
      "kind": "write_update",
      "side_effect": true,
      "sdk": {"client": "backup-gateway", "method": "update_gateway_software_now"},
      "consumes": [{"entity": "backup-gateway.gateway_arn", "param": "GatewayArn", "required": true, "source": "internal"}],
      "produces": [{"entity": "backup-gateway.gateway_arn", "source": "output", "path": "GatewayArn"}],
      "notes": ""
    },
    "UpdateHypervisor": {
      "kind": "write_update",
      "side_effect": true,
      "sdk": {"client": "backup-gateway", "method": "update_hypervisor"},
      "consumes": [{"entity": "backup-gateway.hypervisor_arn", "param": "HypervisorArn", "required": true, "source": "internal"}],
      "produces": [{"entity": "backup-gateway.hypervisor_arn", "source": "output", "path": "HypervisorArn"}],
      "notes": ""
    }
  }
}