{
  "outposts": {
    "service": "outposts",
    "total_operations": 35,
    "independent": [
      {
        "operation": "ListCapacityTasks",
        "python_method": "list_capacity_tasks",
        "yaml_action": "list_capacity_tasks",
        "required_params": [],
        "optional_params": [
          "OutpostIdentifierFilter",
          "MaxResults",
          "NextToken",
          "CapacityTaskStatusFilter"
        ],
        "total_optional": 4,
        "output_fields": {
          "CapacityTasks": {
            "type": "string",
            "description": "CapacityTasks details",
            "compliance_category": "general",
            "operators": [
              "equals",
              "not_equals",
              "contains"
            ]
          },
          "NextToken": {
            "type": "string",
            "description": "NextToken details",
            "compliance_category": "general",
            "operators": [
              "equals",
              "not_equals",
              "contains"
            ],
            "security_impact": "high"
          }
        },
        "main_output_field": "CapacityTasks",
        "item_fields": {
          "CapacityTaskId": {
            "type": "string",
            "description": "Capacity task id",
            "compliance_category": "identity",
            "operators": [
              "equals",
              "not_equals",
              "in",
              "exists"
            ]
          },
          "OutpostId": {
            "type": "string",
            "description": "Outpost id",
            "compliance_category": "identity",
            "operators": [
              "equals",
              "not_equals",
              "in",
              "exists"
            ]
          },
          "OrderId": {
            "type": "string",
            "description": "Order id",
            "compliance_category": "identity",
            "operators": [
              "equals",
              "not_equals",
              "in",
              "exists"
            ]
          },
          "AssetId": {
            "type": "string",
            "description": "Asset id",
            "compliance_category": "identity",
            "operators": [
              "equals",
              "not_equals",
              "in",
              "exists"
            ]
          },
          "CapacityTaskStatus": {
            "type": "string",
            "description": "Capacity task status",
            "compliance_category": "general",
            "format": "date-time"
          },
          "CreationDate": {
            "type": "string",
            "description": "Creation date",
            "compliance_category": "general",
            "format": "date-time"
          },
          "CompletionDate": {
            "type": "string",
            "description": "Completion date",
            "compliance_category": "general",
            "format": "date-time"
          },
          "LastModifiedDate": {
            "type": "string",
            "description": "Last modified date",
            "compliance_category": "general",
            "format": "date-time"
          }
        }
      },
      {
        "operation": "ListCatalogItems",
        "python_method": "list_catalog_items",
        "yaml_action": "list_catalog_items",
        "required_params": [],
        "optional_params": [
          "NextToken",
          "MaxResults",
          "ItemClassFilter",
          "SupportedStorageFilter",
          "EC2FamilyFilter"
        ],
        "total_optional": 5,
        "output_fields": {
          "CatalogItems": {
            "type": "string",
            "description": "CatalogItems details",
            "compliance_category": "general",
            "format": "date-time",
            "operators": [
              "equals",
              "not_equals",
              "contains"
            ]
          },
          "NextToken": {
            "type": "string",
            "description": "NextToken details",
            "compliance_category": "general",
            "operators": [
              "equals",
              "not_equals",
              "contains"
            ],
            "security_impact": "high"
          }
        },
        "main_output_field": "CatalogItems",
        "item_fields": {
          "CatalogItemId": {
            "type": "string",
            "description": "Catalog item id",
            "compliance_category": "identity",
            "operators": [
              "equals",
              "not_equals",
              "in",
              "exists"
            ]
          },
          "ItemStatus": {
            "type": "string",
            "description": "Item status",
            "compliance_category": "general",
            "format": "date-time"
          },
          "EC2Capacities": {
            "type": "string",
            "description": "E capacities",
            "compliance_category": "general"
          },
          "PowerKva": {
            "type": "string",
            "description": "Power kva",
            "compliance_category": "general"
          },
          "WeightLbs": {
            "type": "string",
            "description": "Weight lbs",
            "compliance_category": "general"
          },
          "SupportedUplinkGbps": {
            "type": "string",
            "description": "Supported uplink gbps",
            "compliance_category": "general"
          },
          "SupportedStorage": {
            "type": "string",
            "description": "Supported storage",
            "compliance_category": "general"
          }
        }
      },
      {
        "operation": "ListOrders",
        "python_method": "list_orders",
        "yaml_action": "list_orders",
        "required_params": [],
        "optional_params": [
          "OutpostIdentifierFilter",
          "NextToken",
          "MaxResults"
        ],
        "total_optional": 3,
        "output_fields": {
          "Orders": {
            "type": "string",
            "description": "Orders details",
            "compliance_category": "general",
            "operators": [
              "equals",
              "not_equals",
              "contains"
            ]
          },
          "NextToken": {
            "type": "string",
            "description": "NextToken details",
            "compliance_category": "general",
            "operators": [
              "equals",
              "not_equals",
              "contains"
            ],
            "security_impact": "high"
          }
        },
        "main_output_field": "Orders",
        "item_fields": {
          "OutpostId": {
            "type": "string",
            "description": "Outpost id",
            "compliance_category": "identity",
            "operators": [
              "equals",
              "not_equals",
              "in",
              "exists"
            ]
          },
          "OrderId": {
            "type": "string",
            "description": "Order id",
            "compliance_category": "identity",
            "operators": [
              "equals",
              "not_equals",
              "in",
              "exists"
            ]
          },
          "OrderType": {
            "type": "string",
            "description": "Order type",
            "compliance_category": "general"
          },
          "Status": {
            "type": "string",
            "description": "Status",
            "compliance_category": "general",
            "format": "date-time"
          },
          "LineItemCountsByStatus": {
            "type": "string",
            "description": "Line item counts by status",
            "compliance_category": "general",
            "format": "date-time"
          },
          "OrderSubmissionDate": {
            "type": "string",
            "description": "Order submission date",
            "compliance_category": "general",
            "format": "date-time"
          },
          "OrderFulfilledDate": {
            "type": "string",
            "description": "Order fulfilled date",
            "compliance_category": "general",
            "format": "date-time"
          }
        }
      },
      {
        "operation": "ListOutposts",
        "python_method": "list_outposts",
        "yaml_action": "list_outposts",
        "required_params": [],
        "optional_params": [
          "NextToken",
          "MaxResults",
          "LifeCycleStatusFilter",
          "AvailabilityZoneFilter",
          "AvailabilityZoneIdFilter"
        ],
        "total_optional": 5,
        "output_fields": {
          "Outposts": {
            "type": "string",
            "description": "Outposts details",
            "compliance_category": "general",
            "operators": [
              "equals",
              "not_equals",
              "contains"
            ]
          },
          "NextToken": {
            "type": "string",
            "description": "NextToken details",
            "compliance_category": "general",
            "operators": [
              "equals",
              "not_equals",
              "contains"
            ],
            "security_impact": "high"
          }
        },
        "main_output_field": "Outposts",
        "item_fields": {
          "OutpostId": {
            "type": "string",
            "description": "Outpost id",
            "compliance_category": "identity",
            "operators": [
              "equals",
              "not_equals",
              "in",
              "exists"
            ]
          },
          "OwnerId": {
            "type": "string",
            "description": "Owner id",
            "compliance_category": "identity",
            "operators": [
              "equals",
              "not_equals",
              "in",
              "exists"
            ]
          },
          "OutpostArn": {
            "type": "string",
            "description": "Outpost arn",
            "compliance_category": "identity",
            "operators": [
              "equals",
              "not_equals",
              "contains",
              "in",
              "exists"
            ]
          },
          "SiteId": {
            "type": "string",
            "description": "Site id",
            "compliance_category": "identity",
            "operators": [
              "equals",
              "not_equals",
              "in",
              "exists"
            ]
          },
          "Name": {
            "type": "string",
            "description": "Name",
            "compliance_category": "general"
          },
          "Description": {
            "type": "string",
            "description": "Description",
            "compliance_category": "general",
            "format": "date-time"
          },
          "LifeCycleStatus": {
            "type": "string",
            "description": "Life cycle status",
            "compliance_category": "general",
            "format": "date-time"
          },
          "AvailabilityZone": {
            "type": "string",
            "description": "Availability zone",
            "compliance_category": "general",
            "format": "date-time"
          },
          "AvailabilityZoneId": {
            "type": "string",
            "description": "Availability zone id",
            "compliance_category": "identity",
            "operators": [
              "equals",
              "not_equals",
              "in",
              "exists"
            ]
          },
          "Tags": {
            "type": "array",
            "description": "Tags",
            "compliance_category": "general",
            "operators": [
              "exists",
              "not_empty",
              "contains"
            ]
          },
          "SiteArn": {
            "type": "string",
            "description": "Site arn",
            "compliance_category": "identity",
            "operators": [
              "equals",
              "not_equals",
              "contains",
              "in",
              "exists"
            ]
          },
          "SupportedHardwareType": {
            "type": "string",
            "description": "Supported hardware type",
            "compliance_category": "general"
          }
        }
      },
      {
        "operation": "ListSites",
        "python_method": "list_sites",
        "yaml_action": "list_sites",
        "required_params": [],
        "optional_params": [
          "NextToken",
          "MaxResults",
          "OperatingAddressCountryCodeFilter",
          "OperatingAddressStateOrRegionFilter",
          "OperatingAddressCityFilter"
        ],
        "total_optional": 5,
        "output_fields": {
          "Sites": {
            "type": "string",
            "description": "Sites details",
            "compliance_category": "general",
            "operators": [
              "equals",
              "not_equals",
              "contains"
            ]
          },
          "NextToken": {
            "type": "string",
            "description": "NextToken details",
            "compliance_category": "general",
            "operators": [
              "equals",
              "not_equals",
              "contains"
            ],
            "security_impact": "high"
          }
        },
        "main_output_field": "Sites",
        "item_fields": {
          "SiteId": {
            "type": "string",
            "description": "Site id",
            "compliance_category": "identity",
            "operators": [
              "equals",
              "not_equals",
              "in",
              "exists"
            ]
          },
          "AccountId": {
            "type": "string",
            "description": "Account id",
            "compliance_category": "identity",
            "operators": [
              "equals",
              "not_equals",
              "in",
              "exists"
            ]
          },
          "Name": {
            "type": "string",
            "description": "Name",
            "compliance_category": "general"
          },
          "Description": {
            "type": "string",
            "description": "Description",
            "compliance_category": "general",
            "format": "date-time"
          },
          "Tags": {
            "type": "array",
            "description": "Tags",
            "compliance_category": "general",
            "operators": [
              "exists",
              "not_empty",
              "contains"
            ]
          },
          "SiteArn": {
            "type": "string",
            "description": "Site arn",
            "compliance_category": "identity",
            "operators": [
              "equals",
              "not_equals",
              "contains",
              "in",
              "exists"
            ]
          },
          "Notes": {
            "type": "string",
            "description": "Notes",
            "compliance_category": "general"
          },
          "OperatingAddressCountryCode": {
            "type": "string",
            "description": "Operating address country code",
            "compliance_category": "general",
            "format": "date-time"
          },
          "OperatingAddressStateOrRegion": {
            "type": "string",
            "description": "Operating address state or region",
            "compliance_category": "general",
            "format": "date-time"
          },
          "OperatingAddressCity": {
            "type": "string",
            "description": "Operating address city",
            "compliance_category": "general",
            "format": "date-time"
          },
          "RackPhysicalProperties": {
            "type": "string",
            "description": "Rack physical properties",
            "compliance_category": "general"
          }
        }
      }
    ],
    "dependent": [
      {
        "operation": "CancelCapacityTask",
        "python_method": "cancel_capacity_task",
        "yaml_action": "cancel_capacity_task",
        "required_params": [
          "CapacityTaskId",
          "OutpostIdentifier"
        ],
        "optional_params": [],
        "total_optional": 0,
        "output_fields": {},
        "main_output_field": null,
        "item_fields": []
      },
      {
        "operation": "CancelOrder",
        "python_method": "cancel_order",
        "yaml_action": "cancel_order",
        "required_params": [
          "OrderId"
        ],
        "optional_params": [],
        "total_optional": 0,
        "output_fields": {},
        "main_output_field": null,
        "item_fields": []
      },
      {
        "operation": "CreateOrder",
        "python_method": "create_order",
        "yaml_action": "create_order",
        "required_params": [
          "OutpostIdentifier",
          "PaymentOption"
        ],
        "optional_params": [
          "LineItems",
          "PaymentTerm"
        ],
        "total_optional": 2,
        "output_fields": {
          "Order": {
            "type": "string",
            "description": "Order details",
            "compliance_category": "general",
            "operators": [
              "equals",
              "not_equals",
              "contains"
            ]
          }
        },
        "main_output_field": "Order",
        "item_fields": {
          "OutpostId": {
            "type": "string",
            "description": "Outpost id",
            "compliance_category": "identity",
            "operators": [
              "equals",
              "not_equals",
              "in",
              "exists"
            ]
          },
          "OrderId": {
            "type": "string",
            "description": "Order id",
            "compliance_category": "identity",
            "operators": [
              "equals",
              "not_equals",
              "in",
              "exists"
            ]
          },
          "Status": {
            "type": "string",
            "description": "Status",
            "compliance_category": "general",
            "format": "date-time"
          },
          "LineItems": {
            "type": "string",
            "description": "Line items",
            "compliance_category": "general"
          },
          "PaymentOption": {
            "type": "string",
            "description": "Payment option",
            "compliance_category": "general",
            "format": "date-time"
          },
          "OrderSubmissionDate": {
            "type": "string",
            "description": "Order submission date",
            "compliance_category": "general",
            "format": "date-time"
          },
          "OrderFulfilledDate": {
            "type": "string",
            "description": "Order fulfilled date",
            "compliance_category": "general",
            "format": "date-time"
          },
          "PaymentTerm": {
            "type": "string",
            "description": "Payment term",
            "compliance_category": "general"
          },
          "OrderType": {
            "type": "string",
            "description": "Order type",
            "compliance_category": "general"
          }
        }
      },
      {
        "operation": "CreateOutpost",
        "python_method": "create_outpost",
        "yaml_action": "create_outpost",
        "required_params": [
          "Name",
          "SiteId"
        ],
        "optional_params": [
          "Description",
          "AvailabilityZone",
          "AvailabilityZoneId",
          "Tags",
          "SupportedHardwareType"
        ],
        "total_optional": 5,
        "output_fields": {
          "Outpost": {
            "type": "string",
            "description": "Outpost details",
            "compliance_category": "general",
            "operators": [
              "equals",
              "not_equals",
              "contains"
            ]
          }
        },
        "main_output_field": "Outpost",
        "item_fields": {
          "OutpostId": {
            "type": "string",
            "description": "Outpost id",
            "compliance_category": "identity",
            "operators": [
              "equals",
              "not_equals",
              "in",
              "exists"
            ]
          },
          "OwnerId": {
            "type": "string",
            "description": "Owner id",
            "compliance_category": "identity",
            "operators": [
              "equals",
              "not_equals",
              "in",
              "exists"
            ]
          },
          "OutpostArn": {
            "type": "string",
            "description": "Outpost arn",
            "compliance_category": "identity",
            "operators": [
              "equals",
              "not_equals",
              "contains",
              "in",
              "exists"
            ]
          },
          "SiteId": {
            "type": "string",
            "description": "Site id",
            "compliance_category": "identity",
            "operators": [
              "equals",
              "not_equals",
              "in",
              "exists"
            ]
          },
          "Name": {
            "type": "string",
            "description": "Name",
            "compliance_category": "general"
          },
          "Description": {
            "type": "string",
            "description": "Description",
            "compliance_category": "general",
            "format": "date-time"
          },
          "LifeCycleStatus": {
            "type": "string",
            "description": "Life cycle status",
            "compliance_category": "general",
            "format": "date-time"
          },
          "AvailabilityZone": {
            "type": "string",
            "description": "Availability zone",
            "compliance_category": "general",
            "format": "date-time"
          },
          "AvailabilityZoneId": {
            "type": "string",
            "description": "Availability zone id",
            "compliance_category": "identity",
            "operators": [
              "equals",
              "not_equals",
              "in",
              "exists"
            ]
          },
          "Tags": {
            "type": "array",
            "description": "Tags",
            "compliance_category": "general",
            "operators": [
              "exists",
              "not_empty",
              "contains"
            ]
          },
          "SiteArn": {
            "type": "string",
            "description": "Site arn",
            "compliance_category": "identity",
            "operators": [
              "equals",
              "not_equals",
              "contains",
              "in",
              "exists"
            ]
          },
          "SupportedHardwareType": {
            "type": "string",
            "description": "Supported hardware type",
            "compliance_category": "general"
          }
        }
      },
      {
        "operation": "CreateSite",
        "python_method": "create_site",
        "yaml_action": "create_site",
        "required_params": [
          "Name"
        ],
        "optional_params": [
          "Description",
          "Notes",
          "Tags",
          "OperatingAddress",
          "ShippingAddress"
        ],
        "total_optional": 6,
        "output_fields": {
          "Site": {
            "type": "string",
            "description": "Site details",
            "compliance_category": "general",
            "operators": [
              "equals",
              "not_equals",
              "contains"
            ]
          }
        },
        "main_output_field": "Site",
        "item_fields": {
          "SiteId": {
            "type": "string",
            "description": "Site id",
            "compliance_category": "identity",
            "operators": [
              "equals",
              "not_equals",
              "in",
              "exists"
            ]
          },
          "AccountId": {
            "type": "string",
            "description": "Account id",
            "compliance_category": "identity",
            "operators": [
              "equals",
              "not_equals",
              "in",
              "exists"
            ]
          },
          "Name": {
            "type": "string",
            "description": "Name",
            "compliance_category": "general"
          },
          "Description": {
            "type": "string",
            "description": "Description",
            "compliance_category": "general",
            "format": "date-time"
          },
          "Tags": {
            "type": "array",
            "description": "Tags",
            "compliance_category": "general",
            "operators": [
              "exists",
              "not_empty",
              "contains"
            ]
          },
          "SiteArn": {
            "type": "string",
            "description": "Site arn",
            "compliance_category": "identity",
            "operators": [
              "equals",
              "not_equals",
              "contains",
              "in",
              "exists"
            ]
          },
          "Notes": {
            "type": "string",
            "description": "Notes",
            "compliance_category": "general"
          },
          "OperatingAddressCountryCode": {
            "type": "string",
            "description": "Operating address country code",
            "compliance_category": "general",
            "format": "date-time"
          },
          "OperatingAddressStateOrRegion": {
            "type": "string",
            "description": "Operating address state or region",
            "compliance_category": "general",
            "format": "date-time"
          },
          "OperatingAddressCity": {
            "type": "string",
            "description": "Operating address city",
            "compliance_category": "general",
            "format": "date-time"
          },
          "RackPhysicalProperties": {
            "type": "string",
            "description": "Rack physical properties",
            "compliance_category": "general"
          }
        }
      },
      {
        "operation": "DeleteOutpost",
        "python_method": "delete_outpost",
        "yaml_action": "delete_outpost",
        "required_params": [
          "OutpostId"
        ],
        "optional_params": [],
        "total_optional": 0,
        "output_fields": {},
        "main_output_field": null,
        "item_fields": []
      },
      {
        "operation": "DeleteSite",
        "python_method": "delete_site",
        "yaml_action": "delete_site",
        "required_params": [
          "SiteId"
        ],
        "optional_params": [],
        "total_optional": 0,
        "output_fields": {},
        "main_output_field": null,
        "item_fields": []
      },
      {
        "operation": "GetCapacityTask",
        "python_method": "get_capacity_task",
        "yaml_action": "get_capacity_task",
        "required_params": [
          "CapacityTaskId",
          "OutpostIdentifier"
        ],
        "optional_params": [],
        "total_optional": 0,
        "output_fields": {
          "CapacityTaskId": {
            "type": "string",
            "description": "CapacityTaskId details",
            "compliance_category": "identity",
            "operators": [
              "equals",
              "not_equals",
              "contains",
              "in",
              "exists"
            ]
          },
          "OutpostId": {
            "type": "string",
            "description": "OutpostId details",
            "compliance_category": "identity",
            "operators": [
              "equals",
              "not_equals",
              "contains",
              "in",
              "exists"
            ]
          },
          "OrderId": {
            "type": "string",
            "description": "OrderId details",
            "compliance_category": "identity",
            "operators": [
              "equals",
              "not_equals",
              "contains",
              "in",
              "exists"
            ]
          },
          "AssetId": {
            "type": "string",
            "description": "AssetId details",
            "compliance_category": "identity",
            "operators": [
              "equals",
              "not_equals",
              "contains",
              "in",
              "exists"
            ]
          },
          "RequestedInstancePools": {
            "type": "string",
            "description": "RequestedInstancePools details",
            "compliance_category": "general",
            "operators": [
              "equals",
              "not_equals",
              "contains"
            ]
          },
          "InstancesToExclude": {
            "type": "string",
            "description": "InstancesToExclude details",
            "compliance_category": "general",
            "operators": [
              "equals",
              "not_equals",
              "contains"
            ]
          },
          "DryRun": {
            "type": "string",
            "description": "DryRun details",
            "compliance_category": "general",
            "operators": [
              "equals",
              "not_equals",
              "contains"
            ]
          },
          "CapacityTaskStatus": {
            "type": "string",
            "description": "CapacityTaskStatus details",
            "compliance_category": "general",
            "format": "date-time",
            "operators": [
              "equals",
              "not_equals",
              "contains"
            ]
          },
          "Failed": {
            "type": "string",
            "description": "Failed details",
            "compliance_category": "general",
            "operators": [
              "equals",
              "not_equals",
              "contains"
            ]
          },
          "CreationDate": {
            "type": "string",
            "description": "CreationDate details",
            "compliance_category": "general",
            "format": "date-time",
            "operators": [
              "equals",
              "not_equals",
              "contains"
            ]
          },
          "CompletionDate": {
            "type": "string",
            "description": "CompletionDate details",
            "compliance_category": "general",
            "format": "date-time",
            "operators": [
              "equals",
              "not_equals",
              "contains"
            ]
          },
          "LastModifiedDate": {
            "type": "string",
            "description": "LastModifiedDate details",
            "compliance_category": "general",
            "format": "date-time",
            "operators": [
              "equals",
              "not_equals",
              "contains"
            ]
          },
          "TaskActionOnBlockingInstances": {
            "type": "string",
            "description": "TaskActionOnBlockingInstances details",
            "compliance_category": "general",
            "operators": [
              "equals",
              "not_equals",
              "contains"
            ]
          }
        },
        "main_output_field": "RequestedInstancePools",
        "item_fields": {
          "InstanceType": {
            "type": "string",
            "description": "Instance type",
            "compliance_category": "general"
          },
          "Count": {
            "type": "integer",
            "description": "Count",
            "compliance_category": "general"
          }
        }
      },
      {
        "operation": "GetCatalogItem",
        "python_method": "get_catalog_item",
        "yaml_action": "get_catalog_item",
        "required_params": [
          "CatalogItemId"
        ],
        "optional_params": [],
        "total_optional": 0,
        "output_fields": {
          "CatalogItem": {
            "type": "string",
            "description": "CatalogItem details",
            "compliance_category": "general",
            "format": "date-time",
            "operators": [
              "equals",
              "not_equals",
              "contains"
            ]
          }
        },
        "main_output_field": "CatalogItem",
        "item_fields": {
          "CatalogItemId": {
            "type": "string",
            "description": "Catalog item id",
            "compliance_category": "identity",
            "operators": [
              "equals",
              "not_equals",
              "in",
              "exists"
            ]
          },
          "ItemStatus": {
            "type": "string",
            "description": "Item status",
            "compliance_category": "general",
            "format": "date-time"
          },
          "EC2Capacities": {
            "type": "string",
            "description": "E capacities",
            "compliance_category": "general"
          },
          "PowerKva": {
            "type": "string",
            "description": "Power kva",
            "compliance_category": "general"
          },
          "WeightLbs": {
            "type": "string",
            "description": "Weight lbs",
            "compliance_category": "general"
          },
          "SupportedUplinkGbps": {
            "type": "string",
            "description": "Supported uplink gbps",
            "compliance_category": "general"
          },
          "SupportedStorage": {
            "type": "string",
            "description": "Supported storage",
            "compliance_category": "general"
          }
        }
      },
      {
        "operation": "GetConnection",
        "python_method": "get_connection",
        "yaml_action": "get_connection",
        "required_params": [
          "ConnectionId"
        ],
        "optional_params": [],
        "total_optional": 0,
        "output_fields": {
          "ConnectionId": {
            "type": "string",
            "description": "ConnectionId details",
            "compliance_category": "identity",
            "operators": [
              "equals",
              "not_equals",
              "contains",
              "in",
              "exists"
            ]
          },
          "ConnectionDetails": {
            "type": "string",
            "description": "ConnectionDetails details",
            "compliance_category": "general",
            "operators": [
              "equals",
              "not_equals",
              "contains"
            ]
          }
        },
        "main_output_field": "ConnectionDetails",
        "item_fields": {
          "ClientPublicKey": {
            "type": "string",
            "description": "Client public key",
            "compliance_category": "security",
            "security_impact": "high"
          },
          "ServerPublicKey": {
            "type": "string",
            "description": "Server public key",
            "compliance_category": "security",
            "security_impact": "high"
          },
          "ServerEndpoint": {
            "type": "string",
            "description": "Server endpoint",
            "compliance_category": "general"
          },
          "ClientTunnelAddress": {
            "type": "string",
            "description": "Client tunnel address",
            "compliance_category": "general"
          },
          "ServerTunnelAddress": {
            "type": "string",
            "description": "Server tunnel address",
            "compliance_category": "general"
          },
          "AllowedIps": {
            "type": "string",
            "description": "Allowed ips",
            "compliance_category": "general"
          }
        }
      },
      {
        "operation": "GetOrder",
        "python_method": "get_order",
        "yaml_action": "get_order",
        "required_params": [
          "OrderId"
        ],
        "optional_params": [],
        "total_optional": 0,
        "output_fields": {
          "Order": {
            "type": "string",
            "description": "Order details",
            "compliance_category": "general",
            "operators": [
              "equals",
              "not_equals",
              "contains"
            ]
          }
        },
        "main_output_field": "Order",
        "item_fields": {
          "OutpostId": {
            "type": "string",
            "description": "Outpost id",
            "compliance_category": "identity",
            "operators": [
              "equals",
              "not_equals",
              "in",
              "exists"
            ]
          },
          "OrderId": {
            "type": "string",
            "description": "Order id",
            "compliance_category": "identity",
            "operators": [
              "equals",
              "not_equals",
              "in",
              "exists"
            ]
          },
          "Status": {
            "type": "string",
            "description": "Status",
            "compliance_category": "general",
            "format": "date-time"
          },
          "LineItems": {
            "type": "string",
            "description": "Line items",
            "compliance_category": "general"
          },
          "PaymentOption": {
            "type": "string",
            "description": "Payment option",
            "compliance_category": "general",
            "format": "date-time"
          },
          "OrderSubmissionDate": {
            "type": "string",
            "description": "Order submission date",
            "compliance_category": "general",
            "format": "date-time"
          },
          "OrderFulfilledDate": {
            "type": "string",
            "description": "Order fulfilled date",
            "compliance_category": "general",
            "format": "date-time"
          },
          "PaymentTerm": {
            "type": "string",
            "description": "Payment term",
            "compliance_category": "general"
          },
          "OrderType": {
            "type": "string",
            "description": "Order type",
            "compliance_category": "general"
          }
        }
      },
      {
        "operation": "GetOutpost",
        "python_method": "get_outpost",
        "yaml_action": "get_outpost",
        "required_params": [
          "OutpostId"
        ],
        "optional_params": [],
        "total_optional": 0,
        "output_fields": {
          "Outpost": {
            "type": "string",
            "description": "Outpost details",
            "compliance_category": "general",
            "operators": [
              "equals",
              "not_equals",
              "contains"
            ]
          }
        },
        "main_output_field": "Outpost",
        "item_fields": {
          "OutpostId": {
            "type": "string",
            "description": "Outpost id",
            "compliance_category": "identity",
            "operators": [
              "equals",
              "not_equals",
              "in",
              "exists"
            ]
          },
          "OwnerId": {
            "type": "string",
            "description": "Owner id",
            "compliance_category": "identity",
            "operators": [
              "equals",
              "not_equals",
              "in",
              "exists"
            ]
          },
          "OutpostArn": {
            "type": "string",
            "description": "Outpost arn",
            "compliance_category": "identity",
            "operators": [
              "equals",
              "not_equals",
              "contains",
              "in",
              "exists"
            ]
          },
          "SiteId": {
            "type": "string",
            "description": "Site id",
            "compliance_category": "identity",
            "operators": [
              "equals",
              "not_equals",
              "in",
              "exists"
            ]
          },
          "Name": {
            "type": "string",
            "description": "Name",
            "compliance_category": "general"
          },
          "Description": {
            "type": "string",
            "description": "Description",
            "compliance_category": "general",
            "format": "date-time"
          },
          "LifeCycleStatus": {
            "type": "string",
            "description": "Life cycle status",
            "compliance_category": "general",
            "format": "date-time"
          },
          "AvailabilityZone": {
            "type": "string",
            "description": "Availability zone",
            "compliance_category": "general",
            "format": "date-time"
          },
          "AvailabilityZoneId": {
            "type": "string",
            "description": "Availability zone id",
            "compliance_category": "identity",
            "operators": [
              "equals",
              "not_equals",
              "in",
              "exists"
            ]
          },
          "Tags": {
            "type": "array",
            "description": "Tags",
            "compliance_category": "general",
            "operators": [
              "exists",
              "not_empty",
              "contains"
            ]
          },
          "SiteArn": {
            "type": "string",
            "description": "Site arn",
            "compliance_category": "identity",
            "operators": [
              "equals",
              "not_equals",
              "contains",
              "in",
              "exists"
            ]
          },
          "SupportedHardwareType": {
            "type": "string",
            "description": "Supported hardware type",
            "compliance_category": "general"
          }
        }
      },
      {
        "operation": "GetOutpostBillingInformation",
        "python_method": "get_outpost_billing_information",
        "yaml_action": "get_outpost_billing_information",
        "required_params": [
          "OutpostIdentifier"
        ],
        "optional_params": [
          "NextToken",
          "MaxResults"
        ],
        "total_optional": 2,
        "output_fields": {
          "NextToken": {
            "type": "string",
            "description": "NextToken details",
            "compliance_category": "general",
            "operators": [
              "equals",
              "not_equals",
              "contains"
            ],
            "security_impact": "high"
          },
          "Subscriptions": {
            "type": "string",
            "description": "Subscriptions details",
            "compliance_category": "general",
            "operators": [
              "equals",
              "not_equals",
              "contains"
            ]
          },
          "ContractEndDate": {
            "type": "string",
            "description": "ContractEndDate details",
            "compliance_category": "general",
            "format": "date-time",
            "operators": [
              "equals",
              "not_equals",
              "contains"
            ]
          }
        },
        "main_output_field": "Subscriptions",
        "item_fields": {
          "SubscriptionId": {
            "type": "string",
            "description": "Subscription id",
            "compliance_category": "identity",
            "operators": [
              "equals",
              "not_equals",
              "in",
              "exists"
            ]
          },
          "SubscriptionType": {
            "type": "string",
            "description": "Subscription type",
            "compliance_category": "general",
            "format": "date-time"
          },
          "SubscriptionStatus": {
            "type": "string",
            "description": "Subscription status",
            "compliance_category": "general",
            "format": "date-time"
          },
          "OrderIds": {
            "type": "string",
            "description": "Order ids",
            "compliance_category": "identity",
            "operators": [
              "equals",
              "not_equals",
              "in",
              "exists"
            ]
          },
          "BeginDate": {
            "type": "string",
            "description": "Begin date",
            "compliance_category": "general",
            "format": "date-time"
          },
          "EndDate": {
            "type": "string",
            "description": "End date",
            "compliance_category": "general",
            "format": "date-time"
          },
          "MonthlyRecurringPrice": {
            "type": "string",
            "description": "Monthly recurring price",
            "compliance_category": "general",
            "format": "date-time"
          },
          "UpfrontPrice": {
            "type": "string",
            "description": "Upfront price",
            "compliance_category": "general",
            "format": "date-time"
          }
        }
      },
      {
        "operation": "GetOutpostInstanceTypes",
        "python_method": "get_outpost_instance_types",
        "yaml_action": "get_outpost_instance_types",
        "required_params": [
          "OutpostId"
        ],
        "optional_params": [
          "NextToken",
          "MaxResults"
        ],
        "total_optional": 2,
        "output_fields": {
          "InstanceTypes": {
            "type": "string",
            "description": "InstanceTypes details",
            "compliance_category": "general",
            "operators": [
              "equals",
              "not_equals",
              "contains"
            ]
          },
          "NextToken": {
            "type": "string",
            "description": "NextToken details",
            "compliance_category": "general",
            "operators": [
              "equals",
              "not_equals",
              "contains"
            ],
            "security_impact": "high"
          },
          "OutpostId": {
            "type": "string",
            "description": "OutpostId details",
            "compliance_category": "identity",
            "operators": [
              "equals",
              "not_equals",
              "contains",
              "in",
              "exists"
            ]
          },
          "OutpostArn": {
            "type": "string",
            "description": "OutpostArn details",
            "compliance_category": "identity",
            "operators": [
              "equals",
              "not_equals",
              "contains",
              "in",
              "exists"
            ]
          }
        },
        "main_output_field": "InstanceTypes",
        "item_fields": {
          "InstanceType": {
            "type": "string",
            "description": "Instance type",
            "compliance_category": "general"
          },
          "VCPUs": {
            "type": "string",
            "description": "Vcp us",
            "compliance_category": "general"
          }
        }
      },
      {
        "operation": "GetOutpostSupportedInstanceTypes",
        "python_method": "get_outpost_supported_instance_types",
        "yaml_action": "get_outpost_supported_instance_types",
        "required_params": [
          "OutpostIdentifier"
        ],
        "optional_params": [
          "OrderId",
          "AssetId",
          "MaxResults",
          "NextToken"
        ],
        "total_optional": 4,
        "output_fields": {
          "InstanceTypes": {
            "type": "string",
            "description": "InstanceTypes details",
            "compliance_category": "general",
            "operators": [
              "equals",
              "not_equals",
              "contains"
            ]
          },
          "NextToken": {
            "type": "string",
            "description": "NextToken details",
            "compliance_category": "general",
            "operators": [
              "equals",
              "not_equals",
              "contains"
            ],
            "security_impact": "high"
          }
        },
        "main_output_field": "InstanceTypes",
        "item_fields": {
          "InstanceType": {
            "type": "string",
            "description": "Instance type",
            "compliance_category": "general"
          },
          "VCPUs": {
            "type": "string",
            "description": "Vcp us",
            "compliance_category": "general"
          }
        }
      },
      {
        "operation": "GetSite",
        "python_method": "get_site",
        "yaml_action": "get_site",
        "required_params": [
          "SiteId"
        ],
        "optional_params": [],
        "total_optional": 0,
        "output_fields": {
          "Site": {
            "type": "string",
            "description": "Site details",
            "compliance_category": "general",
            "operators": [
              "equals",
              "not_equals",
              "contains"
            ]
          }
        },
        "main_output_field": "Site",
        "item_fields": {
          "SiteId": {
            "type": "string",
            "description": "Site id",
            "compliance_category": "identity",
            "operators": [
              "equals",
              "not_equals",
              "in",
              "exists"
            ]
          },
          "AccountId": {
            "type": "string",
            "description": "Account id",
            "compliance_category": "identity",
            "operators": [
              "equals",
              "not_equals",
              "in",
              "exists"
            ]
          },
          "Name": {
            "type": "string",
            "description": "Name",
            "compliance_category": "general"
          },
          "Description": {
            "type": "string",
            "description": "Description",
            "compliance_category": "general",
            "format": "date-time"
          },
          "Tags": {
            "type": "array",
            "description": "Tags",
            "compliance_category": "general",
            "operators": [
              "exists",
              "not_empty",
              "contains"
            ]
          },
          "SiteArn": {
            "type": "string",
            "description": "Site arn",
            "compliance_category": "identity",
            "operators": [
              "equals",
              "not_equals",
              "contains",
              "in",
              "exists"
            ]
          },
          "Notes": {
            "type": "string",
            "description": "Notes",
            "compliance_category": "general"
          },
          "OperatingAddressCountryCode": {
            "type": "string",
            "description": "Operating address country code",
            "compliance_category": "general",
            "format": "date-time"
          },
          "OperatingAddressStateOrRegion": {
            "type": "string",
            "description": "Operating address state or region",
            "compliance_category": "general",
            "format": "date-time"
          },
          "OperatingAddressCity": {
            "type": "string",
            "description": "Operating address city",
            "compliance_category": "general",
            "format": "date-time"
          },
          "RackPhysicalProperties": {
            "type": "string",
            "description": "Rack physical properties",
            "compliance_category": "general"
          }
        }
      },
      {
        "operation": "GetSiteAddress",
        "python_method": "get_site_address",
        "yaml_action": "get_site_address",
        "required_params": [
          "SiteId",
          "AddressType"
        ],
        "optional_params": [],
        "total_optional": 0,
        "output_fields": {
          "SiteId": {
            "type": "string",
            "description": "SiteId details",
            "compliance_category": "identity",
            "operators": [
              "equals",
              "not_equals",
              "contains",
              "in",
              "exists"
            ]
          },
          "AddressType": {
            "type": "string",
            "description": "AddressType details",
            "compliance_category": "general",
            "operators": [
              "equals",
              "not_equals",
              "contains"
            ]
          },
          "Address": {
            "type": "string",
            "description": "Address details",
            "compliance_category": "general",
            "operators": [
              "equals",
              "not_equals",
              "contains"
            ]
          }
        },
        "main_output_field": "Address",
        "item_fields": {
          "ContactName": {
            "type": "string",
            "description": "Contact name",
            "compliance_category": "general",
            "format": "date-time"
          },
          "ContactPhoneNumber": {
            "type": "string",
            "description": "Contact phone number",
            "compliance_category": "general",
            "format": "date-time"
          },
          "AddressLine1": {
            "type": "string",
            "description": "Address line",
            "compliance_category": "security",
            "security_impact": "high"
          },
          "AddressLine2": {
            "type": "string",
            "description": "Address line",
            "compliance_category": "security",
            "security_impact": "high"
          },
          "AddressLine3": {
            "type": "string",
            "description": "Address line",
            "compliance_category": "security",
            "security_impact": "high"
          },
          "City": {
            "type": "string",
            "description": "City",
            "compliance_category": "general"
          },
          "StateOrRegion": {
            "type": "string",
            "description": "State or region",
            "compliance_category": "general",
            "format": "date-time"
          },
          "DistrictOrCounty": {
            "type": "integer",
            "description": "District or county",
            "compliance_category": "general"
          },
          "PostalCode": {
            "type": "string",
            "description": "Postal code",
            "compliance_category": "general"
          },
          "CountryCode": {
            "type": "integer",
            "description": "Country code",
            "compliance_category": "general"
          },
          "Municipality": {
            "type": "string",
            "description": "Municipality",
            "compliance_category": "general"
          }
        }
      },
      {
        "operation": "ListAssetInstances",
        "python_method": "list_asset_instances",
        "yaml_action": "list_asset_instances",
        "required_params": [
          "OutpostIdentifier"
        ],
        "optional_params": [
          "AssetIdFilter",
          "InstanceTypeFilter",
          "AccountIdFilter",
          "AwsServiceFilter",
          "MaxResults"
        ],
        "total_optional": 6,
        "output_fields": {
          "AssetInstances": {
            "type": "string",
            "description": "AssetInstances details",
            "compliance_category": "general",
            "operators": [
              "equals",
              "not_equals",
              "contains"
            ]
          },
          "NextToken": {
            "type": "string",
            "description": "NextToken details",
            "compliance_category": "general",
            "operators": [
              "equals",
              "not_equals",
              "contains"
            ],
            "security_impact": "high"
          }
        },
        "main_output_field": "AssetInstances",
        "item_fields": {
          "InstanceId": {
            "type": "string",
            "description": "Instance id",
            "compliance_category": "identity",
            "operators": [
              "equals",
              "not_equals",
              "in",
              "exists"
            ]
          },
          "InstanceType": {
            "type": "string",
            "description": "Instance type",
            "compliance_category": "general"
          },
          "AssetId": {
            "type": "string",
            "description": "Asset id",
            "compliance_category": "identity",
            "operators": [
              "equals",
              "not_equals",
              "in",
              "exists"
            ]
          },
          "AccountId": {
            "type": "string",
            "description": "Account id",
            "compliance_category": "identity",
            "operators": [
              "equals",
              "not_equals",
              "in",
              "exists"
            ]
          },
          "AwsServiceName": {
            "type": "string",
            "description": "Aws service name",
            "compliance_category": "general"
          }
        }
      },
      {
        "operation": "ListAssets",
        "python_method": "list_assets",
        "yaml_action": "list_assets",
        "required_params": [
          "OutpostIdentifier"
        ],
        "optional_params": [
          "HostIdFilter",
          "MaxResults",
          "NextToken",
          "StatusFilter"
        ],
        "total_optional": 4,
        "output_fields": {
          "Assets": {
            "type": "string",
            "description": "Assets details",
            "compliance_category": "general",
            "operators": [
              "equals",
              "not_equals",
              "contains"
            ]
          },
          "NextToken": {
            "type": "string",
            "description": "NextToken details",
            "compliance_category": "general",
            "operators": [
              "equals",
              "not_equals",
              "contains"
            ],
            "security_impact": "high"
          }
        },
        "main_output_field": "Assets",
        "item_fields": {
          "AssetId": {
            "type": "string",
            "description": "Asset id",
            "compliance_category": "identity",
            "operators": [
              "equals",
              "not_equals",
              "in",
              "exists"
            ]
          },
          "RackId": {
            "type": "string",
            "description": "Rack id",
            "compliance_category": "identity",
            "operators": [
              "equals",
              "not_equals",
              "in",
              "exists"
            ]
          },
          "AssetType": {
            "type": "string",
            "description": "Asset type",
            "compliance_category": "general"
          },
          "ComputeAttributes": {
            "type": "string",
            "description": "Compute attributes",
            "compliance_category": "general",
            "format": "date-time"
          },
          "AssetLocation": {
            "type": "string",
            "description": "Asset location",
            "compliance_category": "general",
            "format": "date-time"
          }
        }
      },
      {
        "operation": "ListBlockingInstancesForCapacityTask",
        "python_method": "list_blocking_instances_for_capacity_task",
        "yaml_action": "list_blocking_instances_for_capacity_task",
        "required_params": [
          "OutpostIdentifier",
          "CapacityTaskId"
        ],
        "optional_params": [
          "MaxResults",
          "NextToken"
        ],
        "total_optional": 2,
        "output_fields": {
          "BlockingInstances": {
            "type": "string",
            "description": "BlockingInstances details",
            "compliance_category": "general",
            "operators": [
              "equals",
              "not_equals",
              "contains"
            ]
          },
          "NextToken": {
            "type": "string",
            "description": "NextToken details",
            "compliance_category": "general",
            "operators": [
              "equals",
              "not_equals",
              "contains"
            ],
            "security_impact": "high"
          }
        },
        "main_output_field": "BlockingInstances",
        "item_fields": {
          "InstanceId": {
            "type": "string",
            "description": "Instance id",
            "compliance_category": "identity",
            "operators": [
              "equals",
              "not_equals",
              "in",
              "exists"
            ]
          },
          "AccountId": {
            "type": "string",
            "description": "Account id",
            "compliance_category": "identity",
            "operators": [
              "equals",
              "not_equals",
              "in",
              "exists"
            ]
          },
          "AwsServiceName": {
            "type": "string",
            "description": "Aws service name",
            "compliance_category": "general"
          }
        }
      },
      {
        "operation": "ListTagsForResource",
        "python_method": "list_tags_for_resource",
        "yaml_action": "list_tags_for_resource",
        "required_params": [
          "ResourceArn"
        ],
        "optional_params": [],
        "total_optional": 0,
        "output_fields": {
          "Tags": {
            "type": "string",
            "description": "Tags details",
            "compliance_category": "general",
            "operators": [
              "equals",
              "not_equals",
              "contains"
            ]
          }
        },
        "main_output_field": "Tags",
        "item_fields": []
      },
      {
        "operation": "StartCapacityTask",
        "python_method": "start_capacity_task",
        "yaml_action": "start_capacity_task",
        "required_params": [
          "OutpostIdentifier",
          "InstancePools"
        ],
        "optional_params": [
          "OrderId",
          "AssetId",
          "InstancesToExclude",
          "DryRun",
          "TaskActionOnBlockingInstances"
        ],
        "total_optional": 5,
        "output_fields": {
          "CapacityTaskId": {
            "type": "string",
            "description": "CapacityTaskId details",
            "compliance_category": "identity",
            "operators": [
              "equals",
              "not_equals",
              "contains",
              "in",
              "exists"
            ]
          },
          "OutpostId": {
            "type": "string",
            "description": "OutpostId details",
            "compliance_category": "identity",
            "operators": [
              "equals",
              "not_equals",
              "contains",
              "in",
              "exists"
            ]
          },
          "OrderId": {
            "type": "string",
            "description": "OrderId details",
            "compliance_category": "identity",
            "operators": [
              "equals",
              "not_equals",
              "contains",
              "in",
              "exists"
            ]
          },
          "AssetId": {
            "type": "string",
            "description": "AssetId details",
            "compliance_category": "identity",
            "operators": [
              "equals",
              "not_equals",
              "contains",
              "in",
              "exists"
            ]
          },
          "RequestedInstancePools": {
            "type": "string",
            "description": "RequestedInstancePools details",
            "compliance_category": "general",
            "operators": [
              "equals",
              "not_equals",
              "contains"
            ]
          },
          "InstancesToExclude": {
            "type": "string",
            "description": "InstancesToExclude details",
            "compliance_category": "general",
            "operators": [
              "equals",
              "not_equals",
              "contains"
            ]
          },
          "DryRun": {
            "type": "string",
            "description": "DryRun details",
            "compliance_category": "general",
            "operators": [
              "equals",
              "not_equals",
              "contains"
            ]
          },
          "CapacityTaskStatus": {
            "type": "string",
            "description": "CapacityTaskStatus details",
            "compliance_category": "general",
            "format": "date-time",
            "operators": [
              "equals",
              "not_equals",
              "contains"
            ]
          },
          "Failed": {
            "type": "string",
            "description": "Failed details",
            "compliance_category": "general",
            "operators": [
              "equals",
              "not_equals",
              "contains"
            ]
          },
          "CreationDate": {
            "type": "string",
            "description": "CreationDate details",
            "compliance_category": "general",
            "format": "date-time",
            "operators": [
              "equals",
              "not_equals",
              "contains"
            ]
          },
          "CompletionDate": {
            "type": "string",
            "description": "CompletionDate details",
            "compliance_category": "general",
            "format": "date-time",
            "operators": [
              "equals",
              "not_equals",
              "contains"
            ]
          },
          "LastModifiedDate": {
            "type": "string",
            "description": "LastModifiedDate details",
            "compliance_category": "general",
            "format": "date-time",
            "operators": [
              "equals",
              "not_equals",
              "contains"
            ]
          },
          "TaskActionOnBlockingInstances": {
            "type": "string",
            "description": "TaskActionOnBlockingInstances details",
            "compliance_category": "general",
            "operators": [
              "equals",
              "not_equals",
              "contains"
            ]
          }
        },
        "main_output_field": "RequestedInstancePools",
        "item_fields": {
          "InstanceType": {
            "type": "string",
            "description": "Instance type",
            "compliance_category": "general"
          },
          "Count": {
            "type": "integer",
            "description": "Count",
            "compliance_category": "general"
          }
        }
      },
      {
        "operation": "StartConnection",
        "python_method": "start_connection",
        "yaml_action": "start_connection",
        "required_params": [
          "AssetId",
          "ClientPublicKey",
          "NetworkInterfaceDeviceIndex"
        ],
        "optional_params": [
          "DeviceSerialNumber"
        ],
        "total_optional": 1,
        "output_fields": {
          "ConnectionId": {
            "type": "string",
            "description": "ConnectionId details",
            "compliance_category": "identity",
            "operators": [
              "equals",
              "not_equals",
              "contains",
              "in",
              "exists"
            ]
          },
          "UnderlayIpAddress": {
            "type": "string",
            "description": "UnderlayIpAddress details",
            "compliance_category": "general",
            "operators": [
              "equals",
              "not_equals",
              "contains"
            ]
          }
        },
        "main_output_field": "ConnectionId",
        "item_fields": []
      },
      {
        "operation": "StartOutpostDecommission",
        "python_method": "start_outpost_decommission",
        "yaml_action": "start_outpost_decommission",
        "required_params": [
          "OutpostIdentifier"
        ],
        "optional_params": [
          "ValidateOnly"
        ],
        "total_optional": 1,
        "output_fields": {
          "Status": {
            "type": "string",
            "description": "Status details",
            "compliance_category": "general",
            "format": "date-time",
            "operators": [
              "equals",
              "not_equals",
              "contains"
            ]
          },
          "BlockingResourceTypes": {
            "type": "string",
            "description": "BlockingResourceTypes details",
            "compliance_category": "general",
            "operators": [
              "equals",
              "not_equals",
              "contains"
            ]
          }
        },
        "main_output_field": "BlockingResourceTypes",
        "item_fields": []
      },
      {
        "operation": "TagResource",
        "python_method": "tag_resource",
        "yaml_action": "tag_resource",
        "required_params": [
          "ResourceArn",
          "Tags"
        ],
        "optional_params": [],
        "total_optional": 0,
        "output_fields": {},
        "main_output_field": null,
        "item_fields": []
      },
      {
        "operation": "UntagResource",
        "python_method": "untag_resource",
        "yaml_action": "untag_resource",
        "required_params": [
          "ResourceArn",
          "TagKeys"
        ],
        "optional_params": [],
        "total_optional": 0,
        "output_fields": {},
        "main_output_field": null,
        "item_fields": []
      },
      {
        "operation": "UpdateOutpost",
        "python_method": "update_outpost",
        "yaml_action": "update_outpost",
        "required_params": [
          "OutpostId"
        ],
        "optional_params": [
          "Name",
          "Description",
          "SupportedHardwareType"
        ],
        "total_optional": 3,
        "output_fields": {
          "Outpost": {
            "type": "string",
            "description": "Outpost details",
            "compliance_category": "general",
            "operators": [
              "equals",
              "not_equals",
              "contains"
            ]
          }
        },
        "main_output_field": "Outpost",
        "item_fields": {
          "OutpostId": {
            "type": "string",
            "description": "Outpost id",
            "compliance_category": "identity",
            "operators": [
              "equals",
              "not_equals",
              "in",
              "exists"
            ]
          },
          "OwnerId": {
            "type": "string",
            "description": "Owner id",
            "compliance_category": "identity",
            "operators": [
              "equals",
              "not_equals",
              "in",
              "exists"
            ]
          },
          "OutpostArn": {
            "type": "string",
            "description": "Outpost arn",
            "compliance_category": "identity",
            "operators": [
              "equals",
              "not_equals",
              "contains",
              "in",
              "exists"
            ]
          },
          "SiteId": {
            "type": "string",
            "description": "Site id",
            "compliance_category": "identity",
            "operators": [
              "equals",
              "not_equals",
              "in",
              "exists"
            ]
          },
          "Name": {
            "type": "string",
            "description": "Name",
            "compliance_category": "general"
          },
          "Description": {
            "type": "string",
            "description": "Description",
            "compliance_category": "general",
            "format": "date-time"
          },
          "LifeCycleStatus": {
            "type": "string",
            "description": "Life cycle status",
            "compliance_category": "general",
            "format": "date-time"
          },
          "AvailabilityZone": {
            "type": "string",
            "description": "Availability zone",
            "compliance_category": "general",
            "format": "date-time"
          },
          "AvailabilityZoneId": {
            "type": "string",
            "description": "Availability zone id",
            "compliance_category": "identity",
            "operators": [
              "equals",
              "not_equals",
              "in",
              "exists"
            ]
          },
          "Tags": {
            "type": "array",
            "description": "Tags",
            "compliance_category": "general",
            "operators": [
              "exists",
              "not_empty",
              "contains"
            ]
          },
          "SiteArn": {
            "type": "string",
            "description": "Site arn",
            "compliance_category": "identity",
            "operators": [
              "equals",
              "not_equals",
              "contains",
              "in",
              "exists"
            ]
          },
          "SupportedHardwareType": {
            "type": "string",
            "description": "Supported hardware type",
            "compliance_category": "general"
          }
        }
      },
      {
        "operation": "UpdateSite",
        "python_method": "update_site",
        "yaml_action": "update_site",
        "required_params": [
          "SiteId"
        ],
        "optional_params": [
          "Name",
          "Description",
          "Notes"
        ],
        "total_optional": 3,
        "output_fields": {
          "Site": {
            "type": "string",
            "description": "Site details",
            "compliance_category": "general",
            "operators": [
              "equals",
              "not_equals",
              "contains"
            ]
          }
        },
        "main_output_field": "Site",
        "item_fields": {
          "SiteId": {
            "type": "string",
            "description": "Site id",
            "compliance_category": "identity",
            "operators": [
              "equals",
              "not_equals",
              "in",
              "exists"
            ]
          },
          "AccountId": {
            "type": "string",
            "description": "Account id",
            "compliance_category": "identity",
            "operators": [
              "equals",
              "not_equals",
              "in",
              "exists"
            ]
          },
          "Name": {
            "type": "string",
            "description": "Name",
            "compliance_category": "general"
          },
          "Description": {
            "type": "string",
            "description": "Description",
            "compliance_category": "general",
            "format": "date-time"
          },
          "Tags": {
            "type": "array",
            "description": "Tags",
            "compliance_category": "general",
            "operators": [
              "exists",
              "not_empty",
              "contains"
            ]
          },
          "SiteArn": {
            "type": "string",
            "description": "Site arn",
            "compliance_category": "identity",
            "operators": [
              "equals",
              "not_equals",
              "contains",
              "in",
              "exists"
            ]
          },
          "Notes": {
            "type": "string",
            "description": "Notes",
            "compliance_category": "general"
          },
          "OperatingAddressCountryCode": {
            "type": "string",
            "description": "Operating address country code",
            "compliance_category": "general",
            "format": "date-time"
          },
          "OperatingAddressStateOrRegion": {
            "type": "string",
            "description": "Operating address state or region",
            "compliance_category": "general",
            "format": "date-time"
          },
          "OperatingAddressCity": {
            "type": "string",
            "description": "Operating address city",
            "compliance_category": "general",
            "format": "date-time"
          },
          "RackPhysicalProperties": {
            "type": "string",
            "description": "Rack physical properties",
            "compliance_category": "general"
          }
        }
      },
      {
        "operation": "UpdateSiteAddress",
        "python_method": "update_site_address",
        "yaml_action": "update_site_address",
        "required_params": [
          "SiteId",
          "AddressType",
          "Address"
        ],
        "optional_params": [],
        "total_optional": 0,
        "output_fields": {
          "AddressType": {
            "type": "string",
            "description": "AddressType details",
            "compliance_category": "general",
            "operators": [
              "equals",
              "not_equals",
              "contains"
            ]
          },
          "Address": {
            "type": "string",
            "description": "Address details",
            "compliance_category": "general",
            "operators": [
              "equals",
              "not_equals",
              "contains"
            ]
          }
        },
        "main_output_field": "Address",
        "item_fields": {
          "ContactName": {
            "type": "string",
            "description": "Contact name",
            "compliance_category": "general",
            "format": "date-time"
          },
          "ContactPhoneNumber": {
            "type": "string",
            "description": "Contact phone number",
            "compliance_category": "general",
            "format": "date-time"
          },
          "AddressLine1": {
            "type": "string",
            "description": "Address line",
            "compliance_category": "security",
            "security_impact": "high"
          },
          "AddressLine2": {
            "type": "string",
            "description": "Address line",
            "compliance_category": "security",
            "security_impact": "high"
          },
          "AddressLine3": {
            "type": "string",
            "description": "Address line",
            "compliance_category": "security",
            "security_impact": "high"
          },
          "City": {
            "type": "string",
            "description": "City",
            "compliance_category": "general"
          },
          "StateOrRegion": {
            "type": "string",
            "description": "State or region",
            "compliance_category": "general",
            "format": "date-time"
          },
          "DistrictOrCounty": {
            "type": "integer",
            "description": "District or county",
            "compliance_category": "general"
          },
          "PostalCode": {
            "type": "string",
            "description": "Postal code",
            "compliance_category": "general"
          },
          "CountryCode": {
            "type": "integer",
            "description": "Country code",
            "compliance_category": "general"
          },
          "Municipality": {
            "type": "string",
            "description": "Municipality",
            "compliance_category": "general"
          }
        }
      },
      {
        "operation": "UpdateSiteRackPhysicalProperties",
        "python_method": "update_site_rack_physical_properties",
        "yaml_action": "update_site_rack_physical_properties",
        "required_params": [
          "SiteId"
        ],
        "optional_params": [
          "PowerDrawKva",
          "PowerPhase",
          "PowerConnector",
          "PowerFeedDrop",
          "UplinkGbps"
        ],
        "total_optional": 9,
        "output_fields": {
          "Site": {
            "type": "string",
            "description": "Site details",
            "compliance_category": "general",
            "operators": [
              "equals",
              "not_equals",
              "contains"
            ]
          }
        },
        "main_output_field": "Site",
        "item_fields": {
          "SiteId": {
            "type": "string",
            "description": "Site id",
            "compliance_category": "identity",
            "operators": [
              "equals",
              "not_equals",
              "in",
              "exists"
            ]
          },
          "AccountId": {
            "type": "string",
            "description": "Account id",
            "compliance_category": "identity",
            "operators": [
              "equals",
              "not_equals",
              "in",
              "exists"
            ]
          },
          "Name": {
            "type": "string",
            "description": "Name",
            "compliance_category": "general"
          },
          "Description": {
            "type": "string",
            "description": "Description",
            "compliance_category": "general",
            "format": "date-time"
          },
          "Tags": {
            "type": "array",
            "description": "Tags",
            "compliance_category": "general",
            "operators": [
              "exists",
              "not_empty",
              "contains"
            ]
          },
          "SiteArn": {
            "type": "string",
            "description": "Site arn",
            "compliance_category": "identity",
            "operators": [
              "equals",
              "not_equals",
              "contains",
              "in",
              "exists"
            ]
          },
          "Notes": {
            "type": "string",
            "description": "Notes",
            "compliance_category": "general"
          },
          "OperatingAddressCountryCode": {
            "type": "string",
            "description": "Operating address country code",
            "compliance_category": "general",
            "format": "date-time"
          },
          "OperatingAddressStateOrRegion": {
            "type": "string",
            "description": "Operating address state or region",
            "compliance_category": "general",
            "format": "date-time"
          },
          "OperatingAddressCity": {
            "type": "string",
            "description": "Operating address city",
            "compliance_category": "general",
            "format": "date-time"
          },
          "RackPhysicalProperties": {
            "type": "string",
            "description": "Rack physical properties",
            "compliance_category": "general"
          }
        }
      }
    ],
    "independent_count": 5,
    "dependent_count": 30
  }
}