{
  "service": "outposts",
  "fixes": [
    {
      "rule_id": "1",
      "suggested_check": {
        "var": "Status",
        "op": "equals",
        "value": "outposts.order_status",
        "derived": null,
        "derive_key": null
      },
      "suggested_aliases": {
        "entity_aliases": {
          "alias": "outposts.order_status"
        },
        "param_aliases": {
          "param": [
            "ListOrders.Orders[].Status",
            "CreateOrder.Order.Status",
            "GetOrder.Order.Status"
          ]
        }
      },
      "confidence": 0.9,
      "reason": "The status fields directly map to the outposts order status."
    },
    {
      "rule_id": "2",
      "suggested_check": {
        "var": "Status",
        "op": "equals",
        "value": "outposts.outpost_decommission_status",
        "derived": null,
        "derive_key": null
      },
      "suggested_aliases": {
        "entity_aliases": {
          "alias": "outposts.outpost_decommission_status"
        },
        "param_aliases": {
          "param": [
            "StartOutpostDecommission.Status"
          ]
        }
      },
      "confidence": 0.85,
      "reason": "The status field directly maps to the outposts outpost decommission status."
    },
    {
      "rule_id": "3",
      "suggested_check": {
        "var": "Name",
        "op": "equals",
        "value": "outposts.outpost_name",
        "derived": null,
        "derive_key": null
      },
      "suggested_aliases": {
        "entity_aliases": {
          "alias": "outposts.outpost_name"
        },
        "param_aliases": {
          "param": [
            "ListOutposts.Outposts[].Name",
            "CreateOutpost.Name",
            "CreateOutpost.Outpost.Name"
          ]
        }
      },
      "confidence": 0.9,
      "reason": "The name fields directly map to the outposts outpost name."
    },
    {
      "rule_id": "4",
      "suggested_check": {
        "var": "Name",
        "op": "equals",
        "value": "outposts.site_name",
        "derived": null,
        "derive_key": null
      },
      "suggested_aliases": {
        "entity_aliases": {
          "alias": "outposts.site_name"
        },
        "param_aliases": {
          "param": [
            "CreateSite.Name",
            "CreateSite.Site.Name",
            "ListSites.Sites[].Name"
          ]
        }
      },
      "confidence": 0.9,
      "reason": "The name fields directly map to the outposts site name."
    },
    {
      "type": "llm_fix",
      "original": "1",
      "fix": {
        "var": "Status",
        "op": "equals",
        "value": "outposts.order_status",
        "derived": null,
        "derive_key": null
      },
      "confidence": 0.9,
      "reason": "The Status field directly corresponds to the order status in the outposts service.",
      "aliases": {
        "entity_aliases": {
          "alias": "order_status"
        },
        "param_aliases": {
          "param": [
            "ListOrders.Orders[].Status",
            "CreateOrder.Order.Status",
            "GetOrder.Order.Status"
          ]
        }
      }
    },
    {
      "type": "llm_fix",
      "original": "2",
      "fix": {
        "var": "Status",
        "op": "equals",
        "value": "outposts.outpost_decommission_status",
        "derived": null,
        "derive_key": null
      },
      "confidence": 0.85,
      "reason": "The Status field directly corresponds to the outpost decommission status.",
      "aliases": {
        "entity_aliases": {
          "alias": "outpost_decommission_status"
        },
        "param_aliases": {
          "param": [
            "StartOutpostDecommission.Status"
          ]
        }
      }
    },
    {
      "type": "llm_fix",
      "original": "3",
      "fix": {
        "var": "Name",
        "op": "equals",
        "value": "outposts.outpost_name",
        "derived": null,
        "derive_key": null
      },
      "confidence": 0.9,
      "reason": "The Name field directly corresponds to the outpost name in the outposts service.",
      "aliases": {
        "entity_aliases": {
          "alias": "outpost_name"
        },
        "param_aliases": {
          "param": [
            "ListOutposts.Outposts[].Name",
            "CreateOutpost.Name",
            "CreateOutpost.Outpost.Name"
          ]
        }
      }
    },
    {
      "type": "llm_fix",
      "original": "4",
      "fix": {
        "var": "Name",
        "op": "equals",
        "value": "outposts.site_name",
        "derived": null,
        "derive_key": null
      },
      "confidence": 0.9,
      "reason": "The Name field directly corresponds to the site name in the outposts service.",
      "aliases": {
        "entity_aliases": {
          "alias": "site_name"
        },
        "param_aliases": {
          "param": [
            "CreateSite.Name",
            "CreateSite.Site.Name",
            "ListSites.Sites[].Name"
          ]
        }
      }
    }
  ],
  "summary": {
    "total_fixes": 8,
    "remaining_unresolved": 15
  }
}