{
  "service": "outposts",
  "issues": {
    "generic_entities": {},
    "ambiguous_tokens": {
      "status": [
        {
          "mapping": "ListOrders.Orders[].Status -> outposts.order_status",
          "evidence": "ListOrders.Orders[].Status",
          "entity": "outposts.order_status"
        },
        {
          "mapping": "CreateOrder.Order.Status -> outposts.order_status",
          "evidence": "CreateOrder.Order.Status",
          "entity": "outposts.order_status"
        },
        {
          "mapping": "GetOrder.Order.Status -> outposts.order_status",
          "evidence": "GetOrder.Order.Status",
          "entity": "outposts.order_status"
        },
        {
          "mapping": "StartOutpostDecommission.Status -> outposts.outpost_decommission_status",
          "evidence": "StartOutpostDecommission.Status",
          "entity": "outposts.outpost_decommission_status"
        }
      ],
      "name": [
        {
          "mapping": "ListOutposts.Outposts[].Name -> outposts.outpost_name",
          "evidence": "ListOutposts.Outposts[].Name",
          "entity": "outposts.outpost_name"
        },
        {
          "mapping": "ListSites.Sites[].Name -> outposts.sit_name",
          "evidence": "ListSites.Sites[].Name",
          "entity": "outposts.sit_name"
        },
        {
          "mapping": "CreateOutpost.Name -> outposts.outpost_name",
          "evidence": "CreateOutpost.Name",
          "entity": "outposts.outpost_name"
        },
        {
          "mapping": "CreateOutpost.Outpost.Name -> outposts.outpost_name",
          "evidence": "CreateOutpost.Outpost.Name",
          "entity": "outposts.outpost_name"
        },
        {
          "mapping": "CreateSite.Name -> outposts.site_name",
          "evidence": "CreateSite.Name",
          "entity": "outposts.site_name"
        },
        {
          "mapping": "CreateSite.Site.Name -> outposts.site_name",
          "evidence": "CreateSite.Site.Name",
          "entity": "outposts.site_name"
        },
        {
          "mapping": "GetOutpost.Outpost.Name -> outposts.outpost_name",
          "evidence": "GetOutpost.Outpost.Name",
          "entity": "outposts.outpost_name"
        },
        {
          "mapping": "GetSite.Site.Name -> outposts.site_name",
          "evidence": "GetSite.Site.Name",
          "entity": "outposts.site_name"
        },
        {
          "mapping": "UpdateOutpost.Outpost.Name -> outposts.outpost_name",
          "evidence": "UpdateOutpost.Outpost.Name",
          "entity": "outposts.outpost_name"
        },
        {
          "mapping": "UpdateSite.Site.Name -> outposts.site_name",
          "evidence": "UpdateSite.Site.Name",
          "entity": "outposts.site_name"
        },
        {
          "mapping": "UpdateSiteRackPhysicalProperties.Site.Name -> outposts.site_name",
          "evidence": "UpdateSiteRackPhysicalProperties.Site.Name",
          "entity": "outposts.site_name"
        }
      ]
    },
    "unresolved_consumes": [],
    "suspicious_paths": []
  },
  "alias_candidates_not_applied": [],
  "suggested_overrides": [
    {
      "operation": "CreateOrder",
      "type": "produces",
      "key": "Order.PaymentOption",
      "suggested_entity": "outposts.payment_option",
      "confidence": "MEDIUM",
      "reason": "Param 'PaymentOption' and output field 'PaymentOption' match but map to different entities. Suggest unifying to consume entity."
    },
    {
      "operation": "CreateOutpost",
      "type": "produces",
      "key": "Outpost.OutpostId",
      "suggested_entity": "outposts.site_id",
      "confidence": "MEDIUM",
      "reason": "Param 'SiteId' and output field 'OutpostId' match but map to different entities. Suggest unifying to consume entity."
    },
    {
      "operation": "CreateOutpost",
      "type": "produces",
      "key": "Outpost.OwnerId",
      "suggested_entity": "outposts.site_id",
      "confidence": "MEDIUM",
      "reason": "Param 'SiteId' and output field 'OwnerId' match but map to different entities. Suggest unifying to consume entity."
    },
    {
      "operation": "CreateOutpost",
      "type": "produces",
      "key": "Outpost.AvailabilityZoneId",
      "suggested_entity": "outposts.site_id",
      "confidence": "MEDIUM",
      "reason": "Param 'SiteId' and output field 'AvailabilityZoneId' match but map to different entities. Suggest unifying to consume entity."
    },
    {
      "operation": "GetCapacityTask",
      "type": "produces",
      "key": "CapacityTaskId",
      "suggested_entity": "outposts.capacitytask_id",
      "confidence": "MEDIUM",
      "reason": "Param 'CapacityTaskId' and output field 'CapacityTaskId' match but map to different entities. Suggest unifying to consume entity."
    },
    {
      "operation": "GetCapacityTask",
      "type": "produces",
      "key": "OutpostId",
      "suggested_entity": "outposts.capacitytask_id",
      "confidence": "MEDIUM",
      "reason": "Param 'CapacityTaskId' and output field 'OutpostId' match but map to different entities. Suggest unifying to consume entity."
    },
    {
      "operation": "GetCapacityTask",
      "type": "produces",
      "key": "OrderId",
      "suggested_entity": "outposts.capacitytask_id",
      "confidence": "MEDIUM",
      "reason": "Param 'CapacityTaskId' and output field 'OrderId' match but map to different entities. Suggest unifying to consume entity."
    },
    {
      "operation": "GetCapacityTask",
      "type": "produces",
      "key": "AssetId",
      "suggested_entity": "outposts.capacitytask_id",
      "confidence": "MEDIUM",
      "reason": "Param 'CapacityTaskId' and output field 'AssetId' match but map to different entities. Suggest unifying to consume entity."
    },
    {
      "operation": "GetCatalogItem",
      "type": "produces",
      "key": "CatalogItem.CatalogItemId",
      "suggested_entity": "outposts.catalogitem_id",
      "confidence": "MEDIUM",
      "reason": "Param 'CatalogItemId' and output field 'CatalogItemId' match but map to different entities. Suggest unifying to consume entity."
    },
    {
      "operation": "GetOrder",
      "type": "produces",
      "key": "Order.OutpostId",
      "suggested_entity": "outposts.order_id",
      "confidence": "MEDIUM",
      "reason": "Param 'OrderId' and output field 'OutpostId' match but map to different entities. Suggest unifying to consume entity."
    },
    {
      "operation": "GetOutpost",
      "type": "produces",
      "key": "Outpost.OwnerId",
      "suggested_entity": "outposts.outpost_id",
      "confidence": "MEDIUM",
      "reason": "Param 'OutpostId' and output field 'OwnerId' match but map to different entities. Suggest unifying to consume entity."
    },
    {
      "operation": "GetOutpost",
      "type": "produces",
      "key": "Outpost.SiteId",
      "suggested_entity": "outposts.outpost_id",
      "confidence": "MEDIUM",
      "reason": "Param 'OutpostId' and output field 'SiteId' match but map to different entities. Suggest unifying to consume entity."
    },
    {
      "operation": "GetOutpost",
      "type": "produces",
      "key": "Outpost.AvailabilityZoneId",
      "suggested_entity": "outposts.outpost_id",
      "confidence": "MEDIUM",
      "reason": "Param 'OutpostId' and output field 'AvailabilityZoneId' match but map to different entities. Suggest unifying to consume entity."
    },
    {
      "operation": "GetSite",
      "type": "produces",
      "key": "Site.AccountId",
      "suggested_entity": "outposts.site_id",
      "confidence": "MEDIUM",
      "reason": "Param 'SiteId' and output field 'AccountId' match but map to different entities. Suggest unifying to consume entity."
    },
    {
      "operation": "ListBlockingInstancesForCapacityTask",
      "type": "produces",
      "key": "BlockingInstances[].InstanceId",
      "suggested_entity": "outposts.capacitytask_id",
      "confidence": "MEDIUM",
      "reason": "Param 'CapacityTaskId' and output field 'InstanceId' match but map to different entities. Suggest unifying to consume entity."
    },
    {
      "operation": "ListBlockingInstancesForCapacityTask",
      "type": "produces",
      "key": "BlockingInstances[].AccountId",
      "suggested_entity": "outposts.capacitytask_id",
      "confidence": "MEDIUM",
      "reason": "Param 'CapacityTaskId' and output field 'AccountId' match but map to different entities. Suggest unifying to consume entity."
    },
    {
      "operation": "StartConnection",
      "type": "produces",
      "key": "ConnectionId",
      "suggested_entity": "outposts.asset_id",
      "confidence": "MEDIUM",
      "reason": "Param 'AssetId' and output field 'ConnectionId' match but map to different entities. Suggest unifying to consume entity."
    },
    {
      "operation": "UpdateOutpost",
      "type": "produces",
      "key": "Outpost.OwnerId",
      "suggested_entity": "outposts.outpost_id",
      "confidence": "MEDIUM",
      "reason": "Param 'OutpostId' and output field 'OwnerId' match but map to different entities. Suggest unifying to consume entity."
    },
    {
      "operation": "UpdateOutpost",
      "type": "produces",
      "key": "Outpost.SiteId",
      "suggested_entity": "outposts.outpost_id",
      "confidence": "MEDIUM",
      "reason": "Param 'OutpostId' and output field 'SiteId' match but map to different entities. Suggest unifying to consume entity."
    },
    {
      "operation": "UpdateOutpost",
      "type": "produces",
      "key": "Outpost.AvailabilityZoneId",
      "suggested_entity": "outposts.outpost_id",
      "confidence": "MEDIUM",
      "reason": "Param 'OutpostId' and output field 'AvailabilityZoneId' match but map to different entities. Suggest unifying to consume entity."
    }
  ],
  "unresolved_items": [
    {
      "mapping": "ListOrders.Orders[].Status -> outposts.order_status",
      "evidence": "ListOrders.Orders[].Status",
      "entity": "outposts.order_status"
    },
    {
      "mapping": "CreateOrder.Order.Status -> outposts.order_status",
      "evidence": "CreateOrder.Order.Status",
      "entity": "outposts.order_status"
    },
    {
      "mapping": "GetOrder.Order.Status -> outposts.order_status",
      "evidence": "GetOrder.Order.Status",
      "entity": "outposts.order_status"
    },
    {
      "mapping": "StartOutpostDecommission.Status -> outposts.outpost_decommission_status",
      "evidence": "StartOutpostDecommission.Status",
      "entity": "outposts.outpost_decommission_status"
    },
    {
      "mapping": "ListOutposts.Outposts[].Name -> outposts.outpost_name",
      "evidence": "ListOutposts.Outposts[].Name",
      "entity": "outposts.outpost_name"
    },
    {
      "mapping": "ListSites.Sites[].Name -> outposts.sit_name",
      "evidence": "ListSites.Sites[].Name",
      "entity": "outposts.sit_name"
    },
    {
      "mapping": "CreateOutpost.Name -> outposts.outpost_name",
      "evidence": "CreateOutpost.Name",
      "entity": "outposts.outpost_name"
    },
    {
      "mapping": "CreateOutpost.Outpost.Name -> outposts.outpost_name",
      "evidence": "CreateOutpost.Outpost.Name",
      "entity": "outposts.outpost_name"
    },
    {
      "mapping": "CreateSite.Name -> outposts.site_name",
      "evidence": "CreateSite.Name",
      "entity": "outposts.site_name"
    },
    {
      "mapping": "CreateSite.Site.Name -> outposts.site_name",
      "evidence": "CreateSite.Site.Name",
      "entity": "outposts.site_name"
    },
    {
      "mapping": "GetOutpost.Outpost.Name -> outposts.outpost_name",
      "evidence": "GetOutpost.Outpost.Name",
      "entity": "outposts.outpost_name"
    },
    {
      "mapping": "GetSite.Site.Name -> outposts.site_name",
      "evidence": "GetSite.Site.Name",
      "entity": "outposts.site_name"
    },
    {
      "mapping": "UpdateOutpost.Outpost.Name -> outposts.outpost_name",
      "evidence": "UpdateOutpost.Outpost.Name",
      "entity": "outposts.outpost_name"
    },
    {
      "mapping": "UpdateSite.Site.Name -> outposts.site_name",
      "evidence": "UpdateSite.Site.Name",
      "entity": "outposts.site_name"
    },
    {
      "mapping": "UpdateSiteRackPhysicalProperties.Site.Name -> outposts.site_name",
      "evidence": "UpdateSiteRackPhysicalProperties.Site.Name",
      "entity": "outposts.site_name"
    }
  ]
}