{
  "service": "mediapackage",
  "op_consumes": {
    "ListChannels": [],
    "ListHarvestJobs": [],
    "ListOriginEndpoints": [],
    "ConfigureLogs": ["mediapackage.egress_access_log_id"],
    "CreateChannel": ["mediapackage.egress_access_log_id"],
    "CreateHarvestJob": ["mediapackage.end_time", "mediapackage.s3_destination", "mediapackage.s3_destination_id", "mediapackage.originendpoint_id", "mediapackage.start_time"],
    "CreateOriginEndpoint": ["mediapackage.channel_id", "mediapackage.whitelist_id"],
    "DeleteChannel": ["mediapackage.channel_id"],
    "DeleteOriginEndpoint": ["mediapackage.origin_endpoint_id"],
    "DescribeChannel": ["mediapackage.egress_access_log_id"],
    "DescribeHarvestJob": ["mediapackage.s3_destination_id"],
    "DescribeOriginEndpoint": ["mediapackage.whitelist_id"],
    "ListTagsForResource": ["mediapackage.resource_arn"],
    "RotateChannelCredentials": ["mediapackage.egress_access_log_id"],
    "RotateIngestEndpointCredentials": ["mediapackage.egress_access_log_id", "mediapackage.ingestendpoint_id"],
    "TagResource": ["mediapackage.tags", "mediapackage.resource_arn"],
    "UntagResource": ["mediapackage.tag_keys", "mediapackage.resource_arn"],
    "UpdateChannel": ["mediapackage.egress_access_log_id"],
    "UpdateOriginEndpoint": ["mediapackage.whitelist_id"]
  },
  "op_produces": {
    "ListChannels": ["mediapackage.channel_description", "mediapackage.next_token", "mediapackage.channels", "mediapackage.channel_egress_access_logs", "mediapackage.channel_created_at", "mediapackage.channel_id", "mediapackage.channel_tags", "mediapackage.channel_arn", "mediapackage.channel_hls_ingest", "mediapackage.channel_ingress_access_logs"],
    "ListHarvestJobs": ["mediapackage.harvest_job_status", "mediapackage.harvest_job_s3_destination", "mediapackage.harvest_job_created_at", "mediapackage.next_token", "mediapackage.origin_endpoint_id", "mediapackage.harvest_job_id", "mediapackage.channel_id", "mediapackage.harvest_job_end_time", "mediapackage.harvest_job_arn", "mediapackage.harvest_job_start_time", "mediapackage.harvest_jobs"],
    "ListOriginEndpoints": ["mediapackage.next_token", "mediapackage.origin_endpoint_cmaf_package", "mediapackage.origin_endpoint_startover_window_seconds", "mediapackage.origin_endpoint_description", "mediapackage.origin_endpoints", "mediapackage.origin_endpoint_hls_package", "mediapackage.origin_endpoint_created_at", "mediapackage.origin_endpoint_id", "mediapackage.origin_endpoint_mss_package", "mediapackage.origin_endpoint_whitelist", "mediapackage.origin_endpoint_url", "mediapackage.origin_endpoint_tags", "mediapackage.origin_endpoint_arn", "mediapackage.origin_endpoint_dash_package", "mediapackage.origin_endpoint_time_delay_seconds", "mediapackage.origin_endpoint_authorization", "mediapackage.manifest_name", "mediapackage.origin_endpoint_origination", "mediapackage.channel_id"],
    "ConfigureLogs": ["mediapackage.description", "mediapackage.tags", "mediapackage.configure_log_id", "mediapackage.egress_access_logs", "mediapackage.configure_log_arn", "mediapackage.hls_ingest", "mediapackage.created_at", "mediapackage.ingress_access_logs", "mediapackage.egress_access_log_log_group_name"],
    "CreateChannel": ["mediapackage.description", "mediapackage.tags", "mediapackage.egress_access_logs", "mediapackage.channel_id", "mediapackage.hls_ingest", "mediapackage.created_at", "mediapackage.channel_arn", "mediapackage.ingress_access_logs", "mediapackage.egress_access_log_log_group_name"],
    "CreateHarvestJob": ["mediapackage.end_time", "mediapackage.harvest_job_status", "mediapackage.s3_destination", "mediapackage.origin_endpoint_id", "mediapackage.s3_destination_manifest_key", "mediapackage.s3_destination_bucket_name", "mediapackage.harvest_job_id", "mediapackage.channel_id", "mediapackage.s3_destination_role_arn", "mediapackage.created_at", "mediapackage.harvest_job_arn", "mediapackage.start_time"],
    "CreateOriginEndpoint": ["mediapackage.description", "mediapackage.authorization", "mediapackage.origination", "mediapackage.tags", "mediapackage.manifest_name", "mediapackage.origin_endpoint_id", "mediapackage.whitelist", "mediapackage.cmaf_package", "mediapackage.origin_endpoint_arn", "mediapackage.channel_id", "mediapackage.mss_package", "mediapackage.startover_window_seconds", "mediapackage.url", "mediapackage.created_at", "mediapackage.time_delay_seconds", "mediapackage.hls_package", "mediapackage.dash_package"],
    "DeleteChannel": [],
    "DeleteOriginEndpoint": [],
    "DescribeChannel": ["mediapackage.description", "mediapackage.tags", "mediapackage.egress_access_logs", "mediapackage.channel_id", "mediapackage.hls_ingest", "mediapackage.created_at", "mediapackage.channel_arn", "mediapackage.ingress_access_logs", "mediapackage.egress_access_log_log_group_name"],
    "DescribeHarvestJob": ["mediapackage.end_time", "mediapackage.harvest_job_status", "mediapackage.s3_destination", "mediapackage.origin_endpoint_id", "mediapackage.s3_destination_manifest_key", "mediapackage.s3_destination_bucket_name", "mediapackage.harvest_job_id", "mediapackage.channel_id", "mediapackage.s3_destination_role_arn", "mediapackage.created_at", "mediapackage.harvest_job_arn", "mediapackage.start_time"],
    "DescribeOriginEndpoint": ["mediapackage.description", "mediapackage.authorization", "mediapackage.origination", "mediapackage.tags", "mediapackage.manifest_name", "mediapackage.origin_endpoint_id", "mediapackage.whitelist", "mediapackage.cmaf_package", "mediapackage.origin_endpoint_arn", "mediapackage.channel_id", "mediapackage.mss_package", "mediapackage.startover_window_seconds", "mediapackage.url", "mediapackage.created_at", "mediapackage.time_delay_seconds", "mediapackage.hls_package", "mediapackage.dash_package"],
    "ListTagsForResource": ["mediapackage.tags"],
    "RotateChannelCredentials": ["mediapackage.rotate_channel_credential_arn", "mediapackage.description", "mediapackage.tags", "mediapackage.rotate_channel_credential_id", "mediapackage.egress_access_logs", "mediapackage.hls_ingest", "mediapackage.created_at", "mediapackage.ingress_access_logs", "mediapackage.egress_access_log_log_group_name"],
    "RotateIngestEndpointCredentials": ["mediapackage.description", "mediapackage.tags", "mediapackage.egress_access_logs", "mediapackage.hls_ingest", "mediapackage.rotate_ingest_endpoint_credential_arn", "mediapackage.created_at", "mediapackage.ingress_access_logs", "mediapackage.egress_access_log_log_group_name", "mediapackage.rotate_ingest_endpoint_credential_id"],
    "TagResource": [],
    "UntagResource": [],
    "UpdateChannel": ["mediapackage.description", "mediapackage.tags", "mediapackage.egress_access_logs", "mediapackage.channel_id", "mediapackage.hls_ingest", "mediapackage.created_at", "mediapackage.channel_arn", "mediapackage.ingress_access_logs", "mediapackage.egress_access_log_log_group_name"],
    "UpdateOriginEndpoint": ["mediapackage.description", "mediapackage.authorization", "mediapackage.origination", "mediapackage.tags", "mediapackage.manifest_name", "mediapackage.origin_endpoint_id", "mediapackage.whitelist", "mediapackage.cmaf_package", "mediapackage.origin_endpoint_arn", "mediapackage.channel_id", "mediapackage.mss_package", "mediapackage.startover_window_seconds", "mediapackage.url", "mediapackage.created_at", "mediapackage.time_delay_seconds", "mediapackage.hls_package", "mediapackage.dash_package"]
  },
  "entity_producers": {
    "mediapackage.channels": ["ListChannels"],
    "mediapackage.next_token": ["ListOriginEndpoints", "ListChannels", "ListHarvestJobs"],
    "mediapackage.channel_arn": ["UpdateChannel", "CreateChannel", "ListChannels", "DescribeChannel"],
    "mediapackage.channel_created_at": ["ListChannels"],
    "mediapackage.channel_description": ["ListChannels"],
    "mediapackage.channel_egress_access_logs": ["ListChannels"],
    "mediapackage.channel_hls_ingest": ["ListChannels"],
    "mediapackage.channel_id": ["UpdateChannel", "CreateChannel", "ListChannels", "ListHarvestJobs", "CreateOriginEndpoint", "UpdateOriginEndpoint", "DescribeHarvestJob", "ListOriginEndpoints", "CreateHarvestJob", "DescribeChannel", "DescribeOriginEndpoint"],
    "mediapackage.channel_ingress_access_logs": ["ListChannels"],
    "mediapackage.channel_tags": ["ListChannels"],
    "mediapackage.harvest_jobs": ["ListHarvestJobs"],
    "mediapackage.harvest_job_arn": ["CreateHarvestJob", "DescribeHarvestJob", "ListHarvestJobs"],
    "mediapackage.harvest_job_created_at": ["ListHarvestJobs"],
    "mediapackage.harvest_job_end_time": ["ListHarvestJobs"],
    "mediapackage.harvest_job_id": ["CreateHarvestJob", "DescribeHarvestJob", "ListHarvestJobs"],
    "mediapackage.origin_endpoint_id": ["ListHarvestJobs", "CreateOriginEndpoint", "UpdateOriginEndpoint", "DescribeHarvestJob", "ListOriginEndpoints", "CreateHarvestJob", "DescribeOriginEndpoint"],
    "mediapackage.harvest_job_s3_destination": ["ListHarvestJobs"],
    "mediapackage.harvest_job_start_time": ["ListHarvestJobs"],
    "mediapackage.harvest_job_status": ["CreateHarvestJob", "DescribeHarvestJob", "ListHarvestJobs"],
    "mediapackage.origin_endpoints": ["ListOriginEndpoints"],
    "mediapackage.origin_endpoint_arn": ["CreateOriginEndpoint", "UpdateOriginEndpoint", "ListOriginEndpoints", "DescribeOriginEndpoint"],
    "mediapackage.origin_endpoint_authorization": ["ListOriginEndpoints"],
    "mediapackage.origin_endpoint_cmaf_package": ["ListOriginEndpoints"],
    "mediapackage.origin_endpoint_created_at": ["ListOriginEndpoints"],
    "mediapackage.origin_endpoint_dash_package": ["ListOriginEndpoints"],
    "mediapackage.origin_endpoint_description": ["ListOriginEndpoints"],
    "mediapackage.origin_endpoint_hls_package": ["ListOriginEndpoints"],
    "mediapackage.manifest_name": ["CreateOriginEndpoint", "UpdateOriginEndpoint", "ListOriginEndpoints", "DescribeOriginEndpoint"],
    "mediapackage.origin_endpoint_mss_package": ["ListOriginEndpoints"],
    "mediapackage.origin_endpoint_origination": ["ListOriginEndpoints"],
    "mediapackage.origin_endpoint_startover_window_seconds": ["ListOriginEndpoints"],
    "mediapackage.origin_endpoint_tags": ["ListOriginEndpoints"],
    "mediapackage.origin_endpoint_time_delay_seconds": ["ListOriginEndpoints"],
    "mediapackage.origin_endpoint_url": ["ListOriginEndpoints"],
    "mediapackage.origin_endpoint_whitelist": ["ListOriginEndpoints"],
    "mediapackage.configure_log_arn": ["ConfigureLogs"],
    "mediapackage.created_at": ["RotateIngestEndpointCredentials", "UpdateChannel", "CreateChannel", "ConfigureLogs", "RotateChannelCredentials", "CreateOriginEndpoint", "UpdateOriginEndpoint", "DescribeHarvestJob", "CreateHarvestJob", "DescribeChannel", "DescribeOriginEndpoint"],
    "mediapackage.description": ["RotateIngestEndpointCredentials", "UpdateChannel", "CreateChannel", "ConfigureLogs", "RotateChannelCredentials", "CreateOriginEndpoint", "UpdateOriginEndpoint", "DescribeChannel", "DescribeOriginEndpoint"],
    "mediapackage.egress_access_logs": ["RotateIngestEndpointCredentials", "UpdateChannel", "CreateChannel", "ConfigureLogs", "RotateChannelCredentials", "DescribeChannel"],
    "mediapackage.hls_ingest": ["RotateIngestEndpointCredentials", "UpdateChannel", "CreateChannel", "ConfigureLogs", "RotateChannelCredentials", "DescribeChannel"],
    "mediapackage.configure_log_id": ["ConfigureLogs"],
    "mediapackage.ingress_access_logs": ["RotateIngestEndpointCredentials", "UpdateChannel", "CreateChannel", "ConfigureLogs", "RotateChannelCredentials", "DescribeChannel"],
    "mediapackage.tags": ["RotateIngestEndpointCredentials", "UpdateChannel", "CreateChannel", "ConfigureLogs", "ListTagsForResource", "CreateOriginEndpoint", "RotateChannelCredentials", "UpdateOriginEndpoint", "DescribeChannel", "DescribeOriginEndpoint"],
    "mediapackage.egress_access_log_log_group_name": ["RotateIngestEndpointCredentials", "UpdateChannel", "CreateChannel", "ConfigureLogs", "RotateChannelCredentials", "DescribeChannel"],
    "mediapackage.end_time": ["DescribeHarvestJob", "CreateHarvestJob"],
    "mediapackage.s3_destination": ["DescribeHarvestJob", "CreateHarvestJob"],
    "mediapackage.start_time": ["DescribeHarvestJob", "CreateHarvestJob"],
    "mediapackage.s3_destination_bucket_name": ["DescribeHarvestJob", "CreateHarvestJob"],
    "mediapackage.s3_destination_manifest_key": ["DescribeHarvestJob", "CreateHarvestJob"],
    "mediapackage.s3_destination_role_arn": ["DescribeHarvestJob", "CreateHarvestJob"],
    "mediapackage.authorization": ["CreateOriginEndpoint", "UpdateOriginEndpoint", "DescribeOriginEndpoint"],
    "mediapackage.cmaf_package": ["CreateOriginEndpoint", "UpdateOriginEndpoint", "DescribeOriginEndpoint"],
    "mediapackage.dash_package": ["CreateOriginEndpoint", "UpdateOriginEndpoint", "DescribeOriginEndpoint"],
    "mediapackage.hls_package": ["CreateOriginEndpoint", "UpdateOriginEndpoint", "DescribeOriginEndpoint"],
    "mediapackage.mss_package": ["CreateOriginEndpoint", "UpdateOriginEndpoint", "DescribeOriginEndpoint"],
    "mediapackage.origination": ["CreateOriginEndpoint", "UpdateOriginEndpoint", "DescribeOriginEndpoint"],
    "mediapackage.startover_window_seconds": ["CreateOriginEndpoint", "UpdateOriginEndpoint", "DescribeOriginEndpoint"],
    "mediapackage.time_delay_seconds": ["CreateOriginEndpoint", "UpdateOriginEndpoint", "DescribeOriginEndpoint"],
    "mediapackage.url": ["CreateOriginEndpoint", "UpdateOriginEndpoint", "DescribeOriginEndpoint"],
    "mediapackage.whitelist": ["CreateOriginEndpoint", "UpdateOriginEndpoint", "DescribeOriginEndpoint"],
    "mediapackage.rotate_channel_credential_arn": ["RotateChannelCredentials"],
    "mediapackage.rotate_channel_credential_id": ["RotateChannelCredentials"],
    "mediapackage.rotate_ingest_endpoint_credential_arn": ["RotateIngestEndpointCredentials"],
    "mediapackage.rotate_ingest_endpoint_credential_id": ["RotateIngestEndpointCredentials"]
  },
  "entity_consumers": {
    "mediapackage.egress_access_log_id": ["RotateIngestEndpointCredentials", "UpdateChannel", "CreateChannel", "ConfigureLogs", "RotateChannelCredentials", "DescribeChannel"],
    "mediapackage.s3_destination": ["CreateHarvestJob"],
    "mediapackage.end_time": ["CreateHarvestJob"],
    "mediapackage.originendpoint_id": ["CreateHarvestJob"],
    "mediapackage.start_time": ["CreateHarvestJob"],
    "mediapackage.s3_destination_id": ["DescribeHarvestJob", "CreateHarvestJob"],
    "mediapackage.channel_id": ["CreateOriginEndpoint", "DeleteChannel"],
    "mediapackage.whitelist_id": ["CreateOriginEndpoint", "UpdateOriginEndpoint", "DescribeOriginEndpoint"],
    "mediapackage.origin_endpoint_id": ["DeleteOriginEndpoint"],
    "mediapackage.resource_arn": ["UntagResource", "TagResource", "ListTagsForResource"],
    "mediapackage.ingestendpoint_id": ["RotateIngestEndpointCredentials"],
    "mediapackage.tags": ["TagResource"],
    "mediapackage.tag_keys": ["UntagResource"]
  },
  "external_entities": ["mediapackage.egress_access_log_id", "mediapackage.ingestendpoint_id", "mediapackage.originendpoint_id", "mediapackage.resource_arn", "mediapackage.s3_destination_id", "mediapackage.tag_keys", "mediapackage.whitelist_id"]
}