{
  "mediapackage": {
    "service": "mediapackage",
    "total_operations": 19,
    "independent": [
      {
        "operation": "ListChannels",
        "python_method": "list_channels",
        "yaml_action": "list_channels",
        "required_params": [],
        "optional_params": [
          "MaxResults",
          "NextToken"
        ],
        "total_optional": 2,
        "output_fields": {
          "Channels": {
            "type": "string",
            "description": "Channels details",
            "compliance_category": "general",
            "operators": [
              "equals",
              "not_equals",
              "contains"
            ]
          },
          "NextToken": {
            "type": "string",
            "description": "NextToken details",
            "compliance_category": "general",
            "operators": [
              "equals",
              "not_equals",
              "contains"
            ],
            "security_impact": "high"
          }
        },
        "main_output_field": "Channels",
        "item_fields": {
          "Arn": {
            "type": "string",
            "description": "Arn",
            "compliance_category": "identity",
            "operators": [
              "equals",
              "not_equals",
              "contains",
              "in",
              "exists"
            ]
          },
          "CreatedAt": {
            "type": "string",
            "description": "Created at",
            "compliance_category": "general",
            "format": "date-time"
          },
          "Description": {
            "type": "string",
            "description": "Description",
            "compliance_category": "general",
            "format": "date-time"
          },
          "EgressAccessLogs": {
            "type": "string",
            "description": "Egress access logs",
            "compliance_category": "security",
            "security_impact": "high"
          },
          "HlsIngest": {
            "type": "string",
            "description": "Hls ingest",
            "compliance_category": "general"
          },
          "Id": {
            "type": "string",
            "description": "Id",
            "compliance_category": "identity",
            "operators": [
              "equals",
              "not_equals",
              "in",
              "exists"
            ]
          },
          "IngressAccessLogs": {
            "type": "string",
            "description": "Ingress access logs",
            "compliance_category": "security",
            "security_impact": "high"
          },
          "Tags": {
            "type": "array",
            "description": "Tags",
            "compliance_category": "general",
            "operators": [
              "exists",
              "not_empty",
              "contains"
            ]
          }
        }
      },
      {
        "operation": "ListHarvestJobs",
        "python_method": "list_harvest_jobs",
        "yaml_action": "list_harvest_jobs",
        "required_params": [],
        "optional_params": [
          "IncludeChannelId",
          "IncludeStatus",
          "MaxResults",
          "NextToken"
        ],
        "total_optional": 4,
        "output_fields": {
          "HarvestJobs": {
            "type": "string",
            "description": "HarvestJobs details",
            "compliance_category": "general",
            "operators": [
              "equals",
              "not_equals",
              "contains"
            ]
          },
          "NextToken": {
            "type": "string",
            "description": "NextToken details",
            "compliance_category": "general",
            "operators": [
              "equals",
              "not_equals",
              "contains"
            ],
            "security_impact": "high"
          }
        },
        "main_output_field": "HarvestJobs",
        "item_fields": {
          "Arn": {
            "type": "string",
            "description": "Arn",
            "compliance_category": "identity",
            "operators": [
              "equals",
              "not_equals",
              "contains",
              "in",
              "exists"
            ]
          },
          "ChannelId": {
            "type": "string",
            "description": "Channel id",
            "compliance_category": "identity",
            "operators": [
              "equals",
              "not_equals",
              "in",
              "exists"
            ]
          },
          "CreatedAt": {
            "type": "string",
            "description": "Created at",
            "compliance_category": "general",
            "format": "date-time"
          },
          "EndTime": {
            "type": "string",
            "description": "End time",
            "compliance_category": "general",
            "format": "date-time"
          },
          "Id": {
            "type": "string",
            "description": "Id",
            "compliance_category": "identity",
            "operators": [
              "equals",
              "not_equals",
              "in",
              "exists"
            ]
          },
          "OriginEndpointId": {
            "type": "string",
            "description": "Origin endpoint id",
            "compliance_category": "identity",
            "operators": [
              "equals",
              "not_equals",
              "in",
              "exists"
            ]
          },
          "S3Destination": {
            "type": "string",
            "description": "Destination",
            "compliance_category": "general",
            "format": "date-time"
          },
          "StartTime": {
            "type": "string",
            "description": "Start time",
            "compliance_category": "general",
            "format": "date-time"
          },
          "Status": {
            "type": "string",
            "description": "Status",
            "compliance_category": "general",
            "format": "date-time"
          }
        }
      },
      {
        "operation": "ListOriginEndpoints",
        "python_method": "list_origin_endpoints",
        "yaml_action": "list_origin_endpoints",
        "required_params": [],
        "optional_params": [
          "ChannelId",
          "MaxResults",
          "NextToken"
        ],
        "total_optional": 3,
        "output_fields": {
          "NextToken": {
            "type": "string",
            "description": "NextToken details",
            "compliance_category": "general",
            "operators": [
              "equals",
              "not_equals",
              "contains"
            ],
            "security_impact": "high"
          },
          "OriginEndpoints": {
            "type": "string",
            "description": "OriginEndpoints details",
            "compliance_category": "general",
            "operators": [
              "equals",
              "not_equals",
              "contains"
            ]
          }
        },
        "main_output_field": "OriginEndpoints",
        "item_fields": {
          "Arn": {
            "type": "string",
            "description": "Arn",
            "compliance_category": "identity",
            "operators": [
              "equals",
              "not_equals",
              "contains",
              "in",
              "exists"
            ]
          },
          "Authorization": {
            "type": "string",
            "description": "Authorization",
            "compliance_category": "general",
            "format": "date-time"
          },
          "ChannelId": {
            "type": "string",
            "description": "Channel id",
            "compliance_category": "identity",
            "operators": [
              "equals",
              "not_equals",
              "in",
              "exists"
            ]
          },
          "CmafPackage": {
            "type": "string",
            "description": "Cmaf package",
            "compliance_category": "general"
          },
          "CreatedAt": {
            "type": "string",
            "description": "Created at",
            "compliance_category": "general",
            "format": "date-time"
          },
          "DashPackage": {
            "type": "string",
            "description": "Dash package",
            "compliance_category": "general"
          },
          "Description": {
            "type": "string",
            "description": "Description",
            "compliance_category": "general",
            "format": "date-time"
          },
          "HlsPackage": {
            "type": "string",
            "description": "Hls package",
            "compliance_category": "general"
          },
          "Id": {
            "type": "string",
            "description": "Id",
            "compliance_category": "identity",
            "operators": [
              "equals",
              "not_equals",
              "in",
              "exists"
            ]
          },
          "ManifestName": {
            "type": "string",
            "description": "Manifest name",
            "compliance_category": "general"
          },
          "MssPackage": {
            "type": "string",
            "description": "Mss package",
            "compliance_category": "general"
          },
          "Origination": {
            "type": "string",
            "description": "Origination",
            "compliance_category": "general",
            "format": "date-time"
          },
          "StartoverWindowSeconds": {
            "type": "string",
            "description": "Startover window seconds",
            "compliance_category": "general",
            "format": "date-time"
          },
          "Tags": {
            "type": "array",
            "description": "Tags",
            "compliance_category": "general",
            "operators": [
              "exists",
              "not_empty",
              "contains"
            ]
          },
          "TimeDelaySeconds": {
            "type": "string",
            "description": "Time delay seconds",
            "compliance_category": "general",
            "format": "date-time"
          },
          "Url": {
            "type": "string",
            "description": "Url",
            "compliance_category": "general"
          },
          "Whitelist": {
            "type": "boolean",
            "description": "Whitelist",
            "compliance_category": "general"
          }
        }
      }
    ],
    "dependent": [
      {
        "operation": "ConfigureLogs",
        "python_method": "configure_logs",
        "yaml_action": "configure_logs",
        "required_params": [
          "Id"
        ],
        "optional_params": [
          "EgressAccessLogs",
          "IngressAccessLogs"
        ],
        "total_optional": 2,
        "output_fields": {
          "Arn": {
            "type": "string",
            "description": "Arn details",
            "compliance_category": "identity",
            "operators": [
              "equals",
              "not_equals",
              "contains",
              "in",
              "exists"
            ]
          },
          "CreatedAt": {
            "type": "string",
            "description": "CreatedAt details",
            "compliance_category": "general",
            "format": "date-time",
            "operators": [
              "equals",
              "not_equals",
              "contains"
            ]
          },
          "Description": {
            "type": "string",
            "description": "Description details",
            "compliance_category": "general",
            "operators": [
              "equals",
              "not_equals",
              "contains"
            ]
          },
          "EgressAccessLogs": {
            "type": "string",
            "description": "EgressAccessLogs details",
            "compliance_category": "security",
            "operators": [
              "equals",
              "not_equals",
              "in",
              "exists"
            ],
            "security_impact": "medium"
          },
          "HlsIngest": {
            "type": "string",
            "description": "HlsIngest details",
            "compliance_category": "general",
            "operators": [
              "equals",
              "not_equals",
              "contains"
            ]
          },
          "Id": {
            "type": "string",
            "description": "Id details",
            "compliance_category": "identity",
            "operators": [
              "equals",
              "not_equals",
              "contains",
              "in",
              "exists"
            ]
          },
          "IngressAccessLogs": {
            "type": "string",
            "description": "IngressAccessLogs details",
            "compliance_category": "security",
            "operators": [
              "equals",
              "not_equals",
              "in",
              "exists"
            ],
            "security_impact": "medium"
          },
          "Tags": {
            "type": "string",
            "description": "Tags details",
            "compliance_category": "general",
            "operators": [
              "equals",
              "not_equals",
              "contains"
            ]
          }
        },
        "main_output_field": "EgressAccessLogs",
        "item_fields": {
          "LogGroupName": {
            "type": "string",
            "description": "Log group name",
            "compliance_category": "general"
          }
        }
      },
      {
        "operation": "CreateChannel",
        "python_method": "create_channel",
        "yaml_action": "create_channel",
        "required_params": [
          "Id"
        ],
        "optional_params": [
          "Description",
          "Tags"
        ],
        "total_optional": 2,
        "output_fields": {
          "Arn": {
            "type": "string",
            "description": "Arn details",
            "compliance_category": "identity",
            "operators": [
              "equals",
              "not_equals",
              "contains",
              "in",
              "exists"
            ]
          },
          "CreatedAt": {
            "type": "string",
            "description": "CreatedAt details",
            "compliance_category": "general",
            "format": "date-time",
            "operators": [
              "equals",
              "not_equals",
              "contains"
            ]
          },
          "Description": {
            "type": "string",
            "description": "Description details",
            "compliance_category": "general",
            "operators": [
              "equals",
              "not_equals",
              "contains"
            ]
          },
          "EgressAccessLogs": {
            "type": "string",
            "description": "EgressAccessLogs details",
            "compliance_category": "security",
            "operators": [
              "equals",
              "not_equals",
              "in",
              "exists"
            ],
            "security_impact": "medium"
          },
          "HlsIngest": {
            "type": "string",
            "description": "HlsIngest details",
            "compliance_category": "general",
            "operators": [
              "equals",
              "not_equals",
              "contains"
            ]
          },
          "Id": {
            "type": "string",
            "description": "Id details",
            "compliance_category": "identity",
            "operators": [
              "equals",
              "not_equals",
              "contains",
              "in",
              "exists"
            ]
          },
          "IngressAccessLogs": {
            "type": "string",
            "description": "IngressAccessLogs details",
            "compliance_category": "security",
            "operators": [
              "equals",
              "not_equals",
              "in",
              "exists"
            ],
            "security_impact": "medium"
          },
          "Tags": {
            "type": "string",
            "description": "Tags details",
            "compliance_category": "general",
            "operators": [
              "equals",
              "not_equals",
              "contains"
            ]
          }
        },
        "main_output_field": "EgressAccessLogs",
        "item_fields": {
          "LogGroupName": {
            "type": "string",
            "description": "Log group name",
            "compliance_category": "general"
          }
        }
      },
      {
        "operation": "CreateHarvestJob",
        "python_method": "create_harvest_job",
        "yaml_action": "create_harvest_job",
        "required_params": [
          "S3Destination",
          "EndTime",
          "OriginEndpointId",
          "StartTime",
          "Id"
        ],
        "optional_params": [],
        "total_optional": 0,
        "output_fields": {
          "Arn": {
            "type": "string",
            "description": "Arn details",
            "compliance_category": "identity",
            "operators": [
              "equals",
              "not_equals",
              "contains",
              "in",
              "exists"
            ]
          },
          "ChannelId": {
            "type": "string",
            "description": "ChannelId details",
            "compliance_category": "identity",
            "operators": [
              "equals",
              "not_equals",
              "contains",
              "in",
              "exists"
            ]
          },
          "CreatedAt": {
            "type": "string",
            "description": "CreatedAt details",
            "compliance_category": "general",
            "format": "date-time",
            "operators": [
              "equals",
              "not_equals",
              "contains"
            ]
          },
          "EndTime": {
            "type": "string",
            "description": "EndTime details",
            "compliance_category": "general",
            "format": "date-time",
            "operators": [
              "equals",
              "not_equals",
              "contains"
            ]
          },
          "Id": {
            "type": "string",
            "description": "Id details",
            "compliance_category": "identity",
            "operators": [
              "equals",
              "not_equals",
              "contains",
              "in",
              "exists"
            ]
          },
          "OriginEndpointId": {
            "type": "string",
            "description": "OriginEndpointId details",
            "compliance_category": "identity",
            "operators": [
              "equals",
              "not_equals",
              "contains",
              "in",
              "exists"
            ]
          },
          "S3Destination": {
            "type": "string",
            "description": "S3Destination details",
            "compliance_category": "general",
            "format": "date-time",
            "operators": [
              "equals",
              "not_equals",
              "contains"
            ]
          },
          "StartTime": {
            "type": "string",
            "description": "StartTime details",
            "compliance_category": "general",
            "format": "date-time",
            "operators": [
              "equals",
              "not_equals",
              "contains"
            ]
          },
          "Status": {
            "type": "string",
            "description": "Status details",
            "compliance_category": "general",
            "format": "date-time",
            "operators": [
              "equals",
              "not_equals",
              "contains"
            ]
          }
        },
        "main_output_field": "S3Destination",
        "item_fields": {
          "BucketName": {
            "type": "string",
            "description": "Bucket name",
            "compliance_category": "general"
          },
          "ManifestKey": {
            "type": "string",
            "description": "Manifest key",
            "compliance_category": "security",
            "security_impact": "high"
          },
          "RoleArn": {
            "type": "string",
            "description": "Role arn",
            "compliance_category": "identity",
            "operators": [
              "equals",
              "not_equals",
              "contains",
              "in",
              "exists"
            ]
          }
        }
      },
      {
        "operation": "CreateOriginEndpoint",
        "python_method": "create_origin_endpoint",
        "yaml_action": "create_origin_endpoint",
        "required_params": [
          "ChannelId",
          "Id"
        ],
        "optional_params": [
          "Authorization",
          "CmafPackage",
          "DashPackage",
          "Description",
          "HlsPackage"
        ],
        "total_optional": 12,
        "output_fields": {
          "Arn": {
            "type": "string",
            "description": "Arn details",
            "compliance_category": "identity",
            "operators": [
              "equals",
              "not_equals",
              "contains",
              "in",
              "exists"
            ]
          },
          "Authorization": {
            "type": "string",
            "description": "Authorization details",
            "compliance_category": "general",
            "format": "date-time",
            "operators": [
              "equals",
              "not_equals",
              "contains"
            ]
          },
          "ChannelId": {
            "type": "string",
            "description": "ChannelId details",
            "compliance_category": "identity",
            "operators": [
              "equals",
              "not_equals",
              "contains",
              "in",
              "exists"
            ]
          },
          "CmafPackage": {
            "type": "string",
            "description": "CmafPackage details",
            "compliance_category": "general",
            "operators": [
              "equals",
              "not_equals",
              "contains"
            ]
          },
          "CreatedAt": {
            "type": "string",
            "description": "CreatedAt details",
            "compliance_category": "general",
            "format": "date-time",
            "operators": [
              "equals",
              "not_equals",
              "contains"
            ]
          },
          "DashPackage": {
            "type": "string",
            "description": "DashPackage details",
            "compliance_category": "general",
            "operators": [
              "equals",
              "not_equals",
              "contains"
            ]
          },
          "Description": {
            "type": "string",
            "description": "Description details",
            "compliance_category": "general",
            "operators": [
              "equals",
              "not_equals",
              "contains"
            ]
          },
          "HlsPackage": {
            "type": "string",
            "description": "HlsPackage details",
            "compliance_category": "general",
            "operators": [
              "equals",
              "not_equals",
              "contains"
            ]
          },
          "Id": {
            "type": "string",
            "description": "Id details",
            "compliance_category": "identity",
            "operators": [
              "equals",
              "not_equals",
              "contains",
              "in",
              "exists"
            ]
          },
          "ManifestName": {
            "type": "string",
            "description": "ManifestName details",
            "compliance_category": "identity",
            "operators": [
              "equals",
              "not_equals",
              "contains",
              "in",
              "exists"
            ]
          },
          "MssPackage": {
            "type": "string",
            "description": "MssPackage details",
            "compliance_category": "general",
            "operators": [
              "equals",
              "not_equals",
              "contains"
            ]
          },
          "Origination": {
            "type": "string",
            "description": "Origination details",
            "compliance_category": "general",
            "format": "date-time",
            "operators": [
              "equals",
              "not_equals",
              "contains"
            ]
          },
          "StartoverWindowSeconds": {
            "type": "string",
            "description": "StartoverWindowSeconds details",
            "compliance_category": "general",
            "operators": [
              "equals",
              "not_equals",
              "contains"
            ]
          },
          "Tags": {
            "type": "string",
            "description": "Tags details",
            "compliance_category": "general",
            "operators": [
              "equals",
              "not_equals",
              "contains"
            ]
          },
          "TimeDelaySeconds": {
            "type": "string",
            "description": "TimeDelaySeconds details",
            "compliance_category": "general",
            "format": "date-time",
            "operators": [
              "equals",
              "not_equals",
              "contains"
            ]
          },
          "Url": {
            "type": "string",
            "description": "Url details",
            "compliance_category": "general",
            "operators": [
              "equals",
              "not_equals",
              "contains"
            ]
          },
          "Whitelist": {
            "type": "boolean",
            "description": "Whitelist details",
            "compliance_category": "general",
            "operators": [
              "equals",
              "not_equals",
              "contains"
            ]
          }
        },
        "main_output_field": "Whitelist",
        "item_fields": []
      },
      {
        "operation": "DeleteChannel",
        "python_method": "delete_channel",
        "yaml_action": "delete_channel",
        "required_params": [
          "Id"
        ],
        "optional_params": [],
        "total_optional": 0,
        "output_fields": {},
        "main_output_field": null,
        "item_fields": []
      },
      {
        "operation": "DeleteOriginEndpoint",
        "python_method": "delete_origin_endpoint",
        "yaml_action": "delete_origin_endpoint",
        "required_params": [
          "Id"
        ],
        "optional_params": [],
        "total_optional": 0,
        "output_fields": {},
        "main_output_field": null,
        "item_fields": []
      },
      {
        "operation": "DescribeChannel",
        "python_method": "describe_channel",
        "yaml_action": "describe_channel",
        "required_params": [
          "Id"
        ],
        "optional_params": [],
        "total_optional": 0,
        "output_fields": {
          "Arn": {
            "type": "string",
            "description": "Arn details",
            "compliance_category": "identity",
            "operators": [
              "equals",
              "not_equals",
              "contains",
              "in",
              "exists"
            ]
          },
          "CreatedAt": {
            "type": "string",
            "description": "CreatedAt details",
            "compliance_category": "general",
            "format": "date-time",
            "operators": [
              "equals",
              "not_equals",
              "contains"
            ]
          },
          "Description": {
            "type": "string",
            "description": "Description details",
            "compliance_category": "general",
            "operators": [
              "equals",
              "not_equals",
              "contains"
            ]
          },
          "EgressAccessLogs": {
            "type": "string",
            "description": "EgressAccessLogs details",
            "compliance_category": "security",
            "operators": [
              "equals",
              "not_equals",
              "in",
              "exists"
            ],
            "security_impact": "medium"
          },
          "HlsIngest": {
            "type": "string",
            "description": "HlsIngest details",
            "compliance_category": "general",
            "operators": [
              "equals",
              "not_equals",
              "contains"
            ]
          },
          "Id": {
            "type": "string",
            "description": "Id details",
            "compliance_category": "identity",
            "operators": [
              "equals",
              "not_equals",
              "contains",
              "in",
              "exists"
            ]
          },
          "IngressAccessLogs": {
            "type": "string",
            "description": "IngressAccessLogs details",
            "compliance_category": "security",
            "operators": [
              "equals",
              "not_equals",
              "in",
              "exists"
            ],
            "security_impact": "medium"
          },
          "Tags": {
            "type": "string",
            "description": "Tags details",
            "compliance_category": "general",
            "operators": [
              "equals",
              "not_equals",
              "contains"
            ]
          }
        },
        "main_output_field": "EgressAccessLogs",
        "item_fields": {
          "LogGroupName": {
            "type": "string",
            "description": "Log group name",
            "compliance_category": "general"
          }
        }
      },
      {
        "operation": "DescribeHarvestJob",
        "python_method": "describe_harvest_job",
        "yaml_action": "describe_harvest_job",
        "required_params": [
          "Id"
        ],
        "optional_params": [],
        "total_optional": 0,
        "output_fields": {
          "Arn": {
            "type": "string",
            "description": "Arn details",
            "compliance_category": "identity",
            "operators": [
              "equals",
              "not_equals",
              "contains",
              "in",
              "exists"
            ]
          },
          "ChannelId": {
            "type": "string",
            "description": "ChannelId details",
            "compliance_category": "identity",
            "operators": [
              "equals",
              "not_equals",
              "contains",
              "in",
              "exists"
            ]
          },
          "CreatedAt": {
            "type": "string",
            "description": "CreatedAt details",
            "compliance_category": "general",
            "format": "date-time",
            "operators": [
              "equals",
              "not_equals",
              "contains"
            ]
          },
          "EndTime": {
            "type": "string",
            "description": "EndTime details",
            "compliance_category": "general",
            "format": "date-time",
            "operators": [
              "equals",
              "not_equals",
              "contains"
            ]
          },
          "Id": {
            "type": "string",
            "description": "Id details",
            "compliance_category": "identity",
            "operators": [
              "equals",
              "not_equals",
              "contains",
              "in",
              "exists"
            ]
          },
          "OriginEndpointId": {
            "type": "string",
            "description": "OriginEndpointId details",
            "compliance_category": "identity",
            "operators": [
              "equals",
              "not_equals",
              "contains",
              "in",
              "exists"
            ]
          },
          "S3Destination": {
            "type": "string",
            "description": "S3Destination details",
            "compliance_category": "general",
            "format": "date-time",
            "operators": [
              "equals",
              "not_equals",
              "contains"
            ]
          },
          "StartTime": {
            "type": "string",
            "description": "StartTime details",
            "compliance_category": "general",
            "format": "date-time",
            "operators": [
              "equals",
              "not_equals",
              "contains"
            ]
          },
          "Status": {
            "type": "string",
            "description": "Status details",
            "compliance_category": "general",
            "format": "date-time",
            "operators": [
              "equals",
              "not_equals",
              "contains"
            ]
          }
        },
        "main_output_field": "S3Destination",
        "item_fields": {
          "BucketName": {
            "type": "string",
            "description": "Bucket name",
            "compliance_category": "general"
          },
          "ManifestKey": {
            "type": "string",
            "description": "Manifest key",
            "compliance_category": "security",
            "security_impact": "high"
          },
          "RoleArn": {
            "type": "string",
            "description": "Role arn",
            "compliance_category": "identity",
            "operators": [
              "equals",
              "not_equals",
              "contains",
              "in",
              "exists"
            ]
          }
        }
      },
      {
        "operation": "DescribeOriginEndpoint",
        "python_method": "describe_origin_endpoint",
        "yaml_action": "describe_origin_endpoint",
        "required_params": [
          "Id"
        ],
        "optional_params": [],
        "total_optional": 0,
        "output_fields": {
          "Arn": {
            "type": "string",
            "description": "Arn details",
            "compliance_category": "identity",
            "operators": [
              "equals",
              "not_equals",
              "contains",
              "in",
              "exists"
            ]
          },
          "Authorization": {
            "type": "string",
            "description": "Authorization details",
            "compliance_category": "general",
            "format": "date-time",
            "operators": [
              "equals",
              "not_equals",
              "contains"
            ]
          },
          "ChannelId": {
            "type": "string",
            "description": "ChannelId details",
            "compliance_category": "identity",
            "operators": [
              "equals",
              "not_equals",
              "contains",
              "in",
              "exists"
            ]
          },
          "CmafPackage": {
            "type": "string",
            "description": "CmafPackage details",
            "compliance_category": "general",
            "operators": [
              "equals",
              "not_equals",
              "contains"
            ]
          },
          "CreatedAt": {
            "type": "string",
            "description": "CreatedAt details",
            "compliance_category": "general",
            "format": "date-time",
            "operators": [
              "equals",
              "not_equals",
              "contains"
            ]
          },
          "DashPackage": {
            "type": "string",
            "description": "DashPackage details",
            "compliance_category": "general",
            "operators": [
              "equals",
              "not_equals",
              "contains"
            ]
          },
          "Description": {
            "type": "string",
            "description": "Description details",
            "compliance_category": "general",
            "operators": [
              "equals",
              "not_equals",
              "contains"
            ]
          },
          "HlsPackage": {
            "type": "string",
            "description": "HlsPackage details",
            "compliance_category": "general",
            "operators": [
              "equals",
              "not_equals",
              "contains"
            ]
          },
          "Id": {
            "type": "string",
            "description": "Id details",
            "compliance_category": "identity",
            "operators": [
              "equals",
              "not_equals",
              "contains",
              "in",
              "exists"
            ]
          },
          "ManifestName": {
            "type": "string",
            "description": "ManifestName details",
            "compliance_category": "identity",
            "operators": [
              "equals",
              "not_equals",
              "contains",
              "in",
              "exists"
            ]
          },
          "MssPackage": {
            "type": "string",
            "description": "MssPackage details",
            "compliance_category": "general",
            "operators": [
              "equals",
              "not_equals",
              "contains"
            ]
          },
          "Origination": {
            "type": "string",
            "description": "Origination details",
            "compliance_category": "general",
            "format": "date-time",
            "operators": [
              "equals",
              "not_equals",
              "contains"
            ]
          },
          "StartoverWindowSeconds": {
            "type": "string",
            "description": "StartoverWindowSeconds details",
            "compliance_category": "general",
            "operators": [
              "equals",
              "not_equals",
              "contains"
            ]
          },
          "Tags": {
            "type": "string",
            "description": "Tags details",
            "compliance_category": "general",
            "operators": [
              "equals",
              "not_equals",
              "contains"
            ]
          },
          "TimeDelaySeconds": {
            "type": "string",
            "description": "TimeDelaySeconds details",
            "compliance_category": "general",
            "format": "date-time",
            "operators": [
              "equals",
              "not_equals",
              "contains"
            ]
          },
          "Url": {
            "type": "string",
            "description": "Url details",
            "compliance_category": "general",
            "operators": [
              "equals",
              "not_equals",
              "contains"
            ]
          },
          "Whitelist": {
            "type": "boolean",
            "description": "Whitelist details",
            "compliance_category": "general",
            "operators": [
              "equals",
              "not_equals",
              "contains"
            ]
          }
        },
        "main_output_field": "Whitelist",
        "item_fields": []
      },
      {
        "operation": "ListTagsForResource",
        "python_method": "list_tags_for_resource",
        "yaml_action": "list_tags_for_resource",
        "required_params": [
          "ResourceArn"
        ],
        "optional_params": [],
        "total_optional": 0,
        "output_fields": {
          "Tags": {
            "type": "string",
            "description": "Tags details",
            "compliance_category": "general",
            "operators": [
              "equals",
              "not_equals",
              "contains"
            ]
          }
        },
        "main_output_field": "Tags",
        "item_fields": []
      },
      {
        "operation": "RotateChannelCredentials",
        "python_method": "rotate_channel_credentials",
        "yaml_action": "rotate_channel_credentials",
        "required_params": [
          "Id"
        ],
        "optional_params": [],
        "total_optional": 0,
        "output_fields": {
          "Arn": {
            "type": "string",
            "description": "Arn details",
            "compliance_category": "identity",
            "operators": [
              "equals",
              "not_equals",
              "contains",
              "in",
              "exists"
            ]
          },
          "CreatedAt": {
            "type": "string",
            "description": "CreatedAt details",
            "compliance_category": "general",
            "format": "date-time",
            "operators": [
              "equals",
              "not_equals",
              "contains"
            ]
          },
          "Description": {
            "type": "string",
            "description": "Description details",
            "compliance_category": "general",
            "operators": [
              "equals",
              "not_equals",
              "contains"
            ]
          },
          "EgressAccessLogs": {
            "type": "string",
            "description": "EgressAccessLogs details",
            "compliance_category": "security",
            "operators": [
              "equals",
              "not_equals",
              "in",
              "exists"
            ],
            "security_impact": "medium"
          },
          "HlsIngest": {
            "type": "string",
            "description": "HlsIngest details",
            "compliance_category": "general",
            "operators": [
              "equals",
              "not_equals",
              "contains"
            ]
          },
          "Id": {
            "type": "string",
            "description": "Id details",
            "compliance_category": "identity",
            "operators": [
              "equals",
              "not_equals",
              "contains",
              "in",
              "exists"
            ]
          },
          "IngressAccessLogs": {
            "type": "string",
            "description": "IngressAccessLogs details",
            "compliance_category": "security",
            "operators": [
              "equals",
              "not_equals",
              "in",
              "exists"
            ],
            "security_impact": "medium"
          },
          "Tags": {
            "type": "string",
            "description": "Tags details",
            "compliance_category": "general",
            "operators": [
              "equals",
              "not_equals",
              "contains"
            ]
          }
        },
        "main_output_field": "EgressAccessLogs",
        "item_fields": {
          "LogGroupName": {
            "type": "string",
            "description": "Log group name",
            "compliance_category": "general"
          }
        }
      },
      {
        "operation": "RotateIngestEndpointCredentials",
        "python_method": "rotate_ingest_endpoint_credentials",
        "yaml_action": "rotate_ingest_endpoint_credentials",
        "required_params": [
          "IngestEndpointId",
          "Id"
        ],
        "optional_params": [],
        "total_optional": 0,
        "output_fields": {
          "Arn": {
            "type": "string",
            "description": "Arn details",
            "compliance_category": "identity",
            "operators": [
              "equals",
              "not_equals",
              "contains",
              "in",
              "exists"
            ]
          },
          "CreatedAt": {
            "type": "string",
            "description": "CreatedAt details",
            "compliance_category": "general",
            "format": "date-time",
            "operators": [
              "equals",
              "not_equals",
              "contains"
            ]
          },
          "Description": {
            "type": "string",
            "description": "Description details",
            "compliance_category": "general",
            "operators": [
              "equals",
              "not_equals",
              "contains"
            ]
          },
          "EgressAccessLogs": {
            "type": "string",
            "description": "EgressAccessLogs details",
            "compliance_category": "security",
            "operators": [
              "equals",
              "not_equals",
              "in",
              "exists"
            ],
            "security_impact": "medium"
          },
          "HlsIngest": {
            "type": "string",
            "description": "HlsIngest details",
            "compliance_category": "general",
            "operators": [
              "equals",
              "not_equals",
              "contains"
            ]
          },
          "Id": {
            "type": "string",
            "description": "Id details",
            "compliance_category": "identity",
            "operators": [
              "equals",
              "not_equals",
              "contains",
              "in",
              "exists"
            ]
          },
          "IngressAccessLogs": {
            "type": "string",
            "description": "IngressAccessLogs details",
            "compliance_category": "security",
            "operators": [
              "equals",
              "not_equals",
              "in",
              "exists"
            ],
            "security_impact": "medium"
          },
          "Tags": {
            "type": "string",
            "description": "Tags details",
            "compliance_category": "general",
            "operators": [
              "equals",
              "not_equals",
              "contains"
            ]
          }
        },
        "main_output_field": "EgressAccessLogs",
        "item_fields": {
          "LogGroupName": {
            "type": "string",
            "description": "Log group name",
            "compliance_category": "general"
          }
        }
      },
      {
        "operation": "TagResource",
        "python_method": "tag_resource",
        "yaml_action": "tag_resource",
        "required_params": [
          "ResourceArn",
          "Tags"
        ],
        "optional_params": [],
        "total_optional": 0,
        "output_fields": {},
        "main_output_field": null,
        "item_fields": []
      },
      {
        "operation": "UntagResource",
        "python_method": "untag_resource",
        "yaml_action": "untag_resource",
        "required_params": [
          "TagKeys",
          "ResourceArn"
        ],
        "optional_params": [],
        "total_optional": 0,
        "output_fields": {},
        "main_output_field": null,
        "item_fields": []
      },
      {
        "operation": "UpdateChannel",
        "python_method": "update_channel",
        "yaml_action": "update_channel",
        "required_params": [
          "Id"
        ],
        "optional_params": [
          "Description"
        ],
        "total_optional": 1,
        "output_fields": {
          "Arn": {
            "type": "string",
            "description": "Arn details",
            "compliance_category": "identity",
            "operators": [
              "equals",
              "not_equals",
              "contains",
              "in",
              "exists"
            ]
          },
          "CreatedAt": {
            "type": "string",
            "description": "CreatedAt details",
            "compliance_category": "general",
            "format": "date-time",
            "operators": [
              "equals",
              "not_equals",
              "contains"
            ]
          },
          "Description": {
            "type": "string",
            "description": "Description details",
            "compliance_category": "general",
            "operators": [
              "equals",
              "not_equals",
              "contains"
            ]
          },
          "EgressAccessLogs": {
            "type": "string",
            "description": "EgressAccessLogs details",
            "compliance_category": "security",
            "operators": [
              "equals",
              "not_equals",
              "in",
              "exists"
            ],
            "security_impact": "medium"
          },
          "HlsIngest": {
            "type": "string",
            "description": "HlsIngest details",
            "compliance_category": "general",
            "operators": [
              "equals",
              "not_equals",
              "contains"
            ]
          },
          "Id": {
            "type": "string",
            "description": "Id details",
            "compliance_category": "identity",
            "operators": [
              "equals",
              "not_equals",
              "contains",
              "in",
              "exists"
            ]
          },
          "IngressAccessLogs": {
            "type": "string",
            "description": "IngressAccessLogs details",
            "compliance_category": "security",
            "operators": [
              "equals",
              "not_equals",
              "in",
              "exists"
            ],
            "security_impact": "medium"
          },
          "Tags": {
            "type": "string",
            "description": "Tags details",
            "compliance_category": "general",
            "operators": [
              "equals",
              "not_equals",
              "contains"
            ]
          }
        },
        "main_output_field": "EgressAccessLogs",
        "item_fields": {
          "LogGroupName": {
            "type": "string",
            "description": "Log group name",
            "compliance_category": "general"
          }
        }
      },
      {
        "operation": "UpdateOriginEndpoint",
        "python_method": "update_origin_endpoint",
        "yaml_action": "update_origin_endpoint",
        "required_params": [
          "Id"
        ],
        "optional_params": [
          "Authorization",
          "CmafPackage",
          "DashPackage",
          "Description",
          "HlsPackage"
        ],
        "total_optional": 11,
        "output_fields": {
          "Arn": {
            "type": "string",
            "description": "Arn details",
            "compliance_category": "identity",
            "operators": [
              "equals",
              "not_equals",
              "contains",
              "in",
              "exists"
            ]
          },
          "Authorization": {
            "type": "string",
            "description": "Authorization details",
            "compliance_category": "general",
            "format": "date-time",
            "operators": [
              "equals",
              "not_equals",
              "contains"
            ]
          },
          "ChannelId": {
            "type": "string",
            "description": "ChannelId details",
            "compliance_category": "identity",
            "operators": [
              "equals",
              "not_equals",
              "contains",
              "in",
              "exists"
            ]
          },
          "CmafPackage": {
            "type": "string",
            "description": "CmafPackage details",
            "compliance_category": "general",
            "operators": [
              "equals",
              "not_equals",
              "contains"
            ]
          },
          "CreatedAt": {
            "type": "string",
            "description": "CreatedAt details",
            "compliance_category": "general",
            "format": "date-time",
            "operators": [
              "equals",
              "not_equals",
              "contains"
            ]
          },
          "DashPackage": {
            "type": "string",
            "description": "DashPackage details",
            "compliance_category": "general",
            "operators": [
              "equals",
              "not_equals",
              "contains"
            ]
          },
          "Description": {
            "type": "string",
            "description": "Description details",
            "compliance_category": "general",
            "operators": [
              "equals",
              "not_equals",
              "contains"
            ]
          },
          "HlsPackage": {
            "type": "string",
            "description": "HlsPackage details",
            "compliance_category": "general",
            "operators": [
              "equals",
              "not_equals",
              "contains"
            ]
          },
          "Id": {
            "type": "string",
            "description": "Id details",
            "compliance_category": "identity",
            "operators": [
              "equals",
              "not_equals",
              "contains",
              "in",
              "exists"
            ]
          },
          "ManifestName": {
            "type": "string",
            "description": "ManifestName details",
            "compliance_category": "identity",
            "operators": [
              "equals",
              "not_equals",
              "contains",
              "in",
              "exists"
            ]
          },
          "MssPackage": {
            "type": "string",
            "description": "MssPackage details",
            "compliance_category": "general",
            "operators": [
              "equals",
              "not_equals",
              "contains"
            ]
          },
          "Origination": {
            "type": "string",
            "description": "Origination details",
            "compliance_category": "general",
            "format": "date-time",
            "operators": [
              "equals",
              "not_equals",
              "contains"
            ]
          },
          "StartoverWindowSeconds": {
            "type": "string",
            "description": "StartoverWindowSeconds details",
            "compliance_category": "general",
            "operators": [
              "equals",
              "not_equals",
              "contains"
            ]
          },
          "Tags": {
            "type": "string",
            "description": "Tags details",
            "compliance_category": "general",
            "operators": [
              "equals",
              "not_equals",
              "contains"
            ]
          },
          "TimeDelaySeconds": {
            "type": "string",
            "description": "TimeDelaySeconds details",
            "compliance_category": "general",
            "format": "date-time",
            "operators": [
              "equals",
              "not_equals",
              "contains"
            ]
          },
          "Url": {
            "type": "string",
            "description": "Url details",
            "compliance_category": "general",
            "operators": [
              "equals",
              "not_equals",
              "contains"
            ]
          },
          "Whitelist": {
            "type": "boolean",
            "description": "Whitelist details",
            "compliance_category": "general",
            "operators": [
              "equals",
              "not_equals",
              "contains"
            ]
          }
        },
        "main_output_field": "Whitelist",
        "item_fields": []
      }
    ],
    "independent_count": 3,
    "dependent_count": 16
  }
}