{
  "service": "mediapackage",
  "fixes": [
    {
      "rule_id": "1",
      "suggested_check": {
        "var": "Arn",
        "op": "equals",
        "value": "mediapackage.channel_arn",
        "derived": "is_public",
        "derive_key": "aws.mediapackage.channel.is_public"
      },
      "suggested_aliases": {
        "entity_aliases": {
          "mediapackage.channel_arn": "channel_arn"
        },
        "param_aliases": {
          "Arn": [
            "channel_arn"
          ]
        }
      },
      "confidence": 0.9,
      "reason": "The ARN directly corresponds to the channel ARN in the mediapackage service."
    },
    {
      "rule_id": "2",
      "suggested_check": {
        "var": "Arn",
        "op": "equals",
        "value": "mediapackage.harvest_job_arn",
        "derived": "is_public",
        "derive_key": "aws.mediapackage.harvest_job.is_public"
      },
      "suggested_aliases": {
        "entity_aliases": {
          "mediapackage.harvest_job_arn": "harvest_job_arn"
        },
        "param_aliases": {
          "Arn": [
            "harvest_job_arn"
          ]
        }
      },
      "confidence": 0.9,
      "reason": "The ARN directly corresponds to the harvest job ARN in the mediapackage service."
    },
    {
      "rule_id": "3",
      "suggested_check": {
        "var": "Arn",
        "op": "equals",
        "value": "mediapackage.origin_endpoint_arn",
        "derived": "is_public",
        "derive_key": "aws.mediapackage.origin_endpoint.is_public"
      },
      "suggested_aliases": {
        "entity_aliases": {
          "mediapackage.origin_endpoint_arn": "origin_endpoint_arn"
        },
        "param_aliases": {
          "Arn": [
            "origin_endpoint_arn"
          ]
        }
      },
      "confidence": 0.9,
      "reason": "The ARN directly corresponds to the origin endpoint ARN in the mediapackage service."
    },
    {
      "rule_id": "4",
      "suggested_check": {
        "var": "Arn",
        "op": "equals",
        "value": "mediapackage.configure_log_arn",
        "derived": "logging_enabled",
        "derive_key": "aws.mediapackage.logging.logging_enabled"
      },
      "suggested_aliases": {
        "entity_aliases": {
          "mediapackage.configure_log_arn": "configure_log_arn"
        },
        "param_aliases": {
          "Arn": [
            "configure_log_arn"
          ]
        }
      },
      "confidence": 0.85,
      "reason": "The ARN directly corresponds to the log configuration ARN in the mediapackage service."
    },
    {
      "type": "llm_fix",
      "original": "1",
      "fix": {
        "var": "Arn",
        "op": "equals",
        "value": "true",
        "derived": "is_public",
        "derive_key": "aws.mediapackage.channel.is_public"
      },
      "confidence": 0.9,
      "reason": "The ARN directly corresponds to the channel entity, and the is_public derived variable indicates accessibility.",
      "aliases": {
        "entity_aliases": {
          "mediapackage.channel_arn": "channel_arn"
        },
        "param_aliases": {
          "param": [
            "ListChannels.Channels[].Arn",
            "CreateChannel.Arn",
            "DescribeChannel.Arn"
          ]
        }
      }
    },
    {
      "type": "llm_fix",
      "original": "2",
      "fix": {
        "var": "Arn",
        "op": "equals",
        "value": "true",
        "derived": "is_public",
        "derive_key": "aws.mediapackage.harvest_job.is_public"
      },
      "confidence": 0.85,
      "reason": "The ARN directly corresponds to the harvest job entity, and the is_public derived variable indicates accessibility.",
      "aliases": {
        "entity_aliases": {
          "mediapackage.harvest_job_arn": "harvest_job_arn"
        },
        "param_aliases": {
          "param": [
            "ListHarvestJobs.HarvestJobs[].Arn",
            "CreateHarvestJob.Arn",
            "DescribeHarvestJob.Arn"
          ]
        }
      }
    },
    {
      "type": "llm_fix",
      "original": "3",
      "fix": {
        "var": "Arn",
        "op": "equals",
        "value": "true",
        "derived": "is_public",
        "derive_key": "aws.mediapackage.origin_endpoint.is_public"
      },
      "confidence": 0.88,
      "reason": "The ARN directly corresponds to the origin endpoint entity, and the is_public derived variable indicates accessibility.",
      "aliases": {
        "entity_aliases": {
          "mediapackage.origin_endpoint_arn": "origin_endpoint_arn"
        },
        "param_aliases": {
          "param": [
            "ListOriginEndpoints.OriginEndpoints[].Arn",
            "CreateOriginEndpoint.Arn",
            "DescribeOriginEndpoint.Arn"
          ]
        }
      }
    },
    {
      "type": "llm_fix",
      "original": "4",
      "fix": {
        "var": "Arn",
        "op": "equals",
        "value": "true",
        "derived": "logging_enabled",
        "derive_key": "aws.mediapackage.configure_logs.logging_enabled"
      },
      "confidence": 0.82,
      "reason": "The ARN directly corresponds to the log configuration entity, and the logging_enabled derived variable indicates if logging is active.",
      "aliases": {
        "entity_aliases": {
          "mediapackage.configure_log_arn": "configure_log_arn"
        },
        "param_aliases": {
          "param": [
            "ConfigureLogs.Arn"
          ]
        }
      }
    }
  ],
  "summary": {
    "total_fixes": 8,
    "remaining_unresolved": 34
  }
}