{
  "service": "mediapackage",
  "issues": {
    "generic_entities": {},
    "ambiguous_tokens": {
      "arn": [
        {
          "mapping": "ListChannels.Channels[].Arn -> mediapackage.channel_arn",
          "evidence": "ListChannels.Channels[].Arn",
          "entity": "mediapackage.channel_arn"
        },
        {
          "mapping": "ListHarvestJobs.HarvestJobs[].Arn -> mediapackage.harvest_job_arn",
          "evidence": "ListHarvestJobs.HarvestJobs[].Arn",
          "entity": "mediapackage.harvest_job_arn"
        },
        {
          "mapping": "ListOriginEndpoints.OriginEndpoints[].Arn -> mediapackage.origin_endpoint_arn",
          "evidence": "ListOriginEndpoints.OriginEndpoints[].Arn",
          "entity": "mediapackage.origin_endpoint_arn"
        },
        {
          "mapping": "ConfigureLogs.Arn -> mediapackage.configure_log_arn",
          "evidence": "ConfigureLogs.Arn",
          "entity": "mediapackage.configure_log_arn"
        },
        {
          "mapping": "CreateChannel.Arn -> mediapackage.channel_arn",
          "evidence": "CreateChannel.Arn",
          "entity": "mediapackage.channel_arn"
        },
        {
          "mapping": "CreateHarvestJob.Arn -> mediapackage.harvest_job_arn",
          "evidence": "CreateHarvestJob.Arn",
          "entity": "mediapackage.harvest_job_arn"
        },
        {
          "mapping": "CreateOriginEndpoint.Arn -> mediapackage.origin_endpoint_arn",
          "evidence": "CreateOriginEndpoint.Arn",
          "entity": "mediapackage.origin_endpoint_arn"
        },
        {
          "mapping": "DescribeChannel.Arn -> mediapackage.channel_arn",
          "evidence": "DescribeChannel.Arn",
          "entity": "mediapackage.channel_arn"
        },
        {
          "mapping": "DescribeHarvestJob.Arn -> mediapackage.harvest_job_arn",
          "evidence": "DescribeHarvestJob.Arn",
          "entity": "mediapackage.harvest_job_arn"
        },
        {
          "mapping": "DescribeOriginEndpoint.Arn -> mediapackage.origin_endpoint_arn",
          "evidence": "DescribeOriginEndpoint.Arn",
          "entity": "mediapackage.origin_endpoint_arn"
        },
        {
          "mapping": "RotateChannelCredentials.Arn -> mediapackage.rotate_channel_credential_arn",
          "evidence": "RotateChannelCredentials.Arn",
          "entity": "mediapackage.rotate_channel_credential_arn"
        },
        {
          "mapping": "RotateIngestEndpointCredentials.Arn -> mediapackage.rotate_ingest_endpoint_credential_arn",
          "evidence": "RotateIngestEndpointCredentials.Arn",
          "entity": "mediapackage.rotate_ingest_endpoint_credential_arn"
        },
        {
          "mapping": "UpdateChannel.Arn -> mediapackage.channel_arn",
          "evidence": "UpdateChannel.Arn",
          "entity": "mediapackage.channel_arn"
        },
        {
          "mapping": "UpdateOriginEndpoint.Arn -> mediapackage.origin_endpoint_arn",
          "evidence": "UpdateOriginEndpoint.Arn",
          "entity": "mediapackage.origin_endpoint_arn"
        }
      ],
      "id": [
        {
          "mapping": "ListChannels.Channels[].Id -> mediapackage.channel_id",
          "evidence": "ListChannels.Channels[].Id",
          "entity": "mediapackage.channel_id"
        },
        {
          "mapping": "ListHarvestJobs.HarvestJobs[].Id -> mediapackage.harvest_job_id",
          "evidence": "ListHarvestJobs.HarvestJobs[].Id",
          "entity": "mediapackage.harvest_job_id"
        },
        {
          "mapping": "ListOriginEndpoints.OriginEndpoints[].Id -> mediapackage.origin_endpoint_id",
          "evidence": "ListOriginEndpoints.OriginEndpoints[].Id",
          "entity": "mediapackage.origin_endpoint_id"
        },
        {
          "mapping": "ConfigureLogs.Id -> mediapackage.egress_access_log_id",
          "evidence": "ConfigureLogs.Id",
          "entity": "mediapackage.egress_access_log_id"
        },
        {
          "mapping": "ConfigureLogs.Id -> mediapackage.configure_log_id",
          "evidence": "ConfigureLogs.Id",
          "entity": "mediapackage.configure_log_id"
        },
        {
          "mapping": "CreateChannel.Id -> mediapackage.egress_access_log_id",
          "evidence": "CreateChannel.Id",
          "entity": "mediapackage.egress_access_log_id"
        },
        {
          "mapping": "CreateChannel.Id -> mediapackage.channel_id",
          "evidence": "CreateChannel.Id",
          "entity": "mediapackage.channel_id"
        },
        {
          "mapping": "CreateHarvestJob.Id -> mediapackage.s3_destination_id",
          "evidence": "CreateHarvestJob.Id",
          "entity": "mediapackage.s3_destination_id"
        },
        {
          "mapping": "CreateHarvestJob.Id -> mediapackage.harvest_job_id",
          "evidence": "CreateHarvestJob.Id",
          "entity": "mediapackage.harvest_job_id"
        },
        {
          "mapping": "CreateOriginEndpoint.Id -> mediapackage.whitelist_id",
          "evidence": "CreateOriginEndpoint.Id",
          "entity": "mediapackage.whitelist_id"
        },
        {
          "mapping": "CreateOriginEndpoint.Id -> mediapackage.origin_endpoint_id",
          "evidence": "CreateOriginEndpoint.Id",
          "entity": "mediapackage.origin_endpoint_id"
        },
        {
          "mapping": "DeleteChannel.Id -> mediapackage.channel_id",
          "evidence": "DeleteChannel.Id",
          "entity": "mediapackage.channel_id"
        },
        {
          "mapping": "DeleteOriginEndpoint.Id -> mediapackage.origin_endpoint_id",
          "evidence": "DeleteOriginEndpoint.Id",
          "entity": "mediapackage.origin_endpoint_id"
        },
        {
          "mapping": "DescribeChannel.Id -> mediapackage.egress_access_log_id",
          "evidence": "DescribeChannel.Id",
          "entity": "mediapackage.egress_access_log_id"
        },
        {
          "mapping": "DescribeChannel.Id -> mediapackage.channel_id",
          "evidence": "DescribeChannel.Id",
          "entity": "mediapackage.channel_id"
        },
        {
          "mapping": "DescribeHarvestJob.Id -> mediapackage.s3_destination_id",
          "evidence": "DescribeHarvestJob.Id",
          "entity": "mediapackage.s3_destination_id"
        },
        {
          "mapping": "DescribeHarvestJob.Id -> mediapackage.harvest_job_id",
          "evidence": "DescribeHarvestJob.Id",
          "entity": "mediapackage.harvest_job_id"
        },
        {
          "mapping": "DescribeOriginEndpoint.Id -> mediapackage.whitelist_id",
          "evidence": "DescribeOriginEndpoint.Id",
          "entity": "mediapackage.whitelist_id"
        },
        {
          "mapping": "DescribeOriginEndpoint.Id -> mediapackage.origin_endpoint_id",
          "evidence": "DescribeOriginEndpoint.Id",
          "entity": "mediapackage.origin_endpoint_id"
        },
        {
          "mapping": "RotateChannelCredentials.Id -> mediapackage.egress_access_log_id",
          "evidence": "RotateChannelCredentials.Id",
          "entity": "mediapackage.egress_access_log_id"
        }
      ]
    },
    "unresolved_consumes": [],
    "suspicious_paths": []
  },
  "alias_candidates_not_applied": [],
  "suggested_overrides": [
    {
      "operation": "ConfigureLogs",
      "type": "produces",
      "key": "Id",
      "suggested_entity": "mediapackage.egress_access_log_id",
      "confidence": "MEDIUM",
      "reason": "Param 'Id' and output field 'Id' match but map to different entities. Suggest unifying to consume entity."
    },
    {
      "operation": "CreateChannel",
      "type": "produces",
      "key": "Id",
      "suggested_entity": "mediapackage.egress_access_log_id",
      "confidence": "MEDIUM",
      "reason": "Param 'Id' and output field 'Id' match but map to different entities. Suggest unifying to consume entity."
    },
    {
      "operation": "CreateHarvestJob",
      "type": "produces",
      "key": "ChannelId",
      "suggested_entity": "mediapackage.originendpoint_id",
      "confidence": "MEDIUM",
      "reason": "Param 'OriginEndpointId' and output field 'ChannelId' match but map to different entities. Suggest unifying to consume entity."
    },
    {
      "operation": "CreateHarvestJob",
      "type": "produces",
      "key": "Id",
      "suggested_entity": "mediapackage.originendpoint_id",
      "confidence": "MEDIUM",
      "reason": "Param 'OriginEndpointId' and output field 'Id' match but map to different entities. Suggest unifying to consume entity."
    },
    {
      "operation": "CreateHarvestJob",
      "type": "produces",
      "key": "OriginEndpointId",
      "suggested_entity": "mediapackage.originendpoint_id",
      "confidence": "MEDIUM",
      "reason": "Param 'OriginEndpointId' and output field 'OriginEndpointId' match but map to different entities. Suggest unifying to consume entity."
    },
    {
      "operation": "CreateHarvestJob",
      "type": "produces",
      "key": "ChannelId",
      "suggested_entity": "mediapackage.s3_destination_id",
      "confidence": "MEDIUM",
      "reason": "Param 'Id' and output field 'ChannelId' match but map to different entities. Suggest unifying to consume entity."
    },
    {
      "operation": "CreateHarvestJob",
      "type": "produces",
      "key": "Id",
      "suggested_entity": "mediapackage.s3_destination_id",
      "confidence": "MEDIUM",
      "reason": "Param 'Id' and output field 'Id' match but map to different entities. Suggest unifying to consume entity."
    },
    {
      "operation": "CreateHarvestJob",
      "type": "produces",
      "key": "OriginEndpointId",
      "suggested_entity": "mediapackage.s3_destination_id",
      "confidence": "MEDIUM",
      "reason": "Param 'Id' and output field 'OriginEndpointId' match but map to different entities. Suggest unifying to consume entity."
    },
    {
      "operation": "CreateOriginEndpoint",
      "type": "produces",
      "key": "Id",
      "suggested_entity": "mediapackage.channel_id",
      "confidence": "MEDIUM",
      "reason": "Param 'ChannelId' and output field 'Id' match but map to different entities. Suggest unifying to consume entity."
    },
    {
      "operation": "CreateOriginEndpoint",
      "type": "produces",
      "key": "ChannelId",
      "suggested_entity": "mediapackage.whitelist_id",
      "confidence": "MEDIUM",
      "reason": "Param 'Id' and output field 'ChannelId' match but map to different entities. Suggest unifying to consume entity."
    },
    {
      "operation": "CreateOriginEndpoint",
      "type": "produces",
      "key": "Id",
      "suggested_entity": "mediapackage.whitelist_id",
      "confidence": "MEDIUM",
      "reason": "Param 'Id' and output field 'Id' match but map to different entities. Suggest unifying to consume entity."
    },
    {
      "operation": "DescribeChannel",
      "type": "produces",
      "key": "Id",
      "suggested_entity": "mediapackage.egress_access_log_id",
      "confidence": "MEDIUM",
      "reason": "Param 'Id' and output field 'Id' match but map to different entities. Suggest unifying to consume entity."
    },
    {
      "operation": "DescribeHarvestJob",
      "type": "produces",
      "key": "ChannelId",
      "suggested_entity": "mediapackage.s3_destination_id",
      "confidence": "MEDIUM",
      "reason": "Param 'Id' and output field 'ChannelId' match but map to different entities. Suggest unifying to consume entity."
    },
    {
      "operation": "DescribeHarvestJob",
      "type": "produces",
      "key": "Id",
      "suggested_entity": "mediapackage.s3_destination_id",
      "confidence": "MEDIUM",
      "reason": "Param 'Id' and output field 'Id' match but map to different entities. Suggest unifying to consume entity."
    },
    {
      "operation": "DescribeHarvestJob",
      "type": "produces",
      "key": "OriginEndpointId",
      "suggested_entity": "mediapackage.s3_destination_id",
      "confidence": "MEDIUM",
      "reason": "Param 'Id' and output field 'OriginEndpointId' match but map to different entities. Suggest unifying to consume entity."
    },
    {
      "operation": "DescribeOriginEndpoint",
      "type": "produces",
      "key": "ChannelId",
      "suggested_entity": "mediapackage.whitelist_id",
      "confidence": "MEDIUM",
      "reason": "Param 'Id' and output field 'ChannelId' match but map to different entities. Suggest unifying to consume entity."
    },
    {
      "operation": "DescribeOriginEndpoint",
      "type": "produces",
      "key": "Id",
      "suggested_entity": "mediapackage.whitelist_id",
      "confidence": "MEDIUM",
      "reason": "Param 'Id' and output field 'Id' match but map to different entities. Suggest unifying to consume entity."
    },
    {
      "operation": "RotateChannelCredentials",
      "type": "produces",
      "key": "Id",
      "suggested_entity": "mediapackage.egress_access_log_id",
      "confidence": "MEDIUM",
      "reason": "Param 'Id' and output field 'Id' match but map to different entities. Suggest unifying to consume entity."
    },
    {
      "operation": "RotateIngestEndpointCredentials",
      "type": "produces",
      "key": "Id",
      "suggested_entity": "mediapackage.ingestendpoint_id",
      "confidence": "MEDIUM",
      "reason": "Param 'IngestEndpointId' and output field 'Id' match but map to different entities. Suggest unifying to consume entity."
    },
    {
      "operation": "RotateIngestEndpointCredentials",
      "type": "produces",
      "key": "Id",
      "suggested_entity": "mediapackage.egress_access_log_id",
      "confidence": "MEDIUM",
      "reason": "Param 'Id' and output field 'Id' match but map to different entities. Suggest unifying to consume entity."
    }
  ],
  "unresolved_items": [
    {
      "mapping": "ListChannels.Channels[].Arn -> mediapackage.channel_arn",
      "evidence": "ListChannels.Channels[].Arn",
      "entity": "mediapackage.channel_arn"
    },
    {
      "mapping": "ListHarvestJobs.HarvestJobs[].Arn -> mediapackage.harvest_job_arn",
      "evidence": "ListHarvestJobs.HarvestJobs[].Arn",
      "entity": "mediapackage.harvest_job_arn"
    },
    {
      "mapping": "ListOriginEndpoints.OriginEndpoints[].Arn -> mediapackage.origin_endpoint_arn",
      "evidence": "ListOriginEndpoints.OriginEndpoints[].Arn",
      "entity": "mediapackage.origin_endpoint_arn"
    },
    {
      "mapping": "ConfigureLogs.Arn -> mediapackage.configure_log_arn",
      "evidence": "ConfigureLogs.Arn",
      "entity": "mediapackage.configure_log_arn"
    },
    {
      "mapping": "CreateChannel.Arn -> mediapackage.channel_arn",
      "evidence": "CreateChannel.Arn",
      "entity": "mediapackage.channel_arn"
    },
    {
      "mapping": "CreateHarvestJob.Arn -> mediapackage.harvest_job_arn",
      "evidence": "CreateHarvestJob.Arn",
      "entity": "mediapackage.harvest_job_arn"
    },
    {
      "mapping": "CreateOriginEndpoint.Arn -> mediapackage.origin_endpoint_arn",
      "evidence": "CreateOriginEndpoint.Arn",
      "entity": "mediapackage.origin_endpoint_arn"
    },
    {
      "mapping": "DescribeChannel.Arn -> mediapackage.channel_arn",
      "evidence": "DescribeChannel.Arn",
      "entity": "mediapackage.channel_arn"
    },
    {
      "mapping": "DescribeHarvestJob.Arn -> mediapackage.harvest_job_arn",
      "evidence": "DescribeHarvestJob.Arn",
      "entity": "mediapackage.harvest_job_arn"
    },
    {
      "mapping": "DescribeOriginEndpoint.Arn -> mediapackage.origin_endpoint_arn",
      "evidence": "DescribeOriginEndpoint.Arn",
      "entity": "mediapackage.origin_endpoint_arn"
    },
    {
      "mapping": "RotateChannelCredentials.Arn -> mediapackage.rotate_channel_credential_arn",
      "evidence": "RotateChannelCredentials.Arn",
      "entity": "mediapackage.rotate_channel_credential_arn"
    },
    {
      "mapping": "RotateIngestEndpointCredentials.Arn -> mediapackage.rotate_ingest_endpoint_credential_arn",
      "evidence": "RotateIngestEndpointCredentials.Arn",
      "entity": "mediapackage.rotate_ingest_endpoint_credential_arn"
    },
    {
      "mapping": "UpdateChannel.Arn -> mediapackage.channel_arn",
      "evidence": "UpdateChannel.Arn",
      "entity": "mediapackage.channel_arn"
    },
    {
      "mapping": "UpdateOriginEndpoint.Arn -> mediapackage.origin_endpoint_arn",
      "evidence": "UpdateOriginEndpoint.Arn",
      "entity": "mediapackage.origin_endpoint_arn"
    },
    {
      "mapping": "ListChannels.Channels[].Id -> mediapackage.channel_id",
      "evidence": "ListChannels.Channels[].Id",
      "entity": "mediapackage.channel_id"
    },
    {
      "mapping": "ListHarvestJobs.HarvestJobs[].Id -> mediapackage.harvest_job_id",
      "evidence": "ListHarvestJobs.HarvestJobs[].Id",
      "entity": "mediapackage.harvest_job_id"
    },
    {
      "mapping": "ListOriginEndpoints.OriginEndpoints[].Id -> mediapackage.origin_endpoint_id",
      "evidence": "ListOriginEndpoints.OriginEndpoints[].Id",
      "entity": "mediapackage.origin_endpoint_id"
    },
    {
      "mapping": "ConfigureLogs.Id -> mediapackage.egress_access_log_id",
      "evidence": "ConfigureLogs.Id",
      "entity": "mediapackage.egress_access_log_id"
    },
    {
      "mapping": "ConfigureLogs.Id -> mediapackage.configure_log_id",
      "evidence": "ConfigureLogs.Id",
      "entity": "mediapackage.configure_log_id"
    },
    {
      "mapping": "CreateChannel.Id -> mediapackage.egress_access_log_id",
      "evidence": "CreateChannel.Id",
      "entity": "mediapackage.egress_access_log_id"
    },
    {
      "mapping": "CreateChannel.Id -> mediapackage.channel_id",
      "evidence": "CreateChannel.Id",
      "entity": "mediapackage.channel_id"
    },
    {
      "mapping": "CreateHarvestJob.Id -> mediapackage.s3_destination_id",
      "evidence": "CreateHarvestJob.Id",
      "entity": "mediapackage.s3_destination_id"
    },
    {
      "mapping": "CreateHarvestJob.Id -> mediapackage.harvest_job_id",
      "evidence": "CreateHarvestJob.Id",
      "entity": "mediapackage.harvest_job_id"
    },
    {
      "mapping": "CreateOriginEndpoint.Id -> mediapackage.whitelist_id",
      "evidence": "CreateOriginEndpoint.Id",
      "entity": "mediapackage.whitelist_id"
    },
    {
      "mapping": "CreateOriginEndpoint.Id -> mediapackage.origin_endpoint_id",
      "evidence": "CreateOriginEndpoint.Id",
      "entity": "mediapackage.origin_endpoint_id"
    },
    {
      "mapping": "DeleteChannel.Id -> mediapackage.channel_id",
      "evidence": "DeleteChannel.Id",
      "entity": "mediapackage.channel_id"
    },
    {
      "mapping": "DeleteOriginEndpoint.Id -> mediapackage.origin_endpoint_id",
      "evidence": "DeleteOriginEndpoint.Id",
      "entity": "mediapackage.origin_endpoint_id"
    },
    {
      "mapping": "DescribeChannel.Id -> mediapackage.egress_access_log_id",
      "evidence": "DescribeChannel.Id",
      "entity": "mediapackage.egress_access_log_id"
    },
    {
      "mapping": "DescribeChannel.Id -> mediapackage.channel_id",
      "evidence": "DescribeChannel.Id",
      "entity": "mediapackage.channel_id"
    },
    {
      "mapping": "DescribeHarvestJob.Id -> mediapackage.s3_destination_id",
      "evidence": "DescribeHarvestJob.Id",
      "entity": "mediapackage.s3_destination_id"
    },
    {
      "mapping": "DescribeHarvestJob.Id -> mediapackage.harvest_job_id",
      "evidence": "DescribeHarvestJob.Id",
      "entity": "mediapackage.harvest_job_id"
    },
    {
      "mapping": "DescribeOriginEndpoint.Id -> mediapackage.whitelist_id",
      "evidence": "DescribeOriginEndpoint.Id",
      "entity": "mediapackage.whitelist_id"
    },
    {
      "mapping": "DescribeOriginEndpoint.Id -> mediapackage.origin_endpoint_id",
      "evidence": "DescribeOriginEndpoint.Id",
      "entity": "mediapackage.origin_endpoint_id"
    },
    {
      "mapping": "RotateChannelCredentials.Id -> mediapackage.egress_access_log_id",
      "evidence": "RotateChannelCredentials.Id",
      "entity": "mediapackage.egress_access_log_id"
    }
  ]
}