{
  "service": "mediapackage",
  "version": "1.0",
  "kind_rules": {
    "read_list": ["List"],
    "read_get": ["Get", "Describe"],
    "write_create": ["Create", "Start", "Generate", "Import", "Enable", "Register"],
    "write_update": ["Update", "Modify", "Put", "Set", "Change", "Reset", "Patch"],
    "write_delete": ["Delete", "Remove", "Terminate", "Destroy", "Disable", "Detach", "Disassociate", "Untag", "Revoke"],
    "write_apply": ["Apply", "Attach", "Associate", "Add", "Tag", "Authorize", "Unauthorize", "Grant"],
    "other": ["default"]
  },
  "entity_aliases": {
    "mediapackage.harvest_job_origin_endpoint_id": "mediapackage.origin_endpoint_id",
    "mediapackage.origin_endpoint_channel_id": "mediapackage.channel_id",
    "mediapackage.origin_endpoint_manifest_name": "mediapackage.manifest_name",
    "mediapackage.harvest_job_channel_id": "mediapackage.channel_id"
  },
  "overrides": {},
  "operations": {
    "ListChannels": {
      "kind": "read_list",
      "side_effect": false,
      "sdk": {"client": "mediapackage", "method": "list_channels"},
      "consumes": [],
      "produces": [{"entity": "mediapackage.channels", "source": "output", "path": "Channels"}, {"entity": "mediapackage.next_token", "source": "output", "path": "NextToken"}, {"entity": "mediapackage.channel_arn", "source": "item", "path": "Channels[].Arn"}, {"entity": "mediapackage.channel_created_at", "source": "item", "path": "Channels[].CreatedAt"}, {"entity": "mediapackage.channel_description", "source": "item", "path": "Channels[].Description"}, {"entity": "mediapackage.channel_egress_access_logs", "source": "item", "path": "Channels[].EgressAccessLogs"}, {"entity": "mediapackage.channel_hls_ingest", "source": "item", "path": "Channels[].HlsIngest"}, {"entity": "mediapackage.channel_id", "source": "item", "path": "Channels[].Id"}, {"entity": "mediapackage.channel_ingress_access_logs", "source": "item", "path": "Channels[].IngressAccessLogs"}, {"entity": "mediapackage.channel_tags", "source": "item", "path": "Channels[].Tags"}],
      "notes": ""
    },
    "ListHarvestJobs": {
      "kind": "read_list",
      "side_effect": false,
      "sdk": {"client": "mediapackage", "method": "list_harvest_jobs"},
      "consumes": [],
      "produces": [{"entity": "mediapackage.harvest_jobs", "source": "output", "path": "HarvestJobs"}, {"entity": "mediapackage.next_token", "source": "output", "path": "NextToken"}, {"entity": "mediapackage.harvest_job_arn", "source": "item", "path": "HarvestJobs[].Arn"}, {"entity": "mediapackage.channel_id", "source": "item", "path": "HarvestJobs[].ChannelId"}, {"entity": "mediapackage.harvest_job_created_at", "source": "item", "path": "HarvestJobs[].CreatedAt"}, {"entity": "mediapackage.harvest_job_end_time", "source": "item", "path": "HarvestJobs[].EndTime"}, {"entity": "mediapackage.harvest_job_id", "source": "item", "path": "HarvestJobs[].Id"}, {"entity": "mediapackage.origin_endpoint_id", "source": "item", "path": "HarvestJobs[].OriginEndpointId"}, {"entity": "mediapackage.harvest_job_s3_destination", "source": "item", "path": "HarvestJobs[].S3Destination"}, {"entity": "mediapackage.harvest_job_start_time", "source": "item", "path": "HarvestJobs[].StartTime"}, {"entity": "mediapackage.harvest_job_status", "source": "item", "path": "HarvestJobs[].Status"}],
      "notes": ""
    },
    "ListOriginEndpoints": {
      "kind": "read_list",
      "side_effect": false,
      "sdk": {"client": "mediapackage", "method": "list_origin_endpoints"},
      "consumes": [],
      "produces": [{"entity": "mediapackage.next_token", "source": "output", "path": "NextToken"}, {"entity": "mediapackage.origin_endpoints", "source": "output", "path": "OriginEndpoints"}, {"entity": "mediapackage.origin_endpoint_arn", "source": "item", "path": "OriginEndpoints[].Arn"}, {"entity": "mediapackage.origin_endpoint_authorization", "source": "item", "path": "OriginEndpoints[].Authorization"}, {"entity": "mediapackage.channel_id", "source": "item", "path": "OriginEndpoints[].ChannelId"}, {"entity": "mediapackage.origin_endpoint_cmaf_package", "source": "item", "path": "OriginEndpoints[].CmafPackage"}, {"entity": "mediapackage.origin_endpoint_created_at", "source": "item", "path": "OriginEndpoints[].CreatedAt"}, {"entity": "mediapackage.origin_endpoint_dash_package", "source": "item", "path": "OriginEndpoints[].DashPackage"}, {"entity": "mediapackage.origin_endpoint_description", "source": "item", "path": "OriginEndpoints[].Description"}, {"entity": "mediapackage.origin_endpoint_hls_package", "source": "item", "path": "OriginEndpoints[].HlsPackage"}, {"entity": "mediapackage.origin_endpoint_id", "source": "item", "path": "OriginEndpoints[].Id"}, {"entity": "mediapackage.manifest_name", "source": "item", "path": "OriginEndpoints[].ManifestName"}, {"entity": "mediapackage.origin_endpoint_mss_package", "source": "item", "path": "OriginEndpoints[].MssPackage"}, {"entity": "mediapackage.origin_endpoint_origination", "source": "item", "path": "OriginEndpoints[].Origination"}, {"entity": "mediapackage.origin_endpoint_startover_window_seconds", "source": "item", "path": "OriginEndpoints[].StartoverWindowSeconds"}, {"entity": "mediapackage.origin_endpoint_tags", "source": "item", "path": "OriginEndpoints[].Tags"}, {"entity": "mediapackage.origin_endpoint_time_delay_seconds", "source": "item", "path": "OriginEndpoints[].TimeDelaySeconds"}, {"entity": "mediapackage.origin_endpoint_url", "source": "item", "path": "OriginEndpoints[].Url"}, {"entity": "mediapackage.origin_endpoint_whitelist", "source": "item", "path": "OriginEndpoints[].Whitelist"}],
      "notes": ""
    },
    "ConfigureLogs": {
      "kind": "other",
      "side_effect": true,
      "sdk": {"client": "mediapackage", "method": "configure_logs"},
      "consumes": [{"entity": "mediapackage.egress_access_log_id", "param": "Id", "required": true, "source": "external"}],
      "produces": [{"entity": "mediapackage.configure_log_arn", "source": "output", "path": "Arn"}, {"entity": "mediapackage.created_at", "source": "output", "path": "CreatedAt"}, {"entity": "mediapackage.description", "source": "output", "path": "Description"}, {"entity": "mediapackage.egress_access_logs", "source": "output", "path": "EgressAccessLogs"}, {"entity": "mediapackage.hls_ingest", "source": "output", "path": "HlsIngest"}, {"entity": "mediapackage.configure_log_id", "source": "output", "path": "Id"}, {"entity": "mediapackage.ingress_access_logs", "source": "output", "path": "IngressAccessLogs"}, {"entity": "mediapackage.tags", "source": "output", "path": "Tags"}, {"entity": "mediapackage.egress_access_log_log_group_name", "source": "item", "path": "EgressAccessLogs.LogGroupName"}],
      "notes": ""
    },
    "CreateChannel": {
      "kind": "write_create",
      "side_effect": true,
      "sdk": {"client": "mediapackage", "method": "create_channel"},
      "consumes": [{"entity": "mediapackage.egress_access_log_id", "param": "Id", "required": true, "source": "external"}],
      "produces": [{"entity": "mediapackage.channel_arn", "source": "output", "path": "Arn"}, {"entity": "mediapackage.created_at", "source": "output", "path": "CreatedAt"}, {"entity": "mediapackage.description", "source": "output", "path": "Description"}, {"entity": "mediapackage.egress_access_logs", "source": "output", "path": "EgressAccessLogs"}, {"entity": "mediapackage.hls_ingest", "source": "output", "path": "HlsIngest"}, {"entity": "mediapackage.channel_id", "source": "output", "path": "Id"}, {"entity": "mediapackage.ingress_access_logs", "source": "output", "path": "IngressAccessLogs"}, {"entity": "mediapackage.tags", "source": "output", "path": "Tags"}, {"entity": "mediapackage.egress_access_log_log_group_name", "source": "item", "path": "EgressAccessLogs.LogGroupName"}],
      "notes": ""
    },
    "CreateHarvestJob": {
      "kind": "write_create",
      "side_effect": true,
      "sdk": {"client": "mediapackage", "method": "create_harvest_job"},
      "consumes": [{"entity": "mediapackage.s3_destination", "param": "S3Destination", "required": true, "source": "internal"}, {"entity": "mediapackage.end_time", "param": "EndTime", "required": true, "source": "internal"}, {"entity": "mediapackage.originendpoint_id", "param": "OriginEndpointId", "required": true, "source": "external"}, {"entity": "mediapackage.start_time", "param": "StartTime", "required": true, "source": "internal"}, {"entity": "mediapackage.s3_destination_id", "param": "Id", "required": true, "source": "external"}],
      "produces": [{"entity": "mediapackage.harvest_job_arn", "source": "output", "path": "Arn"}, {"entity": "mediapackage.channel_id", "source": "output", "path": "ChannelId"}, {"entity": "mediapackage.created_at", "source": "output", "path": "CreatedAt"}, {"entity": "mediapackage.end_time", "source": "output", "path": "EndTime"}, {"entity": "mediapackage.harvest_job_id", "source": "output", "path": "Id"}, {"entity": "mediapackage.origin_endpoint_id", "source": "output", "path": "OriginEndpointId"}, {"entity": "mediapackage.s3_destination", "source": "output", "path": "S3Destination"}, {"entity": "mediapackage.start_time", "source": "output", "path": "StartTime"}, {"entity": "mediapackage.harvest_job_status", "source": "output", "path": "Status"}, {"entity": "mediapackage.s3_destination_bucket_name", "source": "item", "path": "S3Destination.BucketName"}, {"entity": "mediapackage.s3_destination_manifest_key", "source": "item", "path": "S3Destination.ManifestKey"}, {"entity": "mediapackage.s3_destination_role_arn", "source": "item", "path": "S3Destination.RoleArn"}],
      "notes": ""
    },
    "CreateOriginEndpoint": {
      "kind": "write_create",
      "side_effect": true,
      "sdk": {"client": "mediapackage", "method": "create_origin_endpoint"},
      "consumes": [{"entity": "mediapackage.channel_id", "param": "ChannelId", "required": true, "source": "internal"}, {"entity": "mediapackage.whitelist_id", "param": "Id", "required": true, "source": "external"}],
      "produces": [{"entity": "mediapackage.origin_endpoint_arn", "source": "output", "path": "Arn"}, {"entity": "mediapackage.authorization", "source": "output", "path": "Authorization"}, {"entity": "mediapackage.channel_id", "source": "output", "path": "ChannelId"}, {"entity": "mediapackage.cmaf_package", "source": "output", "path": "CmafPackage"}, {"entity": "mediapackage.created_at", "source": "output", "path": "CreatedAt"}, {"entity": "mediapackage.dash_package", "source": "output", "path": "DashPackage"}, {"entity": "mediapackage.description", "source": "output", "path": "Description"}, {"entity": "mediapackage.hls_package", "source": "output", "path": "HlsPackage"}, {"entity": "mediapackage.origin_endpoint_id", "source": "output", "path": "Id"}, {"entity": "mediapackage.manifest_name", "source": "output", "path": "ManifestName"}, {"entity": "mediapackage.mss_package", "source": "output", "path": "MssPackage"}, {"entity": "mediapackage.origination", "source": "output", "path": "Origination"}, {"entity": "mediapackage.startover_window_seconds", "source": "output", "path": "StartoverWindowSeconds"}, {"entity": "mediapackage.tags", "source": "output", "path": "Tags"}, {"entity": "mediapackage.time_delay_seconds", "source": "output", "path": "TimeDelaySeconds"}, {"entity": "mediapackage.url", "source": "output", "path": "Url"}, {"entity": "mediapackage.whitelist", "source": "output", "path": "Whitelist"}],
      "notes": ""
    },
    "DeleteChannel": {
      "kind": "write_delete",
      "side_effect": true,
      "sdk": {"client": "mediapackage", "method": "delete_channel"},
      "consumes": [{"entity": "mediapackage.channel_id", "param": "Id", "required": true, "source": "internal"}],
      "produces": [],
      "notes": ""
    },
    "DeleteOriginEndpoint": {
      "kind": "write_delete",
      "side_effect": true,
      "sdk": {"client": "mediapackage", "method": "delete_origin_endpoint"},
      "consumes": [{"entity": "mediapackage.origin_endpoint_id", "param": "Id", "required": true, "source": "internal"}],
      "produces": [],
      "notes": ""
    },
    "DescribeChannel": {
      "kind": "read_get",
      "side_effect": false,
      "sdk": {"client": "mediapackage", "method": "describe_channel"},
      "consumes": [{"entity": "mediapackage.egress_access_log_id", "param": "Id", "required": true, "source": "external"}],
      "produces": [{"entity": "mediapackage.channel_arn", "source": "output", "path": "Arn"}, {"entity": "mediapackage.created_at", "source": "output", "path": "CreatedAt"}, {"entity": "mediapackage.description", "source": "output", "path": "Description"}, {"entity": "mediapackage.egress_access_logs", "source": "output", "path": "EgressAccessLogs"}, {"entity": "mediapackage.hls_ingest", "source": "output", "path": "HlsIngest"}, {"entity": "mediapackage.channel_id", "source": "output", "path": "Id"}, {"entity": "mediapackage.ingress_access_logs", "source": "output", "path": "IngressAccessLogs"}, {"entity": "mediapackage.tags", "source": "output", "path": "Tags"}, {"entity": "mediapackage.egress_access_log_log_group_name", "source": "item", "path": "EgressAccessLogs.LogGroupName"}],
      "notes": ""
    },
    "DescribeHarvestJob": {
      "kind": "read_get",
      "side_effect": false,
      "sdk": {"client": "mediapackage", "method": "describe_harvest_job"},
      "consumes": [{"entity": "mediapackage.s3_destination_id", "param": "Id", "required": true, "source": "external"}],
      "produces": [{"entity": "mediapackage.harvest_job_arn", "source": "output", "path": "Arn"}, {"entity": "mediapackage.channel_id", "source": "output", "path": "ChannelId"}, {"entity": "mediapackage.created_at", "source": "output", "path": "CreatedAt"}, {"entity": "mediapackage.end_time", "source": "output", "path": "EndTime"}, {"entity": "mediapackage.harvest_job_id", "source": "output", "path": "Id"}, {"entity": "mediapackage.origin_endpoint_id", "source": "output", "path": "OriginEndpointId"}, {"entity": "mediapackage.s3_destination", "source": "output", "path": "S3Destination"}, {"entity": "mediapackage.start_time", "source": "output", "path": "StartTime"}, {"entity": "mediapackage.harvest_job_status", "source": "output", "path": "Status"}, {"entity": "mediapackage.s3_destination_bucket_name", "source": "item", "path": "S3Destination.BucketName"}, {"entity": "mediapackage.s3_destination_manifest_key", "source": "item", "path": "S3Destination.ManifestKey"}, {"entity": "mediapackage.s3_destination_role_arn", "source": "item", "path": "S3Destination.RoleArn"}],
      "notes": ""
    },
    "DescribeOriginEndpoint": {
      "kind": "read_get",
      "side_effect": false,
      "sdk": {"client": "mediapackage", "method": "describe_origin_endpoint"},
      "consumes": [{"entity": "mediapackage.whitelist_id", "param": "Id", "required": true, "source": "external"}],
      "produces": [{"entity": "mediapackage.origin_endpoint_arn", "source": "output", "path": "Arn"}, {"entity": "mediapackage.authorization", "source": "output", "path": "Authorization"}, {"entity": "mediapackage.channel_id", "source": "output", "path": "ChannelId"}, {"entity": "mediapackage.cmaf_package", "source": "output", "path": "CmafPackage"}, {"entity": "mediapackage.created_at", "source": "output", "path": "CreatedAt"}, {"entity": "mediapackage.dash_package", "source": "output", "path": "DashPackage"}, {"entity": "mediapackage.description", "source": "output", "path": "Description"}, {"entity": "mediapackage.hls_package", "source": "output", "path": "HlsPackage"}, {"entity": "mediapackage.origin_endpoint_id", "source": "output", "path": "Id"}, {"entity": "mediapackage.manifest_name", "source": "output", "path": "ManifestName"}, {"entity": "mediapackage.mss_package", "source": "output", "path": "MssPackage"}, {"entity": "mediapackage.origination", "source": "output", "path": "Origination"}, {"entity": "mediapackage.startover_window_seconds", "source": "output", "path": "StartoverWindowSeconds"}, {"entity": "mediapackage.tags", "source": "output", "path": "Tags"}, {"entity": "mediapackage.time_delay_seconds", "source": "output", "path": "TimeDelaySeconds"}, {"entity": "mediapackage.url", "source": "output", "path": "Url"}, {"entity": "mediapackage.whitelist", "source": "output", "path": "Whitelist"}],
      "notes": ""
    },
    "ListTagsForResource": {
      "kind": "read_list",
      "side_effect": false,
      "sdk": {"client": "mediapackage", "method": "list_tags_for_resource"},
      "consumes": [{"entity": "mediapackage.resource_arn", "param": "ResourceArn", "required": true, "source": "external"}],
      "produces": [{"entity": "mediapackage.tags", "source": "output", "path": "Tags"}],
      "notes": ""
    },
    "RotateChannelCredentials": {
      "kind": "other",
      "side_effect": true,
      "sdk": {"client": "mediapackage", "method": "rotate_channel_credentials"},
      "consumes": [{"entity": "mediapackage.egress_access_log_id", "param": "Id", "required": true, "source": "external"}],
      "produces": [{"entity": "mediapackage.rotate_channel_credential_arn", "source": "output", "path": "Arn"}, {"entity": "mediapackage.created_at", "source": "output", "path": "CreatedAt"}, {"entity": "mediapackage.description", "source": "output", "path": "Description"}, {"entity": "mediapackage.egress_access_logs", "source": "output", "path": "EgressAccessLogs"}, {"entity": "mediapackage.hls_ingest", "source": "output", "path": "HlsIngest"}, {"entity": "mediapackage.rotate_channel_credential_id", "source": "output", "path": "Id"}, {"entity": "mediapackage.ingress_access_logs", "source": "output", "path": "IngressAccessLogs"}, {"entity": "mediapackage.tags", "source": "output", "path": "Tags"}, {"entity": "mediapackage.egress_access_log_log_group_name", "source": "item", "path": "EgressAccessLogs.LogGroupName"}],
      "notes": ""
    },
    "RotateIngestEndpointCredentials": {
      "kind": "other",
      "side_effect": true,
      "sdk": {"client": "mediapackage", "method": "rotate_ingest_endpoint_credentials"},
      "consumes": [{"entity": "mediapackage.ingestendpoint_id", "param": "IngestEndpointId", "required": true, "source": "external"}, {"entity": "mediapackage.egress_access_log_id", "param": "Id", "required": true, "source": "external"}],
      "produces": [{"entity": "mediapackage.rotate_ingest_endpoint_credential_arn", "source": "output", "path": "Arn"}, {"entity": "mediapackage.created_at", "source": "output", "path": "CreatedAt"}, {"entity": "mediapackage.description", "source": "output", "path": "Description"}, {"entity": "mediapackage.egress_access_logs", "source": "output", "path": "EgressAccessLogs"}, {"entity": "mediapackage.hls_ingest", "source": "output", "path": "HlsIngest"}, {"entity": "mediapackage.rotate_ingest_endpoint_credential_id", "source": "output", "path": "Id"}, {"entity": "mediapackage.ingress_access_logs", "source": "output", "path": "IngressAccessLogs"}, {"entity": "mediapackage.tags", "source": "output", "path": "Tags"}, {"entity": "mediapackage.egress_access_log_log_group_name", "source": "item", "path": "EgressAccessLogs.LogGroupName"}],
      "notes": ""
    },
    "TagResource": {
      "kind": "write_apply",
      "side_effect": true,
      "sdk": {"client": "mediapackage", "method": "tag_resource"},
      "consumes": [{"entity": "mediapackage.resource_arn", "param": "ResourceArn", "required": true, "source": "external"}, {"entity": "mediapackage.tags", "param": "Tags", "required": true, "source": "internal"}],
      "produces": [],
      "notes": ""
    },
    "UntagResource": {
      "kind": "write_delete",
      "side_effect": true,
      "sdk": {"client": "mediapackage", "method": "untag_resource"},
      "consumes": [{"entity": "mediapackage.tag_keys", "param": "TagKeys", "required": true, "source": "external"}, {"entity": "mediapackage.resource_arn", "param": "ResourceArn", "required": true, "source": "external"}],
      "produces": [],
      "notes": ""
    },
    "UpdateChannel": {
      "kind": "write_update",
      "side_effect": true,
      "sdk": {"client": "mediapackage", "method": "update_channel"},
      "consumes": [{"entity": "mediapackage.egress_access_log_id", "param": "Id", "required": true, "source": "external"}],
      "produces": [{"entity": "mediapackage.channel_arn", "source": "output", "path": "Arn"}, {"entity": "mediapackage.created_at", "source": "output", "path": "CreatedAt"}, {"entity": "mediapackage.description", "source": "output", "path": "Description"}, {"entity": "mediapackage.egress_access_logs", "source": "output", "path": "EgressAccessLogs"}, {"entity": "mediapackage.hls_ingest", "source": "output", "path": "HlsIngest"}, {"entity": "mediapackage.channel_id", "source": "output", "path": "Id"}, {"entity": "mediapackage.ingress_access_logs", "source": "output", "path": "IngressAccessLogs"}, {"entity": "mediapackage.tags", "source": "output", "path": "Tags"}, {"entity": "mediapackage.egress_access_log_log_group_name", "source": "item", "path": "EgressAccessLogs.LogGroupName"}],
      "notes": ""
    },
    "UpdateOriginEndpoint": {
      "kind": "write_update",
      "side_effect": true,
      "sdk": {"client": "mediapackage", "method": "update_origin_endpoint"},
      "consumes": [{"entity": "mediapackage.whitelist_id", "param": "Id", "required": true, "source": "external"}],
      "produces": [{"entity": "mediapackage.origin_endpoint_arn", "source": "output", "path": "Arn"}, {"entity": "mediapackage.authorization", "source": "output", "path": "Authorization"}, {"entity": "mediapackage.channel_id", "source": "output", "path": "ChannelId"}, {"entity": "mediapackage.cmaf_package", "source": "output", "path": "CmafPackage"}, {"entity": "mediapackage.created_at", "source": "output", "path": "CreatedAt"}, {"entity": "mediapackage.dash_package", "source": "output", "path": "DashPackage"}, {"entity": "mediapackage.description", "source": "output", "path": "Description"}, {"entity": "mediapackage.hls_package", "source": "output", "path": "HlsPackage"}, {"entity": "mediapackage.origin_endpoint_id", "source": "output", "path": "Id"}, {"entity": "mediapackage.manifest_name", "source": "output", "path": "ManifestName"}, {"entity": "mediapackage.mss_package", "source": "output", "path": "MssPackage"}, {"entity": "mediapackage.origination", "source": "output", "path": "Origination"}, {"entity": "mediapackage.startover_window_seconds", "source": "output", "path": "StartoverWindowSeconds"}, {"entity": "mediapackage.tags", "source": "output", "path": "Tags"}, {"entity": "mediapackage.time_delay_seconds", "source": "output", "path": "TimeDelaySeconds"}, {"entity": "mediapackage.url", "source": "output", "path": "Url"}, {"entity": "mediapackage.whitelist", "source": "output", "path": "Whitelist"}],
      "notes": ""
    }
  }
}