{
  "service": "medialive",
  "op_consumes": {
    "BatchDelete": [],
    "BatchStart": [],
    "BatchStop": [],
    "ClaimDevice": [],
    "CreateChannel": [],
    "CreateInput": [],
    "CreateInputSecurityGroup": [],
    "DescribeAccountConfiguration": [],
    "ListChannels": [],
    "ListInputDevices": [],
    "ListInputSecurityGroups": [],
    "ListInputs": [],
    "ListMultiplexes": [],
    "ListOfferings": [],
    "ListReservations": [],
    "UpdateAccountConfiguration": [],
    "ListCloudWatchAlarmTemplateGroups": [],
    "ListCloudWatchAlarmTemplates": [],
    "ListEventBridgeRuleTemplateGroups": [],
    "ListEventBridgeRuleTemplates": [],
    "ListSignalMaps": [],
    "CreateCluster": [],
    "CreateNetwork": [],
    "ListClusters": [],
    "ListNetworks": [],
    "ListVersions": [],
    "CreateSdiSource": [],
    "ListSdiSources": [],
    "AcceptInputDeviceTransfer": ["medialive.inputdevice_id"],
    "BatchUpdateSchedule": ["medialive.channel_id"],
    "CancelInputDeviceTransfer": ["medialive.inputdevice_id"],
    "CreateMultiplex": ["medialive.request_id", "medialive.multiplex_name", "medialive.availability_zones", "medialive.multiplex_settings"],
    "CreateMultiplexProgram": ["medialive.request_id", "medialive.multiplex_id", "medialive.program_name", "medialive.multiplex_program_settings"],
    "CreatePartnerInput": ["medialive.input_id"],
    "CreateTags": ["medialive.resource_arn"],
    "DeleteChannel": ["medialive.channel_id"],
    "DeleteInput": ["medialive.input_id"],
    "DeleteInputSecurityGroup": ["medialive.inputsecuritygroup_id"],
    "DeleteMultiplex": ["medialive.multiplex_id"],
    "DeleteMultiplexProgram": ["medialive.multiplex_id", "medialive.program_name"],
    "DeleteReservation": ["medialive.reservation_id"],
    "DeleteSchedule": ["medialive.channel_id"],
    "DeleteTags": ["medialive.resource_arn", "medialive.tag_keys"],
    "DescribeChannel": ["medialive.channel_id"],
    "DescribeInput": ["medialive.input_id"],
    "DescribeInputDevice": ["medialive.inputdevice_id"],
    "DescribeInputDeviceThumbnail": ["medialive.accept", "medialive.inputdevice_id"],
    "DescribeInputSecurityGroup": ["medialive.inputsecuritygroup_id"],
    "DescribeMultiplex": ["medialive.multiplex_id"],
    "DescribeMultiplexProgram": ["medialive.multiplex_id", "medialive.program_name"],
    "DescribeOffering": ["medialive.offering_id"],
    "DescribeReservation": ["medialive.reservation_id"],
    "DescribeSchedule": ["medialive.channel_id"],
    "DescribeThumbnails": ["medialive.thumbnail_type", "medialive.channel_id", "medialive.pipeline_id"],
    "ListInputDeviceTransfers": ["medialive.transfer_type"],
    "ListMultiplexPrograms": ["medialive.multiplex_id"],
    "ListTagsForResource": ["medialive.resource_arn"],
    "PurchaseOffering": ["medialive.offering_id", "medialive.count"],
    "RebootInputDevice": ["medialive.inputdevice_id"],
    "RejectInputDeviceTransfer": ["medialive.inputdevice_id"],
    "StartChannel": ["medialive.channel_id"],
    "StartInputDevice": ["medialive.inputdevice_id"],
    "StartInputDeviceMaintenanceWindow": ["medialive.inputdevice_id"],
    "StartMultiplex": ["medialive.multiplex_id"],
    "StopChannel": ["medialive.channel_id"],
    "StopInputDevice": ["medialive.inputdevice_id"],
    "StopMultiplex": ["medialive.multiplex_id"],
    "TransferInputDevice": ["medialive.inputdevice_id"],
    "UpdateChannel": ["medialive.channel_id"],
    "UpdateChannelClass": ["medialive.channel_id", "medialive.channel_class"],
    "UpdateInput": ["medialive.input_id"],
    "UpdateInputDevice": ["medialive.inputdevice_id"],
    "UpdateInputSecurityGroup": ["medialive.inputsecuritygroup_id"],
    "UpdateMultiplex": ["medialive.multiplex_id"],
    "UpdateMultiplexProgram": ["medialive.multiplex_id", "medialive.program_name"],
    "UpdateReservation": ["medialive.reservation_id"],
    "RestartChannelPipelines": ["medialive.channel_id"],
    "CreateCloudWatchAlarmTemplate": ["medialive.target_resource_type", "medialive.comparison_operator", "medialive.threshold", "medialive.group_identifier", "medialive.treat_missing_data", "medialive.cloud_watch_alarm_template_name", "medialive.period", "medialive.evaluation_periods", "medialive.statistic", "medialive.metric_name"],
    "CreateCloudWatchAlarmTemplateGroup": ["medialive.cloud_watch_alarm_template_group_name"],
    "CreateEventBridgeRuleTemplate": ["medialive.event_type", "medialive.event_target_name", "medialive.group_identifier"],
    "CreateEventBridgeRuleTemplateGroup": ["medialive.event_bridge_rule_template_group_name"],
    "CreateSignalMap": ["medialive.discoveryentrypoint_arn", "medialive.cloud_watch_alarm_template_group_id_name"],
    "DeleteCloudWatchAlarmTemplate": ["medialive.identifier"],
    "DeleteCloudWatchAlarmTemplateGroup": ["medialive.identifier"],
    "DeleteEventBridgeRuleTemplate": ["medialive.identifier"],
    "DeleteEventBridgeRuleTemplateGroup": ["medialive.identifier"],
    "DeleteSignalMap": ["medialive.identifier"],
    "GetCloudWatchAlarmTemplate": ["medialive.identifier"],
    "GetCloudWatchAlarmTemplateGroup": ["medialive.identifier"],
    "GetEventBridgeRuleTemplate": ["medialive.identifier"],
    "GetEventBridgeRuleTemplateGroup": ["medialive.identifier"],
    "GetSignalMap": ["medialive.identifier"],
    "StartDeleteMonitorDeployment": ["medialive.identifier"],
    "StartMonitorDeployment": ["medialive.identifier"],
    "StartUpdateSignalMap": ["medialive.identifier"],
    "UpdateCloudWatchAlarmTemplate": ["medialive.identifier"],
    "UpdateCloudWatchAlarmTemplateGroup": ["medialive.identifier"],
    "UpdateEventBridgeRuleTemplate": ["medialive.identifier"],
    "UpdateEventBridgeRuleTemplateGroup": ["medialive.identifier"],
    "CreateChannelPlacementGroup": ["medialive.cluster_id"],
    "CreateNode": ["medialive.cluster_id"],
    "CreateNodeRegistrationScript": ["medialive.cluster_id"],
    "DeleteChannelPlacementGroup": ["medialive.cluster_id", "medialive.channelplacementgroup_id"],
    "DeleteCluster": ["medialive.cluster_id"],
    "DeleteNetwork": ["medialive.network_id"],
    "DeleteNode": ["medialive.cluster_id", "medialive.node_id"],
    "DescribeChannelPlacementGroup": ["medialive.cluster_id", "medialive.channelplacementgroup_id"],
    "DescribeCluster": ["medialive.cluster_id"],
    "DescribeNetwork": ["medialive.network_id"],
    "DescribeNode": ["medialive.cluster_id", "medialive.node_id"],
    "ListChannelPlacementGroups": ["medialive.cluster_id"],
    "ListNodes": ["medialive.cluster_id"],
    "UpdateChannelPlacementGroup": ["medialive.cluster_id", "medialive.channelplacementgroup_id"],
    "UpdateCluster": ["medialive.cluster_id"],
    "UpdateNetwork": ["medialive.network_id"],
    "UpdateNode": ["medialive.cluster_id", "medialive.node_id"],
    "UpdateNodeState": ["medialive.cluster_id", "medialive.node_id"],
    "DeleteSdiSource": ["medialive.sdisource_id"],
    "DescribeSdiSource": ["medialive.sdisource_id"],
    "UpdateSdiSource": ["medialive.sdisource_id"],
    "ListAlerts": ["medialive.channel_id"],
    "ListClusterAlerts": ["medialive.cluster_id"],
    "ListMultiplexAlerts": ["medialive.multiplex_id"]
  },
  "op_produces": {
    "BatchDelete": ["medialive.failed_code", "medialive.failed", "medialive.failed_message", "medialive.failed_id", "medialive.failed_arn", "medialive.successful"],
    "BatchStart": ["medialive.failed_code", "medialive.failed", "medialive.failed_message", "medialive.failed_id", "medialive.failed_arn", "medialive.successful"],
    "BatchStop": ["medialive.failed_code", "medialive.failed", "medialive.failed_message", "medialive.failed_id", "medialive.failed_arn", "medialive.successful"],
    "ClaimDevice": [],
    "CreateChannel": ["medialive.channel_name", "medialive.channel_tags", "medialive.channel_arn", "medialive.channel_maintenance", "medialive.channel_input_specification", "medialive.channel_class", "medialive.channel_destinations", "medialive.channel_cdi_input_specification", "medialive.channel_engine_version", "medialive.channel", "medialive.channel_anywhere_settings", "medialive.channel_encoder_settings", "medialive.channel_log_level", "medialive.channel_input_attachments", "medialive.channel_state", "medialive.channel_pipelines_running_count", "medialive.channel_pipeline_details", "medialive.channel_egress_endpoints", "medialive.channel_vpc", "medialive.role_arn", "medialive.channel_id"],
    "CreateInput": ["medialive.input_state", "medialive.input_sdi_sources", "medialive.input_partner_ids", "medialive.input_router_settings", "medialive.input_destinations", "medialive.input_srt_settings", "medialive.input_id", "medialive.input_sources", "medialive.input_media_connect_flows", "medialive.input", "medialive.input_smpte2110_receiver_group_settings", "medialive.input_type", "medialive.input_security_groups", "medialive.input_tags", "medialive.input_attached_channels", "medialive.input_multicast_settings", "medialive.input_devices", "medialive.input_class", "medialive.input_network_location", "medialive.input_arn", "medialive.input_name", "medialive.input_source_type", "medialive.role_arn"],
    "CreateInputSecurityGroup": ["medialive.security_group_tags", "medialive.security_group_whitelist_rules", "medialive.group_id", "medialive.security_group", "medialive.security_group_state", "medialive.security_group_inputs", "medialive.security_group_arn"],
    "DescribeAccountConfiguration": ["medialive.account_configuration", "medialive.account_configuration_kms_key_id"],
    "ListChannels": ["medialive.channel_name", "medialive.channel_tags", "medialive.channel_arn", "medialive.channel_maintenance", "medialive.channel_input_specification", "medialive.channel_class", "medialive.next_token", "medialive.channel_destinations", "medialive.channel_used_channel_engine_versions", "medialive.channel_cdi_input_specification", "medialive.channel_engine_version", "medialive.channel_anywhere_settings", "medialive.channel_log_level", "medialive.channel_input_attachments", "medialive.channel_state", "medialive.channel_pipelines_running_count", "medialive.channel_egress_endpoints", "medialive.channel_vpc", "medialive.role_arn", "medialive.channels", "medialive.channel_id"],
    "ListInputDevices": ["medialive.input_devic_output_type", "medialive.input_devic_medialive_input_arns", "medialive.input_devic_hd_device_settings", "medialive.input_devic_mac_address", "medialive.next_token", "medialive.input_devic_uhd_device_settings", "medialive.input_devic_device_update_status", "medialive.input_devic_arn", "medialive.input_devices", "medialive.input_devic_name", "medialive.input_devic_availability_zone", "medialive.input_devic_network_settings", "medialive.input_devic_serial_number", "medialive.input_devic_id", "medialive.input_devic_type", "medialive.input_devic_tags", "medialive.input_devic_connection_state", "medialive.input_devic_device_settings_sync_state"],
    "ListInputSecurityGroups": ["medialive.input_security_group_inputs", "medialive.input_security_group_arn", "medialive.next_token", "medialive.input_security_group_state", "medialive.input_security_group_tags", "medialive.input_security_group_whitelist_rules", "medialive.group_id", "medialive.input_security_groups"],
    "ListInputs": ["medialive.input_state", "medialive.input_sdi_sources", "medialive.input_partner_ids", "medialive.input_router_settings", "medialive.input_destinations", "medialive.input_srt_settings", "medialive.input_id", "medialive.input_sources", "medialive.input_media_connect_flows", "medialive.next_token", "medialive.input_smpte2110_receiver_group_settings", "medialive.input_type", "medialive.inputs", "medialive.input_security_groups", "medialive.input_tags", "medialive.input_attached_channels", "medialive.input_multicast_settings", "medialive.input_devices", "medialive.input_class", "medialive.input_network_location", "medialive.input_arn", "medialive.input_name", "medialive.input_source_type", "medialive.role_arn"],
    "ListMultiplexes": ["medialive.multiplex_id", "medialive.next_token", "medialive.multiplex_settings", "medialive.multiplex_state", "medialive.multiplex_name", "medialive.multiplex_tags", "medialive.multiplexes", "medialive.multiplex_pipelines_running_count", "medialive.multiplex_arn", "medialive.multiplex_availability_zones", "medialive.multiplex_program_count"],
    "ListOfferings": ["medialive.offering_fixed_price", "medialive.next_token", "medialive.offering_id", "medialive.offering_usage_price", "medialive.offerings", "medialive.offering_arn", "medialive.offering_duration", "medialive.offering_resource_specification", "medialive.offering_duration_units", "medialive.offering_description", "medialive.offering_region", "medialive.offering_currency_code", "medialive.offering_type"],
    "ListReservations": ["medialive.reservation_renewal_settings", "medialive.reservation_offering_type", "medialive.reservation_count", "medialive.reservation_duration", "medialive.reservation_state", "medialive.offering_id", "medialive.reservation_region", "medialive.reservation_start", "medialive.next_token", "medialive.reservation_usage_price", "medialive.reservation_offering_description", "medialive.reservation_end", "medialive.reservations", "medialive.reservation_id", "medialive.reservation_resource_specification", "medialive.reservation_duration_units", "medialive.reservation_fixed_price", "medialive.reservation_currency_code", "medialive.reservation_arn", "medialive.reservation_name", "medialive.reservation_tags"],
    "UpdateAccountConfiguration": ["medialive.account_configuration", "medialive.account_configuration_kms_key_id"],
    "ListCloudWatchAlarmTemplateGroups": ["medialive.cloud_watch_alarm_template_group_description", "medialive.cloud_watch_alarm_template_groups", "medialive.next_token", "medialive.cloud_watch_alarm_template_group_name", "medialive.cloud_watch_alarm_template_group_modified_at", "medialive.cloud_watch_alarm_template_group_created_at", "medialive.cloud_watch_alarm_template_group_template_count", "medialive.group_id", "medialive.cloud_watch_alarm_template_group_tags", "medialive.cloud_watch_alarm_template_group_arn"],
    "ListCloudWatchAlarmTemplates": ["medialive.cloud_watch_alarm_templat_datapoints_to_alarm", "medialive.cloud_watch_alarm_templat_threshold", "medialive.cloud_watch_alarm_templat_id", "medialive.metric_name", "medialive.cloud_watch_alarm_templat_target_resource_type", "medialive.next_token", "medialive.cloud_watch_alarm_templat_evaluation_periods", "medialive.cloud_watch_alarm_templat_period", "medialive.cloud_watch_alarm_templat_arn", "medialive.cloud_watch_alarm_templat_modified_at", "medialive.cloud_watch_alarm_templat_statistic", "medialive.cloud_watch_alarm_templat_comparison_operator", "medialive.cloud_watch_alarm_templat_tags", "medialive.cloud_watch_alarm_templates", "medialive.cloud_watch_alarm_templat_treat_missing_data", "medialive.cloud_watch_alarm_templat_created_at", "medialive.cloud_watch_alarm_templat_description", "medialive.group_id", "medialive.cloud_watch_alarm_templat_name"],
    "ListEventBridgeRuleTemplateGroups": ["medialive.event_bridge_rule_template_group_modified_at", "medialive.event_bridge_rule_template_groups", "medialive.event_bridge_rule_template_group_tags", "medialive.next_token", "medialive.event_bridge_rule_template_group_description", "medialive.event_bridge_rule_template_group_created_at", "medialive.event_bridge_rule_template_group_arn", "medialive.event_bridge_rule_template_group_name", "medialive.group_id", "medialive.event_bridge_rule_template_group_template_count"],
    "ListEventBridgeRuleTemplates": ["medialive.next_token", "medialive.event_bridge_rule_templat_modified_at", "medialive.event_bridge_rule_templat_event_target_count", "medialive.event_bridge_rule_templat_tags", "medialive.event_bridge_rule_templat_created_at", "medialive.event_bridge_rule_templat_name", "medialive.event_bridge_rule_templat_description", "medialive.group_id", "medialive.event_bridge_rule_templat_arn", "medialive.event_bridge_rule_templates", "medialive.event_bridge_rule_templat_event_type", "medialive.event_bridge_rule_templat_id"],
    "ListSignalMaps": ["medialive.signal_map_modified_at", "medialive.signal_map_description", "medialive.signal_map_id", "medialive.signal_map_tags", "medialive.signal_map_created_at", "medialive.signal_map_arn", "medialive.next_token", "medialive.signal_maps", "medialive.signal_map_status", "medialive.signal_map_monitor_deployment_status", "medialive.signal_map_name"],
    "CreateCluster": ["medialive.state", "medialive.cluster_id", "medialive.network_settings", "medialive.role_arn", "medialive.channel_ids", "medialive.cluster_type", "medialive.cluster_name", "medialive.cluster_arn"],
    "CreateNetwork": ["medialive.network_arn", "medialive.state", "medialive.network_id", "medialive.associated_cluster_ids", "medialive.routes", "medialive.network_name", "medialive.ip_pools"],
    "ListClusters": ["medialive.next_token", "medialive.cluster_id", "medialive.cluster_network_settings", "medialive.clusters", "medialive.role_arn", "medialive.cluster_type", "medialive.cluster_name", "medialive.cluster_channel_ids", "medialive.cluster_state", "medialive.cluster_arn"],
    "ListNetworks": ["medialive.network_state", "medialive.network_arn", "medialive.networks", "medialive.next_token", "medialive.network_id", "medialive.network_ip_pools", "medialive.network_name", "medialive.network_associated_cluster_ids", "medialive.network_routes"],
    "ListVersions": ["medialive.version_expiration_date", "medialive.version_version", "medialive.versions"],
    "CreateSdiSource": ["medialive.sdi_source_name", "medialive.sdi_source_type", "medialive.sdi_source_id", "medialive.sdi_source_state", "medialive.sdi_source_arn", "medialive.sdi_source_inputs", "medialive.sdi_source_mode", "medialive.sdi_source"],
    "ListSdiSources": ["medialive.sdi_sourc_arn", "medialive.sdi_sourc_inputs", "medialive.sdi_sourc_type", "medialive.next_token", "medialive.sdi_sourc_state", "medialive.sdi_sourc_name", "medialive.sdi_sources", "medialive.sdi_sourc_mode", "medialive.sdi_sourc_id"],
    "AcceptInputDeviceTransfer": [],
    "BatchUpdateSchedule": ["medialive.creat_schedule_actions", "medialive.creates", "medialive.deletes"],
    "CancelInputDeviceTransfer": [],
    "CreateMultiplex": ["medialive.multiplex_id", "medialive.multiplex_settings", "medialive.multiplex_state", "medialive.multiplex_name", "medialive.multiplex_tags", "medialive.multiplex_pipelines_running_count", "medialive.multiplex_arn", "medialive.multiplex_availability_zones", "medialive.multiplex_destinations", "medialive.multiplex", "medialive.multiplex_program_count"],
    "CreateMultiplexProgram": ["medialive.program_name", "medialive.multiplex_program_settings", "medialive.multiplex_program", "medialive.multiplex_program_packet_identifiers_map", "medialive.channel_id", "medialive.multiplex_program_pipeline_details"],
    "CreatePartnerInput": ["medialive.input_state", "medialive.input_sdi_sources", "medialive.input_partner_ids", "medialive.input_router_settings", "medialive.input_destinations", "medialive.input_srt_settings", "medialive.input_id", "medialive.input_sources", "medialive.input_media_connect_flows", "medialive.input", "medialive.input_smpte2110_receiver_group_settings", "medialive.input_type", "medialive.input_security_groups", "medialive.input_tags", "medialive.input_attached_channels", "medialive.input_multicast_settings", "medialive.input_devices", "medialive.input_class", "medialive.input_network_location", "medialive.input_arn", "medialive.input_name", "medialive.input_source_type", "medialive.role_arn"],
    "CreateTags": [],
    "DeleteChannel": ["medialive.destination_media_package_settings", "medialive.channel_name", "medialive.channel_arn", "medialive.destination_srt_settings", "medialive.egress_endpoints", "medialive.anywhere_settings", "medialive.encoder_settings", "medialive.maintenance", "medialive.channel_class", "medialive.state", "medialive.destination_settings", "medialive.cdi_input_specification", "medialive.tags", "medialive.channel_engine_version", "medialive.destination_id", "medialive.input_specification", "medialive.input_attachments", "medialive.destinations", "medialive.destination_multiplex_settings", "medialive.pipelines_running_count", "medialive.pipeline_details", "medialive.destination_logical_interface_names", "medialive.log_level", "medialive.vpc", "medialive.role_arn", "medialive.channel_id"],
    "DeleteInput": [],
    "DeleteInputSecurityGroup": [],
    "DeleteMultiplex": ["medialive.multiplex_id", "medialive.state", "medialive.multiplex_settings", "medialive.program_count", "medialive.availability_zones", "medialive.multiplex_name", "medialive.tags", "medialive.destinations", "medialive.multiplex_arn", "medialive.pipelines_running_count"],
    "DeleteMultiplexProgram": ["medialive.pipeline_active_channel_pipeline", "medialive.program_name", "medialive.multiplex_program_settings", "medialive.pipeline_details", "medialive.pipeline_id", "medialive.packet_identifiers_map", "medialive.channel_id"],
    "DeleteReservation": ["medialive.duration", "medialive.renewal_setting_automatic_renewal", "medialive.region", "medialive.resource_specification", "medialive.currency_code", "medialive.offering_id", "medialive.state", "medialive.tags", "medialive.fixed_price", "medialive.renewal_setting_renewal_count", "medialive.start", "medialive.duration_units", "medialive.usage_price", "medialive.reservation_id", "medialive.reservation_name", "medialive.renewal_settings", "medialive.end", "medialive.count", "medialive.reservation_arn", "medialive.offering_description", "medialive.offering_type"],
    "DeleteSchedule": [],
    "DeleteTags": [],
    "DescribeChannel": ["medialive.destination_media_package_settings", "medialive.channel_name", "medialive.channel_arn", "medialive.destination_srt_settings", "medialive.egress_endpoints", "medialive.anywhere_settings", "medialive.encoder_settings", "medialive.maintenance", "medialive.channel_class", "medialive.state", "medialive.destination_settings", "medialive.cdi_input_specification", "medialive.tags", "medialive.channel_engine_version", "medialive.destination_id", "medialive.input_specification", "medialive.input_attachments", "medialive.destinations", "medialive.destination_multiplex_settings", "medialive.pipelines_running_count", "medialive.pipeline_details", "medialive.destination_logical_interface_names", "medialive.log_level", "medialive.vpc", "medialive.role_arn", "medialive.channel_id"],
    "DescribeInput": ["medialive.input_partner_ids", "medialive.security_groups", "medialive.smpte2110_receiver_group_settings", "medialive.multicast_settings", "medialive.input_id", "medialive.attached_channels", "medialive.sdi_sources", "medialive.state", "medialive.sources", "medialive.tags", "medialive.router_settings", "medialive.type", "medialive.media_connect_flows", "medialive.srt_settings", "medialive.destinations", "medialive.input_devices", "medialive.input_class", "medialive.input_network_location", "medialive.input_arn", "medialive.input_name", "medialive.input_source_type", "medialive.role_arn"],
    "DescribeInputDevice": ["medialive.input_device_arn", "medialive.availability_zone", "medialive.device_update_status", "medialive.input_device_name", "medialive.output_type", "medialive.hd_device_settings", "medialive.device_settings_sync_state", "medialive.network_settings", "medialive.mac_address", "medialive.medialive_input_arns", "medialive.input_device_id", "medialive.uhd_device_settings", "medialive.tags", "medialive.connection_state", "medialive.type", "medialive.serial_number"],
    "DescribeInputDeviceThumbnail": ["medialive.content_type", "medialive.last_modified", "medialive.content_length", "medialive.e_tag", "medialive.body"],
    "DescribeInputSecurityGroup": ["medialive.whitelist_rules", "medialive.state", "medialive.input_security_group_arn", "medialive.whitelist_rul_cidr", "medialive.tags", "medialive.group_id", "medialive.inputs"],
    "DescribeMultiplex": ["medialive.multiplex_id", "medialive.state", "medialive.multiplex_settings", "medialive.program_count", "medialive.availability_zones", "medialive.multiplex_name", "medialive.tags", "medialive.destinations", "medialive.multiplex_arn", "medialive.pipelines_running_count"],
    "DescribeMultiplexProgram": ["medialive.pipeline_active_channel_pipeline", "medialive.program_name", "medialive.multiplex_program_settings", "medialive.pipeline_details", "medialive.pipeline_id", "medialive.packet_identifiers_map", "medialive.channel_id"],
    "DescribeOffering": ["medialive.duration", "medialive.resource_specification_special_feature", "medialive.region", "medialive.resource_specification", "medialive.currency_code", "medialive.resource_specification_resolution", "medialive.offering_id", "medialive.resource_specification_codec", "medialive.offering_arn", "medialive.fixed_price", "medialive.duration_units", "medialive.resource_specification_resource_type", "medialive.usage_price", "medialive.resource_specification_video_quality", "medialive.resource_specification_channel_class", "medialive.resource_specification_maximum_bitrate", "medialive.resource_specification_maximum_framerate", "medialive.offering_description", "medialive.offering_type"],
    "DescribeReservation": ["medialive.duration", "medialive.renewal_setting_automatic_renewal", "medialive.region", "medialive.resource_specification", "medialive.currency_code", "medialive.offering_id", "medialive.state", "medialive.tags", "medialive.fixed_price", "medialive.renewal_setting_renewal_count", "medialive.start", "medialive.duration_units", "medialive.usage_price", "medialive.reservation_id", "medialive.reservation_name", "medialive.renewal_settings", "medialive.end", "medialive.count", "medialive.reservation_arn", "medialive.offering_description", "medialive.offering_type"],
    "DescribeSchedule": ["medialive.schedule_action_settings", "medialive.schedule_action_action_name", "medialive.next_token", "medialive.schedule_action_start_settings", "medialive.schedule_actions"],
    "DescribeThumbnails": ["medialive.thumbnail_details", "medialive.thumbnail_thumbnails", "medialive.pipeline_id"],
    "ListInputDeviceTransfers": ["medialive.input_device_transfers", "medialive.next_token", "medialive.input_device_transfer_message", "medialive.input_device_transfer_transfer_type", "medialive.input_device_transfer_id", "medialive.input_device_transfer_target_customer_id"],
    "ListMultiplexPrograms": ["medialive.multiplex_programs", "medialive.program_name", "medialive.channel_id", "medialive.next_token"],
    "ListTagsForResource": ["medialive.tags"],
    "PurchaseOffering": ["medialive.reservation_renewal_settings", "medialive.reservation_offering_type", "medialive.reservation_count", "medialive.reservation_duration", "medialive.reservation_state", "medialive.offering_id", "medialive.reservation_region", "medialive.reservation_start", "medialive.reservation_usage_price", "medialive.reservation_offering_description", "medialive.reservation_end", "medialive.reservation_id", "medialive.reservation_resource_specification", "medialive.reservation_duration_units", "medialive.reservation_fixed_price", "medialive.reservation_currency_code", "medialive.reservation", "medialive.reservation_arn", "medialive.reservation_name", "medialive.reservation_tags"],
    "RebootInputDevice": [],
    "RejectInputDeviceTransfer": [],
    "StartChannel": ["medialive.destination_media_package_settings", "medialive.channel_name", "medialive.channel_arn", "medialive.destination_srt_settings", "medialive.egress_endpoints", "medialive.anywhere_settings", "medialive.encoder_settings", "medialive.maintenance", "medialive.channel_class", "medialive.state", "medialive.destination_settings", "medialive.cdi_input_specification", "medialive.tags", "medialive.channel_engine_version", "medialive.destination_id", "medialive.input_specification", "medialive.input_attachments", "medialive.destinations", "medialive.destination_multiplex_settings", "medialive.pipelines_running_count", "medialive.pipeline_details", "medialive.destination_logical_interface_names", "medialive.log_level", "medialive.vpc", "medialive.role_arn", "medialive.channel_id"],
    "StartInputDevice": [],
    "StartInputDeviceMaintenanceWindow": [],
    "StartMultiplex": ["medialive.multiplex_id", "medialive.state", "medialive.multiplex_settings", "medialive.program_count", "medialive.availability_zones", "medialive.multiplex_name", "medialive.tags", "medialive.destinations", "medialive.multiplex_arn", "medialive.pipelines_running_count"],
    "StopChannel": ["medialive.destination_media_package_settings", "medialive.channel_name", "medialive.channel_arn", "medialive.destination_srt_settings", "medialive.egress_endpoints", "medialive.anywhere_settings", "medialive.encoder_settings", "medialive.maintenance", "medialive.channel_class", "medialive.state", "medialive.destination_settings", "medialive.cdi_input_specification", "medialive.tags", "medialive.channel_engine_version", "medialive.destination_id", "medialive.input_specification", "medialive.input_attachments", "medialive.destinations", "medialive.destination_multiplex_settings", "medialive.pipelines_running_count", "medialive.pipeline_details", "medialive.destination_logical_interface_names", "medialive.log_level", "medialive.vpc", "medialive.role_arn", "medialive.channel_id"],
    "StopInputDevice": [],
    "StopMultiplex": ["medialive.multiplex_id", "medialive.state", "medialive.multiplex_settings", "medialive.program_count", "medialive.availability_zones", "medialive.multiplex_name", "medialive.tags", "medialive.destinations", "medialive.multiplex_arn", "medialive.pipelines_running_count"],
    "TransferInputDevice": [],
    "UpdateChannel": ["medialive.channel_name", "medialive.channel_tags", "medialive.channel_arn", "medialive.channel_maintenance", "medialive.channel_input_specification", "medialive.channel_class", "medialive.channel_destinations", "medialive.channel_cdi_input_specification", "medialive.channel_engine_version", "medialive.channel", "medialive.channel_anywhere_settings", "medialive.channel_encoder_settings", "medialive.channel_log_level", "medialive.channel_input_attachments", "medialive.channel_state", "medialive.channel_pipelines_running_count", "medialive.channel_pipeline_details", "medialive.channel_egress_endpoints", "medialive.channel_vpc", "medialive.role_arn", "medialive.channel_id"],
    "UpdateChannelClass": ["medialive.channel_name", "medialive.channel_tags", "medialive.channel_arn", "medialive.channel_maintenance", "medialive.channel_input_specification", "medialive.channel_class", "medialive.channel_destinations", "medialive.channel_cdi_input_specification", "medialive.channel_engine_version", "medialive.channel", "medialive.channel_anywhere_settings", "medialive.channel_encoder_settings", "medialive.channel_log_level", "medialive.channel_input_attachments", "medialive.channel_state", "medialive.channel_pipelines_running_count", "medialive.channel_pipeline_details", "medialive.channel_egress_endpoints", "medialive.channel_vpc", "medialive.role_arn", "medialive.channel_id"],
    "UpdateInput": ["medialive.input_state", "medialive.input_sdi_sources", "medialive.input_partner_ids", "medialive.input_router_settings", "medialive.input_destinations", "medialive.input_srt_settings", "medialive.input_id", "medialive.input_sources", "medialive.input_media_connect_flows", "medialive.input", "medialive.input_smpte2110_receiver_group_settings", "medialive.input_type", "medialive.input_security_groups", "medialive.input_tags", "medialive.input_attached_channels", "medialive.input_multicast_settings", "medialive.input_devices", "medialive.input_class", "medialive.input_network_location", "medialive.input_arn", "medialive.input_name", "medialive.input_source_type", "medialive.role_arn"],
    "UpdateInputDevice": ["medialive.input_device_arn", "medialive.availability_zone", "medialive.device_update_status", "medialive.input_device_name", "medialive.output_type", "medialive.hd_device_settings", "medialive.device_settings_sync_state", "medialive.network_settings", "medialive.mac_address", "medialive.medialive_input_arns", "medialive.input_device_id", "medialive.uhd_device_settings", "medialive.tags", "medialive.connection_state", "medialive.type", "medialive.serial_number"],
    "UpdateInputSecurityGroup": ["medialive.security_group_tags", "medialive.security_group_whitelist_rules", "medialive.group_id", "medialive.security_group", "medialive.security_group_state", "medialive.security_group_inputs", "medialive.security_group_arn"],
    "UpdateMultiplex": ["medialive.multiplex_id", "medialive.multiplex_settings", "medialive.multiplex_state", "medialive.multiplex_name", "medialive.multiplex_tags", "medialive.multiplex_pipelines_running_count", "medialive.multiplex_arn", "medialive.multiplex_availability_zones", "medialive.multiplex_destinations", "medialive.multiplex", "medialive.multiplex_program_count"],
    "UpdateMultiplexProgram": ["medialive.program_name", "medialive.multiplex_program_settings", "medialive.multiplex_program", "medialive.multiplex_program_packet_identifiers_map", "medialive.channel_id", "medialive.multiplex_program_pipeline_details"],
    "UpdateReservation": ["medialive.reservation_renewal_settings", "medialive.reservation_offering_type", "medialive.reservation_count", "medialive.reservation_duration", "medialive.reservation_state", "medialive.offering_id", "medialive.reservation_region", "medialive.reservation_start", "medialive.reservation_usage_price", "medialive.reservation_offering_description", "medialive.reservation_end", "medialive.reservation_id", "medialive.reservation_resource_specification", "medialive.reservation_duration_units", "medialive.reservation_fixed_price", "medialive.reservation_currency_code", "medialive.reservation", "medialive.reservation_arn", "medialive.reservation_name", "medialive.reservation_tags"],
    "RestartChannelPipelines": ["medialive.destination_media_package_settings", "medialive.destination_srt_settings", "medialive.egress_endpoints", "medialive.anywhere_settings", "medialive.encoder_settings", "medialive.maintenance", "medialive.channel_class", "medialive.state", "medialive.destination_settings", "medialive.cdi_input_specification", "medialive.maintenance_status", "medialive.restart_channel_pipelin_id", "medialive.tags", "medialive.channel_engine_version", "medialive.destination_id", "medialive.input_specification", "medialive.restart_channel_pipelin_arn", "medialive.input_attachments", "medialive.destinations", "medialive.destination_multiplex_settings", "medialive.pipelines_running_count", "medialive.pipeline_details", "medialive.destination_logical_interface_names", "medialive.restart_channel_pipelin_name", "medialive.log_level", "medialive.vpc", "medialive.role_arn"],
    "CreateCloudWatchAlarmTemplate": ["medialive.target_resource_type", "medialive.comparison_operator", "medialive.threshold", "medialive.treat_missing_data", "medialive.created_at", "medialive.metric_name", "medialive.cloud_watch_alarm_template_arn", "medialive.tags", "medialive.modified_at", "medialive.cloud_watch_alarm_template_name", "medialive.period", "medialive.evaluation_periods", "medialive.group_id", "medialive.statistic", "medialive.description", "medialive.datapoints_to_alarm", "medialive.cloud_watch_alarm_template_id"],
    "CreateCloudWatchAlarmTemplateGroup": ["medialive.cloud_watch_alarm_template_group_name", "medialive.created_at", "medialive.tags", "medialive.modified_at", "medialive.group_id", "medialive.description", "medialive.cloud_watch_alarm_template_group_arn"],
    "CreateEventBridgeRuleTemplate": ["medialive.created_at", "medialive.event_bridge_rule_template_name", "medialive.tags", "medialive.modified_at", "medialive.event_targets", "medialive.event_bridge_rule_template_arn", "medialive.group_id", "medialive.event_bridge_rule_template_id", "medialive.event_target_arn", "medialive.event_type", "medialive.description"],
    "CreateEventBridgeRuleTemplateGroup": ["medialive.created_at", "medialive.tags", "medialive.event_bridge_rule_template_group_arn", "medialive.modified_at", "medialive.event_bridge_rule_template_group_name", "medialive.group_id", "medialive.description"],
    "CreateSignalMap": ["medialive.event_bridge_rule_template_group_ids", "medialive.signal_map_id", "medialive.last_discovered_at", "medialive.signal_map_arn", "medialive.failed_media_resource_map", "medialive.cloud_watch_alarm_template_group_ids", "medialive.signal_map_status", "medialive.monitor_deployment", "medialive.created_at", "medialive.media_resource_map", "medialive.last_successful_monitor_deployment", "medialive.tags", "medialive.modified_at", "medialive.error_message", "medialive.discovery_entry_point_arn", "medialive.description", "medialive.monitor_changes_pending_deployment", "medialive.signal_map_name"],
    "DeleteCloudWatchAlarmTemplate": [],
    "DeleteCloudWatchAlarmTemplateGroup": [],
    "DeleteEventBridgeRuleTemplate": [],
    "DeleteEventBridgeRuleTemplateGroup": [],
    "DeleteSignalMap": [],
    "GetCloudWatchAlarmTemplate": ["medialive.target_resource_type", "medialive.comparison_operator", "medialive.threshold", "medialive.treat_missing_data", "medialive.created_at", "medialive.metric_name", "medialive.cloud_watch_alarm_template_arn", "medialive.tags", "medialive.modified_at", "medialive.cloud_watch_alarm_template_name", "medialive.period", "medialive.evaluation_periods", "medialive.group_id", "medialive.statistic", "medialive.description", "medialive.datapoints_to_alarm", "medialive.cloud_watch_alarm_template_id"],
    "GetCloudWatchAlarmTemplateGroup": ["medialive.cloud_watch_alarm_template_group_name", "medialive.created_at", "medialive.tags", "medialive.modified_at", "medialive.group_id", "medialive.description", "medialive.cloud_watch_alarm_template_group_arn"],
    "GetEventBridgeRuleTemplate": ["medialive.created_at", "medialive.event_bridge_rule_template_name", "medialive.tags", "medialive.modified_at", "medialive.event_targets", "medialive.event_bridge_rule_template_arn", "medialive.group_id", "medialive.event_bridge_rule_template_id", "medialive.event_target_arn", "medialive.event_type", "medialive.description"],
    "GetEventBridgeRuleTemplateGroup": ["medialive.created_at", "medialive.tags", "medialive.event_bridge_rule_template_group_arn", "medialive.modified_at", "medialive.event_bridge_rule_template_group_name", "medialive.group_id", "medialive.description"],
    "GetSignalMap": ["medialive.event_bridge_rule_template_group_ids", "medialive.signal_map_id", "medialive.last_discovered_at", "medialive.signal_map_arn", "medialive.failed_media_resource_map", "medialive.cloud_watch_alarm_template_group_ids", "medialive.signal_map_status", "medialive.monitor_deployment", "medialive.created_at", "medialive.media_resource_map", "medialive.last_successful_monitor_deployment", "medialive.tags", "medialive.modified_at", "medialive.error_message", "medialive.discovery_entry_point_arn", "medialive.description", "medialive.monitor_changes_pending_deployment", "medialive.signal_map_name"],
    "StartDeleteMonitorDeployment": ["medialive.event_bridge_rule_template_group_ids", "medialive.last_discovered_at", "medialive.delete_monitor_deployment_status", "medialive.failed_media_resource_map", "medialive.cloud_watch_alarm_template_group_ids", "medialive.monitor_deployment", "medialive.created_at", "medialive.media_resource_map", "medialive.last_successful_monitor_deployment", "medialive.delete_monitor_deployment_name", "medialive.modified_at", "medialive.delete_monitor_deployment_arn", "medialive.error_message", "medialive.monitor_changes_pending_deployment", "medialive.tags", "medialive.discovery_entry_point_arn", "medialive.description", "medialive.delete_monitor_deployment_id"],
    "StartMonitorDeployment": ["medialive.monitor_deployment_status", "medialive.event_bridge_rule_template_group_ids", "medialive.last_discovered_at", "medialive.monitor_deployment_name", "medialive.failed_media_resource_map", "medialive.cloud_watch_alarm_template_group_ids", "medialive.monitor_deployment_id", "medialive.monitor_deployment", "medialive.created_at", "medialive.media_resource_map", "medialive.last_successful_monitor_deployment", "medialive.tags", "medialive.modified_at", "medialive.error_message", "medialive.monitor_deployment_arn", "medialive.discovery_entry_point_arn", "medialive.description", "medialive.monitor_changes_pending_deployment"],
    "StartUpdateSignalMap": ["medialive.event_bridge_rule_template_group_ids", "medialive.signal_map_id", "medialive.last_discovered_at", "medialive.update_signal_map_status", "medialive.signal_map_arn", "medialive.failed_media_resource_map", "medialive.cloud_watch_alarm_template_group_ids", "medialive.monitor_deployment", "medialive.created_at", "medialive.media_resource_map", "medialive.last_successful_monitor_deployment", "medialive.tags", "medialive.modified_at", "medialive.error_message", "medialive.discovery_entry_point_arn", "medialive.description", "medialive.monitor_changes_pending_deployment", "medialive.signal_map_name"],
    "UpdateCloudWatchAlarmTemplate": ["medialive.target_resource_type", "medialive.comparison_operator", "medialive.threshold", "medialive.treat_missing_data", "medialive.created_at", "medialive.metric_name", "medialive.cloud_watch_alarm_template_arn", "medialive.tags", "medialive.modified_at", "medialive.cloud_watch_alarm_template_name", "medialive.period", "medialive.evaluation_periods", "medialive.group_id", "medialive.statistic", "medialive.description", "medialive.datapoints_to_alarm", "medialive.cloud_watch_alarm_template_id"],
    "UpdateCloudWatchAlarmTemplateGroup": ["medialive.cloud_watch_alarm_template_group_name", "medialive.created_at", "medialive.tags", "medialive.modified_at", "medialive.group_id", "medialive.description", "medialive.cloud_watch_alarm_template_group_arn"],
    "UpdateEventBridgeRuleTemplate": ["medialive.created_at", "medialive.event_bridge_rule_template_name", "medialive.tags", "medialive.modified_at", "medialive.event_targets", "medialive.event_bridge_rule_template_arn", "medialive.group_id", "medialive.event_bridge_rule_template_id", "medialive.event_target_arn", "medialive.event_type", "medialive.description"],
    "UpdateEventBridgeRuleTemplateGroup": ["medialive.created_at", "medialive.tags", "medialive.event_bridge_rule_template_group_arn", "medialive.modified_at", "medialive.event_bridge_rule_template_group_name", "medialive.group_id", "medialive.description"],
    "CreateChannelPlacementGroup": ["medialive.channel_placement_group_arn", "medialive.state", "medialive.cluster_id", "medialive.channel_placement_group_name", "medialive.group_id", "medialive.nodes", "medialive.channels"],
    "CreateNode": ["medialive.node_name", "medialive.state", "medialive.channel_placement_groups", "medialive.cluster_id", "medialive.role", "medialive.node_arn", "medialive.sdi_source_mappings", "medialive.connection_state", "medialive.node_id", "medialive.instance_arn", "medialive.node_interface_mappings"],
    "CreateNodeRegistrationScript": ["medialive.node_registration_script"],
    "DeleteChannelPlacementGroup": ["medialive.channel_placement_group_arn", "medialive.state", "medialive.cluster_id", "medialive.channel_placement_group_name", "medialive.group_id", "medialive.nodes", "medialive.channels"],
    "DeleteCluster": ["medialive.state", "medialive.cluster_id", "medialive.network_settings", "medialive.role_arn", "medialive.channel_ids", "medialive.cluster_type", "medialive.cluster_name", "medialive.cluster_arn"],
    "DeleteNetwork": ["medialive.network_arn", "medialive.state", "medialive.network_id", "medialive.associated_cluster_ids", "medialive.routes", "medialive.network_name", "medialive.ip_pools"],
    "DeleteNode": ["medialive.node_name", "medialive.state", "medialive.channel_placement_groups", "medialive.cluster_id", "medialive.role", "medialive.node_arn", "medialive.sdi_source_mappings", "medialive.connection_state", "medialive.node_id", "medialive.instance_arn", "medialive.node_interface_mappings"],
    "DescribeChannelPlacementGroup": ["medialive.channel_placement_group_arn", "medialive.state", "medialive.cluster_id", "medialive.channel_placement_group_name", "medialive.group_id", "medialive.nodes", "medialive.channels"],
    "DescribeCluster": ["medialive.state", "medialive.cluster_id", "medialive.network_settings", "medialive.role_arn", "medialive.channel_ids", "medialive.cluster_type", "medialive.cluster_name", "medialive.cluster_arn"],
    "DescribeNetwork": ["medialive.network_arn", "medialive.state", "medialive.network_id", "medialive.associated_cluster_ids", "medialive.routes", "medialive.network_name", "medialive.ip_pools"],
    "DescribeNode": ["medialive.node_name", "medialive.state", "medialive.channel_placement_groups", "medialive.cluster_id", "medialive.role", "medialive.node_arn", "medialive.sdi_source_mappings", "medialive.connection_state", "medialive.node_id", "medialive.instance_arn", "medialive.node_interface_mappings"],
    "ListChannelPlacementGroups": ["medialive.channel_placement_group_arn", "medialive.channel_placement_group_state", "medialive.next_token", "medialive.channel_placement_groups", "medialive.cluster_id", "medialive.channel_placement_group_name", "medialive.group_id", "medialive.channel_placement_group_nodes", "medialive.channel_placement_group_channels"],
    "ListNodes": ["medialive.nod_id", "medialive.nod_name", "medialive.nod_role", "medialive.nod_connection_state", "medialive.next_token", "medialive.cluster_id", "medialive.nod_sdi_source_mappings", "medialive.nod_arn", "medialive.nod_node_interface_mappings", "medialive.nodes", "medialive.nod_state", "medialive.instance_arn", "medialive.nod_managed_instance_id", "medialive.nod_channel_placement_groups"],
    "UpdateChannelPlacementGroup": ["medialive.channel_placement_group_arn", "medialive.state", "medialive.cluster_id", "medialive.channel_placement_group_name", "medialive.group_id", "medialive.nodes", "medialive.channels"],
    "UpdateCluster": ["medialive.state", "medialive.cluster_id", "medialive.network_settings", "medialive.channel_ids", "medialive.cluster_type", "medialive.cluster_name", "medialive.cluster_arn"],
    "UpdateNetwork": ["medialive.network_arn", "medialive.state", "medialive.network_id", "medialive.associated_cluster_ids", "medialive.routes", "medialive.network_name", "medialive.ip_pools"],
    "UpdateNode": ["medialive.node_name", "medialive.state", "medialive.channel_placement_groups", "medialive.cluster_id", "medialive.role", "medialive.node_arn", "medialive.sdi_source_mappings", "medialive.connection_state", "medialive.node_id", "medialive.instance_arn", "medialive.node_interface_mappings"],
    "UpdateNodeState": ["medialive.node_state_id", "medialive.state", "medialive.channel_placement_groups", "medialive.cluster_id", "medialive.node_state_name", "medialive.role", "medialive.node_state_arn", "medialive.sdi_source_mappings", "medialive.connection_state", "medialive.instance_arn", "medialive.node_interface_mappings"],
    "DeleteSdiSource": ["medialive.sdi_source_name", "medialive.sdi_source_type", "medialive.sdi_source_id", "medialive.sdi_source_state", "medialive.sdi_source_arn", "medialive.sdi_source_inputs", "medialive.sdi_source_mode", "medialive.sdi_source"],
    "DescribeSdiSource": ["medialive.sdi_source_name", "medialive.sdi_source_type", "medialive.sdi_source_id", "medialive.sdi_source_state", "medialive.sdi_source_arn", "medialive.sdi_source_inputs", "medialive.sdi_source_mode", "medialive.sdi_source"],
    "UpdateSdiSource": ["medialive.sdi_source_name", "medialive.sdi_source_type", "medialive.sdi_source_id", "medialive.sdi_source_state", "medialive.sdi_source_arn", "medialive.sdi_source_inputs", "medialive.sdi_source_mode", "medialive.sdi_source"],
    "ListAlerts": ["medialive.alerts", "medialive.alert_cleared_timestamp", "medialive.alert_set_timestamp", "medialive.next_token", "medialive.pipeline_id", "medialive.alert_id", "medialive.alert_type", "medialive.alert_message", "medialive.alert_state"],
    "ListClusterAlerts": ["medialive.alerts", "medialive.alert_cleared_timestamp", "medialive.alert_set_timestamp", "medialive.next_token", "medialive.alert_id", "medialive.alert_type", "medialive.alert_message", "medialive.alert_state", "medialive.node_id", "medialive.channel_id"],
    "ListMultiplexAlerts": ["medialive.alerts", "medialive.alert_cleared_timestamp", "medialive.alert_set_timestamp", "medialive.next_token", "medialive.pipeline_id", "medialive.alert_id", "medialive.alert_type", "medialive.alert_message", "medialive.alert_state"]
  },
  "entity_producers": {
    "medialive.failed": ["BatchStop", "BatchStart", "BatchDelete"],
    "medialive.successful": ["BatchStop", "BatchStart", "BatchDelete"],
    "medialive.failed_arn": ["BatchStop", "BatchStart", "BatchDelete"],
    "medialive.failed_code": ["BatchStop", "BatchStart", "BatchDelete"],
    "medialive.failed_id": ["BatchStop", "BatchStart", "BatchDelete"],
    "medialive.failed_message": ["BatchStop", "BatchStart", "BatchDelete"],
    "medialive.channel": ["UpdateChannel", "CreateChannel", "UpdateChannelClass"],
    "medialive.channel_arn": ["UpdateChannel", "DeleteChannel", "CreateChannel", "ListChannels", "StartChannel", "UpdateChannelClass", "StopChannel", "DescribeChannel"],
    "medialive.channel_cdi_input_specification": ["UpdateChannel", "UpdateChannelClass", "CreateChannel", "ListChannels"],
    "medialive.channel_class": ["UpdateChannel", "DeleteChannel", "CreateChannel", "ListChannels", "StartChannel", "UpdateChannelClass", "StopChannel", "DescribeChannel", "RestartChannelPipelines"],
    "medialive.channel_destinations": ["UpdateChannel", "UpdateChannelClass", "CreateChannel", "ListChannels"],
    "medialive.channel_egress_endpoints": ["UpdateChannel", "UpdateChannelClass", "CreateChannel", "ListChannels"],
    "medialive.channel_encoder_settings": ["UpdateChannel", "CreateChannel", "UpdateChannelClass"],
    "medialive.channel_id": ["CreateMultiplexProgram", "UpdateChannel", "DeleteChannel", "CreateChannel", "ListChannels", "ListClusterAlerts", "StartChannel", "UpdateMultiplexProgram", "DeleteMultiplexProgram", "UpdateChannelClass", "StopChannel", "ListMultiplexPrograms", "DescribeMultiplexProgram", "DescribeChannel"],
    "medialive.channel_input_attachments": ["UpdateChannel", "UpdateChannelClass", "CreateChannel", "ListChannels"],
    "medialive.channel_input_specification": ["UpdateChannel", "UpdateChannelClass", "CreateChannel", "ListChannels"],
    "medialive.channel_log_level": ["UpdateChannel", "UpdateChannelClass", "CreateChannel", "ListChannels"],
    "medialive.channel_maintenance": ["UpdateChannel", "UpdateChannelClass", "CreateChannel", "ListChannels"],
    "medialive.channel_name": ["UpdateChannel", "DeleteChannel", "CreateChannel", "ListChannels", "StartChannel", "UpdateChannelClass", "StopChannel", "DescribeChannel"],
    "medialive.channel_pipeline_details": ["UpdateChannel", "CreateChannel", "UpdateChannelClass"],
    "medialive.channel_pipelines_running_count": ["UpdateChannel", "UpdateChannelClass", "CreateChannel", "ListChannels"],
    "medialive.role_arn": ["UpdateChannel", "UpdateInput", "DeleteChannel", "CreatePartnerInput", "CreateChannel", "CreateCluster", "ListChannels", "DeleteCluster", "DescribeCluster", "StartChannel", "UpdateChannelClass", "RestartChannelPipelines", "DescribeInput", "ListInputs", "CreateInput", "StopChannel", "DescribeChannel", "ListClusters"],
    "medialive.channel_state": ["UpdateChannel", "UpdateChannelClass", "CreateChannel", "ListChannels"],
    "medialive.channel_tags": ["UpdateChannel", "UpdateChannelClass", "CreateChannel", "ListChannels"],
    "medialive.channel_vpc": ["UpdateChannel", "UpdateChannelClass", "CreateChannel", "ListChannels"],
    "medialive.channel_anywhere_settings": ["UpdateChannel", "UpdateChannelClass", "CreateChannel", "ListChannels"],
    "medialive.channel_engine_version": ["UpdateChannel", "DeleteChannel", "CreateChannel", "ListChannels", "StartChannel", "UpdateChannelClass", "StopChannel", "DescribeChannel", "RestartChannelPipelines"],
    "medialive.input": ["CreateInput", "UpdateInput", "CreatePartnerInput"],
    "medialive.input_arn": ["UpdateInput", "CreatePartnerInput", "DescribeInput", "ListInputs", "CreateInput"],
    "medialive.input_attached_channels": ["CreateInput", "UpdateInput", "CreatePartnerInput", "ListInputs"],
    "medialive.input_destinations": ["CreateInput", "UpdateInput", "CreatePartnerInput", "ListInputs"],
    "medialive.input_id": ["UpdateInput", "CreatePartnerInput", "DescribeInput", "ListInputs", "CreateInput"],
    "medialive.input_class": ["UpdateInput", "CreatePartnerInput", "DescribeInput", "ListInputs", "CreateInput"],
    "medialive.input_devices": ["UpdateInput", "CreatePartnerInput", "ListInputDevices", "DescribeInput", "ListInputs", "CreateInput"],
    "medialive.input_partner_ids": ["UpdateInput", "CreatePartnerInput", "DescribeInput", "ListInputs", "CreateInput"],
    "medialive.input_source_type": ["UpdateInput", "CreatePartnerInput", "DescribeInput", "ListInputs", "CreateInput"],
    "medialive.input_media_connect_flows": ["CreateInput", "UpdateInput", "CreatePartnerInput", "ListInputs"],
    "medialive.input_name": ["UpdateInput", "CreatePartnerInput", "DescribeInput", "ListInputs", "CreateInput"],
    "medialive.input_security_groups": ["UpdateInput", "CreatePartnerInput", "ListInputs", "CreateInput", "ListInputSecurityGroups"],
    "medialive.input_sources": ["CreateInput", "UpdateInput", "CreatePartnerInput", "ListInputs"],
    "medialive.input_state": ["CreateInput", "UpdateInput", "CreatePartnerInput", "ListInputs"],
    "medialive.input_tags": ["CreateInput", "UpdateInput", "CreatePartnerInput", "ListInputs"],
    "medialive.input_type": ["CreateInput", "UpdateInput", "CreatePartnerInput", "ListInputs"],
    "medialive.input_srt_settings": ["CreateInput", "UpdateInput", "CreatePartnerInput", "ListInputs"],
    "medialive.input_network_location": ["UpdateInput", "CreatePartnerInput", "DescribeInput", "ListInputs", "CreateInput"],
    "medialive.input_multicast_settings": ["CreateInput", "UpdateInput", "CreatePartnerInput", "ListInputs"],
    "medialive.input_smpte2110_receiver_group_settings": ["CreateInput", "UpdateInput", "CreatePartnerInput", "ListInputs"],
    "medialive.input_sdi_sources": ["CreateInput", "UpdateInput", "CreatePartnerInput", "ListInputs"],
    "medialive.input_router_settings": ["CreateInput", "UpdateInput", "CreatePartnerInput", "ListInputs"],
    "medialive.security_group": ["CreateInputSecurityGroup", "UpdateInputSecurityGroup"],
    "medialive.security_group_arn": ["CreateInputSecurityGroup", "UpdateInputSecurityGroup"],
    "medialive.group_id": ["ListChannelPlacementGroups", "UpdateCloudWatchAlarmTemplateGroup", "UpdateEventBridgeRuleTemplate", "ListCloudWatchAlarmTemplates", "ListEventBridgeRuleTemplates", "DescribeInputSecurityGroup", "UpdateEventBridgeRuleTemplateGroup", "CreateCloudWatchAlarmTemplate", "DescribeChannelPlacementGroup", "CreateEventBridgeRuleTemplate", "CreateEventBridgeRuleTemplateGroup", "UpdateInputSecurityGroup", "GetCloudWatchAlarmTemplate", "ListCloudWatchAlarmTemplateGroups", "CreateCloudWatchAlarmTemplateGroup", "CreateChannelPlacementGroup", "ListEventBridgeRuleTemplateGroups", "GetCloudWatchAlarmTemplateGroup", "ListInputSecurityGroups", "UpdateChannelPlacementGroup", "GetEventBridgeRuleTemplate", "GetEventBridgeRuleTemplateGroup", "DeleteChannelPlacementGroup", "UpdateCloudWatchAlarmTemplate", "CreateInputSecurityGroup"],
    "medialive.security_group_inputs": ["CreateInputSecurityGroup", "UpdateInputSecurityGroup"],
    "medialive.security_group_state": ["CreateInputSecurityGroup", "UpdateInputSecurityGroup"],
    "medialive.security_group_tags": ["CreateInputSecurityGroup", "UpdateInputSecurityGroup"],
    "medialive.security_group_whitelist_rules": ["CreateInputSecurityGroup", "UpdateInputSecurityGroup"],
    "medialive.account_configuration": ["DescribeAccountConfiguration", "UpdateAccountConfiguration"],
    "medialive.account_configuration_kms_key_id": ["DescribeAccountConfiguration", "UpdateAccountConfiguration"],
    "medialive.channels": ["UpdateChannelPlacementGroup", "CreateChannelPlacementGroup", "ListChannels", "DeleteChannelPlacementGroup", "DescribeChannelPlacementGroup"],
    "medialive.next_token": ["ListMultiplexAlerts", "ListChannelPlacementGroups", "ListMultiplexes", "ListCloudWatchAlarmTemplates", "ListClusters", "ListEventBridgeRuleTemplates", "ListInputs", "ListSdiSources", "ListChannels", "ListNodes", "ListCloudWatchAlarmTemplateGroups", "ListSignalMaps", "ListEventBridgeRuleTemplateGroups", "ListClusterAlerts", "ListNetworks", "ListInputSecurityGroups", "ListReservations", "ListAlerts", "ListOfferings", "ListInputDevices", "ListMultiplexPrograms", "ListInputDeviceTransfers", "DescribeSchedule"],
    "medialive.channel_used_channel_engine_versions": ["ListChannels"],
    "medialive.input_devic_arn": ["ListInputDevices"],
    "medialive.input_devic_connection_state": ["ListInputDevices"],
    "medialive.input_devic_device_settings_sync_state": ["ListInputDevices"],
    "medialive.input_devic_device_update_status": ["ListInputDevices"],
    "medialive.input_devic_hd_device_settings": ["ListInputDevices"],
    "medialive.input_devic_id": ["ListInputDevices"],
    "medialive.input_devic_mac_address": ["ListInputDevices"],
    "medialive.input_devic_name": ["ListInputDevices"],
    "medialive.input_devic_network_settings": ["ListInputDevices"],
    "medialive.input_devic_serial_number": ["ListInputDevices"],
    "medialive.input_devic_type": ["ListInputDevices"],
    "medialive.input_devic_uhd_device_settings": ["ListInputDevices"],
    "medialive.input_devic_tags": ["ListInputDevices"],
    "medialive.input_devic_availability_zone": ["ListInputDevices"],
    "medialive.input_devic_medialive_input_arns": ["ListInputDevices"],
    "medialive.input_devic_output_type": ["ListInputDevices"],
    "medialive.input_security_group_arn": ["DescribeInputSecurityGroup", "ListInputSecurityGroups"],
    "medialive.input_security_group_inputs": ["ListInputSecurityGroups"],
    "medialive.input_security_group_state": ["ListInputSecurityGroups"],
    "medialive.input_security_group_tags": ["ListInputSecurityGroups"],
    "medialive.input_security_group_whitelist_rules": ["ListInputSecurityGroups"],
    "medialive.inputs": ["DescribeInputSecurityGroup", "ListInputs"],
    "medialive.multiplexes": ["ListMultiplexes"],
    "medialive.multiplex_arn": ["ListMultiplexes", "DeleteMultiplex", "StopMultiplex", "UpdateMultiplex", "DescribeMultiplex", "StartMultiplex", "CreateMultiplex"],
    "medialive.multiplex_availability_zones": ["ListMultiplexes", "UpdateMultiplex", "CreateMultiplex"],
    "medialive.multiplex_id": ["ListMultiplexes", "DeleteMultiplex", "StopMultiplex", "UpdateMultiplex", "DescribeMultiplex", "StartMultiplex", "CreateMultiplex"],
    "medialive.multiplex_settings": ["ListMultiplexes", "DeleteMultiplex", "StopMultiplex", "UpdateMultiplex", "DescribeMultiplex", "StartMultiplex", "CreateMultiplex"],
    "medialive.multiplex_name": ["ListMultiplexes", "DeleteMultiplex", "StopMultiplex", "UpdateMultiplex", "DescribeMultiplex", "StartMultiplex", "CreateMultiplex"],
    "medialive.multiplex_pipelines_running_count": ["ListMultiplexes", "UpdateMultiplex", "CreateMultiplex"],
    "medialive.multiplex_program_count": ["ListMultiplexes", "UpdateMultiplex", "CreateMultiplex"],
    "medialive.multiplex_state": ["ListMultiplexes", "UpdateMultiplex", "CreateMultiplex"],
    "medialive.multiplex_tags": ["ListMultiplexes", "UpdateMultiplex", "CreateMultiplex"],
    "medialive.offerings": ["ListOfferings"],
    "medialive.offering_arn": ["DescribeOffering", "ListOfferings"],
    "medialive.offering_currency_code": ["ListOfferings"],
    "medialive.offering_duration": ["ListOfferings"],
    "medialive.offering_duration_units": ["ListOfferings"],
    "medialive.offering_fixed_price": ["ListOfferings"],
    "medialive.offering_description": ["DeleteReservation", "DescribeOffering", "ListOfferings", "DescribeReservation"],
    "medialive.offering_id": ["ListReservations", "ListOfferings", "DescribeReservation", "PurchaseOffering", "DeleteReservation", "UpdateReservation", "DescribeOffering"],
    "medialive.offering_type": ["DeleteReservation", "DescribeOffering", "ListOfferings", "DescribeReservation"],
    "medialive.offering_region": ["ListOfferings"],
    "medialive.offering_resource_specification": ["ListOfferings"],
    "medialive.offering_usage_price": ["ListOfferings"],
    "medialive.reservations": ["ListReservations"],
    "medialive.reservation_arn": ["ListReservations", "DescribeReservation", "PurchaseOffering", "DeleteReservation", "UpdateReservation"],
    "medialive.reservation_count": ["ListReservations", "UpdateReservation", "PurchaseOffering"],
    "medialive.reservation_currency_code": ["ListReservations", "UpdateReservation", "PurchaseOffering"],
    "medialive.reservation_duration": ["ListReservations", "UpdateReservation", "PurchaseOffering"],
    "medialive.reservation_duration_units": ["ListReservations", "UpdateReservation", "PurchaseOffering"],
    "medialive.reservation_end": ["ListReservations", "UpdateReservation", "PurchaseOffering"],
    "medialive.reservation_fixed_price": ["ListReservations", "UpdateReservation", "PurchaseOffering"],
    "medialive.reservation_name": ["ListReservations", "DescribeReservation", "PurchaseOffering", "DeleteReservation", "UpdateReservation"],
    "medialive.reservation_offering_description": ["ListReservations", "UpdateReservation", "PurchaseOffering"],
    "medialive.reservation_offering_type": ["ListReservations", "UpdateReservation", "PurchaseOffering"],
    "medialive.reservation_region": ["ListReservations", "UpdateReservation", "PurchaseOffering"],
    "medialive.reservation_renewal_settings": ["ListReservations", "UpdateReservation", "PurchaseOffering"],
    "medialive.reservation_id": ["ListReservations", "DescribeReservation", "PurchaseOffering", "DeleteReservation", "UpdateReservation"],
    "medialive.reservation_resource_specification": ["ListReservations", "UpdateReservation", "PurchaseOffering"],
    "medialive.reservation_start": ["ListReservations", "UpdateReservation", "PurchaseOffering"],
    "medialive.reservation_state": ["ListReservations", "UpdateReservation", "PurchaseOffering"],
    "medialive.reservation_tags": ["ListReservations", "UpdateReservation", "PurchaseOffering"],
    "medialive.reservation_usage_price": ["ListReservations", "UpdateReservation", "PurchaseOffering"],
    "medialive.cloud_watch_alarm_template_groups": ["ListCloudWatchAlarmTemplateGroups"],
    "medialive.cloud_watch_alarm_template_group_arn": ["UpdateCloudWatchAlarmTemplateGroup", "CreateCloudWatchAlarmTemplateGroup", "ListCloudWatchAlarmTemplateGroups", "GetCloudWatchAlarmTemplateGroup"],
    "medialive.cloud_watch_alarm_template_group_created_at": ["ListCloudWatchAlarmTemplateGroups"],
    "medialive.cloud_watch_alarm_template_group_description": ["ListCloudWatchAlarmTemplateGroups"],
    "medialive.cloud_watch_alarm_template_group_modified_at": ["ListCloudWatchAlarmTemplateGroups"],
    "medialive.cloud_watch_alarm_template_group_name": ["UpdateCloudWatchAlarmTemplateGroup", "CreateCloudWatchAlarmTemplateGroup", "ListCloudWatchAlarmTemplateGroups", "GetCloudWatchAlarmTemplateGroup"],
    "medialive.cloud_watch_alarm_template_group_tags": ["ListCloudWatchAlarmTemplateGroups"],
    "medialive.cloud_watch_alarm_template_group_template_count": ["ListCloudWatchAlarmTemplateGroups"],
    "medialive.cloud_watch_alarm_templates": ["ListCloudWatchAlarmTemplates"],
    "medialive.cloud_watch_alarm_templat_arn": ["ListCloudWatchAlarmTemplates"],
    "medialive.cloud_watch_alarm_templat_comparison_operator": ["ListCloudWatchAlarmTemplates"],
    "medialive.cloud_watch_alarm_templat_created_at": ["ListCloudWatchAlarmTemplates"],
    "medialive.cloud_watch_alarm_templat_datapoints_to_alarm": ["ListCloudWatchAlarmTemplates"],
    "medialive.cloud_watch_alarm_templat_description": ["ListCloudWatchAlarmTemplates"],
    "medialive.cloud_watch_alarm_templat_evaluation_periods": ["ListCloudWatchAlarmTemplates"],
    "medialive.cloud_watch_alarm_templat_id": ["ListCloudWatchAlarmTemplates"],
    "medialive.metric_name": ["UpdateCloudWatchAlarmTemplate", "CreateCloudWatchAlarmTemplate", "ListCloudWatchAlarmTemplates", "GetCloudWatchAlarmTemplate"],
    "medialive.cloud_watch_alarm_templat_modified_at": ["ListCloudWatchAlarmTemplates"],
    "medialive.cloud_watch_alarm_templat_name": ["ListCloudWatchAlarmTemplates"],
    "medialive.cloud_watch_alarm_templat_period": ["ListCloudWatchAlarmTemplates"],
    "medialive.cloud_watch_alarm_templat_statistic": ["ListCloudWatchAlarmTemplates"],
    "medialive.cloud_watch_alarm_templat_tags": ["ListCloudWatchAlarmTemplates"],
    "medialive.cloud_watch_alarm_templat_target_resource_type": ["ListCloudWatchAlarmTemplates"],
    "medialive.cloud_watch_alarm_templat_threshold": ["ListCloudWatchAlarmTemplates"],
    "medialive.cloud_watch_alarm_templat_treat_missing_data": ["ListCloudWatchAlarmTemplates"],
    "medialive.event_bridge_rule_template_groups": ["ListEventBridgeRuleTemplateGroups"],
    "medialive.event_bridge_rule_template_group_arn": ["UpdateEventBridgeRuleTemplateGroup", "GetEventBridgeRuleTemplateGroup", "CreateEventBridgeRuleTemplateGroup", "ListEventBridgeRuleTemplateGroups"],
    "medialive.event_bridge_rule_template_group_created_at": ["ListEventBridgeRuleTemplateGroups"],
    "medialive.event_bridge_rule_template_group_description": ["ListEventBridgeRuleTemplateGroups"],
    "medialive.event_bridge_rule_template_group_modified_at": ["ListEventBridgeRuleTemplateGroups"],
    "medialive.event_bridge_rule_template_group_name": ["UpdateEventBridgeRuleTemplateGroup", "GetEventBridgeRuleTemplateGroup", "CreateEventBridgeRuleTemplateGroup", "ListEventBridgeRuleTemplateGroups"],
    "medialive.event_bridge_rule_template_group_tags": ["ListEventBridgeRuleTemplateGroups"],
    "medialive.event_bridge_rule_template_group_template_count": ["ListEventBridgeRuleTemplateGroups"],
    "medialive.event_bridge_rule_templates": ["ListEventBridgeRuleTemplates"],
    "medialive.event_bridge_rule_templat_arn": ["ListEventBridgeRuleTemplates"],
    "medialive.event_bridge_rule_templat_created_at": ["ListEventBridgeRuleTemplates"],
    "medialive.event_bridge_rule_templat_description": ["ListEventBridgeRuleTemplates"],
    "medialive.event_bridge_rule_templat_event_target_count": ["ListEventBridgeRuleTemplates"],
    "medialive.event_bridge_rule_templat_event_type": ["ListEventBridgeRuleTemplates"],
    "medialive.event_bridge_rule_templat_id": ["ListEventBridgeRuleTemplates"],
    "medialive.event_bridge_rule_templat_modified_at": ["ListEventBridgeRuleTemplates"],
    "medialive.event_bridge_rule_templat_name": ["ListEventBridgeRuleTemplates"],
    "medialive.event_bridge_rule_templat_tags": ["ListEventBridgeRuleTemplates"],
    "medialive.signal_maps": ["ListSignalMaps"],
    "medialive.signal_map_arn": ["CreateSignalMap", "GetSignalMap", "ListSignalMaps", "StartUpdateSignalMap"],
    "medialive.signal_map_created_at": ["ListSignalMaps"],
    "medialive.signal_map_description": ["ListSignalMaps"],
    "medialive.signal_map_id": ["CreateSignalMap", "GetSignalMap", "ListSignalMaps", "StartUpdateSignalMap"],
    "medialive.signal_map_modified_at": ["ListSignalMaps"],
    "medialive.signal_map_monitor_deployment_status": ["ListSignalMaps"],
    "medialive.signal_map_name": ["CreateSignalMap", "GetSignalMap", "ListSignalMaps", "StartUpdateSignalMap"],
    "medialive.signal_map_status": ["CreateSignalMap", "GetSignalMap", "ListSignalMaps"],
    "medialive.signal_map_tags": ["ListSignalMaps"],
    "medialive.cluster_arn": ["DeleteCluster", "DescribeCluster", "CreateCluster", "UpdateCluster", "ListClusters"],
    "medialive.channel_ids": ["DeleteCluster", "DescribeCluster", "CreateCluster", "UpdateCluster"],
    "medialive.cluster_type": ["DeleteCluster", "DescribeCluster", "CreateCluster", "UpdateCluster", "ListClusters"],
    "medialive.cluster_id": ["DeleteCluster", "DeleteNode", "UpdateChannelPlacementGroup", "CreateChannelPlacementGroup", "DescribeCluster", "CreateCluster", "ListChannelPlacementGroups", "UpdateNode", "DeleteChannelPlacementGroup", "UpdateCluster", "DescribeNode", "ListNodes", "UpdateNodeState", "CreateNode", "DescribeChannelPlacementGroup", "ListClusters"],
    "medialive.cluster_name": ["DeleteCluster", "DescribeCluster", "CreateCluster", "UpdateCluster", "ListClusters"],
    "medialive.network_settings": ["DeleteCluster", "DescribeCluster", "CreateCluster", "DescribeInputDevice", "UpdateCluster", "UpdateInputDevice"],
    "medialive.state": ["DeleteCluster", "DescribeCluster", "DeleteMultiplex", "DescribeInputSecurityGroup", "DescribeMultiplex", "StartMultiplex", "DescribeChannelPlacementGroup", "UpdateNetwork", "UpdateCluster", "DescribeNode", "DeleteReservation", "UpdateNodeState", "DeleteNetwork", "StopChannel", "DeleteNode", "CreateChannelPlacementGroup", "CreateCluster", "StartChannel", "DescribeReservation", "StopMultiplex", "DescribeInput", "CreateNode", "CreateNetwork", "DescribeChannel", "RestartChannelPipelines", "UpdateChannelPlacementGroup", "DeleteChannel", "UpdateNode", "DescribeNetwork", "DeleteChannelPlacementGroup"],
    "medialive.network_arn": ["DescribeNetwork", "UpdateNetwork", "ListNetworks", "DeleteNetwork", "CreateNetwork"],
    "medialive.associated_cluster_ids": ["CreateNetwork", "DescribeNetwork", "UpdateNetwork", "DeleteNetwork"],
    "medialive.network_id": ["DescribeNetwork", "UpdateNetwork", "ListNetworks", "DeleteNetwork", "CreateNetwork"],
    "medialive.ip_pools": ["CreateNetwork", "DescribeNetwork", "UpdateNetwork", "DeleteNetwork"],
    "medialive.network_name": ["DescribeNetwork", "UpdateNetwork", "ListNetworks", "DeleteNetwork", "CreateNetwork"],
    "medialive.routes": ["CreateNetwork", "DescribeNetwork", "UpdateNetwork", "DeleteNetwork"],
    "medialive.clusters": ["ListClusters"],
    "medialive.cluster_channel_ids": ["ListClusters"],
    "medialive.cluster_network_settings": ["ListClusters"],
    "medialive.cluster_state": ["ListClusters"],
    "medialive.networks": ["ListNetworks"],
    "medialive.network_associated_cluster_ids": ["ListNetworks"],
    "medialive.network_ip_pools": ["ListNetworks"],
    "medialive.network_routes": ["ListNetworks"],
    "medialive.network_state": ["ListNetworks"],
    "medialive.versions": ["ListVersions"],
    "medialive.version_expiration_date": ["ListVersions"],
    "medialive.version_version": ["ListVersions"],
    "medialive.sdi_source": ["DescribeSdiSource", "DeleteSdiSource", "UpdateSdiSource", "CreateSdiSource"],
    "medialive.sdi_source_arn": ["DescribeSdiSource", "DeleteSdiSource", "UpdateSdiSource", "CreateSdiSource"],
    "medialive.sdi_source_id": ["DescribeSdiSource", "DeleteSdiSource", "UpdateSdiSource", "CreateSdiSource"],
    "medialive.sdi_source_inputs": ["DescribeSdiSource", "DeleteSdiSource", "UpdateSdiSource", "CreateSdiSource"],
    "medialive.sdi_source_mode": ["DescribeSdiSource", "DeleteSdiSource", "UpdateSdiSource", "CreateSdiSource"],
    "medialive.sdi_source_name": ["DescribeSdiSource", "DeleteSdiSource", "UpdateSdiSource", "CreateSdiSource"],
    "medialive.sdi_source_state": ["DescribeSdiSource", "DeleteSdiSource", "UpdateSdiSource", "CreateSdiSource"],
    "medialive.sdi_source_type": ["DescribeSdiSource", "DeleteSdiSource", "UpdateSdiSource", "CreateSdiSource"],
    "medialive.sdi_sources": ["ListSdiSources", "DescribeInput"],
    "medialive.sdi_sourc_arn": ["ListSdiSources"],
    "medialive.sdi_sourc_id": ["ListSdiSources"],
    "medialive.sdi_sourc_inputs": ["ListSdiSources"],
    "medialive.sdi_sourc_mode": ["ListSdiSources"],
    "medialive.sdi_sourc_name": ["ListSdiSources"],
    "medialive.sdi_sourc_state": ["ListSdiSources"],
    "medialive.sdi_sourc_type": ["ListSdiSources"],
    "medialive.creates": ["BatchUpdateSchedule"],
    "medialive.deletes": ["BatchUpdateSchedule"],
    "medialive.creat_schedule_actions": ["BatchUpdateSchedule"],
    "medialive.multiplex": ["UpdateMultiplex", "CreateMultiplex"],
    "medialive.multiplex_destinations": ["UpdateMultiplex", "CreateMultiplex"],
    "medialive.multiplex_program": ["CreateMultiplexProgram", "UpdateMultiplexProgram"],
    "medialive.multiplex_program_settings": ["CreateMultiplexProgram", "UpdateMultiplexProgram", "DescribeMultiplexProgram", "DeleteMultiplexProgram"],
    "medialive.multiplex_program_packet_identifiers_map": ["CreateMultiplexProgram", "UpdateMultiplexProgram"],
    "medialive.multiplex_program_pipeline_details": ["CreateMultiplexProgram", "UpdateMultiplexProgram"],
    "medialive.program_name": ["CreateMultiplexProgram", "UpdateMultiplexProgram", "DeleteMultiplexProgram", "ListMultiplexPrograms", "DescribeMultiplexProgram"],
    "medialive.cdi_input_specification": ["DeleteChannel", "StartChannel", "StopChannel", "DescribeChannel", "RestartChannelPipelines"],
    "medialive.destinations": ["DeleteChannel", "DeleteMultiplex", "StartChannel", "StopMultiplex", "DescribeMultiplex", "DescribeInput", "StopChannel", "DescribeChannel", "StartMultiplex", "RestartChannelPipelines"],
    "medialive.egress_endpoints": ["DeleteChannel", "StartChannel", "StopChannel", "DescribeChannel", "RestartChannelPipelines"],
    "medialive.encoder_settings": ["DeleteChannel", "StartChannel", "StopChannel", "DescribeChannel", "RestartChannelPipelines"],
    "medialive.input_attachments": ["DeleteChannel", "StartChannel", "StopChannel", "DescribeChannel", "RestartChannelPipelines"],
    "medialive.input_specification": ["DeleteChannel", "StartChannel", "StopChannel", "DescribeChannel", "RestartChannelPipelines"],
    "medialive.log_level": ["DeleteChannel", "StartChannel", "StopChannel", "DescribeChannel", "RestartChannelPipelines"],
    "medialive.maintenance": ["DeleteChannel", "StartChannel", "StopChannel", "DescribeChannel", "RestartChannelPipelines"],
    "medialive.pipeline_details": ["DeleteChannel", "StartChannel", "DeleteMultiplexProgram", "StopChannel", "DescribeMultiplexProgram", "DescribeChannel", "RestartChannelPipelines"],
    "medialive.pipelines_running_count": ["DeleteChannel", "DeleteMultiplex", "StartChannel", "StopMultiplex", "DescribeMultiplex", "StopChannel", "DescribeChannel", "StartMultiplex", "RestartChannelPipelines"],
    "medialive.tags": ["UpdateCloudWatchAlarmTemplateGroup", "ListTagsForResource", "DeleteMultiplex", "UpdateEventBridgeRuleTemplate", "UpdateInputDevice", "DescribeInputSecurityGroup", "UpdateEventBridgeRuleTemplateGroup", "DescribeMultiplex", "CreateCloudWatchAlarmTemplate", "StartMultiplex", "GetSignalMap", "DescribeInputDevice", "CreateEventBridgeRuleTemplate", "CreateEventBridgeRuleTemplateGroup", "GetCloudWatchAlarmTemplate", "DeleteReservation", "StartUpdateSignalMap", "CreateCloudWatchAlarmTemplateGroup", "StopChannel", "CreateSignalMap", "StartChannel", "DescribeReservation", "StopMultiplex", "StartDeleteMonitorDeployment", "DescribeInput", "DescribeChannel", "RestartChannelPipelines", "GetCloudWatchAlarmTemplateGroup", "StartMonitorDeployment", "DeleteChannel", "GetEventBridgeRuleTemplate", "GetEventBridgeRuleTemplateGroup", "UpdateCloudWatchAlarmTemplate"],
    "medialive.vpc": ["DeleteChannel", "StartChannel", "StopChannel", "DescribeChannel", "RestartChannelPipelines"],
    "medialive.anywhere_settings": ["DeleteChannel", "StartChannel", "StopChannel", "DescribeChannel", "RestartChannelPipelines"],
    "medialive.destination_id": ["DeleteChannel", "StartChannel", "StopChannel", "DescribeChannel", "RestartChannelPipelines"],
    "medialive.destination_media_package_settings": ["DeleteChannel", "StartChannel", "StopChannel", "DescribeChannel", "RestartChannelPipelines"],
    "medialive.destination_multiplex_settings": ["DeleteChannel", "StartChannel", "StopChannel", "DescribeChannel", "RestartChannelPipelines"],
    "medialive.destination_settings": ["DeleteChannel", "StartChannel", "StopChannel", "DescribeChannel", "RestartChannelPipelines"],
    "medialive.destination_srt_settings": ["DeleteChannel", "StartChannel", "StopChannel", "DescribeChannel", "RestartChannelPipelines"],
    "medialive.destination_logical_interface_names": ["DeleteChannel", "StartChannel", "StopChannel", "DescribeChannel", "RestartChannelPipelines"],
    "medialive.availability_zones": ["StopMultiplex", "DeleteMultiplex", "DescribeMultiplex", "StartMultiplex"],
    "medialive.program_count": ["StopMultiplex", "DeleteMultiplex", "DescribeMultiplex", "StartMultiplex"],
    "medialive.packet_identifiers_map": ["DescribeMultiplexProgram", "DeleteMultiplexProgram"],
    "medialive.pipeline_active_channel_pipeline": ["DescribeMultiplexProgram", "DeleteMultiplexProgram"],
    "medialive.pipeline_id": ["ListMultiplexAlerts", "ListAlerts", "DeleteMultiplexProgram", "DescribeMultiplexProgram", "DescribeThumbnails"],
    "medialive.count": ["DeleteReservation", "DescribeReservation"],
    "medialive.currency_code": ["DeleteReservation", "DescribeOffering", "DescribeReservation"],
    "medialive.duration": ["DeleteReservation", "DescribeOffering", "DescribeReservation"],
    "medialive.duration_units": ["DeleteReservation", "DescribeOffering", "DescribeReservation"],
    "medialive.end": ["DeleteReservation", "DescribeReservation"],
    "medialive.fixed_price": ["DeleteReservation", "DescribeOffering", "DescribeReservation"],
    "medialive.region": ["DeleteReservation", "DescribeOffering", "DescribeReservation"],
    "medialive.renewal_settings": ["DeleteReservation", "DescribeReservation"],
    "medialive.resource_specification": ["DeleteReservation", "DescribeOffering", "DescribeReservation"],
    "medialive.start": ["DeleteReservation", "DescribeReservation"],
    "medialive.usage_price": ["DeleteReservation", "DescribeOffering", "DescribeReservation"],
    "medialive.renewal_setting_automatic_renewal": ["DeleteReservation", "DescribeReservation"],
    "medialive.renewal_setting_renewal_count": ["DeleteReservation", "DescribeReservation"],
    "medialive.attached_channels": ["DescribeInput"],
    "medialive.media_connect_flows": ["DescribeInput"],
    "medialive.security_groups": ["DescribeInput"],
    "medialive.sources": ["DescribeInput"],
    "medialive.type": ["DescribeInputDevice", "DescribeInput", "UpdateInputDevice"],
    "medialive.srt_settings": ["DescribeInput"],
    "medialive.multicast_settings": ["DescribeInput"],
    "medialive.smpte2110_receiver_group_settings": ["DescribeInput"],
    "medialive.router_settings": ["DescribeInput"],
    "medialive.input_device_arn": ["DescribeInputDevice", "UpdateInputDevice"],
    "medialive.connection_state": ["DeleteNode", "UpdateNode", "DescribeInputDevice", "UpdateInputDevice", "DescribeNode", "UpdateNodeState", "CreateNode"],
    "medialive.device_settings_sync_state": ["DescribeInputDevice", "UpdateInputDevice"],
    "medialive.device_update_status": ["DescribeInputDevice", "UpdateInputDevice"],
    "medialive.hd_device_settings": ["DescribeInputDevice", "UpdateInputDevice"],
    "medialive.input_device_id": ["DescribeInputDevice", "UpdateInputDevice"],
    "medialive.mac_address": ["DescribeInputDevice", "UpdateInputDevice"],
    "medialive.input_device_name": ["DescribeInputDevice", "UpdateInputDevice"],
    "medialive.serial_number": ["DescribeInputDevice", "UpdateInputDevice"],
    "medialive.uhd_device_settings": ["DescribeInputDevice", "UpdateInputDevice"],
    "medialive.availability_zone": ["DescribeInputDevice", "UpdateInputDevice"],
    "medialive.medialive_input_arns": ["DescribeInputDevice", "UpdateInputDevice"],
    "medialive.output_type": ["DescribeInputDevice", "UpdateInputDevice"],
    "medialive.body": ["DescribeInputDeviceThumbnail"],
    "medialive.content_type": ["DescribeInputDeviceThumbnail"],
    "medialive.content_length": ["DescribeInputDeviceThumbnail"],
    "medialive.e_tag": ["DescribeInputDeviceThumbnail"],
    "medialive.last_modified": ["DescribeInputDeviceThumbnail"],
    "medialive.whitelist_rules": ["DescribeInputSecurityGroup"],
    "medialive.whitelist_rul_cidr": ["DescribeInputSecurityGroup"],
    "medialive.resource_specification_channel_class": ["DescribeOffering"],
    "medialive.resource_specification_codec": ["DescribeOffering"],
    "medialive.resource_specification_maximum_bitrate": ["DescribeOffering"],
    "medialive.resource_specification_maximum_framerate": ["DescribeOffering"],
    "medialive.resource_specification_resolution": ["DescribeOffering"],
    "medialive.resource_specification_resource_type": ["DescribeOffering"],
    "medialive.resource_specification_special_feature": ["DescribeOffering"],
    "medialive.resource_specification_video_quality": ["DescribeOffering"],
    "medialive.schedule_actions": ["DescribeSchedule"],
    "medialive.schedule_action_action_name": ["DescribeSchedule"],
    "medialive.schedule_action_settings": ["DescribeSchedule"],
    "medialive.schedule_action_start_settings": ["DescribeSchedule"],
    "medialive.thumbnail_details": ["DescribeThumbnails"],
    "medialive.thumbnail_thumbnails": ["DescribeThumbnails"],
    "medialive.input_device_transfers": ["ListInputDeviceTransfers"],
    "medialive.input_device_transfer_id": ["ListInputDeviceTransfers"],
    "medialive.input_device_transfer_message": ["ListInputDeviceTransfers"],
    "medialive.input_device_transfer_target_customer_id": ["ListInputDeviceTransfers"],
    "medialive.input_device_transfer_transfer_type": ["ListInputDeviceTransfers"],
    "medialive.multiplex_programs": ["ListMultiplexPrograms"],
    "medialive.reservation": ["UpdateReservation", "PurchaseOffering"],
    "medialive.restart_channel_pipelin_arn": ["RestartChannelPipelines"],
    "medialive.restart_channel_pipelin_id": ["RestartChannelPipelines"],
    "medialive.maintenance_status": ["RestartChannelPipelines"],
    "medialive.restart_channel_pipelin_name": ["RestartChannelPipelines"],
    "medialive.cloud_watch_alarm_template_arn": ["UpdateCloudWatchAlarmTemplate", "CreateCloudWatchAlarmTemplate", "GetCloudWatchAlarmTemplate"],
    "medialive.comparison_operator": ["UpdateCloudWatchAlarmTemplate", "CreateCloudWatchAlarmTemplate", "GetCloudWatchAlarmTemplate"],
    "medialive.created_at": ["GetEventBridgeRuleTemplate", "CreateEventBridgeRuleTemplate", "CreateEventBridgeRuleTemplateGroup", "GetSignalMap", "UpdateCloudWatchAlarmTemplateGroup", "CreateSignalMap", "GetEventBridgeRuleTemplateGroup", "UpdateEventBridgeRuleTemplate", "GetCloudWatchAlarmTemplate", "UpdateCloudWatchAlarmTemplate", "UpdateEventBridgeRuleTemplateGroup", "StartDeleteMonitorDeployment", "StartUpdateSignalMap", "CreateCloudWatchAlarmTemplate", "CreateCloudWatchAlarmTemplateGroup", "GetCloudWatchAlarmTemplateGroup", "StartMonitorDeployment"],
    "medialive.datapoints_to_alarm": ["UpdateCloudWatchAlarmTemplate", "CreateCloudWatchAlarmTemplate", "GetCloudWatchAlarmTemplate"],
    "medialive.description": ["GetEventBridgeRuleTemplate", "CreateEventBridgeRuleTemplate", "CreateEventBridgeRuleTemplateGroup", "GetSignalMap", "UpdateCloudWatchAlarmTemplateGroup", "CreateSignalMap", "GetEventBridgeRuleTemplateGroup", "UpdateEventBridgeRuleTemplate", "GetCloudWatchAlarmTemplate", "UpdateCloudWatchAlarmTemplate", "UpdateEventBridgeRuleTemplateGroup", "StartDeleteMonitorDeployment", "StartUpdateSignalMap", "CreateCloudWatchAlarmTemplate", "CreateCloudWatchAlarmTemplateGroup", "GetCloudWatchAlarmTemplateGroup", "StartMonitorDeployment"],
    "medialive.evaluation_periods": ["UpdateCloudWatchAlarmTemplate", "CreateCloudWatchAlarmTemplate", "GetCloudWatchAlarmTemplate"],
    "medialive.cloud_watch_alarm_template_id": ["UpdateCloudWatchAlarmTemplate", "CreateCloudWatchAlarmTemplate", "GetCloudWatchAlarmTemplate"],
    "medialive.modified_at": ["GetEventBridgeRuleTemplate", "CreateEventBridgeRuleTemplate", "CreateEventBridgeRuleTemplateGroup", "GetSignalMap", "UpdateCloudWatchAlarmTemplateGroup", "CreateSignalMap", "GetEventBridgeRuleTemplateGroup", "UpdateEventBridgeRuleTemplate", "GetCloudWatchAlarmTemplate", "UpdateCloudWatchAlarmTemplate", "UpdateEventBridgeRuleTemplateGroup", "StartDeleteMonitorDeployment", "StartUpdateSignalMap", "CreateCloudWatchAlarmTemplate", "CreateCloudWatchAlarmTemplateGroup", "GetCloudWatchAlarmTemplateGroup", "StartMonitorDeployment"],
    "medialive.cloud_watch_alarm_template_name": ["UpdateCloudWatchAlarmTemplate", "CreateCloudWatchAlarmTemplate", "GetCloudWatchAlarmTemplate"],
    "medialive.period": ["UpdateCloudWatchAlarmTemplate", "CreateCloudWatchAlarmTemplate", "GetCloudWatchAlarmTemplate"],
    "medialive.statistic": ["UpdateCloudWatchAlarmTemplate", "CreateCloudWatchAlarmTemplate", "GetCloudWatchAlarmTemplate"],
    "medialive.target_resource_type": ["UpdateCloudWatchAlarmTemplate", "CreateCloudWatchAlarmTemplate", "GetCloudWatchAlarmTemplate"],
    "medialive.threshold": ["UpdateCloudWatchAlarmTemplate", "CreateCloudWatchAlarmTemplate", "GetCloudWatchAlarmTemplate"],
    "medialive.treat_missing_data": ["UpdateCloudWatchAlarmTemplate", "CreateCloudWatchAlarmTemplate", "GetCloudWatchAlarmTemplate"],
    "medialive.event_bridge_rule_template_arn": ["UpdateEventBridgeRuleTemplate", "GetEventBridgeRuleTemplate", "CreateEventBridgeRuleTemplate"],
    "medialive.event_targets": ["UpdateEventBridgeRuleTemplate", "GetEventBridgeRuleTemplate", "CreateEventBridgeRuleTemplate"],
    "medialive.event_type": ["UpdateEventBridgeRuleTemplate", "GetEventBridgeRuleTemplate", "CreateEventBridgeRuleTemplate"],
    "medialive.event_bridge_rule_template_id": ["UpdateEventBridgeRuleTemplate", "GetEventBridgeRuleTemplate", "CreateEventBridgeRuleTemplate"],
    "medialive.event_bridge_rule_template_name": ["UpdateEventBridgeRuleTemplate", "GetEventBridgeRuleTemplate", "CreateEventBridgeRuleTemplate"],
    "medialive.event_target_arn": ["UpdateEventBridgeRuleTemplate", "GetEventBridgeRuleTemplate", "CreateEventBridgeRuleTemplate"],
    "medialive.cloud_watch_alarm_template_group_ids": ["GetSignalMap", "CreateSignalMap", "StartDeleteMonitorDeployment", "StartUpdateSignalMap", "StartMonitorDeployment"],
    "medialive.discovery_entry_point_arn": ["GetSignalMap", "CreateSignalMap", "StartDeleteMonitorDeployment", "StartUpdateSignalMap", "StartMonitorDeployment"],
    "medialive.error_message": ["GetSignalMap", "CreateSignalMap", "StartDeleteMonitorDeployment", "StartUpdateSignalMap", "StartMonitorDeployment"],
    "medialive.event_bridge_rule_template_group_ids": ["GetSignalMap", "CreateSignalMap", "StartDeleteMonitorDeployment", "StartUpdateSignalMap", "StartMonitorDeployment"],
    "medialive.failed_media_resource_map": ["GetSignalMap", "CreateSignalMap", "StartDeleteMonitorDeployment", "StartUpdateSignalMap", "StartMonitorDeployment"],
    "medialive.last_discovered_at": ["GetSignalMap", "CreateSignalMap", "StartDeleteMonitorDeployment", "StartUpdateSignalMap", "StartMonitorDeployment"],
    "medialive.last_successful_monitor_deployment": ["GetSignalMap", "CreateSignalMap", "StartDeleteMonitorDeployment", "StartUpdateSignalMap", "StartMonitorDeployment"],
    "medialive.media_resource_map": ["GetSignalMap", "CreateSignalMap", "StartDeleteMonitorDeployment", "StartUpdateSignalMap", "StartMonitorDeployment"],
    "medialive.monitor_changes_pending_deployment": ["GetSignalMap", "CreateSignalMap", "StartDeleteMonitorDeployment", "StartUpdateSignalMap", "StartMonitorDeployment"],
    "medialive.monitor_deployment": ["GetSignalMap", "CreateSignalMap", "StartDeleteMonitorDeployment", "StartUpdateSignalMap", "StartMonitorDeployment"],
    "medialive.delete_monitor_deployment_arn": ["StartDeleteMonitorDeployment"],
    "medialive.delete_monitor_deployment_id": ["StartDeleteMonitorDeployment"],
    "medialive.delete_monitor_deployment_name": ["StartDeleteMonitorDeployment"],
    "medialive.delete_monitor_deployment_status": ["StartDeleteMonitorDeployment"],
    "medialive.monitor_deployment_arn": ["StartMonitorDeployment"],
    "medialive.monitor_deployment_id": ["StartMonitorDeployment"],
    "medialive.monitor_deployment_name": ["StartMonitorDeployment"],
    "medialive.monitor_deployment_status": ["StartMonitorDeployment"],
    "medialive.update_signal_map_status": ["StartUpdateSignalMap"],
    "medialive.channel_placement_group_arn": ["UpdateChannelPlacementGroup", "ListChannelPlacementGroups", "CreateChannelPlacementGroup", "DeleteChannelPlacementGroup", "DescribeChannelPlacementGroup"],
    "medialive.channel_placement_group_name": ["UpdateChannelPlacementGroup", "ListChannelPlacementGroups", "CreateChannelPlacementGroup", "DeleteChannelPlacementGroup", "DescribeChannelPlacementGroup"],
    "medialive.nodes": ["UpdateChannelPlacementGroup", "CreateChannelPlacementGroup", "DeleteChannelPlacementGroup", "ListNodes", "DescribeChannelPlacementGroup"],
    "medialive.node_arn": ["DescribeNode", "DeleteNode", "UpdateNode", "CreateNode"],
    "medialive.channel_placement_groups": ["DeleteNode", "UpdateNode", "ListChannelPlacementGroups", "DescribeNode", "UpdateNodeState", "CreateNode"],
    "medialive.node_id": ["DeleteNode", "UpdateNode", "ListClusterAlerts", "DescribeNode", "CreateNode"],
    "medialive.instance_arn": ["DeleteNode", "UpdateNode", "DescribeNode", "ListNodes", "UpdateNodeState", "CreateNode"],
    "medialive.node_name": ["DescribeNode", "DeleteNode", "UpdateNode", "CreateNode"],
    "medialive.node_interface_mappings": ["DeleteNode", "UpdateNode", "DescribeNode", "UpdateNodeState", "CreateNode"],
    "medialive.role": ["DeleteNode", "UpdateNode", "DescribeNode", "UpdateNodeState", "CreateNode"],
    "medialive.sdi_source_mappings": ["DeleteNode", "UpdateNode", "DescribeNode", "UpdateNodeState", "CreateNode"],
    "medialive.node_registration_script": ["CreateNodeRegistrationScript"],
    "medialive.channel_placement_group_channels": ["ListChannelPlacementGroups"],
    "medialive.channel_placement_group_nodes": ["ListChannelPlacementGroups"],
    "medialive.channel_placement_group_state": ["ListChannelPlacementGroups"],
    "medialive.nod_arn": ["ListNodes"],
    "medialive.nod_channel_placement_groups": ["ListNodes"],
    "medialive.nod_connection_state": ["ListNodes"],
    "medialive.nod_id": ["ListNodes"],
    "medialive.nod_managed_instance_id": ["ListNodes"],
    "medialive.nod_name": ["ListNodes"],
    "medialive.nod_node_interface_mappings": ["ListNodes"],
    "medialive.nod_role": ["ListNodes"],
    "medialive.nod_state": ["ListNodes"],
    "medialive.nod_sdi_source_mappings": ["ListNodes"],
    "medialive.node_state_arn": ["UpdateNodeState"],
    "medialive.node_state_id": ["UpdateNodeState"],
    "medialive.node_state_name": ["UpdateNodeState"],
    "medialive.alerts": ["ListMultiplexAlerts", "ListClusterAlerts", "ListAlerts"],
    "medialive.alert_type": ["ListMultiplexAlerts", "ListClusterAlerts", "ListAlerts"],
    "medialive.alert_cleared_timestamp": ["ListMultiplexAlerts", "ListClusterAlerts", "ListAlerts"],
    "medialive.alert_id": ["ListMultiplexAlerts", "ListClusterAlerts", "ListAlerts"],
    "medialive.alert_message": ["ListMultiplexAlerts", "ListClusterAlerts", "ListAlerts"],
    "medialive.alert_set_timestamp": ["ListMultiplexAlerts", "ListClusterAlerts", "ListAlerts"],
    "medialive.alert_state": ["ListMultiplexAlerts", "ListClusterAlerts", "ListAlerts"]
  },
  "entity_consumers": {
    "medialive.inputdevice_id": ["StartInputDeviceMaintenanceWindow", "DescribeInputDevice", "StartInputDevice", "UpdateInputDevice", "AcceptInputDeviceTransfer", "RebootInputDevice", "TransferInputDevice", "DescribeInputDeviceThumbnail", "RejectInputDeviceTransfer", "StopInputDevice", "CancelInputDeviceTransfer"],
    "medialive.channel_id": ["UpdateChannel", "DeleteChannel", "ListAlerts", "StartChannel", "UpdateChannelClass", "DeleteSchedule", "RestartChannelPipelines", "StopChannel", "DescribeThumbnails", "BatchUpdateSchedule", "DescribeChannel", "DescribeSchedule"],
    "medialive.request_id": ["CreateMultiplexProgram", "CreateMultiplex"],
    "medialive.multiplex_settings": ["CreateMultiplex"],
    "medialive.availability_zones": ["CreateMultiplex"],
    "medialive.multiplex_name": ["CreateMultiplex"],
    "medialive.multiplex_id": ["CreateMultiplexProgram", "ListMultiplexAlerts", "DeleteMultiplex", "UpdateMultiplexProgram", "DeleteMultiplexProgram", "StopMultiplex", "UpdateMultiplex", "DescribeMultiplex", "ListMultiplexPrograms", "DescribeMultiplexProgram", "StartMultiplex"],
    "medialive.multiplex_program_settings": ["CreateMultiplexProgram"],
    "medialive.program_name": ["CreateMultiplexProgram", "UpdateMultiplexProgram", "DescribeMultiplexProgram", "DeleteMultiplexProgram"],
    "medialive.input_id": ["UpdateInput", "CreatePartnerInput", "DeleteInput", "DescribeInput"],
    "medialive.resource_arn": ["DeleteTags", "CreateTags", "ListTagsForResource"],
    "medialive.inputsecuritygroup_id": ["UpdateInputSecurityGroup", "DescribeInputSecurityGroup", "DeleteInputSecurityGroup"],
    "medialive.reservation_id": ["UpdateReservation", "DeleteReservation", "DescribeReservation"],
    "medialive.tag_keys": ["DeleteTags"],
    "medialive.accept": ["DescribeInputDeviceThumbnail"],
    "medialive.offering_id": ["DescribeOffering", "PurchaseOffering"],
    "medialive.thumbnail_type": ["DescribeThumbnails"],
    "medialive.pipeline_id": ["DescribeThumbnails"],
    "medialive.transfer_type": ["ListInputDeviceTransfers"],
    "medialive.count": ["PurchaseOffering"],
    "medialive.channel_class": ["UpdateChannelClass"],
    "medialive.target_resource_type": ["CreateCloudWatchAlarmTemplate"],
    "medialive.metric_name": ["CreateCloudWatchAlarmTemplate"],
    "medialive.treat_missing_data": ["CreateCloudWatchAlarmTemplate"],
    "medialive.comparison_operator": ["CreateCloudWatchAlarmTemplate"],
    "medialive.statistic": ["CreateCloudWatchAlarmTemplate"],
    "medialive.period": ["CreateCloudWatchAlarmTemplate"],
    "medialive.evaluation_periods": ["CreateCloudWatchAlarmTemplate"],
    "medialive.threshold": ["CreateCloudWatchAlarmTemplate"],
    "medialive.cloud_watch_alarm_template_name": ["CreateCloudWatchAlarmTemplate"],
    "medialive.group_identifier": ["CreateCloudWatchAlarmTemplate", "CreateEventBridgeRuleTemplate"],
    "medialive.cloud_watch_alarm_template_group_name": ["CreateCloudWatchAlarmTemplateGroup"],
    "medialive.event_type": ["CreateEventBridgeRuleTemplate"],
    "medialive.event_target_name": ["CreateEventBridgeRuleTemplate"],
    "medialive.event_bridge_rule_template_group_name": ["CreateEventBridgeRuleTemplateGroup"],
    "medialive.discoveryentrypoint_arn": ["CreateSignalMap"],
    "medialive.cloud_watch_alarm_template_group_id_name": ["CreateSignalMap"],
    "medialive.identifier": ["DeleteCloudWatchAlarmTemplateGroup", "DeleteSignalMap", "GetEventBridgeRuleTemplate", "GetSignalMap", "UpdateCloudWatchAlarmTemplateGroup", "DeleteEventBridgeRuleTemplateGroup", "UpdateEventBridgeRuleTemplate", "GetEventBridgeRuleTemplateGroup", "GetCloudWatchAlarmTemplate", "UpdateCloudWatchAlarmTemplate", "UpdateEventBridgeRuleTemplateGroup", "DeleteEventBridgeRuleTemplate", "StartDeleteMonitorDeployment", "StartUpdateSignalMap", "DeleteCloudWatchAlarmTemplate", "GetCloudWatchAlarmTemplateGroup", "StartMonitorDeployment"],
    "medialive.cluster_id": ["DeleteCluster", "DeleteNode", "UpdateChannelPlacementGroup", "CreateChannelPlacementGroup", "DescribeCluster", "ListChannelPlacementGroups", "UpdateNode", "ListClusterAlerts", "DeleteChannelPlacementGroup", "UpdateCluster", "DescribeNode", "ListNodes", "UpdateNodeState", "CreateNode", "CreateNodeRegistrationScript", "DescribeChannelPlacementGroup"],
    "medialive.channelplacementgroup_id": ["UpdateChannelPlacementGroup", "DeleteChannelPlacementGroup", "DescribeChannelPlacementGroup"],
    "medialive.network_id": ["DescribeNetwork", "UpdateNetwork", "DeleteNetwork"],
    "medialive.node_id": ["DescribeNode", "DeleteNode", "UpdateNode", "UpdateNodeState"],
    "medialive.sdisource_id": ["DescribeSdiSource", "DeleteSdiSource", "UpdateSdiSource"]
  },
  "external_entities": ["medialive.accept", "medialive.channelplacementgroup_id", "medialive.cloud_watch_alarm_template_group_id_name", "medialive.discoveryentrypoint_arn", "medialive.event_target_name", "medialive.group_identifier", "medialive.identifier", "medialive.inputdevice_id", "medialive.inputsecuritygroup_id", "medialive.request_id", "medialive.resource_arn", "medialive.sdisource_id", "medialive.tag_keys", "medialive.thumbnail_type", "medialive.transfer_type"]
}