{
  "service": "medialive",
  "issues": {
    "generic_entities": {},
    "ambiguous_tokens": {
      "arn": [
        {
          "mapping": "BatchDelete.Failed.Arn -> medialive.failed_arn",
          "evidence": "BatchDelete.Failed.Arn",
          "entity": "medialive.failed_arn"
        },
        {
          "mapping": "BatchStart.Failed.Arn -> medialive.failed_arn",
          "evidence": "BatchStart.Failed.Arn",
          "entity": "medialive.failed_arn"
        },
        {
          "mapping": "BatchStop.Failed.Arn -> medialive.failed_arn",
          "evidence": "BatchStop.Failed.Arn",
          "entity": "medialive.failed_arn"
        },
        {
          "mapping": "CreateChannel.Channel.Arn -> medialive.channel_arn",
          "evidence": "CreateChannel.Channel.Arn",
          "entity": "medialive.channel_arn"
        },
        {
          "mapping": "CreateInput.Input.Arn -> medialive.input_arn",
          "evidence": "CreateInput.Input.Arn",
          "entity": "medialive.input_arn"
        },
        {
          "mapping": "CreateInputSecurityGroup.SecurityGroup.Arn -> medialive.security_group_arn",
          "evidence": "CreateInputSecurityGroup.SecurityGroup.Arn",
          "entity": "medialive.security_group_arn"
        },
        {
          "mapping": "ListChannels.Channels[].Arn -> medialive.channel_arn",
          "evidence": "ListChannels.Channels[].Arn",
          "entity": "medialive.channel_arn"
        },
        {
          "mapping": "ListInputDevices.InputDevices[].Arn -> medialive.input_devic_arn",
          "evidence": "ListInputDevices.InputDevices[].Arn",
          "entity": "medialive.input_devic_arn"
        },
        {
          "mapping": "ListInputSecurityGroups.InputSecurityGroups[].Arn -> medialive.input_security_group_arn",
          "evidence": "ListInputSecurityGroups.InputSecurityGroups[].Arn",
          "entity": "medialive.input_security_group_arn"
        },
        {
          "mapping": "ListInputs.Inputs[].Arn -> medialive.input_arn",
          "evidence": "ListInputs.Inputs[].Arn",
          "entity": "medialive.input_arn"
        },
        {
          "mapping": "ListMultiplexes.Multiplexes[].Arn -> medialive.multiplex_arn",
          "evidence": "ListMultiplexes.Multiplexes[].Arn",
          "entity": "medialive.multiplex_arn"
        },
        {
          "mapping": "ListOfferings.Offerings[].Arn -> medialive.offering_arn",
          "evidence": "ListOfferings.Offerings[].Arn",
          "entity": "medialive.offering_arn"
        },
        {
          "mapping": "ListReservations.Reservations[].Arn -> medialive.reservation_arn",
          "evidence": "ListReservations.Reservations[].Arn",
          "entity": "medialive.reservation_arn"
        },
        {
          "mapping": "ListCloudWatchAlarmTemplateGroups.CloudWatchAlarmTemplateGroups[].Arn -> medialive.cloud_watch_alarm_template_group_arn",
          "evidence": "ListCloudWatchAlarmTemplateGroups.CloudWatchAlarmTemplateGroups[].Arn",
          "entity": "medialive.cloud_watch_alarm_template_group_arn"
        },
        {
          "mapping": "ListCloudWatchAlarmTemplates.CloudWatchAlarmTemplates[].Arn -> medialive.cloud_watch_alarm_templat_arn",
          "evidence": "ListCloudWatchAlarmTemplates.CloudWatchAlarmTemplates[].Arn",
          "entity": "medialive.cloud_watch_alarm_templat_arn"
        },
        {
          "mapping": "ListEventBridgeRuleTemplateGroups.EventBridgeRuleTemplateGroups[].Arn -> medialive.event_bridge_rule_template_group_arn",
          "evidence": "ListEventBridgeRuleTemplateGroups.EventBridgeRuleTemplateGroups[].Arn",
          "entity": "medialive.event_bridge_rule_template_group_arn"
        },
        {
          "mapping": "ListEventBridgeRuleTemplates.EventBridgeRuleTemplates[].Arn -> medialive.event_bridge_rule_templat_arn",
          "evidence": "ListEventBridgeRuleTemplates.EventBridgeRuleTemplates[].Arn",
          "entity": "medialive.event_bridge_rule_templat_arn"
        },
        {
          "mapping": "ListSignalMaps.SignalMaps[].Arn -> medialive.signal_map_arn",
          "evidence": "ListSignalMaps.SignalMaps[].Arn",
          "entity": "medialive.signal_map_arn"
        },
        {
          "mapping": "CreateCluster.Arn -> medialive.cluster_arn",
          "evidence": "CreateCluster.Arn",
          "entity": "medialive.cluster_arn"
        },
        {
          "mapping": "CreateNetwork.Arn -> medialive.network_arn",
          "evidence": "CreateNetwork.Arn",
          "entity": "medialive.network_arn"
        }
      ],
      "id": [
        {
          "mapping": "BatchDelete.Failed.Id -> medialive.failed_id",
          "evidence": "BatchDelete.Failed.Id",
          "entity": "medialive.failed_id"
        },
        {
          "mapping": "BatchStart.Failed.Id -> medialive.failed_id",
          "evidence": "BatchStart.Failed.Id",
          "entity": "medialive.failed_id"
        },
        {
          "mapping": "BatchStop.Failed.Id -> medialive.failed_id",
          "evidence": "BatchStop.Failed.Id",
          "entity": "medialive.failed_id"
        },
        {
          "mapping": "CreateChannel.Channel.Id -> medialive.channel_id",
          "evidence": "CreateChannel.Channel.Id",
          "entity": "medialive.channel_id"
        },
        {
          "mapping": "CreateInput.Input.Id -> medialive.input_id",
          "evidence": "CreateInput.Input.Id",
          "entity": "medialive.input_id"
        },
        {
          "mapping": "CreateInputSecurityGroup.SecurityGroup.Id -> medialive.group_id",
          "evidence": "CreateInputSecurityGroup.SecurityGroup.Id",
          "entity": "medialive.group_id"
        },
        {
          "mapping": "ListChannels.Channels[].Id -> medialive.channel_id",
          "evidence": "ListChannels.Channels[].Id",
          "entity": "medialive.channel_id"
        },
        {
          "mapping": "ListInputDevices.InputDevices[].Id -> medialive.input_devic_id",
          "evidence": "ListInputDevices.InputDevices[].Id",
          "entity": "medialive.input_devic_id"
        },
        {
          "mapping": "ListInputSecurityGroups.InputSecurityGroups[].Id -> medialive.group_id",
          "evidence": "ListInputSecurityGroups.InputSecurityGroups[].Id",
          "entity": "medialive.group_id"
        },
        {
          "mapping": "ListInputs.Inputs[].Id -> medialive.input_id",
          "evidence": "ListInputs.Inputs[].Id",
          "entity": "medialive.input_id"
        },
        {
          "mapping": "ListMultiplexes.Multiplexes[].Id -> medialive.multiplex_id",
          "evidence": "ListMultiplexes.Multiplexes[].Id",
          "entity": "medialive.multiplex_id"
        },
        {
          "mapping": "ListCloudWatchAlarmTemplateGroups.CloudWatchAlarmTemplateGroups[].Id -> medialive.group_id",
          "evidence": "ListCloudWatchAlarmTemplateGroups.CloudWatchAlarmTemplateGroups[].Id",
          "entity": "medialive.group_id"
        },
        {
          "mapping": "ListCloudWatchAlarmTemplates.CloudWatchAlarmTemplates[].Id -> medialive.cloud_watch_alarm_templat_id",
          "evidence": "ListCloudWatchAlarmTemplates.CloudWatchAlarmTemplates[].Id",
          "entity": "medialive.cloud_watch_alarm_templat_id"
        },
        {
          "mapping": "ListEventBridgeRuleTemplateGroups.EventBridgeRuleTemplateGroups[].Id -> medialive.group_id",
          "evidence": "ListEventBridgeRuleTemplateGroups.EventBridgeRuleTemplateGroups[].Id",
          "entity": "medialive.group_id"
        },
        {
          "mapping": "ListEventBridgeRuleTemplates.EventBridgeRuleTemplates[].Id -> medialive.event_bridge_rule_templat_id",
          "evidence": "ListEventBridgeRuleTemplates.EventBridgeRuleTemplates[].Id",
          "entity": "medialive.event_bridge_rule_templat_id"
        },
        {
          "mapping": "ListSignalMaps.SignalMaps[].Id -> medialive.signal_map_id",
          "evidence": "ListSignalMaps.SignalMaps[].Id",
          "entity": "medialive.signal_map_id"
        },
        {
          "mapping": "CreateCluster.Id -> medialive.cluster_id",
          "evidence": "CreateCluster.Id",
          "entity": "medialive.cluster_id"
        },
        {
          "mapping": "CreateNetwork.Id -> medialive.network_id",
          "evidence": "CreateNetwork.Id",
          "entity": "medialive.network_id"
        },
        {
          "mapping": "ListClusters.Clusters[].Id -> medialive.cluster_id",
          "evidence": "ListClusters.Clusters[].Id",
          "entity": "medialive.cluster_id"
        },
        {
          "mapping": "ListNetworks.Networks[].Id -> medialive.network_id",
          "evidence": "ListNetworks.Networks[].Id",
          "entity": "medialive.network_id"
        }
      ],
      "name": [
        {
          "mapping": "CreateChannel.Channel.Name -> medialive.channel_name",
          "evidence": "CreateChannel.Channel.Name",
          "entity": "medialive.channel_name"
        },
        {
          "mapping": "CreateInput.Input.Name -> medialive.input_name",
          "evidence": "CreateInput.Input.Name",
          "entity": "medialive.input_name"
        },
        {
          "mapping": "ListChannels.Channels[].Name -> medialive.channel_name",
          "evidence": "ListChannels.Channels[].Name",
          "entity": "medialive.channel_name"
        },
        {
          "mapping": "ListInputDevices.InputDevices[].Name -> medialive.input_devic_name",
          "evidence": "ListInputDevices.InputDevices[].Name",
          "entity": "medialive.input_devic_name"
        },
        {
          "mapping": "ListInputs.Inputs[].Name -> medialive.input_name",
          "evidence": "ListInputs.Inputs[].Name",
          "entity": "medialive.input_name"
        },
        {
          "mapping": "ListMultiplexes.Multiplexes[].Name -> medialive.multiplex_name",
          "evidence": "ListMultiplexes.Multiplexes[].Name",
          "entity": "medialive.multiplex_name"
        },
        {
          "mapping": "ListReservations.Reservations[].Name -> medialive.reservation_name",
          "evidence": "ListReservations.Reservations[].Name",
          "entity": "medialive.reservation_name"
        },
        {
          "mapping": "ListCloudWatchAlarmTemplateGroups.CloudWatchAlarmTemplateGroups[].Name -> medialive.cloud_watch_alarm_template_group_name",
          "evidence": "ListCloudWatchAlarmTemplateGroups.CloudWatchAlarmTemplateGroups[].Name",
          "entity": "medialive.cloud_watch_alarm_template_group_name"
        },
        {
          "mapping": "ListCloudWatchAlarmTemplates.CloudWatchAlarmTemplates[].Name -> medialive.cloud_watch_alarm_templat_name",
          "evidence": "ListCloudWatchAlarmTemplates.CloudWatchAlarmTemplates[].Name",
          "entity": "medialive.cloud_watch_alarm_templat_name"
        },
        {
          "mapping": "ListEventBridgeRuleTemplateGroups.EventBridgeRuleTemplateGroups[].Name -> medialive.event_bridge_rule_template_group_name",
          "evidence": "ListEventBridgeRuleTemplateGroups.EventBridgeRuleTemplateGroups[].Name",
          "entity": "medialive.event_bridge_rule_template_group_name"
        },
        {
          "mapping": "ListEventBridgeRuleTemplates.EventBridgeRuleTemplates[].Name -> medialive.event_bridge_rule_templat_name",
          "evidence": "ListEventBridgeRuleTemplates.EventBridgeRuleTemplates[].Name",
          "entity": "medialive.event_bridge_rule_templat_name"
        },
        {
          "mapping": "ListSignalMaps.SignalMaps[].Name -> medialive.signal_map_name",
          "evidence": "ListSignalMaps.SignalMaps[].Name",
          "entity": "medialive.signal_map_name"
        },
        {
          "mapping": "CreateCluster.Name -> medialive.cluster_name",
          "evidence": "CreateCluster.Name",
          "entity": "medialive.cluster_name"
        },
        {
          "mapping": "CreateNetwork.Name -> medialive.network_name",
          "evidence": "CreateNetwork.Name",
          "entity": "medialive.network_name"
        },
        {
          "mapping": "ListClusters.Clusters[].Name -> medialive.cluster_name",
          "evidence": "ListClusters.Clusters[].Name",
          "entity": "medialive.cluster_name"
        },
        {
          "mapping": "ListNetworks.Networks[].Name -> medialive.network_name",
          "evidence": "ListNetworks.Networks[].Name",
          "entity": "medialive.network_name"
        },
        {
          "mapping": "CreateSdiSource.SdiSource.Name -> medialive.sdi_source_name",
          "evidence": "CreateSdiSource.SdiSource.Name",
          "entity": "medialive.sdi_source_name"
        },
        {
          "mapping": "ListSdiSources.SdiSources[].Name -> medialive.sdi_sourc_name",
          "evidence": "ListSdiSources.SdiSources[].Name",
          "entity": "medialive.sdi_sourc_name"
        },
        {
          "mapping": "CreateMultiplex.Name -> medialive.multiplex_name",
          "evidence": "CreateMultiplex.Name",
          "entity": "medialive.multiplex_name"
        },
        {
          "mapping": "CreateMultiplex.Multiplex.Name -> medialive.multiplex_name",
          "evidence": "CreateMultiplex.Multiplex.Name",
          "entity": "medialive.multiplex_name"
        }
      ],
      "status": [
        {
          "mapping": "ListSignalMaps.SignalMaps[].Status -> medialive.signal_map_status",
          "evidence": "ListSignalMaps.SignalMaps[].Status",
          "entity": "medialive.signal_map_status"
        },
        {
          "mapping": "CreateSignalMap.Status -> medialive.signal_map_status",
          "evidence": "CreateSignalMap.Status",
          "entity": "medialive.signal_map_status"
        },
        {
          "mapping": "GetSignalMap.Status -> medialive.signal_map_status",
          "evidence": "GetSignalMap.Status",
          "entity": "medialive.signal_map_status"
        },
        {
          "mapping": "StartDeleteMonitorDeployment.Status -> medialive.delete_monitor_deployment_status",
          "evidence": "StartDeleteMonitorDeployment.Status",
          "entity": "medialive.delete_monitor_deployment_status"
        },
        {
          "mapping": "StartMonitorDeployment.Status -> medialive.monitor_deployment_status",
          "evidence": "StartMonitorDeployment.Status",
          "entity": "medialive.monitor_deployment_status"
        },
        {
          "mapping": "StartUpdateSignalMap.Status -> medialive.update_signal_map_status",
          "evidence": "StartUpdateSignalMap.Status",
          "entity": "medialive.update_signal_map_status"
        }
      ]
    },
    "unresolved_consumes": [],
    "suspicious_paths": []
  },
  "alias_candidates_not_applied": [
    {
      "alias_entity": "medialive.cloud_watch_alarm_template_group_id_name",
      "canonical_entity": "medialive.cloud_watch_alarm_template_name",
      "confidence": "MEDIUM",
      "reason": "Both entities share param names and have similar base",
      "evidence": {
        "shared_params": [
          "Name"
        ],
        "normalized_match": false,
        "alias_usage": {
          "consumes": 1,
          "produces": 0
        },
        "canonical_usage": {
          "consumes": 1,
          "produces": 3
        }
      }
    },
    {
      "alias_entity": "medialive.cloud_watch_alarm_template_group_name",
      "canonical_entity": "medialive.cloud_watch_alarm_template_name",
      "confidence": "MEDIUM",
      "reason": "Both entities share param names and have similar base",
      "evidence": {
        "shared_params": [
          "Name"
        ],
        "normalized_match": false,
        "alias_usage": {
          "consumes": 1,
          "produces": 4
        },
        "canonical_usage": {
          "consumes": 1,
          "produces": 3
        }
      }
    },
    {
      "alias_entity": "medialive.cloud_watch_alarm_template_group_id_name",
      "canonical_entity": "medialive.cloud_watch_alarm_template_group_name",
      "confidence": "MEDIUM",
      "reason": "Both entities share param names and have similar base",
      "evidence": {
        "shared_params": [
          "Name"
        ],
        "normalized_match": false,
        "alias_usage": {
          "consumes": 1,
          "produces": 0
        },
        "canonical_usage": {
          "consumes": 1,
          "produces": 4
        }
      }
    }
  ],
  "suggested_overrides": [
    {
      "operation": "CreateMultiplex",
      "type": "produces",
      "key": "Multiplex.Id",
      "suggested_entity": "medialive.request_id",
      "confidence": "MEDIUM",
      "reason": "Param 'RequestId' and output field 'Id' match but map to different entities. Suggest unifying to consume entity."
    },
    {
      "operation": "CreateMultiplex",
      "type": "produces",
      "key": "Multiplex.AvailabilityZones",
      "suggested_entity": "medialive.availability_zones",
      "confidence": "MEDIUM",
      "reason": "Param 'AvailabilityZones' and output field 'AvailabilityZones' match but map to different entities. Suggest unifying to consume entity."
    },
    {
      "operation": "CreateMultiplexProgram",
      "type": "produces",
      "key": "MultiplexProgram.ChannelId",
      "suggested_entity": "medialive.multiplex_id",
      "confidence": "MEDIUM",
      "reason": "Param 'MultiplexId' and output field 'ChannelId' match but map to different entities. Suggest unifying to consume entity."
    },
    {
      "operation": "CreateMultiplexProgram",
      "type": "produces",
      "key": "MultiplexProgram.ChannelId",
      "suggested_entity": "medialive.request_id",
      "confidence": "MEDIUM",
      "reason": "Param 'RequestId' and output field 'ChannelId' match but map to different entities. Suggest unifying to consume entity."
    },
    {
      "operation": "DeleteChannel",
      "type": "produces",
      "key": "Destinations.Id",
      "suggested_entity": "medialive.channel_id",
      "confidence": "MEDIUM",
      "reason": "Param 'ChannelId' and output field 'Id' match but map to different entities. Suggest unifying to consume entity."
    },
    {
      "operation": "DeleteMultiplexProgram",
      "type": "produces",
      "key": "ChannelId",
      "suggested_entity": "medialive.multiplex_id",
      "confidence": "MEDIUM",
      "reason": "Param 'MultiplexId' and output field 'ChannelId' match but map to different entities. Suggest unifying to consume entity."
    },
    {
      "operation": "DeleteMultiplexProgram",
      "type": "produces",
      "key": "PipelineDetails.PipelineId",
      "suggested_entity": "medialive.multiplex_id",
      "confidence": "MEDIUM",
      "reason": "Param 'MultiplexId' and output field 'PipelineId' match but map to different entities. Suggest unifying to consume entity."
    },
    {
      "operation": "DeleteReservation",
      "type": "produces",
      "key": "OfferingId",
      "suggested_entity": "medialive.reservation_id",
      "confidence": "MEDIUM",
      "reason": "Param 'ReservationId' and output field 'OfferingId' match but map to different entities. Suggest unifying to consume entity."
    },
    {
      "operation": "DescribeChannel",
      "type": "produces",
      "key": "Destinations.Id",
      "suggested_entity": "medialive.channel_id",
      "confidence": "MEDIUM",
      "reason": "Param 'ChannelId' and output field 'Id' match but map to different entities. Suggest unifying to consume entity."
    },
    {
      "operation": "DescribeInputDevice",
      "type": "produces",
      "key": "Id",
      "suggested_entity": "medialive.inputdevice_id",
      "confidence": "MEDIUM",
      "reason": "Param 'InputDeviceId' and output field 'Id' match but map to different entities. Suggest unifying to consume entity."
    },
    {
      "operation": "DescribeInputSecurityGroup",
      "type": "produces",
      "key": "Id",
      "suggested_entity": "medialive.inputsecuritygroup_id",
      "confidence": "MEDIUM",
      "reason": "Param 'InputSecurityGroupId' and output field 'Id' match but map to different entities. Suggest unifying to consume entity."
    },
    {
      "operation": "DescribeMultiplexProgram",
      "type": "produces",
      "key": "ChannelId",
      "suggested_entity": "medialive.multiplex_id",
      "confidence": "MEDIUM",
      "reason": "Param 'MultiplexId' and output field 'ChannelId' match but map to different entities. Suggest unifying to consume entity."
    },
    {
      "operation": "DescribeMultiplexProgram",
      "type": "produces",
      "key": "PipelineDetails.PipelineId",
      "suggested_entity": "medialive.multiplex_id",
      "confidence": "MEDIUM",
      "reason": "Param 'MultiplexId' and output field 'PipelineId' match but map to different entities. Suggest unifying to consume entity."
    },
    {
      "operation": "DescribeReservation",
      "type": "produces",
      "key": "OfferingId",
      "suggested_entity": "medialive.reservation_id",
      "confidence": "MEDIUM",
      "reason": "Param 'ReservationId' and output field 'OfferingId' match but map to different entities. Suggest unifying to consume entity."
    },
    {
      "operation": "DescribeThumbnails",
      "type": "produces",
      "key": "ThumbnailDetails.PipelineId",
      "suggested_entity": "medialive.channel_id",
      "confidence": "MEDIUM",
      "reason": "Param 'ChannelId' and output field 'PipelineId' match but map to different entities. Suggest unifying to consume entity."
    },
    {
      "operation": "ListInputDeviceTransfers",
      "type": "produces",
      "key": "InputDeviceTransfers[].TransferType",
      "suggested_entity": "medialive.transfer_type",
      "confidence": "MEDIUM",
      "reason": "Param 'TransferType' and output field 'TransferType' match but map to different entities. Suggest unifying to consume entity."
    },
    {
      "operation": "ListMultiplexPrograms",
      "type": "produces",
      "key": "MultiplexPrograms[].ChannelId",
      "suggested_entity": "medialive.multiplex_id",
      "confidence": "MEDIUM",
      "reason": "Param 'MultiplexId' and output field 'ChannelId' match but map to different entities. Suggest unifying to consume entity."
    },
    {
      "operation": "PurchaseOffering",
      "type": "produces",
      "key": "Reservation.ReservationId",
      "suggested_entity": "medialive.offering_id",
      "confidence": "MEDIUM",
      "reason": "Param 'OfferingId' and output field 'ReservationId' match but map to different entities. Suggest unifying to consume entity."
    },
    {
      "operation": "PurchaseOffering",
      "type": "produces",
      "key": "Reservation.Count",
      "suggested_entity": "medialive.count",
      "confidence": "MEDIUM",
      "reason": "Param 'Count' and output field 'Count' match but map to different entities. Suggest unifying to consume entity."
    },
    {
      "operation": "StartChannel",
      "type": "produces",
      "key": "Destinations.Id",
      "suggested_entity": "medialive.channel_id",
      "confidence": "MEDIUM",
      "reason": "Param 'ChannelId' and output field 'Id' match but map to different entities. Suggest unifying to consume entity."
    }
  ],
  "unresolved_items": [
    {
      "mapping": "BatchDelete.Failed.Arn -> medialive.failed_arn",
      "evidence": "BatchDelete.Failed.Arn",
      "entity": "medialive.failed_arn"
    },
    {
      "mapping": "BatchStart.Failed.Arn -> medialive.failed_arn",
      "evidence": "BatchStart.Failed.Arn",
      "entity": "medialive.failed_arn"
    },
    {
      "mapping": "BatchStop.Failed.Arn -> medialive.failed_arn",
      "evidence": "BatchStop.Failed.Arn",
      "entity": "medialive.failed_arn"
    },
    {
      "mapping": "CreateChannel.Channel.Arn -> medialive.channel_arn",
      "evidence": "CreateChannel.Channel.Arn",
      "entity": "medialive.channel_arn"
    },
    {
      "mapping": "CreateInput.Input.Arn -> medialive.input_arn",
      "evidence": "CreateInput.Input.Arn",
      "entity": "medialive.input_arn"
    },
    {
      "mapping": "CreateInputSecurityGroup.SecurityGroup.Arn -> medialive.security_group_arn",
      "evidence": "CreateInputSecurityGroup.SecurityGroup.Arn",
      "entity": "medialive.security_group_arn"
    },
    {
      "mapping": "ListChannels.Channels[].Arn -> medialive.channel_arn",
      "evidence": "ListChannels.Channels[].Arn",
      "entity": "medialive.channel_arn"
    },
    {
      "mapping": "ListInputDevices.InputDevices[].Arn -> medialive.input_devic_arn",
      "evidence": "ListInputDevices.InputDevices[].Arn",
      "entity": "medialive.input_devic_arn"
    },
    {
      "mapping": "ListInputSecurityGroups.InputSecurityGroups[].Arn -> medialive.input_security_group_arn",
      "evidence": "ListInputSecurityGroups.InputSecurityGroups[].Arn",
      "entity": "medialive.input_security_group_arn"
    },
    {
      "mapping": "ListInputs.Inputs[].Arn -> medialive.input_arn",
      "evidence": "ListInputs.Inputs[].Arn",
      "entity": "medialive.input_arn"
    },
    {
      "mapping": "ListMultiplexes.Multiplexes[].Arn -> medialive.multiplex_arn",
      "evidence": "ListMultiplexes.Multiplexes[].Arn",
      "entity": "medialive.multiplex_arn"
    },
    {
      "mapping": "ListOfferings.Offerings[].Arn -> medialive.offering_arn",
      "evidence": "ListOfferings.Offerings[].Arn",
      "entity": "medialive.offering_arn"
    },
    {
      "mapping": "ListReservations.Reservations[].Arn -> medialive.reservation_arn",
      "evidence": "ListReservations.Reservations[].Arn",
      "entity": "medialive.reservation_arn"
    },
    {
      "mapping": "ListCloudWatchAlarmTemplateGroups.CloudWatchAlarmTemplateGroups[].Arn -> medialive.cloud_watch_alarm_template_group_arn",
      "evidence": "ListCloudWatchAlarmTemplateGroups.CloudWatchAlarmTemplateGroups[].Arn",
      "entity": "medialive.cloud_watch_alarm_template_group_arn"
    },
    {
      "mapping": "ListCloudWatchAlarmTemplates.CloudWatchAlarmTemplates[].Arn -> medialive.cloud_watch_alarm_templat_arn",
      "evidence": "ListCloudWatchAlarmTemplates.CloudWatchAlarmTemplates[].Arn",
      "entity": "medialive.cloud_watch_alarm_templat_arn"
    },
    {
      "mapping": "ListEventBridgeRuleTemplateGroups.EventBridgeRuleTemplateGroups[].Arn -> medialive.event_bridge_rule_template_group_arn",
      "evidence": "ListEventBridgeRuleTemplateGroups.EventBridgeRuleTemplateGroups[].Arn",
      "entity": "medialive.event_bridge_rule_template_group_arn"
    },
    {
      "mapping": "ListEventBridgeRuleTemplates.EventBridgeRuleTemplates[].Arn -> medialive.event_bridge_rule_templat_arn",
      "evidence": "ListEventBridgeRuleTemplates.EventBridgeRuleTemplates[].Arn",
      "entity": "medialive.event_bridge_rule_templat_arn"
    },
    {
      "mapping": "ListSignalMaps.SignalMaps[].Arn -> medialive.signal_map_arn",
      "evidence": "ListSignalMaps.SignalMaps[].Arn",
      "entity": "medialive.signal_map_arn"
    },
    {
      "mapping": "CreateCluster.Arn -> medialive.cluster_arn",
      "evidence": "CreateCluster.Arn",
      "entity": "medialive.cluster_arn"
    },
    {
      "mapping": "CreateNetwork.Arn -> medialive.network_arn",
      "evidence": "CreateNetwork.Arn",
      "entity": "medialive.network_arn"
    },
    {
      "mapping": "BatchDelete.Failed.Id -> medialive.failed_id",
      "evidence": "BatchDelete.Failed.Id",
      "entity": "medialive.failed_id"
    },
    {
      "mapping": "BatchStart.Failed.Id -> medialive.failed_id",
      "evidence": "BatchStart.Failed.Id",
      "entity": "medialive.failed_id"
    },
    {
      "mapping": "BatchStop.Failed.Id -> medialive.failed_id",
      "evidence": "BatchStop.Failed.Id",
      "entity": "medialive.failed_id"
    },
    {
      "mapping": "CreateChannel.Channel.Id -> medialive.channel_id",
      "evidence": "CreateChannel.Channel.Id",
      "entity": "medialive.channel_id"
    },
    {
      "mapping": "CreateInput.Input.Id -> medialive.input_id",
      "evidence": "CreateInput.Input.Id",
      "entity": "medialive.input_id"
    },
    {
      "mapping": "CreateInputSecurityGroup.SecurityGroup.Id -> medialive.group_id",
      "evidence": "CreateInputSecurityGroup.SecurityGroup.Id",
      "entity": "medialive.group_id"
    },
    {
      "mapping": "ListChannels.Channels[].Id -> medialive.channel_id",
      "evidence": "ListChannels.Channels[].Id",
      "entity": "medialive.channel_id"
    },
    {
      "mapping": "ListInputDevices.InputDevices[].Id -> medialive.input_devic_id",
      "evidence": "ListInputDevices.InputDevices[].Id",
      "entity": "medialive.input_devic_id"
    },
    {
      "mapping": "ListInputSecurityGroups.InputSecurityGroups[].Id -> medialive.group_id",
      "evidence": "ListInputSecurityGroups.InputSecurityGroups[].Id",
      "entity": "medialive.group_id"
    },
    {
      "mapping": "ListInputs.Inputs[].Id -> medialive.input_id",
      "evidence": "ListInputs.Inputs[].Id",
      "entity": "medialive.input_id"
    },
    {
      "mapping": "ListMultiplexes.Multiplexes[].Id -> medialive.multiplex_id",
      "evidence": "ListMultiplexes.Multiplexes[].Id",
      "entity": "medialive.multiplex_id"
    },
    {
      "mapping": "ListCloudWatchAlarmTemplateGroups.CloudWatchAlarmTemplateGroups[].Id -> medialive.group_id",
      "evidence": "ListCloudWatchAlarmTemplateGroups.CloudWatchAlarmTemplateGroups[].Id",
      "entity": "medialive.group_id"
    },
    {
      "mapping": "ListCloudWatchAlarmTemplates.CloudWatchAlarmTemplates[].Id -> medialive.cloud_watch_alarm_templat_id",
      "evidence": "ListCloudWatchAlarmTemplates.CloudWatchAlarmTemplates[].Id",
      "entity": "medialive.cloud_watch_alarm_templat_id"
    },
    {
      "mapping": "ListEventBridgeRuleTemplateGroups.EventBridgeRuleTemplateGroups[].Id -> medialive.group_id",
      "evidence": "ListEventBridgeRuleTemplateGroups.EventBridgeRuleTemplateGroups[].Id",
      "entity": "medialive.group_id"
    },
    {
      "mapping": "ListEventBridgeRuleTemplates.EventBridgeRuleTemplates[].Id -> medialive.event_bridge_rule_templat_id",
      "evidence": "ListEventBridgeRuleTemplates.EventBridgeRuleTemplates[].Id",
      "entity": "medialive.event_bridge_rule_templat_id"
    },
    {
      "mapping": "ListSignalMaps.SignalMaps[].Id -> medialive.signal_map_id",
      "evidence": "ListSignalMaps.SignalMaps[].Id",
      "entity": "medialive.signal_map_id"
    },
    {
      "mapping": "CreateCluster.Id -> medialive.cluster_id",
      "evidence": "CreateCluster.Id",
      "entity": "medialive.cluster_id"
    },
    {
      "mapping": "CreateNetwork.Id -> medialive.network_id",
      "evidence": "CreateNetwork.Id",
      "entity": "medialive.network_id"
    },
    {
      "mapping": "ListClusters.Clusters[].Id -> medialive.cluster_id",
      "evidence": "ListClusters.Clusters[].Id",
      "entity": "medialive.cluster_id"
    },
    {
      "mapping": "ListNetworks.Networks[].Id -> medialive.network_id",
      "evidence": "ListNetworks.Networks[].Id",
      "entity": "medialive.network_id"
    },
    {
      "mapping": "CreateChannel.Channel.Name -> medialive.channel_name",
      "evidence": "CreateChannel.Channel.Name",
      "entity": "medialive.channel_name"
    },
    {
      "mapping": "CreateInput.Input.Name -> medialive.input_name",
      "evidence": "CreateInput.Input.Name",
      "entity": "medialive.input_name"
    },
    {
      "mapping": "ListChannels.Channels[].Name -> medialive.channel_name",
      "evidence": "ListChannels.Channels[].Name",
      "entity": "medialive.channel_name"
    },
    {
      "mapping": "ListInputDevices.InputDevices[].Name -> medialive.input_devic_name",
      "evidence": "ListInputDevices.InputDevices[].Name",
      "entity": "medialive.input_devic_name"
    },
    {
      "mapping": "ListInputs.Inputs[].Name -> medialive.input_name",
      "evidence": "ListInputs.Inputs[].Name",
      "entity": "medialive.input_name"
    },
    {
      "mapping": "ListMultiplexes.Multiplexes[].Name -> medialive.multiplex_name",
      "evidence": "ListMultiplexes.Multiplexes[].Name",
      "entity": "medialive.multiplex_name"
    },
    {
      "mapping": "ListReservations.Reservations[].Name -> medialive.reservation_name",
      "evidence": "ListReservations.Reservations[].Name",
      "entity": "medialive.reservation_name"
    },
    {
      "mapping": "ListCloudWatchAlarmTemplateGroups.CloudWatchAlarmTemplateGroups[].Name -> medialive.cloud_watch_alarm_template_group_name",
      "evidence": "ListCloudWatchAlarmTemplateGroups.CloudWatchAlarmTemplateGroups[].Name",
      "entity": "medialive.cloud_watch_alarm_template_group_name"
    },
    {
      "mapping": "ListCloudWatchAlarmTemplates.CloudWatchAlarmTemplates[].Name -> medialive.cloud_watch_alarm_templat_name",
      "evidence": "ListCloudWatchAlarmTemplates.CloudWatchAlarmTemplates[].Name",
      "entity": "medialive.cloud_watch_alarm_templat_name"
    },
    {
      "mapping": "ListEventBridgeRuleTemplateGroups.EventBridgeRuleTemplateGroups[].Name -> medialive.event_bridge_rule_template_group_name",
      "evidence": "ListEventBridgeRuleTemplateGroups.EventBridgeRuleTemplateGroups[].Name",
      "entity": "medialive.event_bridge_rule_template_group_name"
    },
    {
      "mapping": "ListEventBridgeRuleTemplates.EventBridgeRuleTemplates[].Name -> medialive.event_bridge_rule_templat_name",
      "evidence": "ListEventBridgeRuleTemplates.EventBridgeRuleTemplates[].Name",
      "entity": "medialive.event_bridge_rule_templat_name"
    },
    {
      "mapping": "ListSignalMaps.SignalMaps[].Name -> medialive.signal_map_name",
      "evidence": "ListSignalMaps.SignalMaps[].Name",
      "entity": "medialive.signal_map_name"
    },
    {
      "mapping": "CreateCluster.Name -> medialive.cluster_name",
      "evidence": "CreateCluster.Name",
      "entity": "medialive.cluster_name"
    },
    {
      "mapping": "CreateNetwork.Name -> medialive.network_name",
      "evidence": "CreateNetwork.Name",
      "entity": "medialive.network_name"
    },
    {
      "mapping": "ListClusters.Clusters[].Name -> medialive.cluster_name",
      "evidence": "ListClusters.Clusters[].Name",
      "entity": "medialive.cluster_name"
    },
    {
      "mapping": "ListNetworks.Networks[].Name -> medialive.network_name",
      "evidence": "ListNetworks.Networks[].Name",
      "entity": "medialive.network_name"
    },
    {
      "mapping": "CreateSdiSource.SdiSource.Name -> medialive.sdi_source_name",
      "evidence": "CreateSdiSource.SdiSource.Name",
      "entity": "medialive.sdi_source_name"
    },
    {
      "mapping": "ListSdiSources.SdiSources[].Name -> medialive.sdi_sourc_name",
      "evidence": "ListSdiSources.SdiSources[].Name",
      "entity": "medialive.sdi_sourc_name"
    },
    {
      "mapping": "CreateMultiplex.Name -> medialive.multiplex_name",
      "evidence": "CreateMultiplex.Name",
      "entity": "medialive.multiplex_name"
    },
    {
      "mapping": "CreateMultiplex.Multiplex.Name -> medialive.multiplex_name",
      "evidence": "CreateMultiplex.Multiplex.Name",
      "entity": "medialive.multiplex_name"
    },
    {
      "mapping": "ListSignalMaps.SignalMaps[].Status -> medialive.signal_map_status",
      "evidence": "ListSignalMaps.SignalMaps[].Status",
      "entity": "medialive.signal_map_status"
    },
    {
      "mapping": "CreateSignalMap.Status -> medialive.signal_map_status",
      "evidence": "CreateSignalMap.Status",
      "entity": "medialive.signal_map_status"
    },
    {
      "mapping": "GetSignalMap.Status -> medialive.signal_map_status",
      "evidence": "GetSignalMap.Status",
      "entity": "medialive.signal_map_status"
    },
    {
      "mapping": "StartDeleteMonitorDeployment.Status -> medialive.delete_monitor_deployment_status",
      "evidence": "StartDeleteMonitorDeployment.Status",
      "entity": "medialive.delete_monitor_deployment_status"
    },
    {
      "mapping": "StartMonitorDeployment.Status -> medialive.monitor_deployment_status",
      "evidence": "StartMonitorDeployment.Status",
      "entity": "medialive.monitor_deployment_status"
    },
    {
      "mapping": "StartUpdateSignalMap.Status -> medialive.update_signal_map_status",
      "evidence": "StartUpdateSignalMap.Status",
      "entity": "medialive.update_signal_map_status"
    }
  ]
}