{
  "service": "marketplace-reporting",
  "op_consumes": {
    "GetBuyerDashboard": ["marketplace-reporting.dashboard_identifier", "marketplace-reporting.embedding_domains"]
  },
  "op_produces": {
    "GetBuyerDashboard": ["marketplace-reporting.dashboard_identifier", "marketplace-reporting.embedding_domains", "marketplace-reporting.embed_url"]
  },
  "entity_producers": {
    "marketplace-reporting.embed_url": ["GetBuyerDashboard"],
    "marketplace-reporting.dashboard_identifier": ["GetBuyerDashboard"],
    "marketplace-reporting.embedding_domains": ["GetBuyerDashboard"]
  },
  "entity_consumers": {
    "marketplace-reporting.dashboard_identifier": ["GetBuyerDashboard"],
    "marketplace-reporting.embedding_domains": ["GetBuyerDashboard"]
  },
  "external_entities": []
}