{
  "marketplace-reporting": {
    "service": "marketplace-reporting",
    "total_operations": 1,
    "independent": [],
    "dependent": [
      {
        "operation": "GetBuyerDashboard",
        "python_method": "get_buyer_dashboard",
        "yaml_action": "get_buyer_dashboard",
        "required_params": [
          "dashboardIdentifier",
          "embeddingDomains"
        ],
        "optional_params": [],
        "total_optional": 0,
        "output_fields": {
          "embedUrl": {
            "type": "string",
            "description": "embedUrl details",
            "compliance_category": "general",
            "operators": [
              "equals",
              "not_equals",
              "contains"
            ]
          },
          "dashboardIdentifier": {
            "type": "string",
            "description": "dashboardIdentifier details",
            "compliance_category": "identity",
            "operators": [
              "equals",
              "not_equals",
              "contains",
              "in",
              "exists"
            ]
          },
          "embeddingDomains": {
            "type": "string",
            "description": "embeddingDomains details",
            "compliance_category": "general",
            "operators": [
              "equals",
              "not_equals",
              "contains"
            ]
          }
        },
        "main_output_field": "embeddingDomains",
        "item_fields": []
      }
    ],
    "independent_count": 0,
    "dependent_count": 1
  }
}