{
  "service": "marketplace-reporting",
  "seed_from_list": [],
  "enriched_from_get_describe": [
    "dashboardIdentifier",
    "embedUrl",
    "embeddingDomains"
  ],
  "final_union": [
    "dashboardIdentifier",
    "embedUrl",
    "embeddingDomains"
  ],
  "source": {
    "operation_registry": "services/marketplace-reporting/operation_registry.json",
    "read_ops_rule": "operation name startswith List/Get/Describe/Search/Lookup",
    "excluded_keys": [
      "nextToken",
      "maxResults"
    ]
  }
}