{
  "service": "marketplace-reporting",
  "version": "1.0",
  "kind_rules": {
    "read_list": ["List"],
    "read_get": ["Get", "Describe"],
    "write_create": ["Create", "Start", "Generate", "Import", "Enable", "Register"],
    "write_update": ["Update", "Modify", "Put", "Set", "Change", "Reset", "Patch"],
    "write_delete": ["Delete", "Remove", "Terminate", "Destroy", "Disable", "Detach", "Disassociate", "Untag", "Revoke"],
    "write_apply": ["Apply", "Attach", "Associate", "Add", "Tag", "Authorize", "Unauthorize", "Grant"],
    "other": ["default"]
  },
  "entity_aliases": {},
  "overrides": {},
  "operations": {
    "GetBuyerDashboard": {
      "kind": "read_get",
      "side_effect": false,
      "sdk": {"client": "marketplace-reporting", "method": "get_buyer_dashboard"},
      "consumes": [{"entity": "marketplace-reporting.dashboard_identifier", "param": "dashboardIdentifier", "required": true, "source": "internal"}, {"entity": "marketplace-reporting.embedding_domains", "param": "embeddingDomains", "required": true, "source": "internal"}],
      "produces": [{"entity": "marketplace-reporting.embed_url", "source": "output", "path": "embedUrl"}, {"entity": "marketplace-reporting.dashboard_identifier", "source": "output", "path": "dashboardIdentifier"}, {"entity": "marketplace-reporting.embedding_domains", "source": "output", "path": "embeddingDomains"}],
      "notes": ""
    }
  }
}