{
  "service": "codebuild",
  "op_consumes": {
    "ListBuildBatches": [],
    "ListBuildBatchesForProject": [],
    "ListBuilds": [],
    "ListCuratedEnvironmentImages": [],
    "ListFleets": [],
    "ListProjects": [],
    "ListReportGroups": [],
    "ListReports": [],
    "ListSandboxes": [],
    "ListSharedProjects": [],
    "ListSharedReportGroups": [],
    "ListSourceCredentials": [],
    "RetryBuild": [],
    "RetryBuildBatch": [],
    "StartSandbox": [],
    "BatchDeleteBuilds": ["codebuild.ids"],
    "BatchGetBuildBatches": ["codebuild.ids"],
    "BatchGetBuilds": ["codebuild.ids"],
    "BatchGetCommandExecutions": ["codebuild.sandbox_id", "codebuild.command_execution_ids"],
    "BatchGetFleets": ["codebuild.names"],
    "BatchGetProjects": ["codebuild.names"],
    "BatchGetReportGroups": ["codebuild.report_group_arns"],
    "BatchGetReports": ["codebuild.report_arns"],
    "BatchGetSandboxes": ["codebuild.ids"],
    "CreateFleet": ["codebuild.compute_type", "codebuild.base_capacity", "codebuild.fleet_name", "codebuild.environment_type"],
    "CreateProject": ["codebuild.project_name", "codebuild.artifacts", "codebuild.source", "codebuild.service_role", "codebuild.environment"],
    "CreateReportGroup": ["codebuild.type", "codebuild.report_group_name", "codebuild.export_config"],
    "CreateWebhook": ["codebuild.project_name"],
    "DeleteBuildBatch": ["codebuild.builds_deleted_id"],
    "DeleteFleet": ["codebuild.fleet_arn"],
    "DeleteProject": ["codebuild.project_name"],
    "DeleteReport": ["codebuild.report_arn"],
    "DeleteReportGroup": ["codebuild.report_group_arn"],
    "DeleteResourcePolicy": ["codebuild.resource_arn"],
    "DeleteSourceCredentials": ["codebuild.source_credential_arn"],
    "DeleteWebhook": ["codebuild.project_name"],
    "DescribeCodeCoverages": ["codebuild.report_arn"],
    "DescribeTestCases": ["codebuild.report_arn"],
    "GetReportGroupTrend": ["codebuild.reportgroup_arn", "codebuild.trend_field"],
    "GetResourcePolicy": ["codebuild.resource_arn"],
    "ImportSourceCredentials": ["codebuild.token", "codebuild.server_type", "codebuild.auth_type"],
    "InvalidateProjectCache": ["codebuild.project_name"],
    "ListBuildsForProject": ["codebuild.project_name"],
    "ListCommandExecutionsForSandbox": ["codebuild.sandbox_id"],
    "ListReportsForReportGroup": ["codebuild.reportgroup_arn"],
    "ListSandboxesForProject": ["codebuild.project_name"],
    "PutResourcePolicy": ["codebuild.resource_arn", "codebuild.policy"],
    "StartBuild": ["codebuild.project_name"],
    "StartBuildBatch": ["codebuild.project_name"],
    "StartCommandExecution": ["codebuild.sandbox_id", "codebuild.command"],
    "StartSandboxConnection": ["codebuild.sandbox_id"],
    "StopBuild": ["codebuild.build_id"],
    "StopBuildBatch": ["codebuild.build_batch_id"],
    "StopSandbox": ["codebuild.sandbox_id"],
    "UpdateFleet": ["codebuild.fleet_arn"],
    "UpdateProject": ["codebuild.project_name"],
    "UpdateProjectVisibility": ["codebuild.project_visibility", "codebuild.project_arn"],
    "UpdateReportGroup": ["codebuild.report_group_arn"],
    "UpdateWebhook": ["codebuild.project_name"]
  },
  "op_produces": {
    "ListBuildBatches": ["codebuild.next_token", "codebuild.ids"],
    "ListBuildBatchesForProject": ["codebuild.next_token", "codebuild.ids"],
    "ListBuilds": ["codebuild.next_token", "codebuild.ids"],
    "ListCuratedEnvironmentImages": ["codebuild.platforms", "codebuild.platform_languages", "codebuild.platform_platform"],
    "ListFleets": ["codebuild.next_token", "codebuild.fleets"],
    "ListProjects": ["codebuild.projects", "codebuild.next_token"],
    "ListReportGroups": ["codebuild.next_token", "codebuild.report_groups"],
    "ListReports": ["codebuild.reports", "codebuild.next_token"],
    "ListSandboxes": ["codebuild.next_token", "codebuild.ids"],
    "ListSharedProjects": ["codebuild.projects", "codebuild.next_token"],
    "ListSharedReportGroups": ["codebuild.next_token", "codebuild.report_groups"],
    "ListSourceCredentials": ["codebuild.source_credentials_resource", "codebuild.source_credentials_infos", "codebuild.source_credentials_auth_type", "codebuild.source_credentials_server_type", "codebuild.source_credentials_arn"],
    "RetryBuild": ["codebuild.build_timeout_in_minutes", "codebuild.build_complete", "codebuild.build_auto_retry_config", "codebuild.build_vpc_config", "codebuild.build_resolved_source_version", "codebuild.build_arn", "codebuild.build_secondary_artifacts", "codebuild.build_current_phase", "codebuild.build_logs", "codebuild.project_name", "codebuild.build_source", "codebuild.build_environment", "codebuild.build_artifacts", "codebuild.build_source_version", "codebuild.build_cache", "codebuild.build_queued_timeout_in_minutes", "codebuild.build_phases", "codebuild.build_exported_environment_variables", "codebuild.build_file_system_locations", "codebuild.build_debug_session", "codebuild.build_service_role", "codebuild.build_network_interface", "codebuild.build_initiator", "codebuild.build_encryption_key", "codebuild.build_end_time", "codebuild.build_start_time", "codebuild.build_number", "codebuild.build_secondary_sources", "codebuild.build_report_arns", "codebuild.build", "codebuild.build_id", "codebuild.build_batch_arn", "codebuild.build_secondary_source_versions", "codebuild.build_status"],
    "RetryBuildBatch": ["codebuild.build_batch_id", "codebuild.build_batch", "codebuild.build_batch_file_system_locations", "codebuild.build_batch_encryption_key", "codebuild.build_batch_secondary_sources", "codebuild.build_batch_service_role", "codebuild.build_batch_complete", "codebuild.build_batch_start_time", "codebuild.build_batch_artifacts", "codebuild.build_batch_environment", "codebuild.build_batch_current_phase", "codebuild.build_batch_config", "codebuild.build_batch_source", "codebuild.build_batch_report_arns", "codebuild.project_name", "codebuild.build_batch_source_version", "codebuild.build_batch_resolved_source_version", "codebuild.build_batch_initiator", "codebuild.build_batch_status", "codebuild.build_batch_secondary_source_versions", "codebuild.build_batch_number", "codebuild.build_batch_log_config", "codebuild.build_batch_phases", "codebuild.build_batch_vpc_config", "codebuild.build_batch_debug_session_enabled", "codebuild.build_batch_queued_timeout_in_minutes", "codebuild.build_batch_cache", "codebuild.build_batch_build_groups", "codebuild.build_batch_secondary_artifacts", "codebuild.build_batch_arn", "codebuild.build_batch_end_time", "codebuild.build_batch_build_timeout_in_minutes"],
    "StartSandbox": ["codebuild.sandbox_id", "codebuild.sandbox_encryption_key", "codebuild.sandbox_current_session", "codebuild.sandbox_queued_timeout_in_minutes", "codebuild.sandbox_status", "codebuild.sandbox_service_role", "codebuild.sandbox_start_time", "codebuild.sandbox", "codebuild.project_name", "codebuild.sandbox_source", "codebuild.sandbox_secondary_sources", "codebuild.sandbox_arn", "codebuild.sandbox_environment", "codebuild.sandbox_log_config", "codebuild.sandbox_end_time", "codebuild.sandbox_request_time", "codebuild.sandbox_file_system_locations", "codebuild.sandbox_timeout_in_minutes", "codebuild.sandbox_source_version", "codebuild.sandbox_secondary_source_versions", "codebuild.sandbox_vpc_config"],
    "BatchDeleteBuilds": ["codebuild.builds_deleted", "codebuild.builds_not_deleted"],
    "BatchGetBuildBatches": ["codebuild.build_batch_id", "codebuild.build_batch_file_system_locations", "codebuild.build_batch_encryption_key", "codebuild.build_batch_secondary_sources", "codebuild.build_batch_service_role", "codebuild.build_batch_complete", "codebuild.build_batch_start_time", "codebuild.build_batches_not_found", "codebuild.build_batch_artifacts", "codebuild.build_batch_environment", "codebuild.build_batch_current_phase", "codebuild.build_batch_config", "codebuild.build_batch_source", "codebuild.build_batch_report_arns", "codebuild.project_name", "codebuild.build_batch_source_version", "codebuild.build_batch_resolved_source_version", "codebuild.build_batches", "codebuild.build_batch_initiator", "codebuild.build_batch_status", "codebuild.build_batch_secondary_source_versions", "codebuild.build_batch_number", "codebuild.build_batch_log_config", "codebuild.build_batch_phases", "codebuild.build_batch_vpc_config", "codebuild.build_batch_debug_session_enabled", "codebuild.build_batch_queued_timeout_in_minutes", "codebuild.build_batch_cache", "codebuild.build_batch_build_groups", "codebuild.build_batch_secondary_artifacts", "codebuild.build_batch_arn", "codebuild.build_batch_end_time", "codebuild.build_batch_build_timeout_in_minutes"],
    "BatchGetBuilds": ["codebuild.build_timeout_in_minutes", "codebuild.build_complete", "codebuild.build_auto_retry_config", "codebuild.build_vpc_config", "codebuild.build_resolved_source_version", "codebuild.build_arn", "codebuild.build_secondary_artifacts", "codebuild.build_current_phase", "codebuild.build_logs", "codebuild.project_name", "codebuild.build_source", "codebuild.build_environment", "codebuild.build_artifacts", "codebuild.build_source_version", "codebuild.build_cache", "codebuild.build_queued_timeout_in_minutes", "codebuild.build_phases", "codebuild.build_exported_environment_variables", "codebuild.build_file_system_locations", "codebuild.build_debug_session", "codebuild.build_service_role", "codebuild.build_network_interface", "codebuild.build_initiator", "codebuild.build_encryption_key", "codebuild.builds", "codebuild.build_end_time", "codebuild.build_start_time", "codebuild.build_number", "codebuild.build_secondary_sources", "codebuild.build_report_arns", "codebuild.build_id", "codebuild.builds_not_found", "codebuild.build_batch_arn", "codebuild.build_secondary_source_versions", "codebuild.build_status"],
    "BatchGetCommandExecutions": ["codebuild.command_execution_submit_time", "codebuild.sandbox_id", "codebuild.command_execution_end_time", "codebuild.command_execution_standard_output_content", "codebuild.command_executions", "codebuild.command_executions_not_found", "codebuild.command_execution_logs", "codebuild.command_execution_start_time", "codebuild.command_execution_status", "codebuild.command_execution_type", "codebuild.command_execution_sandbox_arn", "codebuild.command_execution_id", "codebuild.command_execution_command", "codebuild.command_execution_standard_err_content", "codebuild.command_execution_exit_code"],
    "BatchGetFleets": ["codebuild.fleet_status", "codebuild.fleet_created", "codebuild.fleet_last_modified", "codebuild.fleet_compute_configuration", "codebuild.fleet_vpc_config", "codebuild.fleet_id", "codebuild.fleet_service_role", "codebuild.fleets_not_found", "codebuild.fleet_compute_type", "codebuild.fleet_proxy_configuration", "codebuild.fleet_base_capacity", "codebuild.fleets", "codebuild.fleet_arn", "codebuild.fleet_environment_type", "codebuild.fleet_scaling_configuration", "codebuild.fleet_overflow_behavior", "codebuild.fleet_image_id", "codebuild.fleet_tags", "codebuild.fleet_name"],
    "BatchGetProjects": ["codebuild.project_last_modified", "codebuild.project_resource_access_role", "codebuild.project_public_project_alias", "codebuild.project_secondary_artifacts", "codebuild.project_service_role", "codebuild.project_queued_timeout_in_minutes", "codebuild.project_created", "codebuild.project_badge", "codebuild.project_artifacts", "codebuild.project_secondary_sources", "codebuild.project_environment", "codebuild.project_timeout_in_minutes", "codebuild.project_logs_config", "codebuild.project_source_version", "codebuild.project_source", "codebuild.project_visibility", "codebuild.project_description", "codebuild.project_secondary_source_versions", "codebuild.projects", "codebuild.project_name", "codebuild.project_auto_retry_limit", "codebuild.project_concurrent_build_limit", "codebuild.project_arn", "codebuild.project_encryption_key", "codebuild.project_build_batch_config", "codebuild.projects_not_found", "codebuild.project_webhook", "codebuild.project_file_system_locations", "codebuild.project_tags", "codebuild.project_vpc_config", "codebuild.project_cache"],
    "BatchGetReportGroups": ["codebuild.report_group_type", "codebuild.report_group_created", "codebuild.report_group_arn", "codebuild.report_group_export_config", "codebuild.report_group_last_modified", "codebuild.report_group_tags", "codebuild.report_groups_not_found", "codebuild.report_group_name", "codebuild.report_groups", "codebuild.report_group_status"],
    "BatchGetReports": ["codebuild.report_expired", "codebuild.report_export_config", "codebuild.report_code_coverage_summary", "codebuild.report_name", "codebuild.reports", "codebuild.report_group_arn", "codebuild.report_test_summary", "codebuild.report_arn", "codebuild.report_truncated", "codebuild.report_created", "codebuild.report_status", "codebuild.report_type", "codebuild.reports_not_found", "codebuild.report_execution_id"],
    "BatchGetSandboxes": ["codebuild.sandboxes", "codebuild.sandbox_id", "codebuild.sandbox_encryption_key", "codebuild.sandbox_current_session", "codebuild.sandbox_queued_timeout_in_minutes", "codebuild.sandbox_status", "codebuild.sandbox_service_role", "codebuild.sandbox_start_time", "codebuild.sandboxes_not_found", "codebuild.project_name", "codebuild.sandbox_source", "codebuild.sandbox_secondary_sources", "codebuild.sandbox_arn", "codebuild.sandbox_environment", "codebuild.sandbox_log_config", "codebuild.sandbox_end_time", "codebuild.sandbox_request_time", "codebuild.sandbox_file_system_locations", "codebuild.sandbox_timeout_in_minutes", "codebuild.sandbox_source_version", "codebuild.sandbox_secondary_source_versions", "codebuild.sandbox_vpc_config"],
    "CreateFleet": ["codebuild.fleet_status", "codebuild.fleet_proxy_configuration", "codebuild.fleet_environment_type", "codebuild.fleet_base_capacity", "codebuild.fleet_compute_configuration", "codebuild.fleet_arn", "codebuild.fleet_id", "codebuild.fleet_scaling_configuration", "codebuild.fleet_vpc_config", "codebuild.fleet_overflow_behavior", "codebuild.fleet_last_modified", "codebuild.fleet", "codebuild.fleet_service_role", "codebuild.fleet_image_id", "codebuild.fleet_tags", "codebuild.fleet_created", "codebuild.fleet_name", "codebuild.fleet_compute_type"],
    "CreateProject": ["codebuild.project_last_modified", "codebuild.project_resource_access_role", "codebuild.project_public_project_alias", "codebuild.project_secondary_artifacts", "codebuild.project_service_role", "codebuild.project_queued_timeout_in_minutes", "codebuild.project_created", "codebuild.project_badge", "codebuild.project_artifacts", "codebuild.project_secondary_sources", "codebuild.project_environment", "codebuild.project_timeout_in_minutes", "codebuild.project_logs_config", "codebuild.project_source_version", "codebuild.project_source", "codebuild.project_visibility", "codebuild.project_description", "codebuild.project_secondary_source_versions", "codebuild.project_name", "codebuild.project_auto_retry_limit", "codebuild.project_concurrent_build_limit", "codebuild.project_arn", "codebuild.project_encryption_key", "codebuild.project_build_batch_config", "codebuild.project_webhook", "codebuild.project_file_system_locations", "codebuild.project", "codebuild.project_tags", "codebuild.project_vpc_config", "codebuild.project_cache"],
    "CreateReportGroup": ["codebuild.report_group_type", "codebuild.report_group_created", "codebuild.report_group_arn", "codebuild.report_group_status", "codebuild.report_group_export_config", "codebuild.report_group_last_modified", "codebuild.report_group_tags", "codebuild.report_group_name", "codebuild.report_group"],
    "CreateWebhook": ["codebuild.webhook_secret", "codebuild.webhook_url", "codebuild.webhook_scope_configuration", "codebuild.webhook_pull_request_build_policy", "codebuild.webhook_payload_url", "codebuild.webhook_branch_filter", "codebuild.webhook_filter_groups", "codebuild.webhook_last_modified_secret", "codebuild.webhook", "codebuild.webhook_build_type", "codebuild.webhook_manual_creation", "codebuild.webhook_status", "codebuild.webhook_status_message"],
    "DeleteBuildBatch": ["codebuild.status_code", "codebuild.builds_deleted", "codebuild.builds_not_deleted"],
    "DeleteFleet": [],
    "DeleteProject": [],
    "DeleteReport": [],
    "DeleteReportGroup": [],
    "DeleteResourcePolicy": [],
    "DeleteSourceCredentials": ["codebuild.source_credential_arn"],
    "DeleteWebhook": [],
    "DescribeCodeCoverages": ["codebuild.code_coverag_lines_missed", "codebuild.code_coverag_file_path", "codebuild.code_coverag_lines_covered", "codebuild.code_coverages", "codebuild.next_token", "codebuild.report_arn", "codebuild.code_coverag_id", "codebuild.code_coverag_branches_covered", "codebuild.code_coverag_branch_coverage_percentage", "codebuild.code_coverag_line_coverage_percentage", "codebuild.code_coverag_branches_missed", "codebuild.code_coverag_expired"],
    "DescribeTestCases": ["codebuild.test_cas_expired", "codebuild.test_cas_test_suite_name", "codebuild.test_cas_status", "codebuild.test_cas_test_raw_data_path", "codebuild.test_cases", "codebuild.next_token", "codebuild.test_cas_prefix", "codebuild.test_cas_message", "codebuild.report_arn", "codebuild.test_cas_name", "codebuild.test_cas_duration_in_nano_seconds"],
    "GetReportGroupTrend": ["codebuild.raw_data", "codebuild.stats", "codebuild.report_arn"],
    "GetResourcePolicy": ["codebuild.policy"],
    "ImportSourceCredentials": ["codebuild.source_credential_arn"],
    "InvalidateProjectCache": [],
    "ListBuildsForProject": ["codebuild.next_token", "codebuild.ids"],
    "ListCommandExecutionsForSandbox": ["codebuild.command_execution_submit_time", "codebuild.sandbox_id", "codebuild.next_token", "codebuild.command_execution_end_time", "codebuild.command_execution_standard_output_content", "codebuild.command_executions", "codebuild.command_execution_logs", "codebuild.command_execution_start_time", "codebuild.command_execution_status", "codebuild.command_execution_type", "codebuild.command_execution_sandbox_arn", "codebuild.command_execution_id", "codebuild.command_execution_command", "codebuild.command_execution_standard_err_content", "codebuild.command_execution_exit_code"],
    "ListReportsForReportGroup": ["codebuild.reports", "codebuild.next_token"],
    "ListSandboxesForProject": ["codebuild.next_token", "codebuild.ids"],
    "PutResourcePolicy": ["codebuild.resource_arn"],
    "StartBuild": ["codebuild.build_timeout_in_minutes", "codebuild.build_complete", "codebuild.build_auto_retry_config", "codebuild.build_vpc_config", "codebuild.build_resolved_source_version", "codebuild.build_arn", "codebuild.build_secondary_artifacts", "codebuild.build_current_phase", "codebuild.build_logs", "codebuild.project_name", "codebuild.build_source", "codebuild.build_environment", "codebuild.build_artifacts", "codebuild.build_source_version", "codebuild.build_cache", "codebuild.build_queued_timeout_in_minutes", "codebuild.build_phases", "codebuild.build_exported_environment_variables", "codebuild.build_file_system_locations", "codebuild.build_debug_session", "codebuild.build_service_role", "codebuild.build_network_interface", "codebuild.build_initiator", "codebuild.build_encryption_key", "codebuild.build_end_time", "codebuild.build_start_time", "codebuild.build_number", "codebuild.build_secondary_sources", "codebuild.build_report_arns", "codebuild.build", "codebuild.build_id", "codebuild.build_batch_arn", "codebuild.build_secondary_source_versions", "codebuild.build_status"],
    "StartBuildBatch": ["codebuild.build_batch_id", "codebuild.build_batch", "codebuild.build_batch_file_system_locations", "codebuild.build_batch_encryption_key", "codebuild.build_batch_secondary_sources", "codebuild.build_batch_service_role", "codebuild.build_batch_complete", "codebuild.build_batch_start_time", "codebuild.build_batch_artifacts", "codebuild.build_batch_environment", "codebuild.build_batch_current_phase", "codebuild.build_batch_config", "codebuild.build_batch_source", "codebuild.build_batch_report_arns", "codebuild.project_name", "codebuild.build_batch_source_version", "codebuild.build_batch_resolved_source_version", "codebuild.build_batch_initiator", "codebuild.build_batch_status", "codebuild.build_batch_secondary_source_versions", "codebuild.build_batch_number", "codebuild.build_batch_log_config", "codebuild.build_batch_phases", "codebuild.build_batch_vpc_config", "codebuild.build_batch_debug_session_enabled", "codebuild.build_batch_queued_timeout_in_minutes", "codebuild.build_batch_cache", "codebuild.build_batch_build_groups", "codebuild.build_batch_secondary_artifacts", "codebuild.build_batch_arn", "codebuild.build_batch_end_time", "codebuild.build_batch_build_timeout_in_minutes"],
    "StartCommandExecution": ["codebuild.command_execution_submit_time", "codebuild.command_execution_standard_err_content", "codebuild.sandbox_id", "codebuild.command_execution_end_time", "codebuild.command_execution_standard_output_content", "codebuild.command_execution_logs", "codebuild.command_execution_start_time", "codebuild.command_execution_status", "codebuild.command_execution_type", "codebuild.command_execution_sandbox_arn", "codebuild.command_execution_id", "codebuild.command_execution_command", "codebuild.command_execution", "codebuild.command_execution_exit_code"],
    "StartSandboxConnection": ["codebuild.ssm_session_session_id", "codebuild.ssm_session", "codebuild.ssm_session_stream_url", "codebuild.ssm_session_token_value"],
    "StopBuild": ["codebuild.build_timeout_in_minutes", "codebuild.build_complete", "codebuild.build_auto_retry_config", "codebuild.build_vpc_config", "codebuild.build_resolved_source_version", "codebuild.build_arn", "codebuild.build_secondary_artifacts", "codebuild.build_current_phase", "codebuild.build_logs", "codebuild.project_name", "codebuild.build_source", "codebuild.build_environment", "codebuild.build_artifacts", "codebuild.build_source_version", "codebuild.build_cache", "codebuild.build_queued_timeout_in_minutes", "codebuild.build_phases", "codebuild.build_exported_environment_variables", "codebuild.build_file_system_locations", "codebuild.build_debug_session", "codebuild.build_service_role", "codebuild.build_network_interface", "codebuild.build_initiator", "codebuild.build_encryption_key", "codebuild.build_end_time", "codebuild.build_start_time", "codebuild.build_number", "codebuild.build_secondary_sources", "codebuild.build_report_arns", "codebuild.build", "codebuild.build_id", "codebuild.build_batch_arn", "codebuild.build_secondary_source_versions", "codebuild.build_status"],
    "StopBuildBatch": ["codebuild.build_batch_id", "codebuild.build_batch", "codebuild.build_batch_file_system_locations", "codebuild.build_batch_encryption_key", "codebuild.build_batch_secondary_sources", "codebuild.build_batch_service_role", "codebuild.build_batch_complete", "codebuild.build_batch_start_time", "codebuild.build_batch_artifacts", "codebuild.build_batch_environment", "codebuild.build_batch_current_phase", "codebuild.build_batch_config", "codebuild.build_batch_source", "codebuild.build_batch_report_arns", "codebuild.project_name", "codebuild.build_batch_source_version", "codebuild.build_batch_resolved_source_version", "codebuild.build_batch_initiator", "codebuild.build_batch_status", "codebuild.build_batch_secondary_source_versions", "codebuild.build_batch_number", "codebuild.build_batch_log_config", "codebuild.build_batch_phases", "codebuild.build_batch_vpc_config", "codebuild.build_batch_debug_session_enabled", "codebuild.build_batch_queued_timeout_in_minutes", "codebuild.build_batch_cache", "codebuild.build_batch_build_groups", "codebuild.build_batch_secondary_artifacts", "codebuild.build_batch_arn", "codebuild.build_batch_end_time", "codebuild.build_batch_build_timeout_in_minutes"],
    "StopSandbox": ["codebuild.sandbox_id", "codebuild.sandbox_encryption_key", "codebuild.sandbox_current_session", "codebuild.sandbox_queued_timeout_in_minutes", "codebuild.sandbox_status", "codebuild.sandbox_service_role", "codebuild.sandbox_start_time", "codebuild.sandbox", "codebuild.project_name", "codebuild.sandbox_source", "codebuild.sandbox_secondary_sources", "codebuild.sandbox_arn", "codebuild.sandbox_environment", "codebuild.sandbox_log_config", "codebuild.sandbox_end_time", "codebuild.sandbox_request_time", "codebuild.sandbox_file_system_locations", "codebuild.sandbox_timeout_in_minutes", "codebuild.sandbox_source_version", "codebuild.sandbox_secondary_source_versions", "codebuild.sandbox_vpc_config"],
    "UpdateFleet": ["codebuild.fleet_status", "codebuild.fleet_proxy_configuration", "codebuild.fleet_environment_type", "codebuild.fleet_base_capacity", "codebuild.fleet_compute_configuration", "codebuild.fleet_arn", "codebuild.fleet_id", "codebuild.fleet_scaling_configuration", "codebuild.fleet_vpc_config", "codebuild.fleet_overflow_behavior", "codebuild.fleet_last_modified", "codebuild.fleet", "codebuild.fleet_service_role", "codebuild.fleet_image_id", "codebuild.fleet_tags", "codebuild.fleet_created", "codebuild.fleet_name", "codebuild.fleet_compute_type"],
    "UpdateProject": ["codebuild.project_last_modified", "codebuild.project_resource_access_role", "codebuild.project_public_project_alias", "codebuild.project_secondary_artifacts", "codebuild.project_service_role", "codebuild.project_queued_timeout_in_minutes", "codebuild.project_created", "codebuild.project_badge", "codebuild.project_artifacts", "codebuild.project_secondary_sources", "codebuild.project_environment", "codebuild.project_timeout_in_minutes", "codebuild.project_logs_config", "codebuild.project_source_version", "codebuild.project_source", "codebuild.project_visibility", "codebuild.project_description", "codebuild.project_secondary_source_versions", "codebuild.project_name", "codebuild.project_auto_retry_limit", "codebuild.project_concurrent_build_limit", "codebuild.project_arn", "codebuild.project_encryption_key", "codebuild.project_build_batch_config", "codebuild.project_webhook", "codebuild.project_file_system_locations", "codebuild.project", "codebuild.project_tags", "codebuild.project_vpc_config", "codebuild.project_cache"],
    "UpdateProjectVisibility": ["codebuild.public_project_alias", "codebuild.project_visibility", "codebuild.project_arn"],
    "UpdateReportGroup": ["codebuild.report_group_type", "codebuild.report_group_created", "codebuild.report_group_arn", "codebuild.report_group_status", "codebuild.report_group_export_config", "codebuild.report_group_last_modified", "codebuild.report_group_tags", "codebuild.report_group_name", "codebuild.report_group"],
    "UpdateWebhook": ["codebuild.webhook_secret", "codebuild.webhook_url", "codebuild.webhook_scope_configuration", "codebuild.webhook_pull_request_build_policy", "codebuild.webhook_payload_url", "codebuild.webhook_branch_filter", "codebuild.webhook_filter_groups", "codebuild.webhook_last_modified_secret", "codebuild.webhook", "codebuild.webhook_build_type", "codebuild.webhook_manual_creation", "codebuild.webhook_status", "codebuild.webhook_status_message"]
  },
  "entity_producers": {
    "codebuild.ids": ["ListBuildBatches", "ListBuildsForProject", "ListBuildBatchesForProject", "ListBuilds", "ListSandboxesForProject", "ListSandboxes"],
    "codebuild.next_token": ["ListBuildBatches", "ListSharedProjects", "ListReportsForReportGroup", "ListFleets", "ListCommandExecutionsForSandbox", "DescribeCodeCoverages", "ListReportGroups", "ListBuildsForProject", "ListReports", "ListBuildBatchesForProject", "ListBuilds", "ListSandboxesForProject", "ListProjects", "ListSandboxes", "DescribeTestCases", "ListSharedReportGroups"],
    "codebuild.platforms": ["ListCuratedEnvironmentImages"],
    "codebuild.platform_platform": ["ListCuratedEnvironmentImages"],
    "codebuild.platform_languages": ["ListCuratedEnvironmentImages"],
    "codebuild.fleets": ["ListFleets", "BatchGetFleets"],
    "codebuild.projects": ["ListSharedProjects", "ListProjects", "BatchGetProjects"],
    "codebuild.report_groups": ["ListSharedReportGroups", "ListReportGroups", "BatchGetReportGroups"],
    "codebuild.reports": ["ListReportsForReportGroup", "ListReports", "BatchGetReports"],
    "codebuild.source_credentials_infos": ["ListSourceCredentials"],
    "codebuild.source_credentials_arn": ["ListSourceCredentials"],
    "codebuild.source_credentials_server_type": ["ListSourceCredentials"],
    "codebuild.source_credentials_auth_type": ["ListSourceCredentials"],
    "codebuild.source_credentials_resource": ["ListSourceCredentials"],
    "codebuild.build": ["StopBuild", "RetryBuild", "StartBuild"],
    "codebuild.build_id": ["StopBuild", "StartBuild", "RetryBuild", "BatchGetBuilds"],
    "codebuild.build_arn": ["StopBuild", "StartBuild", "RetryBuild", "BatchGetBuilds"],
    "codebuild.build_number": ["StopBuild", "StartBuild", "RetryBuild", "BatchGetBuilds"],
    "codebuild.build_start_time": ["StopBuild", "StartBuild", "RetryBuild", "BatchGetBuilds"],
    "codebuild.build_end_time": ["StopBuild", "StartBuild", "RetryBuild", "BatchGetBuilds"],
    "codebuild.build_current_phase": ["StopBuild", "StartBuild", "RetryBuild", "BatchGetBuilds"],
    "codebuild.build_status": ["StopBuild", "StartBuild", "RetryBuild", "BatchGetBuilds"],
    "codebuild.build_source_version": ["StopBuild", "StartBuild", "RetryBuild", "BatchGetBuilds"],
    "codebuild.build_resolved_source_version": ["StopBuild", "StartBuild", "RetryBuild", "BatchGetBuilds"],
    "codebuild.project_name": ["StopSandbox", "RetryBuildBatch", "UpdateProject", "StartBuildBatch", "StopBuildBatch", "BatchGetBuildBatches", "BatchGetSandboxes", "RetryBuild", "BatchGetProjects", "CreateProject", "StartBuild", "StopBuild", "StartSandbox", "BatchGetBuilds"],
    "codebuild.build_phases": ["StopBuild", "StartBuild", "RetryBuild", "BatchGetBuilds"],
    "codebuild.build_source": ["StopBuild", "StartBuild", "RetryBuild", "BatchGetBuilds"],
    "codebuild.build_secondary_sources": ["StopBuild", "StartBuild", "RetryBuild", "BatchGetBuilds"],
    "codebuild.build_secondary_source_versions": ["StopBuild", "StartBuild", "RetryBuild", "BatchGetBuilds"],
    "codebuild.build_artifacts": ["StopBuild", "StartBuild", "RetryBuild", "BatchGetBuilds"],
    "codebuild.build_secondary_artifacts": ["StopBuild", "StartBuild", "RetryBuild", "BatchGetBuilds"],
    "codebuild.build_cache": ["StopBuild", "StartBuild", "RetryBuild", "BatchGetBuilds"],
    "codebuild.build_environment": ["StopBuild", "StartBuild", "RetryBuild", "BatchGetBuilds"],
    "codebuild.build_service_role": ["StopBuild", "StartBuild", "RetryBuild", "BatchGetBuilds"],
    "codebuild.build_logs": ["StopBuild", "StartBuild", "RetryBuild", "BatchGetBuilds"],
    "codebuild.build_timeout_in_minutes": ["StopBuild", "StartBuild", "RetryBuild", "BatchGetBuilds"],
    "codebuild.build_queued_timeout_in_minutes": ["StopBuild", "StartBuild", "RetryBuild", "BatchGetBuilds"],
    "codebuild.build_complete": ["StopBuild", "StartBuild", "RetryBuild", "BatchGetBuilds"],
    "codebuild.build_initiator": ["StopBuild", "StartBuild", "RetryBuild", "BatchGetBuilds"],
    "codebuild.build_vpc_config": ["StopBuild", "StartBuild", "RetryBuild", "BatchGetBuilds"],
    "codebuild.build_network_interface": ["StopBuild", "StartBuild", "RetryBuild", "BatchGetBuilds"],
    "codebuild.build_encryption_key": ["StopBuild", "StartBuild", "RetryBuild", "BatchGetBuilds"],
    "codebuild.build_exported_environment_variables": ["StopBuild", "StartBuild", "RetryBuild", "BatchGetBuilds"],
    "codebuild.build_report_arns": ["StopBuild", "StartBuild", "RetryBuild", "BatchGetBuilds"],
    "codebuild.build_file_system_locations": ["StopBuild", "StartBuild", "RetryBuild", "BatchGetBuilds"],
    "codebuild.build_debug_session": ["StopBuild", "StartBuild", "RetryBuild", "BatchGetBuilds"],
    "codebuild.build_batch_arn": ["RetryBuildBatch", "StartBuildBatch", "StopBuildBatch", "BatchGetBuildBatches", "RetryBuild", "StartBuild", "StopBuild", "BatchGetBuilds"],
    "codebuild.build_auto_retry_config": ["StopBuild", "StartBuild", "RetryBuild", "BatchGetBuilds"],
    "codebuild.build_batch": ["RetryBuildBatch", "StopBuildBatch", "StartBuildBatch"],
    "codebuild.build_batch_id": ["RetryBuildBatch", "StopBuildBatch", "StartBuildBatch", "BatchGetBuildBatches"],
    "codebuild.build_batch_start_time": ["RetryBuildBatch", "StopBuildBatch", "StartBuildBatch", "BatchGetBuildBatches"],
    "codebuild.build_batch_end_time": ["RetryBuildBatch", "StopBuildBatch", "StartBuildBatch", "BatchGetBuildBatches"],
    "codebuild.build_batch_current_phase": ["RetryBuildBatch", "StopBuildBatch", "StartBuildBatch", "BatchGetBuildBatches"],
    "codebuild.build_batch_status": ["RetryBuildBatch", "StopBuildBatch", "StartBuildBatch", "BatchGetBuildBatches"],
    "codebuild.build_batch_source_version": ["RetryBuildBatch", "StopBuildBatch", "StartBuildBatch", "BatchGetBuildBatches"],
    "codebuild.build_batch_resolved_source_version": ["RetryBuildBatch", "StopBuildBatch", "StartBuildBatch", "BatchGetBuildBatches"],
    "codebuild.build_batch_phases": ["RetryBuildBatch", "StopBuildBatch", "StartBuildBatch", "BatchGetBuildBatches"],
    "codebuild.build_batch_source": ["RetryBuildBatch", "StopBuildBatch", "StartBuildBatch", "BatchGetBuildBatches"],
    "codebuild.build_batch_secondary_sources": ["RetryBuildBatch", "StopBuildBatch", "StartBuildBatch", "BatchGetBuildBatches"],
    "codebuild.build_batch_secondary_source_versions": ["RetryBuildBatch", "StopBuildBatch", "StartBuildBatch", "BatchGetBuildBatches"],
    "codebuild.build_batch_artifacts": ["RetryBuildBatch", "StopBuildBatch", "StartBuildBatch", "BatchGetBuildBatches"],
    "codebuild.build_batch_secondary_artifacts": ["RetryBuildBatch", "StopBuildBatch", "StartBuildBatch", "BatchGetBuildBatches"],
    "codebuild.build_batch_cache": ["RetryBuildBatch", "StopBuildBatch", "StartBuildBatch", "BatchGetBuildBatches"],
    "codebuild.build_batch_environment": ["RetryBuildBatch", "StopBuildBatch", "StartBuildBatch", "BatchGetBuildBatches"],
    "codebuild.build_batch_service_role": ["RetryBuildBatch", "StopBuildBatch", "StartBuildBatch", "BatchGetBuildBatches"],
    "codebuild.build_batch_log_config": ["RetryBuildBatch", "StopBuildBatch", "StartBuildBatch", "BatchGetBuildBatches"],
    "codebuild.build_batch_build_timeout_in_minutes": ["RetryBuildBatch", "StopBuildBatch", "StartBuildBatch", "BatchGetBuildBatches"],
    "codebuild.build_batch_queued_timeout_in_minutes": ["RetryBuildBatch", "StopBuildBatch", "StartBuildBatch", "BatchGetBuildBatches"],
    "codebuild.build_batch_complete": ["RetryBuildBatch", "StopBuildBatch", "StartBuildBatch", "BatchGetBuildBatches"],
    "codebuild.build_batch_initiator": ["RetryBuildBatch", "StopBuildBatch", "StartBuildBatch", "BatchGetBuildBatches"],
    "codebuild.build_batch_vpc_config": ["RetryBuildBatch", "StopBuildBatch", "StartBuildBatch", "BatchGetBuildBatches"],
    "codebuild.build_batch_encryption_key": ["RetryBuildBatch", "StopBuildBatch", "StartBuildBatch", "BatchGetBuildBatches"],
    "codebuild.build_batch_number": ["RetryBuildBatch", "StopBuildBatch", "StartBuildBatch", "BatchGetBuildBatches"],
    "codebuild.build_batch_file_system_locations": ["RetryBuildBatch", "StopBuildBatch", "StartBuildBatch", "BatchGetBuildBatches"],
    "codebuild.build_batch_config": ["RetryBuildBatch", "StopBuildBatch", "StartBuildBatch", "BatchGetBuildBatches"],
    "codebuild.build_batch_build_groups": ["RetryBuildBatch", "StopBuildBatch", "StartBuildBatch", "BatchGetBuildBatches"],
    "codebuild.build_batch_debug_session_enabled": ["RetryBuildBatch", "StopBuildBatch", "StartBuildBatch", "BatchGetBuildBatches"],
    "codebuild.build_batch_report_arns": ["RetryBuildBatch", "StopBuildBatch", "StartBuildBatch", "BatchGetBuildBatches"],
    "codebuild.sandbox": ["StartSandbox", "StopSandbox"],
    "codebuild.sandbox_id": ["StopSandbox", "ListCommandExecutionsForSandbox", "BatchGetSandboxes", "StartCommandExecution", "BatchGetCommandExecutions", "StartSandbox"],
    "codebuild.sandbox_arn": ["StartSandbox", "BatchGetSandboxes", "StopSandbox"],
    "codebuild.sandbox_request_time": ["StartSandbox", "BatchGetSandboxes", "StopSandbox"],
    "codebuild.sandbox_start_time": ["StartSandbox", "BatchGetSandboxes", "StopSandbox"],
    "codebuild.sandbox_end_time": ["StartSandbox", "BatchGetSandboxes", "StopSandbox"],
    "codebuild.sandbox_status": ["StartSandbox", "BatchGetSandboxes", "StopSandbox"],
    "codebuild.sandbox_source": ["StartSandbox", "BatchGetSandboxes", "StopSandbox"],
    "codebuild.sandbox_source_version": ["StartSandbox", "BatchGetSandboxes", "StopSandbox"],
    "codebuild.sandbox_secondary_sources": ["StartSandbox", "BatchGetSandboxes", "StopSandbox"],
    "codebuild.sandbox_secondary_source_versions": ["StartSandbox", "BatchGetSandboxes", "StopSandbox"],
    "codebuild.sandbox_environment": ["StartSandbox", "BatchGetSandboxes", "StopSandbox"],
    "codebuild.sandbox_file_system_locations": ["StartSandbox", "BatchGetSandboxes", "StopSandbox"],
    "codebuild.sandbox_timeout_in_minutes": ["StartSandbox", "BatchGetSandboxes", "StopSandbox"],
    "codebuild.sandbox_queued_timeout_in_minutes": ["StartSandbox", "BatchGetSandboxes", "StopSandbox"],
    "codebuild.sandbox_vpc_config": ["StartSandbox", "BatchGetSandboxes", "StopSandbox"],
    "codebuild.sandbox_log_config": ["StartSandbox", "BatchGetSandboxes", "StopSandbox"],
    "codebuild.sandbox_encryption_key": ["StartSandbox", "BatchGetSandboxes", "StopSandbox"],
    "codebuild.sandbox_service_role": ["StartSandbox", "BatchGetSandboxes", "StopSandbox"],
    "codebuild.sandbox_current_session": ["StartSandbox", "BatchGetSandboxes", "StopSandbox"],
    "codebuild.builds_deleted": ["BatchDeleteBuilds", "DeleteBuildBatch"],
    "codebuild.builds_not_deleted": ["BatchDeleteBuilds", "DeleteBuildBatch"],
    "codebuild.build_batches": ["BatchGetBuildBatches"],
    "codebuild.build_batches_not_found": ["BatchGetBuildBatches"],
    "codebuild.builds": ["BatchGetBuilds"],
    "codebuild.builds_not_found": ["BatchGetBuilds"],
    "codebuild.command_executions": ["BatchGetCommandExecutions", "ListCommandExecutionsForSandbox"],
    "codebuild.command_executions_not_found": ["BatchGetCommandExecutions"],
    "codebuild.command_execution_id": ["StartCommandExecution", "BatchGetCommandExecutions", "ListCommandExecutionsForSandbox"],
    "codebuild.command_execution_submit_time": ["StartCommandExecution", "BatchGetCommandExecutions", "ListCommandExecutionsForSandbox"],
    "codebuild.command_execution_start_time": ["StartCommandExecution", "BatchGetCommandExecutions", "ListCommandExecutionsForSandbox"],
    "codebuild.command_execution_end_time": ["StartCommandExecution", "BatchGetCommandExecutions", "ListCommandExecutionsForSandbox"],
    "codebuild.command_execution_status": ["StartCommandExecution", "BatchGetCommandExecutions", "ListCommandExecutionsForSandbox"],
    "codebuild.command_execution_command": ["StartCommandExecution", "BatchGetCommandExecutions", "ListCommandExecutionsForSandbox"],
    "codebuild.command_execution_type": ["StartCommandExecution", "BatchGetCommandExecutions", "ListCommandExecutionsForSandbox"],
    "codebuild.command_execution_exit_code": ["StartCommandExecution", "BatchGetCommandExecutions", "ListCommandExecutionsForSandbox"],
    "codebuild.command_execution_standard_output_content": ["StartCommandExecution", "BatchGetCommandExecutions", "ListCommandExecutionsForSandbox"],
    "codebuild.command_execution_standard_err_content": ["StartCommandExecution", "BatchGetCommandExecutions", "ListCommandExecutionsForSandbox"],
    "codebuild.command_execution_logs": ["StartCommandExecution", "BatchGetCommandExecutions", "ListCommandExecutionsForSandbox"],
    "codebuild.command_execution_sandbox_arn": ["StartCommandExecution", "BatchGetCommandExecutions", "ListCommandExecutionsForSandbox"],
    "codebuild.fleets_not_found": ["BatchGetFleets"],
    "codebuild.fleet_arn": ["CreateFleet", "UpdateFleet", "BatchGetFleets"],
    "codebuild.fleet_name": ["CreateFleet", "UpdateFleet", "BatchGetFleets"],
    "codebuild.fleet_id": ["CreateFleet", "UpdateFleet", "BatchGetFleets"],
    "codebuild.fleet_created": ["CreateFleet", "UpdateFleet", "BatchGetFleets"],
    "codebuild.fleet_last_modified": ["CreateFleet", "UpdateFleet", "BatchGetFleets"],
    "codebuild.fleet_status": ["CreateFleet", "UpdateFleet", "BatchGetFleets"],
    "codebuild.fleet_base_capacity": ["CreateFleet", "UpdateFleet", "BatchGetFleets"],
    "codebuild.fleet_environment_type": ["CreateFleet", "UpdateFleet", "BatchGetFleets"],
    "codebuild.fleet_compute_type": ["CreateFleet", "UpdateFleet", "BatchGetFleets"],
    "codebuild.fleet_compute_configuration": ["CreateFleet", "UpdateFleet", "BatchGetFleets"],
    "codebuild.fleet_scaling_configuration": ["CreateFleet", "UpdateFleet", "BatchGetFleets"],
    "codebuild.fleet_overflow_behavior": ["CreateFleet", "UpdateFleet", "BatchGetFleets"],
    "codebuild.fleet_vpc_config": ["CreateFleet", "UpdateFleet", "BatchGetFleets"],
    "codebuild.fleet_proxy_configuration": ["CreateFleet", "UpdateFleet", "BatchGetFleets"],
    "codebuild.fleet_image_id": ["CreateFleet", "UpdateFleet", "BatchGetFleets"],
    "codebuild.fleet_service_role": ["CreateFleet", "UpdateFleet", "BatchGetFleets"],
    "codebuild.fleet_tags": ["CreateFleet", "UpdateFleet", "BatchGetFleets"],
    "codebuild.projects_not_found": ["BatchGetProjects"],
    "codebuild.project_arn": ["UpdateProjectVisibility", "UpdateProject", "CreateProject", "BatchGetProjects"],
    "codebuild.project_description": ["UpdateProject", "CreateProject", "BatchGetProjects"],
    "codebuild.project_source": ["UpdateProject", "CreateProject", "BatchGetProjects"],
    "codebuild.project_secondary_sources": ["UpdateProject", "CreateProject", "BatchGetProjects"],
    "codebuild.project_source_version": ["UpdateProject", "CreateProject", "BatchGetProjects"],
    "codebuild.project_secondary_source_versions": ["UpdateProject", "CreateProject", "BatchGetProjects"],
    "codebuild.project_artifacts": ["UpdateProject", "CreateProject", "BatchGetProjects"],
    "codebuild.project_secondary_artifacts": ["UpdateProject", "CreateProject", "BatchGetProjects"],
    "codebuild.project_cache": ["UpdateProject", "CreateProject", "BatchGetProjects"],
    "codebuild.project_environment": ["UpdateProject", "CreateProject", "BatchGetProjects"],
    "codebuild.project_service_role": ["UpdateProject", "CreateProject", "BatchGetProjects"],
    "codebuild.project_timeout_in_minutes": ["UpdateProject", "CreateProject", "BatchGetProjects"],
    "codebuild.project_queued_timeout_in_minutes": ["UpdateProject", "CreateProject", "BatchGetProjects"],
    "codebuild.project_encryption_key": ["UpdateProject", "CreateProject", "BatchGetProjects"],
    "codebuild.project_tags": ["UpdateProject", "CreateProject", "BatchGetProjects"],
    "codebuild.project_created": ["UpdateProject", "CreateProject", "BatchGetProjects"],
    "codebuild.project_last_modified": ["UpdateProject", "CreateProject", "BatchGetProjects"],
    "codebuild.project_webhook": ["UpdateProject", "CreateProject", "BatchGetProjects"],
    "codebuild.project_vpc_config": ["UpdateProject", "CreateProject", "BatchGetProjects"],
    "codebuild.project_badge": ["UpdateProject", "CreateProject", "BatchGetProjects"],
    "codebuild.project_logs_config": ["UpdateProject", "CreateProject", "BatchGetProjects"],
    "codebuild.project_file_system_locations": ["UpdateProject", "CreateProject", "BatchGetProjects"],
    "codebuild.project_build_batch_config": ["UpdateProject", "CreateProject", "BatchGetProjects"],
    "codebuild.project_concurrent_build_limit": ["UpdateProject", "CreateProject", "BatchGetProjects"],
    "codebuild.project_visibility": ["UpdateProjectVisibility", "UpdateProject", "CreateProject", "BatchGetProjects"],
    "codebuild.project_public_project_alias": ["UpdateProject", "CreateProject", "BatchGetProjects"],
    "codebuild.project_resource_access_role": ["UpdateProject", "CreateProject", "BatchGetProjects"],
    "codebuild.project_auto_retry_limit": ["UpdateProject", "CreateProject", "BatchGetProjects"],
    "codebuild.report_groups_not_found": ["BatchGetReportGroups"],
    "codebuild.report_group_arn": ["CreateReportGroup", "BatchGetReportGroups", "UpdateReportGroup", "BatchGetReports"],
    "codebuild.report_group_name": ["CreateReportGroup", "BatchGetReportGroups", "UpdateReportGroup"],
    "codebuild.report_group_type": ["CreateReportGroup", "BatchGetReportGroups", "UpdateReportGroup"],
    "codebuild.report_group_export_config": ["CreateReportGroup", "BatchGetReportGroups", "UpdateReportGroup"],
    "codebuild.report_group_created": ["CreateReportGroup", "BatchGetReportGroups", "UpdateReportGroup"],
    "codebuild.report_group_last_modified": ["CreateReportGroup", "BatchGetReportGroups", "UpdateReportGroup"],
    "codebuild.report_group_tags": ["CreateReportGroup", "BatchGetReportGroups", "UpdateReportGroup"],
    "codebuild.report_group_status": ["CreateReportGroup", "BatchGetReportGroups", "UpdateReportGroup"],
    "codebuild.reports_not_found": ["BatchGetReports"],
    "codebuild.report_arn": ["DescribeCodeCoverages", "DescribeTestCases", "GetReportGroupTrend", "BatchGetReports"],
    "codebuild.report_type": ["BatchGetReports"],
    "codebuild.report_name": ["BatchGetReports"],
    "codebuild.report_execution_id": ["BatchGetReports"],
    "codebuild.report_status": ["BatchGetReports"],
    "codebuild.report_created": ["BatchGetReports"],
    "codebuild.report_expired": ["BatchGetReports"],
    "codebuild.report_export_config": ["BatchGetReports"],
    "codebuild.report_truncated": ["BatchGetReports"],
    "codebuild.report_test_summary": ["BatchGetReports"],
    "codebuild.report_code_coverage_summary": ["BatchGetReports"],
    "codebuild.sandboxes": ["BatchGetSandboxes"],
    "codebuild.sandboxes_not_found": ["BatchGetSandboxes"],
    "codebuild.fleet": ["CreateFleet", "UpdateFleet"],
    "codebuild.project": ["UpdateProject", "CreateProject"],
    "codebuild.report_group": ["CreateReportGroup", "UpdateReportGroup"],
    "codebuild.webhook": ["UpdateWebhook", "CreateWebhook"],
    "codebuild.webhook_url": ["UpdateWebhook", "CreateWebhook"],
    "codebuild.webhook_payload_url": ["UpdateWebhook", "CreateWebhook"],
    "codebuild.webhook_secret": ["UpdateWebhook", "CreateWebhook"],
    "codebuild.webhook_branch_filter": ["UpdateWebhook", "CreateWebhook"],
    "codebuild.webhook_filter_groups": ["UpdateWebhook", "CreateWebhook"],
    "codebuild.webhook_build_type": ["UpdateWebhook", "CreateWebhook"],
    "codebuild.webhook_manual_creation": ["UpdateWebhook", "CreateWebhook"],
    "codebuild.webhook_last_modified_secret": ["UpdateWebhook", "CreateWebhook"],
    "codebuild.webhook_scope_configuration": ["UpdateWebhook", "CreateWebhook"],
    "codebuild.webhook_status": ["UpdateWebhook", "CreateWebhook"],
    "codebuild.webhook_status_message": ["UpdateWebhook", "CreateWebhook"],
    "codebuild.webhook_pull_request_build_policy": ["UpdateWebhook", "CreateWebhook"],
    "codebuild.status_code": ["DeleteBuildBatch"],
    "codebuild.source_credential_arn": ["ImportSourceCredentials", "DeleteSourceCredentials"],
    "codebuild.code_coverages": ["DescribeCodeCoverages"],
    "codebuild.code_coverag_id": ["DescribeCodeCoverages"],
    "codebuild.code_coverag_file_path": ["DescribeCodeCoverages"],
    "codebuild.code_coverag_line_coverage_percentage": ["DescribeCodeCoverages"],
    "codebuild.code_coverag_lines_covered": ["DescribeCodeCoverages"],
    "codebuild.code_coverag_lines_missed": ["DescribeCodeCoverages"],
    "codebuild.code_coverag_branch_coverage_percentage": ["DescribeCodeCoverages"],
    "codebuild.code_coverag_branches_covered": ["DescribeCodeCoverages"],
    "codebuild.code_coverag_branches_missed": ["DescribeCodeCoverages"],
    "codebuild.code_coverag_expired": ["DescribeCodeCoverages"],
    "codebuild.test_cases": ["DescribeTestCases"],
    "codebuild.test_cas_test_raw_data_path": ["DescribeTestCases"],
    "codebuild.test_cas_prefix": ["DescribeTestCases"],
    "codebuild.test_cas_name": ["DescribeTestCases"],
    "codebuild.test_cas_status": ["DescribeTestCases"],
    "codebuild.test_cas_duration_in_nano_seconds": ["DescribeTestCases"],
    "codebuild.test_cas_message": ["DescribeTestCases"],
    "codebuild.test_cas_expired": ["DescribeTestCases"],
    "codebuild.test_cas_test_suite_name": ["DescribeTestCases"],
    "codebuild.stats": ["GetReportGroupTrend"],
    "codebuild.raw_data": ["GetReportGroupTrend"],
    "codebuild.policy": ["GetResourcePolicy"],
    "codebuild.resource_arn": ["PutResourcePolicy"],
    "codebuild.command_execution": ["StartCommandExecution"],
    "codebuild.ssm_session": ["StartSandboxConnection"],
    "codebuild.ssm_session_session_id": ["StartSandboxConnection"],
    "codebuild.ssm_session_token_value": ["StartSandboxConnection"],
    "codebuild.ssm_session_stream_url": ["StartSandboxConnection"],
    "codebuild.public_project_alias": ["UpdateProjectVisibility"]
  },
  "entity_consumers": {
    "codebuild.ids": ["BatchDeleteBuilds", "BatchGetBuilds", "BatchGetBuildBatches", "BatchGetSandboxes"],
    "codebuild.sandbox_id": ["StopSandbox", "StartSandboxConnection", "ListCommandExecutionsForSandbox", "StartCommandExecution", "BatchGetCommandExecutions"],
    "codebuild.command_execution_ids": ["BatchGetCommandExecutions"],
    "codebuild.names": ["BatchGetProjects", "BatchGetFleets"],
    "codebuild.report_group_arns": ["BatchGetReportGroups"],
    "codebuild.report_arns": ["BatchGetReports"],
    "codebuild.fleet_name": ["CreateFleet"],
    "codebuild.base_capacity": ["CreateFleet"],
    "codebuild.environment_type": ["CreateFleet"],
    "codebuild.compute_type": ["CreateFleet"],
    "codebuild.project_name": ["InvalidateProjectCache", "UpdateProject", "DeleteProject", "StartBuildBatch", "CreateProject", "StartBuild", "DeleteWebhook", "CreateWebhook", "ListSandboxesForProject", "ListBuildsForProject", "UpdateWebhook"],
    "codebuild.source": ["CreateProject"],
    "codebuild.artifacts": ["CreateProject"],
    "codebuild.environment": ["CreateProject"],
    "codebuild.service_role": ["CreateProject"],
    "codebuild.report_group_name": ["CreateReportGroup"],
    "codebuild.type": ["CreateReportGroup"],
    "codebuild.export_config": ["CreateReportGroup"],
    "codebuild.builds_deleted_id": ["DeleteBuildBatch"],
    "codebuild.fleet_arn": ["UpdateFleet", "DeleteFleet"],
    "codebuild.report_arn": ["DeleteReport", "DescribeCodeCoverages", "DescribeTestCases"],
    "codebuild.report_group_arn": ["UpdateReportGroup", "DeleteReportGroup"],
    "codebuild.resource_arn": ["GetResourcePolicy", "PutResourcePolicy", "DeleteResourcePolicy"],
    "codebuild.source_credential_arn": ["DeleteSourceCredentials"],
    "codebuild.reportgroup_arn": ["ListReportsForReportGroup", "GetReportGroupTrend"],
    "codebuild.trend_field": ["GetReportGroupTrend"],
    "codebuild.token": ["ImportSourceCredentials"],
    "codebuild.server_type": ["ImportSourceCredentials"],
    "codebuild.auth_type": ["ImportSourceCredentials"],
    "codebuild.policy": ["PutResourcePolicy"],
    "codebuild.command": ["StartCommandExecution"],
    "codebuild.build_id": ["StopBuild"],
    "codebuild.build_batch_id": ["StopBuildBatch"],
    "codebuild.project_arn": ["UpdateProjectVisibility"],
    "codebuild.project_visibility": ["UpdateProjectVisibility"]
  },
  "external_entities": ["codebuild.artifacts", "codebuild.auth_type", "codebuild.base_capacity", "codebuild.builds_deleted_id", "codebuild.command", "codebuild.command_execution_ids", "codebuild.compute_type", "codebuild.environment", "codebuild.environment_type", "codebuild.export_config", "codebuild.names", "codebuild.report_arns", "codebuild.report_group_arns", "codebuild.reportgroup_arn", "codebuild.server_type", "codebuild.service_role", "codebuild.source", "codebuild.token", "codebuild.trend_field", "codebuild.type"]
}