{
  "service": "codebuild",
  "fixes": [
    {
      "rule_id": "1",
      "suggested_check": {
        "var": "arn",
        "op": "equals",
        "value": "codebuild.source_credentials_arn",
        "derived": null,
        "derive_key": null
      },
      "suggested_aliases": {
        "entity_aliases": {
          "codebuild.source_credentials_arn": "sourceCredentialsInfos[].arn"
        },
        "param_aliases": {}
      },
      "confidence": 0.9,
      "reason": "The direct variable 'arn' matches the expected ARN format for source credentials."
    },
    {
      "rule_id": "2",
      "suggested_check": {
        "var": "arn",
        "op": "equals",
        "value": "codebuild.build_arn",
        "derived": null,
        "derive_key": null
      },
      "suggested_aliases": {
        "entity_aliases": {
          "codebuild.build_arn": "RetryBuild.build.arn"
        },
        "param_aliases": {}
      },
      "confidence": 0.9,
      "reason": "The direct variable 'arn' matches the expected ARN format for builds."
    },
    {
      "rule_id": "3",
      "suggested_check": {
        "var": "arn",
        "op": "equals",
        "value": "codebuild.build_batch_arn",
        "derived": null,
        "derive_key": null
      },
      "suggested_aliases": {
        "entity_aliases": {
          "codebuild.build_batch_arn": "RetryBuildBatch.buildBatch.arn"
        },
        "param_aliases": {}
      },
      "confidence": 0.9,
      "reason": "The direct variable 'arn' matches the expected ARN format for build batches."
    },
    {
      "rule_id": "4",
      "suggested_check": {
        "var": "sandboxArn",
        "op": "equals",
        "value": "codebuild.sandbox_arn",
        "derived": null,
        "derive_key": null
      },
      "suggested_aliases": {
        "entity_aliases": {
          "codebuild.sandbox_arn": "StartSandbox.sandbox.arn"
        },
        "param_aliases": {}
      },
      "confidence": 0.85,
      "reason": "The direct variable 'sandboxArn' matches the expected ARN format for sandboxes."
    },
    {
      "rule_id": "5",
      "suggested_check": {
        "var": "arn",
        "op": "equals",
        "value": "codebuild.fleet_arn",
        "derived": null,
        "derive_key": null
      },
      "suggested_aliases": {
        "entity_aliases": {
          "codebuild.fleet_arn": "BatchGetFleets.fleets.arn"
        },
        "param_aliases": {}
      },
      "confidence": 0.9,
      "reason": "The direct variable 'arn' matches the expected ARN format for fleets."
    },
    {
      "rule_id": "6",
      "suggested_check": {
        "var": "arn",
        "op": "equals",
        "value": "codebuild.project_arn",
        "derived": null,
        "derive_key": null
      },
      "suggested_aliases": {
        "entity_aliases": {
          "codebuild.project_arn": "BatchGetProjects.projects.arn"
        },
        "param_aliases": {}
      },
      "confidence": 0.9,
      "reason": "The direct variable 'arn' matches the expected ARN format for projects."
    },
    {
      "rule_id": "7",
      "suggested_check": {
        "var": "arn",
        "op": "equals",
        "value": "codebuild.report_group_arn",
        "derived": null,
        "derive_key": null
      },
      "suggested_aliases": {
        "entity_aliases": {
          "codebuild.report_group_arn": "BatchGetReportGroups.reportGroups.arn"
        },
        "param_aliases": {}
      },
      "confidence": 0.9,
      "reason": "The direct variable 'arn' matches the expected ARN format for report groups."
    },
    {
      "rule_id": "8",
      "suggested_check": {
        "var": "arn",
        "op": "equals",
        "value": "codebuild.report_arn",
        "derived": null,
        "derive_key": null
      },
      "suggested_aliases": {
        "entity_aliases": {
          "codebuild.report_arn": "BatchGetReports.reports.arn"
        },
        "param_aliases": {}
      },
      "confidence": 0.9,
      "reason": "The direct variable 'arn' matches the expected ARN format for reports."
    },
    {
      "type": "llm_fix",
      "original": "1",
      "fix": {
        "var": "arn",
        "op": "equals",
        "value": "ListSourceCredentials.sourceCredentialsInfos[].arn",
        "derived": null,
        "derive_key": null
      },
      "confidence": 0.9,
      "reason": "The direct variable 'arn' matches the evidence for source credentials.",
      "aliases": {
        "entity_aliases": {
          "codebuild.source_credentials_arn": "source_credentials_arn"
        },
        "param_aliases": {}
      }
    },
    {
      "type": "llm_fix",
      "original": "2",
      "fix": {
        "var": "arn",
        "op": "equals",
        "value": "RetryBuild.build.arn",
        "derived": null,
        "derive_key": null
      },
      "confidence": 0.9,
      "reason": "The direct variable 'arn' matches the evidence for build.",
      "aliases": {
        "entity_aliases": {
          "codebuild.build_arn": "build_arn"
        },
        "param_aliases": {}
      }
    },
    {
      "type": "llm_fix",
      "original": "3",
      "fix": {
        "var": "arn",
        "op": "equals",
        "value": "RetryBuildBatch.buildBatch.arn",
        "derived": null,
        "derive_key": null
      },
      "confidence": 0.9,
      "reason": "The direct variable 'arn' matches the evidence for build batch.",
      "aliases": {
        "entity_aliases": {
          "codebuild.build_batch_arn": "build_batch_arn"
        },
        "param_aliases": {}
      }
    },
    {
      "type": "llm_fix",
      "original": "4",
      "fix": {
        "var": "sandboxArn",
        "op": "equals",
        "value": "StartSandbox.sandbox.arn",
        "derived": null,
        "derive_key": null
      },
      "confidence": 0.9,
      "reason": "The direct variable 'sandboxArn' matches the evidence for sandbox.",
      "aliases": {
        "entity_aliases": {
          "codebuild.sandbox_arn": "sandbox_arn"
        },
        "param_aliases": {}
      }
    },
    {
      "type": "llm_fix",
      "original": "5",
      "fix": {
        "var": "arn",
        "op": "equals",
        "value": "BatchGetBuildBatches.buildBatches.arn",
        "derived": null,
        "derive_key": null
      },
      "confidence": 0.9,
      "reason": "The direct variable 'arn' matches the evidence for build batches.",
      "aliases": {
        "entity_aliases": {
          "codebuild.build_batch_arn": "build_batch_arn"
        },
        "param_aliases": {}
      }
    },
    {
      "type": "llm_fix",
      "original": "6",
      "fix": {
        "var": "arn",
        "op": "equals",
        "value": "BatchGetBuilds.builds.arn",
        "derived": null,
        "derive_key": null
      },
      "confidence": 0.9,
      "reason": "The direct variable 'arn' matches the evidence for builds.",
      "aliases": {
        "entity_aliases": {
          "codebuild.build_arn": "build_arn"
        },
        "param_aliases": {}
      }
    },
    {
      "type": "llm_fix",
      "original": "7",
      "fix": {
        "var": "arn",
        "op": "equals",
        "value": "BatchGetFleets.fleets.arn",
        "derived": null,
        "derive_key": null
      },
      "confidence": 0.9,
      "reason": "The direct variable 'arn' matches the evidence for fleets.",
      "aliases": {
        "entity_aliases": {
          "codebuild.fleet_arn": "fleet_arn"
        },
        "param_aliases": {}
      }
    },
    {
      "type": "llm_fix",
      "original": "8",
      "fix": {
        "var": "arn",
        "op": "equals",
        "value": "BatchGetProjects.projects.arn",
        "derived": null,
        "derive_key": null
      },
      "confidence": 0.9,
      "reason": "The direct variable 'arn' matches the evidence for projects.",
      "aliases": {
        "entity_aliases": {
          "codebuild.project_arn": "project_arn"
        },
        "param_aliases": {}
      }
    },
    {
      "type": "llm_fix",
      "original": "9",
      "fix": {
        "var": "arn",
        "op": "equals",
        "value": "BatchGetReportGroups.reportGroups.arn",
        "derived": null,
        "derive_key": null
      },
      "confidence": 0.9,
      "reason": "The direct variable 'arn' matches the evidence for report groups.",
      "aliases": {
        "entity_aliases": {
          "codebuild.report_group_arn": "report_group_arn"
        },
        "param_aliases": {}
      }
    },
    {
      "type": "llm_fix",
      "original": "10",
      "fix": {
        "var": "arn",
        "op": "equals",
        "value": "BatchGetReports.reports.arn",
        "derived": null,
        "derive_key": null
      },
      "confidence": 0.9,
      "reason": "The direct variable 'arn' matches the evidence for reports.",
      "aliases": {
        "entity_aliases": {
          "codebuild.report_arn": "report_arn"
        },
        "param_aliases": {}
      }
    }
  ],
  "summary": {
    "total_fixes": 18,
    "remaining_unresolved": 72
  }
}