{
  "service": "quicksight",
  "fixes": [
    {
      "rule_id": "1",
      "suggested_check": {
        "var": "AccountCustomization",
        "op": "equals",
        "value": "quicksight.account_customization_status",
        "derived": null,
        "derive_key": null
      },
      "suggested_aliases": {
        "entity_aliases": {
          "alias": "quicksight.account_customization_status"
        },
        "param_aliases": {
          "param": []
        }
      },
      "confidence": 0.85,
      "reason": "AccountCustomization directly relates to account customization status."
    },
    {
      "rule_id": "2",
      "suggested_check": {
        "var": "AccountSubscriptionStatus",
        "op": "equals",
        "value": "quicksight.account_subscription_status",
        "derived": null,
        "derive_key": null
      },
      "suggested_aliases": {
        "entity_aliases": {
          "alias": "quicksight.account_subscription_status"
        },
        "param_aliases": {
          "param": []
        }
      },
      "confidence": 0.9,
      "reason": "AccountSubscriptionStatus directly matches the subscription status."
    },
    {
      "rule_id": "3",
      "suggested_check": {
        "var": "ActionConnector",
        "op": "equals",
        "value": "quicksight.action_connector_status",
        "derived": null,
        "derive_key": null
      },
      "suggested_aliases": {
        "entity_aliases": {
          "alias": "quicksight.action_connector_status"
        },
        "param_aliases": {
          "param": []
        }
      },
      "confidence": 0.88,
      "reason": "ActionConnector directly relates to action connector status."
    },
    {
      "rule_id": "4",
      "suggested_check": {
        "var": "Analysis",
        "op": "equals",
        "value": "quicksight.analysi_status",
        "derived": null,
        "derive_key": null
      },
      "suggested_aliases": {
        "entity_aliases": {
          "alias": "quicksight.analysi_status"
        },
        "param_aliases": {
          "param": []
        }
      },
      "confidence": 0.82,
      "reason": "Analysis directly relates to analysis status, though there is a typo in the entity."
    },
    {
      "rule_id": "5",
      "suggested_check": {
        "var": "Analysis",
        "op": "equals",
        "value": "quicksight.data_set_status",
        "derived": null,
        "derive_key": null
      },
      "suggested_aliases": {
        "entity_aliases": {
          "alias": "quicksight.data_set_status"
        },
        "param_aliases": {
          "param": []
        }
      },
      "confidence": 0.8,
      "reason": "Analysis can be associated with data set status."
    },
    {
      "type": "llm_fix",
      "original": "1",
      "fix": {
        "var": "AccountSubscriptionStatus",
        "op": "equals",
        "value": "quicksight.account_subscription_status",
        "derived": null,
        "derive_key": null
      },
      "confidence": 0.85,
      "reason": "AccountSubscriptionStatus directly matches the entity for CreateAccountSubscription.Status.",
      "aliases": {
        "entity_aliases": {
          "alias": "quicksight.account_subscription_status"
        },
        "param_aliases": {
          "param": []
        }
      }
    },
    {
      "type": "llm_fix",
      "original": "2",
      "fix": {
        "var": "AccountCustomization",
        "op": "equals",
        "value": "quicksight.account_customization_status",
        "derived": null,
        "derive_key": null
      },
      "confidence": 0.9,
      "reason": "AccountCustomization directly matches the entity for CreateAccountCustomization.Status.",
      "aliases": {
        "entity_aliases": {
          "alias": "quicksight.account_customization_status"
        },
        "param_aliases": {
          "param": []
        }
      }
    },
    {
      "type": "llm_fix",
      "original": "3",
      "fix": {
        "var": "ActionConnector",
        "op": "equals",
        "value": "quicksight.action_connector_status",
        "derived": null,
        "derive_key": null
      },
      "confidence": 0.88,
      "reason": "ActionConnector directly matches the entity for CreateActionConnector.Status.",
      "aliases": {
        "entity_aliases": {
          "alias": "quicksight.action_connector_status"
        },
        "param_aliases": {
          "param": []
        }
      }
    },
    {
      "type": "llm_fix",
      "original": "4",
      "fix": {
        "var": "Analysis",
        "op": "equals",
        "value": "quicksight.analysi_status",
        "derived": null,
        "derive_key": null
      },
      "confidence": 0.8,
      "reason": "Analysis directly matches the entity for CreateAnalysis.Status, despite a typo in the entity name.",
      "aliases": {
        "entity_aliases": {
          "alias": "quicksight.analysi_status"
        },
        "param_aliases": {
          "param": []
        }
      }
    },
    {
      "type": "llm_fix",
      "original": "5",
      "fix": {
        "var": "Analysis",
        "op": "equals",
        "value": "quicksight.data_set_status",
        "derived": null,
        "derive_key": null
      },
      "confidence": 0.82,
      "reason": "Analysis can be associated with data set creation, matching the entity for CreateDataSet.Status.",
      "aliases": {
        "entity_aliases": {
          "alias": "quicksight.data_set_status"
        },
        "param_aliases": {
          "param": []
        }
      }
    }
  ],
  "summary": {
    "total_fixes": 10,
    "remaining_unresolved": 60
  }
}