{
  "service": "voice-id",
  "op_consumes": {
    "ListDomains": [],
    "AssociateFraudster": ["voice-id.fraudster_id", "voice-id.watchlist_id", "voice-id.domain_id"],
    "CreateDomain": ["voice-id.server_side_encryption_configuration", "voice-id.domain_name"],
    "CreateWatchlist": ["voice-id.domain_id", "voice-id.watchlist_name"],
    "DeleteDomain": ["voice-id.domain_id"],
    "DeleteFraudster": ["voice-id.fraudster_id", "voice-id.domain_id"],
    "DeleteSpeaker": ["voice-id.domain_id", "voice-id.speaker_id"],
    "DeleteWatchlist": ["voice-id.watchlist_id", "voice-id.domain_id"],
    "DescribeDomain": ["voice-id.domain_id"],
    "DescribeFraudster": ["voice-id.fraudster_id", "voice-id.domain_id"],
    "DescribeFraudsterRegistrationJob": ["voice-id.domain_id", "voice-id.job_id"],
    "DescribeSpeaker": ["voice-id.domain_id", "voice-id.speaker_id"],
    "DescribeSpeakerEnrollmentJob": ["voice-id.domain_id", "voice-id.job_id"],
    "DescribeWatchlist": ["voice-id.watchlist_id", "voice-id.domain_id"],
    "DisassociateFraudster": ["voice-id.fraudster_id", "voice-id.watchlist_id", "voice-id.domain_id"],
    "EvaluateSession": ["voice-id.domain_id", "voice-id.sessionnameor_id"],
    "ListFraudsterRegistrationJobs": ["voice-id.domain_id"],
    "ListFraudsters": ["voice-id.domain_id"],
    "ListSpeakerEnrollmentJobs": ["voice-id.domain_id"],
    "ListSpeakers": ["voice-id.domain_id"],
    "ListTagsForResource": ["voice-id.resource_arn"],
    "ListWatchlists": ["voice-id.domain_id"],
    "OptOutSpeaker": ["voice-id.domain_id", "voice-id.speaker_id"],
    "StartFraudsterRegistrationJob": ["voice-id.dataaccessrole_arn", "voice-id.output_data_config", "voice-id.domain_id", "voice-id.input_data_config"],
    "StartSpeakerEnrollmentJob": ["voice-id.dataaccessrole_arn", "voice-id.output_data_config", "voice-id.domain_id", "voice-id.input_data_config"],
    "TagResource": ["voice-id.resource_arn", "voice-id.tags"],
    "UntagResource": ["voice-id.resource_arn", "voice-id.tag_keys"],
    "UpdateDomain": ["voice-id.server_side_encryption_configuration", "voice-id.domain_id", "voice-id.domain_name"],
    "UpdateWatchlist": ["voice-id.watchlist_id", "voice-id.domain_id"]
  },
  "op_produces": {
    "ListDomains": ["voice-id.domain_server_side_encryption_update_details", "voice-id.domain_description", "voice-id.domain_server_side_encryption_configuration", "voice-id.next_token", "voice-id.domain_watchlist_details", "voice-id.domain_id", "voice-id.domain_summaries", "voice-id.domain_created_at", "voice-id.domain_status", "voice-id.domain_updated_at", "voice-id.domain_arn", "voice-id.domain_name"],
    "AssociateFraudster": ["voice-id.fraudster_id", "voice-id.domain_id", "voice-id.fraudster_watchlist_ids", "voice-id.fraudster", "voice-id.fraudster_created_at"],
    "CreateDomain": ["voice-id.domain_server_side_encryption_update_details", "voice-id.domain_description", "voice-id.domain_server_side_encryption_configuration", "voice-id.domain_watchlist_details", "voice-id.domain_id", "voice-id.domain", "voice-id.domain_created_at", "voice-id.domain_status", "voice-id.domain_updated_at", "voice-id.domain_arn", "voice-id.domain_name"],
    "CreateWatchlist": ["voice-id.watchlist_created_at", "voice-id.watchlist_description", "voice-id.domain_id", "voice-id.watchlist_default_watchlist", "voice-id.watchlist_id", "voice-id.watchlist_updated_at", "voice-id.watchlist_name", "voice-id.watchlist"],
    "DeleteDomain": [],
    "DeleteFraudster": [],
    "DeleteSpeaker": [],
    "DeleteWatchlist": [],
    "DescribeDomain": ["voice-id.domain_server_side_encryption_update_details", "voice-id.domain_description", "voice-id.domain_server_side_encryption_configuration", "voice-id.domain_watchlist_details", "voice-id.domain_id", "voice-id.domain", "voice-id.domain_created_at", "voice-id.domain_status", "voice-id.domain_updated_at", "voice-id.domain_arn", "voice-id.domain_name"],
    "DescribeFraudster": ["voice-id.fraudster_id", "voice-id.domain_id", "voice-id.fraudster_watchlist_ids", "voice-id.fraudster", "voice-id.fraudster_created_at"],
    "DescribeFraudsterRegistrationJob": ["voice-id.job_data_access_role_arn", "voice-id.job_id", "voice-id.job_name", "voice-id.job_status", "voice-id.job_registration_config", "voice-id.domain_id", "voice-id.job_ended_at", "voice-id.job_progress", "voice-id.job", "voice-id.job_input_data_config", "voice-id.job_failure_details", "voice-id.job_output_data_config", "voice-id.job_created_at"],
    "DescribeSpeaker": ["voice-id.speaker_updated_at", "voice-id.domain_id", "voice-id.speaker_last_accessed_at", "voice-id.speaker_id", "voice-id.speaker_status", "voice-id.speaker_created_at", "voice-id.speaker"],
    "DescribeSpeakerEnrollmentJob": ["voice-id.job_enrollment_config", "voice-id.job_data_access_role_arn", "voice-id.job_id", "voice-id.job_name", "voice-id.job_status", "voice-id.domain_id", "voice-id.job_ended_at", "voice-id.job_progress", "voice-id.job", "voice-id.job_input_data_config", "voice-id.job_failure_details", "voice-id.job_output_data_config", "voice-id.job_created_at"],
    "DescribeWatchlist": ["voice-id.watchlist_created_at", "voice-id.watchlist_description", "voice-id.domain_id", "voice-id.watchlist_default_watchlist", "voice-id.watchlist_id", "voice-id.watchlist_updated_at", "voice-id.watchlist_name", "voice-id.watchlist"],
    "DisassociateFraudster": ["voice-id.fraudster_id", "voice-id.domain_id", "voice-id.fraudster_watchlist_ids", "voice-id.fraudster", "voice-id.fraudster_created_at"],
    "EvaluateSession": ["voice-id.authentication_result_audio_aggregation_ended_at", "voice-id.authentication_result_configuration", "voice-id.authentication_result_audio_aggregation_started_at", "voice-id.authentication_result_id", "voice-id.session_name", "voice-id.streaming_status", "voice-id.authentication_result_decision", "voice-id.authentication_result_score", "voice-id.domain_id", "voice-id.authentication_result", "voice-id.speaker_id", "voice-id.session_id", "voice-id.fraud_detection_result"],
    "ListFraudsterRegistrationJobs": ["voice-id.next_token", "voice-id.job_id", "voice-id.job_status", "voice-id.job_name", "voice-id.domain_id", "voice-id.job_ended_at", "voice-id.job_progress", "voice-id.job_summaries", "voice-id.job_failure_details", "voice-id.job_created_at"],
    "ListFraudsters": ["voice-id.fraudster_id", "voice-id.next_token", "voice-id.fraudster_summaries", "voice-id.domain_id", "voice-id.fraudster_watchlist_ids", "voice-id.fraudster_created_at"],
    "ListSpeakerEnrollmentJobs": ["voice-id.next_token", "voice-id.job_id", "voice-id.job_status", "voice-id.job_name", "voice-id.domain_id", "voice-id.job_ended_at", "voice-id.job_progress", "voice-id.job_summaries", "voice-id.job_failure_details", "voice-id.job_created_at"],
    "ListSpeakers": ["voice-id.speaker_updated_at", "voice-id.next_token", "voice-id.domain_id", "voice-id.speaker_id", "voice-id.speaker_last_accessed_at", "voice-id.speaker_status", "voice-id.speaker_created_at", "voice-id.speaker_summaries"],
    "ListTagsForResource": ["voice-id.tags", "voice-id.tag_key", "voice-id.tag_value"],
    "ListWatchlists": ["voice-id.next_token", "voice-id.watchlist_created_at", "voice-id.watchlist_description", "voice-id.domain_id", "voice-id.watchlist_default_watchlist", "voice-id.watchlist_id", "voice-id.watchlist_summaries", "voice-id.watchlist_updated_at", "voice-id.watchlist_name"],
    "OptOutSpeaker": ["voice-id.speaker_updated_at", "voice-id.domain_id", "voice-id.speaker_last_accessed_at", "voice-id.speaker_id", "voice-id.speaker_status", "voice-id.speaker_created_at", "voice-id.speaker"],
    "StartFraudsterRegistrationJob": ["voice-id.job_data_access_role_arn", "voice-id.job_id", "voice-id.job_name", "voice-id.job_status", "voice-id.job_registration_config", "voice-id.domain_id", "voice-id.job_ended_at", "voice-id.job_progress", "voice-id.job", "voice-id.job_input_data_config", "voice-id.job_failure_details", "voice-id.job_output_data_config", "voice-id.job_created_at"],
    "StartSpeakerEnrollmentJob": ["voice-id.job_enrollment_config", "voice-id.job_data_access_role_arn", "voice-id.job_id", "voice-id.job_name", "voice-id.job_status", "voice-id.domain_id", "voice-id.job_ended_at", "voice-id.job_progress", "voice-id.job", "voice-id.job_input_data_config", "voice-id.job_failure_details", "voice-id.job_output_data_config", "voice-id.job_created_at"],
    "TagResource": [],
    "UntagResource": [],
    "UpdateDomain": ["voice-id.domain_server_side_encryption_update_details", "voice-id.domain_description", "voice-id.domain_server_side_encryption_configuration", "voice-id.domain_watchlist_details", "voice-id.domain_id", "voice-id.domain", "voice-id.domain_created_at", "voice-id.domain_status", "voice-id.domain_updated_at", "voice-id.domain_arn", "voice-id.domain_name"],
    "UpdateWatchlist": ["voice-id.watchlist_created_at", "voice-id.watchlist_description", "voice-id.domain_id", "voice-id.watchlist_default_watchlist", "voice-id.watchlist_id", "voice-id.watchlist_updated_at", "voice-id.watchlist_name", "voice-id.watchlist"]
  },
  "entity_producers": {
    "voice-id.domain_summaries": ["ListDomains"],
    "voice-id.next_token": ["ListSpeakerEnrollmentJobs", "ListDomains", "ListWatchlists", "ListFraudsterRegistrationJobs", "ListSpeakers", "ListFraudsters"],
    "voice-id.domain_arn": ["DescribeDomain", "CreateDomain", "UpdateDomain", "ListDomains"],
    "voice-id.domain_created_at": ["DescribeDomain", "CreateDomain", "UpdateDomain", "ListDomains"],
    "voice-id.domain_description": ["DescribeDomain", "CreateDomain", "UpdateDomain", "ListDomains"],
    "voice-id.domain_id": ["UpdateDomain", "OptOutSpeaker", "StartSpeakerEnrollmentJob", "DescribeWatchlist", "UpdateWatchlist", "StartFraudsterRegistrationJob", "ListFraudsters", "DescribeSpeaker", "ListDomains", "CreateWatchlist", "ListFraudsterRegistrationJobs", "ListSpeakers", "CreateDomain", "ListSpeakerEnrollmentJobs", "DescribeSpeakerEnrollmentJob", "DescribeFraudster", "DescribeFraudsterRegistrationJob", "DisassociateFraudster", "DescribeDomain", "ListWatchlists", "AssociateFraudster", "EvaluateSession"],
    "voice-id.domain_status": ["DescribeDomain", "CreateDomain", "UpdateDomain", "ListDomains"],
    "voice-id.domain_name": ["DescribeDomain", "CreateDomain", "UpdateDomain", "ListDomains"],
    "voice-id.domain_server_side_encryption_configuration": ["DescribeDomain", "CreateDomain", "UpdateDomain", "ListDomains"],
    "voice-id.domain_server_side_encryption_update_details": ["DescribeDomain", "CreateDomain", "UpdateDomain", "ListDomains"],
    "voice-id.domain_updated_at": ["DescribeDomain", "CreateDomain", "UpdateDomain", "ListDomains"],
    "voice-id.domain_watchlist_details": ["DescribeDomain", "CreateDomain", "UpdateDomain", "ListDomains"],
    "voice-id.fraudster": ["AssociateFraudster", "DisassociateFraudster", "DescribeFraudster"],
    "voice-id.fraudster_created_at": ["ListFraudsters", "AssociateFraudster", "DisassociateFraudster", "DescribeFraudster"],
    "voice-id.fraudster_id": ["ListFraudsters", "AssociateFraudster", "DisassociateFraudster", "DescribeFraudster"],
    "voice-id.fraudster_watchlist_ids": ["ListFraudsters", "AssociateFraudster", "DisassociateFraudster", "DescribeFraudster"],
    "voice-id.domain": ["DescribeDomain", "CreateDomain", "UpdateDomain"],
    "voice-id.watchlist": ["CreateWatchlist", "DescribeWatchlist", "UpdateWatchlist"],
    "voice-id.watchlist_created_at": ["ListWatchlists", "CreateWatchlist", "DescribeWatchlist", "UpdateWatchlist"],
    "voice-id.watchlist_default_watchlist": ["ListWatchlists", "CreateWatchlist", "DescribeWatchlist", "UpdateWatchlist"],
    "voice-id.watchlist_description": ["ListWatchlists", "CreateWatchlist", "DescribeWatchlist", "UpdateWatchlist"],
    "voice-id.watchlist_name": ["ListWatchlists", "CreateWatchlist", "DescribeWatchlist", "UpdateWatchlist"],
    "voice-id.watchlist_updated_at": ["ListWatchlists", "CreateWatchlist", "DescribeWatchlist", "UpdateWatchlist"],
    "voice-id.watchlist_id": ["ListWatchlists", "CreateWatchlist", "DescribeWatchlist", "UpdateWatchlist"],
    "voice-id.job": ["DescribeFraudsterRegistrationJob", "DescribeSpeakerEnrollmentJob", "StartFraudsterRegistrationJob", "StartSpeakerEnrollmentJob"],
    "voice-id.job_created_at": ["ListSpeakerEnrollmentJobs", "StartSpeakerEnrollmentJob", "ListFraudsterRegistrationJobs", "DescribeSpeakerEnrollmentJob", "StartFraudsterRegistrationJob", "DescribeFraudsterRegistrationJob"],
    "voice-id.job_data_access_role_arn": ["DescribeFraudsterRegistrationJob", "DescribeSpeakerEnrollmentJob", "StartFraudsterRegistrationJob", "StartSpeakerEnrollmentJob"],
    "voice-id.job_ended_at": ["ListSpeakerEnrollmentJobs", "StartSpeakerEnrollmentJob", "ListFraudsterRegistrationJobs", "DescribeSpeakerEnrollmentJob", "StartFraudsterRegistrationJob", "DescribeFraudsterRegistrationJob"],
    "voice-id.job_failure_details": ["ListSpeakerEnrollmentJobs", "StartSpeakerEnrollmentJob", "ListFraudsterRegistrationJobs", "DescribeSpeakerEnrollmentJob", "StartFraudsterRegistrationJob", "DescribeFraudsterRegistrationJob"],
    "voice-id.job_input_data_config": ["DescribeFraudsterRegistrationJob", "DescribeSpeakerEnrollmentJob", "StartFraudsterRegistrationJob", "StartSpeakerEnrollmentJob"],
    "voice-id.job_id": ["ListSpeakerEnrollmentJobs", "StartSpeakerEnrollmentJob", "ListFraudsterRegistrationJobs", "DescribeSpeakerEnrollmentJob", "StartFraudsterRegistrationJob", "DescribeFraudsterRegistrationJob"],
    "voice-id.job_name": ["ListSpeakerEnrollmentJobs", "StartSpeakerEnrollmentJob", "ListFraudsterRegistrationJobs", "DescribeSpeakerEnrollmentJob", "StartFraudsterRegistrationJob", "DescribeFraudsterRegistrationJob"],
    "voice-id.job_progress": ["ListSpeakerEnrollmentJobs", "StartSpeakerEnrollmentJob", "ListFraudsterRegistrationJobs", "DescribeSpeakerEnrollmentJob", "StartFraudsterRegistrationJob", "DescribeFraudsterRegistrationJob"],
    "voice-id.job_status": ["ListSpeakerEnrollmentJobs", "StartSpeakerEnrollmentJob", "ListFraudsterRegistrationJobs", "DescribeSpeakerEnrollmentJob", "StartFraudsterRegistrationJob", "DescribeFraudsterRegistrationJob"],
    "voice-id.job_output_data_config": ["DescribeFraudsterRegistrationJob", "DescribeSpeakerEnrollmentJob", "StartFraudsterRegistrationJob", "StartSpeakerEnrollmentJob"],
    "voice-id.job_registration_config": ["DescribeFraudsterRegistrationJob", "StartFraudsterRegistrationJob"],
    "voice-id.speaker": ["DescribeSpeaker", "OptOutSpeaker"],
    "voice-id.speaker_created_at": ["ListSpeakers", "DescribeSpeaker", "OptOutSpeaker"],
    "voice-id.speaker_id": ["EvaluateSession", "DescribeSpeaker", "ListSpeakers", "OptOutSpeaker"],
    "voice-id.speaker_last_accessed_at": ["ListSpeakers", "DescribeSpeaker", "OptOutSpeaker"],
    "voice-id.speaker_status": ["ListSpeakers", "DescribeSpeaker", "OptOutSpeaker"],
    "voice-id.speaker_updated_at": ["ListSpeakers", "DescribeSpeaker", "OptOutSpeaker"],
    "voice-id.job_enrollment_config": ["DescribeSpeakerEnrollmentJob", "StartSpeakerEnrollmentJob"],
    "voice-id.authentication_result": ["EvaluateSession"],
    "voice-id.fraud_detection_result": ["EvaluateSession"],
    "voice-id.session_id": ["EvaluateSession"],
    "voice-id.session_name": ["EvaluateSession"],
    "voice-id.streaming_status": ["EvaluateSession"],
    "voice-id.authentication_result_audio_aggregation_ended_at": ["EvaluateSession"],
    "voice-id.authentication_result_audio_aggregation_started_at": ["EvaluateSession"],
    "voice-id.authentication_result_id": ["EvaluateSession"],
    "voice-id.authentication_result_configuration": ["EvaluateSession"],
    "voice-id.authentication_result_decision": ["EvaluateSession"],
    "voice-id.authentication_result_score": ["EvaluateSession"],
    "voice-id.job_summaries": ["ListFraudsterRegistrationJobs", "ListSpeakerEnrollmentJobs"],
    "voice-id.fraudster_summaries": ["ListFraudsters"],
    "voice-id.speaker_summaries": ["ListSpeakers"],
    "voice-id.tags": ["ListTagsForResource"],
    "voice-id.tag_key": ["ListTagsForResource"],
    "voice-id.tag_value": ["ListTagsForResource"],
    "voice-id.watchlist_summaries": ["ListWatchlists"]
  },
  "entity_consumers": {
    "voice-id.domain_id": ["UpdateDomain", "OptOutSpeaker", "StartSpeakerEnrollmentJob", "DescribeWatchlist", "UpdateWatchlist", "StartFraudsterRegistrationJob", "ListFraudsters", "DescribeSpeaker", "CreateWatchlist", "ListFraudsterRegistrationJobs", "ListSpeakers", "ListSpeakerEnrollmentJobs", "DeleteFraudster", "DescribeSpeakerEnrollmentJob", "DescribeFraudster", "DescribeFraudsterRegistrationJob", "DisassociateFraudster", "DescribeDomain", "ListWatchlists", "AssociateFraudster", "DeleteSpeaker", "DeleteWatchlist", "EvaluateSession", "DeleteDomain"],
    "voice-id.fraudster_id": ["AssociateFraudster", "DisassociateFraudster", "DescribeFraudster", "DeleteFraudster"],
    "voice-id.watchlist_id": ["DescribeWatchlist", "AssociateFraudster", "UpdateWatchlist", "DeleteWatchlist", "DisassociateFraudster"],
    "voice-id.domain_name": ["UpdateDomain", "CreateDomain"],
    "voice-id.server_side_encryption_configuration": ["UpdateDomain", "CreateDomain"],
    "voice-id.watchlist_name": ["CreateWatchlist"],
    "voice-id.speaker_id": ["DescribeSpeaker", "DeleteSpeaker", "OptOutSpeaker"],
    "voice-id.job_id": ["DescribeFraudsterRegistrationJob", "DescribeSpeakerEnrollmentJob"],
    "voice-id.sessionnameor_id": ["EvaluateSession"],
    "voice-id.resource_arn": ["UntagResource", "TagResource", "ListTagsForResource"],
    "voice-id.dataaccessrole_arn": ["StartFraudsterRegistrationJob", "StartSpeakerEnrollmentJob"],
    "voice-id.input_data_config": ["StartFraudsterRegistrationJob", "StartSpeakerEnrollmentJob"],
    "voice-id.output_data_config": ["StartFraudsterRegistrationJob", "StartSpeakerEnrollmentJob"],
    "voice-id.tags": ["TagResource"],
    "voice-id.tag_keys": ["UntagResource"]
  },
  "external_entities": ["voice-id.dataaccessrole_arn", "voice-id.input_data_config", "voice-id.output_data_config", "voice-id.resource_arn", "voice-id.server_side_encryption_configuration", "voice-id.sessionnameor_id", "voice-id.tag_keys"]
}