{
  "service": "voice-id",
  "seed_from_list": [
    "Arn",
    "CreatedAt",
    "CustomerSpeakerId",
    "DefaultWatchlist",
    "Description",
    "DomainId",
    "DomainStatus",
    "EndedAt",
    "FailureDetails",
    "GeneratedFraudsterId",
    "GeneratedSpeakerId",
    "JobId",
    "JobName",
    "JobProgress",
    "JobStatus",
    "Key",
    "LastAccessedAt",
    "Name",
    "ServerSideEncryptionConfiguration",
    "ServerSideEncryptionUpdateDetails",
    "Status",
    "UpdatedAt",
    "Value",
    "WatchlistDetails",
    "WatchlistId",
    "WatchlistIds"
  ],
  "enriched_from_get_describe": [
    "Arn",
    "CreatedAt",
    "CustomerSpeakerId",
    "DataAccessRoleArn",
    "DefaultWatchlist",
    "Description",
    "Domain",
    "DomainId",
    "DomainStatus",
    "EndedAt",
    "EnrollmentConfig",
    "FailureDetails",
    "Fraudster",
    "GeneratedFraudsterId",
    "GeneratedSpeakerId",
    "InputDataConfig",
    "Job",
    "JobId",
    "JobName",
    "JobProgress",
    "JobStatus",
    "LastAccessedAt",
    "Name",
    "OutputDataConfig",
    "RegistrationConfig",
    "ServerSideEncryptionConfiguration",
    "ServerSideEncryptionUpdateDetails",
    "Speaker",
    "Status",
    "UpdatedAt",
    "Watchlist",
    "WatchlistDetails",
    "WatchlistId",
    "WatchlistIds"
  ],
  "final_union": [
    "Arn",
    "CreatedAt",
    "CustomerSpeakerId",
    "DataAccessRoleArn",
    "DefaultWatchlist",
    "Description",
    "Domain",
    "DomainId",
    "DomainStatus",
    "EndedAt",
    "EnrollmentConfig",
    "FailureDetails",
    "Fraudster",
    "GeneratedFraudsterId",
    "GeneratedSpeakerId",
    "InputDataConfig",
    "Job",
    "JobId",
    "JobName",
    "JobProgress",
    "JobStatus",
    "Key",
    "LastAccessedAt",
    "Name",
    "OutputDataConfig",
    "RegistrationConfig",
    "ServerSideEncryptionConfiguration",
    "ServerSideEncryptionUpdateDetails",
    "Speaker",
    "Status",
    "UpdatedAt",
    "Value",
    "Watchlist",
    "WatchlistDetails",
    "WatchlistId",
    "WatchlistIds"
  ],
  "source": {
    "operation_registry": "services/voice-id/operation_registry.json",
    "read_ops_rule": "operation name startswith List/Get/Describe/Search/Lookup",
    "excluded_keys": [
      "nextToken",
      "maxResults"
    ]
  }
}