{
  "service": "voice-id",
  "fixes": [
    {
      "rule_id": "1",
      "suggested_check": {
        "var": "Name",
        "op": "equals",
        "value": "voice-id.domain_name",
        "derived": "is_public",
        "derive_key": "aws.voice-id.domain_name"
      },
      "suggested_aliases": {
        "entity_aliases": {
          "alias": "voice-id.domain_name"
        },
        "param_aliases": {
          "param": [
            "ListDomains.DomainSummaries[].Name",
            "CreateDomain.Name",
            "DescribeDomain.Domain.Name",
            "UpdateDomain.Name"
          ]
        }
      },
      "confidence": 0.9,
      "reason": "The variable 'Name' directly corresponds to the domain name in multiple contexts, and 'is_public' indicates its accessibility."
    },
    {
      "rule_id": "2",
      "suggested_check": {
        "var": "Name",
        "op": "equals",
        "value": "voice-id.watchlist_name",
        "derived": "has_findings",
        "derive_key": "aws.voice-id.watchlist_name"
      },
      "suggested_aliases": {
        "entity_aliases": {
          "alias": "voice-id.watchlist_name"
        },
        "param_aliases": {
          "param": [
            "CreateWatchlist.Name",
            "DescribeWatchlist.Watchlist.Name",
            "ListWatchlists.WatchlistSummaries[].Name"
          ]
        }
      },
      "confidence": 0.85,
      "reason": "The variable 'Name' is consistently used for watchlist names, and 'has_findings' indicates the presence of relevant data."
    },
    {
      "type": "llm_fix",
      "original": "1",
      "fix": {
        "var": "Name",
        "op": "equals",
        "value": "voice-id.domain_name",
        "derived": "is_public",
        "derive_key": "aws.voice-id.domain_name.is_public"
      },
      "confidence": 0.9,
      "reason": "The variable 'Name' directly corresponds to the domain name in multiple contexts, and 'is_public' is relevant for domain visibility.",
      "aliases": {
        "entity_aliases": {
          "alias": "voice-id.domain_name"
        },
        "param_aliases": {
          "param": [
            "ListDomains.DomainSummaries[].Name",
            "CreateDomain.Name",
            "DescribeDomain.Domain.Name",
            "UpdateDomain.Name"
          ]
        }
      }
    },
    {
      "type": "llm_fix",
      "original": "2",
      "fix": {
        "var": "Name",
        "op": "equals",
        "value": "voice-id.watchlist_name",
        "derived": "has_findings",
        "derive_key": "aws.voice-id.watchlist_name.has_findings"
      },
      "confidence": 0.85,
      "reason": "The variable 'Name' is consistently used for watchlist names, and 'has_findings' is relevant for watchlist status.",
      "aliases": {
        "entity_aliases": {
          "alias": "voice-id.watchlist_name"
        },
        "param_aliases": {
          "param": [
            "CreateWatchlist.Name",
            "DescribeWatchlist.Watchlist.Name",
            "ListWatchlists.WatchlistSummaries[].Name"
          ]
        }
      }
    }
  ],
  "summary": {
    "total_fixes": 4,
    "remaining_unresolved": 13
  }
}