{
  "service": "forecast",
  "op_consumes": {
    "ListDatasetGroups": [],
    "ListDatasetImportJobs": [],
    "ListDatasets": [],
    "ListExplainabilities": [],
    "ListExplainabilityExports": [],
    "ListForecastExportJobs": [],
    "ListForecasts": [],
    "ListMonitors": [],
    "ListPredictorBacktestExportJobs": [],
    "ListPredictors": [],
    "ListWhatIfAnalyses": [],
    "ListWhatIfForecastExports": [],
    "ListWhatIfForecasts": [],
    "CreateAutoPredictor": ["forecast.predictor_name"],
    "CreateDataset": ["forecast.schema", "forecast.dataset_type", "forecast.domain", "forecast.dataset_name"],
    "CreateDatasetGroup": ["forecast.domain", "forecast.datasetgroup_name"],
    "CreateDatasetImportJob": ["forecast.data_source", "forecast.datasetimportjob_name", "forecast.dataset_arn"],
    "CreateExplainability": ["forecast.resource_arn", "forecast.explainability_config", "forecast.explainability_name"],
    "CreateExplainabilityExport": ["forecast.explainability_arn", "forecast.explainabilityexport_name", "forecast.destination"],
    "CreateForecast": ["forecast.forecast_name", "forecast.predictor_arn"],
    "CreateForecastExportJob": ["forecast.forecast_arn", "forecast.forecastexportjob_name", "forecast.destination"],
    "CreateMonitor": ["forecast.resource_arn", "forecast.monitor_name"],
    "CreatePredictor": ["forecast.predictor_name", "forecast.input_data_config", "forecast.forecast_horizon", "forecast.featurization_config"],
    "CreatePredictorBacktestExportJob": ["forecast.predictor_arn", "forecast.predictorbacktestexportjob_name", "forecast.destination"],
    "CreateWhatIfAnalysis": ["forecast.whatifanalysis_name", "forecast.forecast_arn"],
    "CreateWhatIfForecast": ["forecast.whatifanalysis_arn", "forecast.whatifforecast_name"],
    "CreateWhatIfForecastExport": ["forecast.destination", "forecast.whatifforecastexport_name", "forecast.what_if_forecast_arns"],
    "DeleteDataset": ["forecast.dataset_arn"],
    "DeleteDatasetGroup": ["forecast.datasetgroup_arn"],
    "DeleteDatasetImportJob": ["forecast.datasetimportjob_arn"],
    "DeleteExplainability": ["forecast.explainability_arn"],
    "DeleteExplainabilityExport": ["forecast.explainabilityexport_arn"],
    "DeleteForecast": ["forecast.forecast_arn"],
    "DeleteForecastExportJob": ["forecast.forecastexportjob_arn"],
    "DeleteMonitor": ["forecast.monitor_arn"],
    "DeletePredictor": ["forecast.predictor_arn"],
    "DeletePredictorBacktestExportJob": ["forecast.predictorbacktestexportjob_arn"],
    "DeleteResourceTree": ["forecast.resource_arn"],
    "DeleteWhatIfAnalysis": ["forecast.whatifanalysis_arn"],
    "DeleteWhatIfForecast": ["forecast.whatifforecast_arn"],
    "DeleteWhatIfForecastExport": ["forecast.whatifforecastexport_arn"],
    "DescribeAutoPredictor": ["forecast.predictor_arn"],
    "DescribeDataset": ["forecast.dataset_arn"],
    "DescribeDatasetGroup": ["forecast.datasetgroup_arn"],
    "DescribeDatasetImportJob": ["forecast.datasetimportjob_arn"],
    "DescribeExplainability": ["forecast.explainability_arn"],
    "DescribeExplainabilityExport": ["forecast.explainabilityexport_arn"],
    "DescribeForecast": ["forecast.forecast_arn"],
    "DescribeForecastExportJob": ["forecast.forecastexportjob_arn"],
    "DescribeMonitor": ["forecast.monitor_arn"],
    "DescribePredictor": ["forecast.predictor_arn"],
    "DescribePredictorBacktestExportJob": ["forecast.predictorbacktestexportjob_arn"],
    "DescribeWhatIfAnalysis": ["forecast.whatifanalysis_arn"],
    "DescribeWhatIfForecast": ["forecast.whatifforecast_arn"],
    "DescribeWhatIfForecastExport": ["forecast.whatifforecastexport_arn"],
    "GetAccuracyMetrics": ["forecast.predictor_arn"],
    "ListMonitorEvaluations": ["forecast.monitor_arn"],
    "ListTagsForResource": ["forecast.resource_arn"],
    "ResumeResource": ["forecast.resource_arn"],
    "StopResource": ["forecast.resource_arn"],
    "TagResource": ["forecast.resource_arn", "forecast.tags"],
    "UntagResource": ["forecast.resource_arn", "forecast.tag_keys"],
    "UpdateDatasetGroup": ["forecast.datasetgroup_arn", "forecast.dataset_arns"]
  },
  "op_produces": {
    "ListDatasetGroups": ["forecast.dataset_groups", "forecast.dataset_group_last_modification_time", "forecast.dataset_group_name", "forecast.next_token", "forecast.dataset_group_arn", "forecast.dataset_group_creation_time"],
    "ListDatasetImportJobs": ["forecast.dataset_import_job_name", "forecast.dataset_import_job_status", "forecast.dataset_import_job_creation_time", "forecast.dataset_import_job_message", "forecast.dataset_import_job_last_modification_time", "forecast.dataset_import_job_import_mode", "forecast.dataset_import_job_arn", "forecast.next_token", "forecast.dataset_import_job_data_source", "forecast.dataset_import_jobs"],
    "ListDatasets": ["forecast.dataset_type", "forecast.dataset_creation_time", "forecast.dataset_arn", "forecast.dataset_last_modification_time", "forecast.dataset_domain", "forecast.next_token", "forecast.dataset_name", "forecast.datasets"],
    "ListExplainabilities": ["forecast.explainability_status", "forecast.explainabilities", "forecast.explainability_config", "forecast.explainability_name", "forecast.next_token", "forecast.explainability_message", "forecast.explainability_creation_time", "forecast.resource_arn", "forecast.explainability_arn", "forecast.explainability_last_modification_time"],
    "ListExplainabilityExports": ["forecast.explainability_export_destination", "forecast.explainability_export_status", "forecast.next_token", "forecast.explainability_export_last_modification_time", "forecast.explainability_export_name", "forecast.explainability_export_message", "forecast.explainability_export_creation_time", "forecast.explainability_export_arn", "forecast.explainability_exports"],
    "ListForecastExportJobs": ["forecast.forecast_export_job_arn", "forecast.forecast_export_job_name", "forecast.forecast_export_job_status", "forecast.next_token", "forecast.forecast_export_jobs", "forecast.forecast_export_job_last_modification_time", "forecast.forecast_export_job_message", "forecast.forecast_export_job_creation_time", "forecast.forecast_export_job_destination"],
    "ListForecasts": ["forecast.predictor_arn", "forecast.forecast_creation_time", "forecast.forecast_created_using_auto_predictor", "forecast.forecast_arn", "forecast.next_token", "forecast.dataset_group_arn", "forecast.forecast_name", "forecast.forecast_last_modification_time", "forecast.forecast_message", "forecast.forecast_status", "forecast.forecasts"],
    "ListMonitors": ["forecast.monitor_arn", "forecast.monitor_creation_time", "forecast.monitor_name", "forecast.monitor_status", "forecast.monitors", "forecast.next_token", "forecast.monitor_last_modification_time", "forecast.resource_arn"],
    "ListPredictorBacktestExportJobs": ["forecast.predictor_backtest_export_job_name", "forecast.predictor_backtest_export_job_last_modification_time", "forecast.predictor_backtest_export_job_message", "forecast.next_token", "forecast.predictor_backtest_export_job_creation_time", "forecast.predictor_backtest_export_job_arn", "forecast.predictor_backtest_export_jobs", "forecast.predictor_backtest_export_job_status", "forecast.predictor_backtest_export_job_destination"],
    "ListPredictors": ["forecast.predictor_message", "forecast.predictor_last_modification_time", "forecast.predictors", "forecast.predictor_arn", "forecast.predictor_reference_predictor_summary", "forecast.predictor_status", "forecast.predictor_creation_time", "forecast.predictor_is_auto_predictor", "forecast.next_token", "forecast.predictor_name", "forecast.dataset_group_arn"],
    "ListWhatIfAnalyses": ["forecast.what_if_analysis_arn", "forecast.what_if_analys_last_modification_time", "forecast.forecast_arn", "forecast.what_if_analyses", "forecast.what_if_analys_message", "forecast.next_token", "forecast.what_if_analys_status", "forecast.what_if_analys_what_if_analysis_name", "forecast.what_if_analys_creation_time"],
    "ListWhatIfForecastExports": ["forecast.what_if_forecast_export_destination", "forecast.what_if_forecast_export_name", "forecast.what_if_forecast_export_what_if_forecast_arns", "forecast.what_if_forecast_export_arn", "forecast.what_if_forecast_export_status", "forecast.what_if_forecast_export_message", "forecast.what_if_forecast_export_last_modification_time", "forecast.next_token", "forecast.what_if_forecast_export_creation_time", "forecast.what_if_forecast_exports"],
    "ListWhatIfForecasts": ["forecast.what_if_forecast_message", "forecast.what_if_analysis_arn", "forecast.what_if_forecasts", "forecast.what_if_forecast_creation_time", "forecast.forecast_arn", "forecast.next_token", "forecast.what_if_forecast_last_modification_time", "forecast.forecast_name", "forecast.what_if_forecast_status"],
    "CreateAutoPredictor": ["forecast.predictor_arn"],
    "CreateDataset": ["forecast.dataset_arn"],
    "CreateDatasetGroup": ["forecast.dataset_group_arn"],
    "CreateDatasetImportJob": ["forecast.dataset_import_job_arn"],
    "CreateExplainability": ["forecast.explainability_arn"],
    "CreateExplainabilityExport": ["forecast.explainability_export_arn"],
    "CreateForecast": ["forecast.forecast_arn"],
    "CreateForecastExportJob": ["forecast.forecast_export_job_arn"],
    "CreateMonitor": ["forecast.monitor_arn"],
    "CreatePredictor": ["forecast.predictor_arn"],
    "CreatePredictorBacktestExportJob": ["forecast.predictor_backtest_export_job_arn"],
    "CreateWhatIfAnalysis": ["forecast.what_if_analysis_arn"],
    "CreateWhatIfForecast": ["forecast.forecast_arn"],
    "CreateWhatIfForecastExport": ["forecast.what_if_forecast_export_arn"],
    "DeleteDataset": [],
    "DeleteDatasetGroup": [],
    "DeleteDatasetImportJob": [],
    "DeleteExplainability": [],
    "DeleteExplainabilityExport": [],
    "DeleteForecast": [],
    "DeleteForecastExportJob": [],
    "DeleteMonitor": [],
    "DeletePredictor": [],
    "DeletePredictorBacktestExportJob": [],
    "DeleteResourceTree": [],
    "DeleteWhatIfAnalysis": [],
    "DeleteWhatIfForecast": [],
    "DeleteWhatIfForecastExport": [],
    "DescribeAutoPredictor": ["forecast.message", "forecast.dataset_import_job_arns", "forecast.data_config", "forecast.forecast_dimensions", "forecast.explainability_info", "forecast.forecast_types", "forecast.auto_predictor_status", "forecast.last_modification_time", "forecast.forecast_frequency", "forecast.predictor_name", "forecast.estimated_time_remaining_in_minutes", "forecast.creation_time", "forecast.forecast_horizon", "forecast.predictor_arn", "forecast.optimization_metric", "forecast.time_alignment_boundary", "forecast.encryption_config", "forecast.monitor_info", "forecast.reference_predictor_summary"],
    "DescribeDataset": ["forecast.dataset_type", "forecast.domain", "forecast.dataset_arn", "forecast.last_modification_time", "forecast.schema", "forecast.encryption_config", "forecast.dataset_status", "forecast.dataset_name", "forecast.schema_attributes", "forecast.data_frequency", "forecast.creation_time"],
    "DescribeDatasetGroup": ["forecast.domain", "forecast.last_modification_time", "forecast.dataset_group_status", "forecast.dataset_group_name", "forecast.dataset_group_arn", "forecast.dataset_arns", "forecast.creation_time"],
    "DescribeDatasetImportJob": ["forecast.timestamp_format", "forecast.message", "forecast.dataset_import_job_name", "forecast.dataset_import_job_status", "forecast.dataset_arn", "forecast.last_modification_time", "forecast.format", "forecast.import_mode", "forecast.dataset_import_job_arn", "forecast.use_geolocation_for_time_zone", "forecast.data_source", "forecast.field_statistics", "forecast.time_zone", "forecast.data_source_s3_config", "forecast.estimated_time_remaining_in_minutes", "forecast.creation_time", "forecast.geolocation_format", "forecast.data_size"],
    "DescribeExplainability": ["forecast.estimated_time_remaining_in_minutes", "forecast.message", "forecast.explainability_status", "forecast.last_modification_time", "forecast.enable_visualization", "forecast.explainability_config", "forecast.schema", "forecast.explainability_name", "forecast.explainability_config_time_series_granularity", "forecast.data_source", "forecast.start_date_time", "forecast.resource_arn", "forecast.explainability_arn", "forecast.creation_time", "forecast.end_date_time", "forecast.explainability_config_time_point_granularity"],
    "DescribeExplainabilityExport": ["forecast.message", "forecast.last_modification_time", "forecast.explainability_export_status", "forecast.format", "forecast.destination", "forecast.explainability_export_name", "forecast.explainability_arn", "forecast.destination_s3_config", "forecast.explainability_export_arn", "forecast.creation_time"],
    "DescribeForecast": ["forecast.message", "forecast.predictor_arn", "forecast.last_modification_time", "forecast.forecast_arn", "forecast.time_series_selector", "forecast.dataset_group_arn", "forecast.forecast_name", "forecast.estimated_time_remaining_in_minutes", "forecast.creation_time", "forecast.forecast_status", "forecast.forecast_types"],
    "DescribeForecastExportJob": ["forecast.message", "forecast.forecast_export_job_arn", "forecast.last_modification_time", "forecast.forecast_export_job_name", "forecast.format", "forecast.forecast_arn", "forecast.forecast_export_job_status", "forecast.destination", "forecast.destination_s3_config", "forecast.creation_time"],
    "DescribeMonitor": ["forecast.monitor_arn", "forecast.message", "forecast.baseline", "forecast.last_modification_time", "forecast.monitor_name", "forecast.baseline_predictor_baseline", "forecast.last_evaluation_time", "forecast.monitor_status", "forecast.resource_arn", "forecast.creation_time", "forecast.last_evaluation_state", "forecast.estimated_evaluation_time_remaining_in_minutes"],
    "DescribePredictor": ["forecast.hpo_config", "forecast.message", "forecast.predictor_status", "forecast.perform_hpo", "forecast.dataset_import_job_arns", "forecast.is_auto_predictor", "forecast.featurization_config", "forecast.forecast_types", "forecast.last_modification_time", "forecast.predictor_name", "forecast.algorithm_arn", "forecast.perform_auto_ml", "forecast.evaluation_parameters", "forecast.input_data_config", "forecast.estimated_time_remaining_in_minutes", "forecast.creation_time", "forecast.forecast_horizon", "forecast.predictor_arn", "forecast.optimization_metric", "forecast.auto_ml_algorithm_arns", "forecast.encryption_config", "forecast.training_parameters", "forecast.auto_ml_override_strategy", "forecast.predictor_execution_details"],
    "DescribePredictorBacktestExportJob": ["forecast.message", "forecast.predictor_arn", "forecast.predictor_backtest_export_job_name", "forecast.last_modification_time", "forecast.format", "forecast.destination_s3_config", "forecast.destination", "forecast.predictor_backtest_export_job_arn", "forecast.predictor_backtest_export_job_status", "forecast.creation_time"],
    "DescribeWhatIfAnalysis": ["forecast.what_if_analysis_arn", "forecast.message", "forecast.last_modification_time", "forecast.forecast_arn", "forecast.what_if_analysis_name", "forecast.time_series_selector", "forecast.time_series_selector_time_series_identifiers", "forecast.estimated_time_remaining_in_minutes", "forecast.creation_time", "forecast.what_if_analysi_status"],
    "DescribeWhatIfForecast": ["forecast.what_if_analysis_arn", "forecast.message", "forecast.last_modification_time", "forecast.forecast_arn", "forecast.time_series_transformation_time_series_conditions", "forecast.forecast_name", "forecast.time_series_transformations", "forecast.time_series_transformation_action", "forecast.estimated_time_remaining_in_minutes", "forecast.what_if_forecast_status", "forecast.creation_time", "forecast.time_series_replacements_data_source", "forecast.forecast_types"],
    "DescribeWhatIfForecastExport": ["forecast.message", "forecast.what_if_forecast_export_name", "forecast.what_if_forecast_export_arn", "forecast.what_if_forecast_arns", "forecast.last_modification_time", "forecast.format", "forecast.what_if_forecast_export_status", "forecast.destination", "forecast.estimated_time_remaining_in_minutes", "forecast.creation_time"],
    "GetAccuracyMetrics": ["forecast.optimization_metric", "forecast.predictor_evaluation_result_test_windows", "forecast.is_auto_predictor", "forecast.predictor_evaluation_results", "forecast.auto_ml_override_strategy", "forecast.predictor_evaluation_result_algorithm_arn"],
    "ListMonitorEvaluations": ["forecast.predictor_monitor_evaluation_evaluation_state", "forecast.monitor_arn", "forecast.predictor_monitor_evaluation_window_start_datetime", "forecast.predictor_monitor_evaluation_evaluation_time", "forecast.predictor_monitor_evaluation_monitor_data_source", "forecast.next_token", "forecast.predictor_monitor_evaluation_window_end_datetime", "forecast.predictor_monitor_evaluation_message", "forecast.resource_arn", "forecast.predictor_monitor_evaluation_metric_results", "forecast.predictor_monitor_evaluation_num_items_evaluated", "forecast.predictor_monitor_evaluation_predictor_event", "forecast.predictor_monitor_evaluations"],
    "ListTagsForResource": ["forecast.tags", "forecast.tag_value", "forecast.tag_key"],
    "ResumeResource": [],
    "StopResource": [],
    "TagResource": [],
    "UntagResource": [],
    "UpdateDatasetGroup": []
  },
  "entity_producers": {
    "forecast.dataset_groups": ["ListDatasetGroups"],
    "forecast.next_token": ["ListExplainabilityExports", "ListMonitors", "ListWhatIfForecastExports", "ListDatasetGroups", "ListDatasetImportJobs", "ListForecastExportJobs", "ListWhatIfForecasts", "ListMonitorEvaluations", "ListForecasts", "ListExplainabilities", "ListPredictors", "ListWhatIfAnalyses", "ListDatasets", "ListPredictorBacktestExportJobs"],
    "forecast.dataset_group_arn": ["CreateDatasetGroup", "DescribeDatasetGroup", "ListDatasetGroups", "ListForecasts", "ListPredictors", "DescribeForecast"],
    "forecast.dataset_group_name": ["DescribeDatasetGroup", "ListDatasetGroups"],
    "forecast.dataset_group_creation_time": ["ListDatasetGroups"],
    "forecast.dataset_group_last_modification_time": ["ListDatasetGroups"],
    "forecast.dataset_import_jobs": ["ListDatasetImportJobs"],
    "forecast.dataset_import_job_arn": ["CreateDatasetImportJob", "ListDatasetImportJobs", "DescribeDatasetImportJob"],
    "forecast.dataset_import_job_name": ["ListDatasetImportJobs", "DescribeDatasetImportJob"],
    "forecast.dataset_import_job_data_source": ["ListDatasetImportJobs"],
    "forecast.dataset_import_job_status": ["ListDatasetImportJobs", "DescribeDatasetImportJob"],
    "forecast.dataset_import_job_message": ["ListDatasetImportJobs"],
    "forecast.dataset_import_job_creation_time": ["ListDatasetImportJobs"],
    "forecast.dataset_import_job_last_modification_time": ["ListDatasetImportJobs"],
    "forecast.dataset_import_job_import_mode": ["ListDatasetImportJobs"],
    "forecast.datasets": ["ListDatasets"],
    "forecast.dataset_arn": ["DescribeDataset", "ListDatasets", "CreateDataset", "DescribeDatasetImportJob"],
    "forecast.dataset_name": ["DescribeDataset", "ListDatasets"],
    "forecast.dataset_type": ["DescribeDataset", "ListDatasets"],
    "forecast.dataset_domain": ["ListDatasets"],
    "forecast.dataset_creation_time": ["ListDatasets"],
    "forecast.dataset_last_modification_time": ["ListDatasets"],
    "forecast.explainabilities": ["ListExplainabilities"],
    "forecast.explainability_arn": ["ListExplainabilities", "DescribeExplainabilityExport", "CreateExplainability", "DescribeExplainability"],
    "forecast.explainability_name": ["ListExplainabilities", "DescribeExplainability"],
    "forecast.resource_arn": ["ListMonitors", "DescribeExplainability", "ListMonitorEvaluations", "ListExplainabilities", "DescribeMonitor"],
    "forecast.explainability_config": ["ListExplainabilities", "DescribeExplainability"],
    "forecast.explainability_status": ["ListExplainabilities", "DescribeExplainability"],
    "forecast.explainability_message": ["ListExplainabilities"],
    "forecast.explainability_creation_time": ["ListExplainabilities"],
    "forecast.explainability_last_modification_time": ["ListExplainabilities"],
    "forecast.explainability_exports": ["ListExplainabilityExports"],
    "forecast.explainability_export_arn": ["ListExplainabilityExports", "DescribeExplainabilityExport", "CreateExplainabilityExport"],
    "forecast.explainability_export_name": ["ListExplainabilityExports", "DescribeExplainabilityExport"],
    "forecast.explainability_export_destination": ["ListExplainabilityExports"],
    "forecast.explainability_export_status": ["ListExplainabilityExports", "DescribeExplainabilityExport"],
    "forecast.explainability_export_message": ["ListExplainabilityExports"],
    "forecast.explainability_export_creation_time": ["ListExplainabilityExports"],
    "forecast.explainability_export_last_modification_time": ["ListExplainabilityExports"],
    "forecast.forecast_export_jobs": ["ListForecastExportJobs"],
    "forecast.forecast_export_job_arn": ["DescribeForecastExportJob", "ListForecastExportJobs", "CreateForecastExportJob"],
    "forecast.forecast_export_job_name": ["DescribeForecastExportJob", "ListForecastExportJobs"],
    "forecast.forecast_export_job_destination": ["ListForecastExportJobs"],
    "forecast.forecast_export_job_status": ["DescribeForecastExportJob", "ListForecastExportJobs"],
    "forecast.forecast_export_job_message": ["ListForecastExportJobs"],
    "forecast.forecast_export_job_creation_time": ["ListForecastExportJobs"],
    "forecast.forecast_export_job_last_modification_time": ["ListForecastExportJobs"],
    "forecast.forecasts": ["ListForecasts"],
    "forecast.forecast_arn": ["DescribeWhatIfForecast", "ListWhatIfForecasts", "DescribeForecastExportJob", "ListForecasts", "DescribeWhatIfAnalysis", "ListWhatIfAnalyses", "CreateWhatIfForecast", "DescribeForecast", "CreateForecast"],
    "forecast.forecast_name": ["DescribeForecast", "DescribeWhatIfForecast", "ListForecasts", "ListWhatIfForecasts"],
    "forecast.predictor_arn": ["DescribePredictorBacktestExportJob", "DescribePredictor", "CreatePredictor", "ListForecasts", "ListPredictors", "DescribeAutoPredictor", "DescribeForecast", "CreateAutoPredictor"],
    "forecast.forecast_created_using_auto_predictor": ["ListForecasts"],
    "forecast.forecast_status": ["ListForecasts", "DescribeForecast"],
    "forecast.forecast_message": ["ListForecasts"],
    "forecast.forecast_creation_time": ["ListForecasts"],
    "forecast.forecast_last_modification_time": ["ListForecasts"],
    "forecast.monitors": ["ListMonitors"],
    "forecast.monitor_arn": ["ListMonitorEvaluations", "ListMonitors", "DescribeMonitor", "CreateMonitor"],
    "forecast.monitor_name": ["ListMonitors", "DescribeMonitor"],
    "forecast.monitor_status": ["ListMonitors", "DescribeMonitor"],
    "forecast.monitor_creation_time": ["ListMonitors"],
    "forecast.monitor_last_modification_time": ["ListMonitors"],
    "forecast.predictor_backtest_export_jobs": ["ListPredictorBacktestExportJobs"],
    "forecast.predictor_backtest_export_job_arn": ["DescribePredictorBacktestExportJob", "ListPredictorBacktestExportJobs", "CreatePredictorBacktestExportJob"],
    "forecast.predictor_backtest_export_job_name": ["DescribePredictorBacktestExportJob", "ListPredictorBacktestExportJobs"],
    "forecast.predictor_backtest_export_job_destination": ["ListPredictorBacktestExportJobs"],
    "forecast.predictor_backtest_export_job_status": ["DescribePredictorBacktestExportJob", "ListPredictorBacktestExportJobs"],
    "forecast.predictor_backtest_export_job_message": ["ListPredictorBacktestExportJobs"],
    "forecast.predictor_backtest_export_job_creation_time": ["ListPredictorBacktestExportJobs"],
    "forecast.predictor_backtest_export_job_last_modification_time": ["ListPredictorBacktestExportJobs"],
    "forecast.predictors": ["ListPredictors"],
    "forecast.predictor_name": ["DescribePredictor", "ListPredictors", "DescribeAutoPredictor"],
    "forecast.predictor_is_auto_predictor": ["ListPredictors"],
    "forecast.predictor_reference_predictor_summary": ["ListPredictors"],
    "forecast.predictor_status": ["DescribePredictor", "ListPredictors"],
    "forecast.predictor_message": ["ListPredictors"],
    "forecast.predictor_creation_time": ["ListPredictors"],
    "forecast.predictor_last_modification_time": ["ListPredictors"],
    "forecast.what_if_analyses": ["ListWhatIfAnalyses"],
    "forecast.what_if_analysis_arn": ["DescribeWhatIfForecast", "ListWhatIfForecasts", "DescribeWhatIfAnalysis", "ListWhatIfAnalyses", "CreateWhatIfAnalysis"],
    "forecast.what_if_analys_what_if_analysis_name": ["ListWhatIfAnalyses"],
    "forecast.what_if_analys_status": ["ListWhatIfAnalyses"],
    "forecast.what_if_analys_message": ["ListWhatIfAnalyses"],
    "forecast.what_if_analys_creation_time": ["ListWhatIfAnalyses"],
    "forecast.what_if_analys_last_modification_time": ["ListWhatIfAnalyses"],
    "forecast.what_if_forecast_exports": ["ListWhatIfForecastExports"],
    "forecast.what_if_forecast_export_arn": ["DescribeWhatIfForecastExport", "ListWhatIfForecastExports", "CreateWhatIfForecastExport"],
    "forecast.what_if_forecast_export_what_if_forecast_arns": ["ListWhatIfForecastExports"],
    "forecast.what_if_forecast_export_name": ["DescribeWhatIfForecastExport", "ListWhatIfForecastExports"],
    "forecast.what_if_forecast_export_destination": ["ListWhatIfForecastExports"],
    "forecast.what_if_forecast_export_status": ["DescribeWhatIfForecastExport", "ListWhatIfForecastExports"],
    "forecast.what_if_forecast_export_message": ["ListWhatIfForecastExports"],
    "forecast.what_if_forecast_export_creation_time": ["ListWhatIfForecastExports"],
    "forecast.what_if_forecast_export_last_modification_time": ["ListWhatIfForecastExports"],
    "forecast.what_if_forecasts": ["ListWhatIfForecasts"],
    "forecast.what_if_forecast_status": ["DescribeWhatIfForecast", "ListWhatIfForecasts"],
    "forecast.what_if_forecast_message": ["ListWhatIfForecasts"],
    "forecast.what_if_forecast_creation_time": ["ListWhatIfForecasts"],
    "forecast.what_if_forecast_last_modification_time": ["ListWhatIfForecasts"],
    "forecast.forecast_horizon": ["DescribePredictor", "DescribeAutoPredictor"],
    "forecast.forecast_types": ["DescribeWhatIfForecast", "DescribePredictor", "DescribeForecast", "DescribeAutoPredictor"],
    "forecast.forecast_frequency": ["DescribeAutoPredictor"],
    "forecast.forecast_dimensions": ["DescribeAutoPredictor"],
    "forecast.dataset_import_job_arns": ["DescribePredictor", "DescribeAutoPredictor"],
    "forecast.data_config": ["DescribeAutoPredictor"],
    "forecast.encryption_config": ["DescribeDataset", "DescribePredictor", "DescribeAutoPredictor"],
    "forecast.reference_predictor_summary": ["DescribeAutoPredictor"],
    "forecast.estimated_time_remaining_in_minutes": ["DescribeWhatIfForecastExport", "DescribePredictor", "DescribeWhatIfForecast", "DescribeDatasetImportJob", "DescribeExplainability", "DescribeWhatIfAnalysis", "DescribeAutoPredictor", "DescribeForecast"],
    "forecast.auto_predictor_status": ["DescribeAutoPredictor"],
    "forecast.message": ["DescribeWhatIfForecastExport", "DescribePredictorBacktestExportJob", "DescribePredictor", "DescribeWhatIfForecast", "DescribeDatasetImportJob", "DescribeExplainability", "DescribeForecastExportJob", "DescribeWhatIfAnalysis", "DescribeAutoPredictor", "DescribeExplainabilityExport", "DescribeMonitor", "DescribeForecast"],
    "forecast.creation_time": ["DescribeWhatIfForecastExport", "DescribePredictorBacktestExportJob", "DescribePredictor", "DescribeDatasetGroup", "DescribeWhatIfForecast", "DescribeDatasetImportJob", "DescribeExplainability", "DescribeDataset", "DescribeForecastExportJob", "DescribeWhatIfAnalysis", "DescribeAutoPredictor", "DescribeExplainabilityExport", "DescribeMonitor", "DescribeForecast"],
    "forecast.last_modification_time": ["DescribeWhatIfForecastExport", "DescribePredictorBacktestExportJob", "DescribePredictor", "DescribeDatasetGroup", "DescribeWhatIfForecast", "DescribeDatasetImportJob", "DescribeExplainability", "DescribeDataset", "DescribeForecastExportJob", "DescribeWhatIfAnalysis", "DescribeAutoPredictor", "DescribeExplainabilityExport", "DescribeMonitor", "DescribeForecast"],
    "forecast.optimization_metric": ["GetAccuracyMetrics", "DescribePredictor", "DescribeAutoPredictor"],
    "forecast.explainability_info": ["DescribeAutoPredictor"],
    "forecast.monitor_info": ["DescribeAutoPredictor"],
    "forecast.time_alignment_boundary": ["DescribeAutoPredictor"],
    "forecast.domain": ["DescribeDataset", "DescribeDatasetGroup"],
    "forecast.data_frequency": ["DescribeDataset"],
    "forecast.schema": ["DescribeDataset", "DescribeExplainability"],
    "forecast.dataset_status": ["DescribeDataset"],
    "forecast.schema_attributes": ["DescribeDataset"],
    "forecast.dataset_arns": ["DescribeDatasetGroup"],
    "forecast.dataset_group_status": ["DescribeDatasetGroup"],
    "forecast.timestamp_format": ["DescribeDatasetImportJob"],
    "forecast.time_zone": ["DescribeDatasetImportJob"],
    "forecast.use_geolocation_for_time_zone": ["DescribeDatasetImportJob"],
    "forecast.geolocation_format": ["DescribeDatasetImportJob"],
    "forecast.data_source": ["DescribeDatasetImportJob", "DescribeExplainability"],
    "forecast.field_statistics": ["DescribeDatasetImportJob"],
    "forecast.data_size": ["DescribeDatasetImportJob"],
    "forecast.format": ["DescribeWhatIfForecastExport", "DescribePredictorBacktestExportJob", "DescribeDatasetImportJob", "DescribeForecastExportJob", "DescribeExplainabilityExport"],
    "forecast.import_mode": ["DescribeDatasetImportJob"],
    "forecast.data_source_s3_config": ["DescribeDatasetImportJob"],
    "forecast.enable_visualization": ["DescribeExplainability"],
    "forecast.start_date_time": ["DescribeExplainability"],
    "forecast.end_date_time": ["DescribeExplainability"],
    "forecast.explainability_config_time_series_granularity": ["DescribeExplainability"],
    "forecast.explainability_config_time_point_granularity": ["DescribeExplainability"],
    "forecast.destination": ["DescribePredictorBacktestExportJob", "DescribeForecastExportJob", "DescribeExplainabilityExport", "DescribeWhatIfForecastExport"],
    "forecast.destination_s3_config": ["DescribePredictorBacktestExportJob", "DescribeForecastExportJob", "DescribeExplainabilityExport"],
    "forecast.time_series_selector": ["DescribeWhatIfAnalysis", "DescribeForecast"],
    "forecast.last_evaluation_time": ["DescribeMonitor"],
    "forecast.last_evaluation_state": ["DescribeMonitor"],
    "forecast.baseline": ["DescribeMonitor"],
    "forecast.estimated_evaluation_time_remaining_in_minutes": ["DescribeMonitor"],
    "forecast.baseline_predictor_baseline": ["DescribeMonitor"],
    "forecast.algorithm_arn": ["DescribePredictor"],
    "forecast.auto_ml_algorithm_arns": ["DescribePredictor"],
    "forecast.perform_auto_ml": ["DescribePredictor"],
    "forecast.auto_ml_override_strategy": ["GetAccuracyMetrics", "DescribePredictor"],
    "forecast.perform_hpo": ["DescribePredictor"],
    "forecast.training_parameters": ["DescribePredictor"],
    "forecast.evaluation_parameters": ["DescribePredictor"],
    "forecast.hpo_config": ["DescribePredictor"],
    "forecast.input_data_config": ["DescribePredictor"],
    "forecast.featurization_config": ["DescribePredictor"],
    "forecast.predictor_execution_details": ["DescribePredictor"],
    "forecast.is_auto_predictor": ["GetAccuracyMetrics", "DescribePredictor"],
    "forecast.what_if_analysis_name": ["DescribeWhatIfAnalysis"],
    "forecast.what_if_analysi_status": ["DescribeWhatIfAnalysis"],
    "forecast.time_series_selector_time_series_identifiers": ["DescribeWhatIfAnalysis"],
    "forecast.time_series_transformations": ["DescribeWhatIfForecast"],
    "forecast.time_series_replacements_data_source": ["DescribeWhatIfForecast"],
    "forecast.time_series_transformation_action": ["DescribeWhatIfForecast"],
    "forecast.time_series_transformation_time_series_conditions": ["DescribeWhatIfForecast"],
    "forecast.what_if_forecast_arns": ["DescribeWhatIfForecastExport"],
    "forecast.predictor_evaluation_results": ["GetAccuracyMetrics"],
    "forecast.predictor_evaluation_result_algorithm_arn": ["GetAccuracyMetrics"],
    "forecast.predictor_evaluation_result_test_windows": ["GetAccuracyMetrics"],
    "forecast.predictor_monitor_evaluations": ["ListMonitorEvaluations"],
    "forecast.predictor_monitor_evaluation_evaluation_time": ["ListMonitorEvaluations"],
    "forecast.predictor_monitor_evaluation_evaluation_state": ["ListMonitorEvaluations"],
    "forecast.predictor_monitor_evaluation_window_start_datetime": ["ListMonitorEvaluations"],
    "forecast.predictor_monitor_evaluation_window_end_datetime": ["ListMonitorEvaluations"],
    "forecast.predictor_monitor_evaluation_predictor_event": ["ListMonitorEvaluations"],
    "forecast.predictor_monitor_evaluation_monitor_data_source": ["ListMonitorEvaluations"],
    "forecast.predictor_monitor_evaluation_metric_results": ["ListMonitorEvaluations"],
    "forecast.predictor_monitor_evaluation_num_items_evaluated": ["ListMonitorEvaluations"],
    "forecast.predictor_monitor_evaluation_message": ["ListMonitorEvaluations"],
    "forecast.tags": ["ListTagsForResource"],
    "forecast.tag_key": ["ListTagsForResource"],
    "forecast.tag_value": ["ListTagsForResource"]
  },
  "entity_consumers": {
    "forecast.predictor_name": ["CreatePredictor", "CreateAutoPredictor"],
    "forecast.dataset_name": ["CreateDataset"],
    "forecast.domain": ["CreateDataset", "CreateDatasetGroup"],
    "forecast.dataset_type": ["CreateDataset"],
    "forecast.schema": ["CreateDataset"],
    "forecast.datasetgroup_name": ["CreateDatasetGroup"],
    "forecast.datasetimportjob_name": ["CreateDatasetImportJob"],
    "forecast.dataset_arn": ["DescribeDataset", "CreateDatasetImportJob", "DeleteDataset"],
    "forecast.data_source": ["CreateDatasetImportJob"],
    "forecast.explainability_name": ["CreateExplainability"],
    "forecast.resource_arn": ["UntagResource", "CreateExplainability", "ListTagsForResource", "DeleteResourceTree", "TagResource", "StopResource", "CreateMonitor", "ResumeResource"],
    "forecast.explainability_config": ["CreateExplainability"],
    "forecast.explainabilityexport_name": ["CreateExplainabilityExport"],
    "forecast.explainability_arn": ["DeleteExplainability", "CreateExplainabilityExport", "DescribeExplainability"],
    "forecast.destination": ["CreatePredictorBacktestExportJob", "CreateWhatIfForecastExport", "CreateExplainabilityExport", "CreateForecastExportJob"],
    "forecast.forecast_name": ["CreateForecast"],
    "forecast.predictor_arn": ["GetAccuracyMetrics", "DescribePredictor", "CreatePredictorBacktestExportJob", "DeletePredictor", "DescribeAutoPredictor", "CreateForecast"],
    "forecast.forecastexportjob_name": ["CreateForecastExportJob"],
    "forecast.forecast_arn": ["DescribeForecast", "CreateWhatIfAnalysis", "DeleteForecast", "CreateForecastExportJob"],
    "forecast.monitor_name": ["CreateMonitor"],
    "forecast.forecast_horizon": ["CreatePredictor"],
    "forecast.input_data_config": ["CreatePredictor"],
    "forecast.featurization_config": ["CreatePredictor"],
    "forecast.predictorbacktestexportjob_name": ["CreatePredictorBacktestExportJob"],
    "forecast.whatifanalysis_name": ["CreateWhatIfAnalysis"],
    "forecast.whatifforecast_name": ["CreateWhatIfForecast"],
    "forecast.whatifanalysis_arn": ["CreateWhatIfForecast", "DeleteWhatIfAnalysis", "DescribeWhatIfAnalysis"],
    "forecast.whatifforecastexport_name": ["CreateWhatIfForecastExport"],
    "forecast.what_if_forecast_arns": ["CreateWhatIfForecastExport"],
    "forecast.datasetgroup_arn": ["UpdateDatasetGroup", "DeleteDatasetGroup", "DescribeDatasetGroup"],
    "forecast.datasetimportjob_arn": ["DeleteDatasetImportJob", "DescribeDatasetImportJob"],
    "forecast.explainabilityexport_arn": ["DescribeExplainabilityExport", "DeleteExplainabilityExport"],
    "forecast.forecastexportjob_arn": ["DescribeForecastExportJob", "DeleteForecastExportJob"],
    "forecast.monitor_arn": ["ListMonitorEvaluations", "DeleteMonitor", "DescribeMonitor"],
    "forecast.predictorbacktestexportjob_arn": ["DescribePredictorBacktestExportJob", "DeletePredictorBacktestExportJob"],
    "forecast.whatifforecast_arn": ["DeleteWhatIfForecast", "DescribeWhatIfForecast"],
    "forecast.whatifforecastexport_arn": ["DescribeWhatIfForecastExport", "DeleteWhatIfForecastExport"],
    "forecast.tags": ["TagResource"],
    "forecast.tag_keys": ["UntagResource"],
    "forecast.dataset_arns": ["UpdateDatasetGroup"]
  },
  "external_entities": ["forecast.datasetgroup_arn", "forecast.datasetgroup_name", "forecast.datasetimportjob_arn", "forecast.datasetimportjob_name", "forecast.explainabilityexport_arn", "forecast.explainabilityexport_name", "forecast.forecastexportjob_arn", "forecast.forecastexportjob_name", "forecast.predictorbacktestexportjob_arn", "forecast.predictorbacktestexportjob_name", "forecast.tag_keys", "forecast.whatifanalysis_arn", "forecast.whatifanalysis_name", "forecast.whatifforecast_arn", "forecast.whatifforecast_name", "forecast.whatifforecastexport_arn", "forecast.whatifforecastexport_name"]
}