{
  "service": "forecast",
  "version": "1.0",
  "kind_rules": {
    "read_list": ["List"],
    "read_get": ["Get", "Describe"],
    "write_create": ["Create", "Start", "Generate", "Import", "Enable", "Register"],
    "write_update": ["Update", "Modify", "Put", "Set", "Change", "Reset", "Patch"],
    "write_delete": ["Delete", "Remove", "Terminate", "Destroy", "Disable", "Detach", "Disassociate", "Untag", "Revoke"],
    "write_apply": ["Apply", "Attach", "Associate", "Add", "Tag", "Authorize", "Unauthorize", "Grant"],
    "other": ["default"]
  },
  "entity_aliases": {
    "forecast.forecast_predictor_arn": "forecast.predictor_arn",
    "forecast.predictor_monitor_evaluation_resource_arn": "forecast.resource_arn",
    "forecast.what_if_forecast_name": "forecast.forecast_name",
    "forecast.predictor_dataset_group_arn": "forecast.dataset_group_arn",
    "forecast.what_if_analys_what_if_analysis_arn": "forecast.what_if_analysis_arn",
    "forecast.predictor_monitor_evaluation_monitor_arn": "forecast.monitor_arn",
    "forecast.monitor_resource_arn": "forecast.resource_arn",
    "forecast.what_if_forecast_what_if_analysis_arn": "forecast.what_if_analysis_arn",
    "forecast.what_if_analys_forecast_arn": "forecast.forecast_arn",
    "forecast.forecast_dataset_group_arn": "forecast.dataset_group_arn",
    "forecast.explainability_resource_arn": "forecast.resource_arn",
    "forecast.what_if_forecast_arn": "forecast.forecast_arn"
  },
  "overrides": {},
  "operations": {
    "ListDatasetGroups": {
      "kind": "read_list",
      "side_effect": false,
      "sdk": {"client": "forecast", "method": "list_dataset_groups"},
      "consumes": [],
      "produces": [{"entity": "forecast.dataset_groups", "source": "output", "path": "DatasetGroups"}, {"entity": "forecast.next_token", "source": "output", "path": "NextToken"}, {"entity": "forecast.dataset_group_arn", "source": "item", "path": "DatasetGroups[].DatasetGroupArn"}, {"entity": "forecast.dataset_group_name", "source": "item", "path": "DatasetGroups[].DatasetGroupName"}, {"entity": "forecast.dataset_group_creation_time", "source": "item", "path": "DatasetGroups[].CreationTime"}, {"entity": "forecast.dataset_group_last_modification_time", "source": "item", "path": "DatasetGroups[].LastModificationTime"}],
      "notes": ""
    },
    "ListDatasetImportJobs": {
      "kind": "read_list",
      "side_effect": false,
      "sdk": {"client": "forecast", "method": "list_dataset_import_jobs"},
      "consumes": [],
      "produces": [{"entity": "forecast.dataset_import_jobs", "source": "output", "path": "DatasetImportJobs"}, {"entity": "forecast.next_token", "source": "output", "path": "NextToken"}, {"entity": "forecast.dataset_import_job_arn", "source": "item", "path": "DatasetImportJobs[].DatasetImportJobArn"}, {"entity": "forecast.dataset_import_job_name", "source": "item", "path": "DatasetImportJobs[].DatasetImportJobName"}, {"entity": "forecast.dataset_import_job_data_source", "source": "item", "path": "DatasetImportJobs[].DataSource"}, {"entity": "forecast.dataset_import_job_status", "source": "item", "path": "DatasetImportJobs[].Status"}, {"entity": "forecast.dataset_import_job_message", "source": "item", "path": "DatasetImportJobs[].Message"}, {"entity": "forecast.dataset_import_job_creation_time", "source": "item", "path": "DatasetImportJobs[].CreationTime"}, {"entity": "forecast.dataset_import_job_last_modification_time", "source": "item", "path": "DatasetImportJobs[].LastModificationTime"}, {"entity": "forecast.dataset_import_job_import_mode", "source": "item", "path": "DatasetImportJobs[].ImportMode"}],
      "notes": ""
    },
    "ListDatasets": {
      "kind": "read_list",
      "side_effect": false,
      "sdk": {"client": "forecast", "method": "list_datasets"},
      "consumes": [],
      "produces": [{"entity": "forecast.datasets", "source": "output", "path": "Datasets"}, {"entity": "forecast.next_token", "source": "output", "path": "NextToken"}, {"entity": "forecast.dataset_arn", "source": "item", "path": "Datasets[].DatasetArn"}, {"entity": "forecast.dataset_name", "source": "item", "path": "Datasets[].DatasetName"}, {"entity": "forecast.dataset_type", "source": "item", "path": "Datasets[].DatasetType"}, {"entity": "forecast.dataset_domain", "source": "item", "path": "Datasets[].Domain"}, {"entity": "forecast.dataset_creation_time", "source": "item", "path": "Datasets[].CreationTime"}, {"entity": "forecast.dataset_last_modification_time", "source": "item", "path": "Datasets[].LastModificationTime"}],
      "notes": ""
    },
    "ListExplainabilities": {
      "kind": "read_list",
      "side_effect": false,
      "sdk": {"client": "forecast", "method": "list_explainabilities"},
      "consumes": [],
      "produces": [{"entity": "forecast.explainabilities", "source": "output", "path": "Explainabilities"}, {"entity": "forecast.next_token", "source": "output", "path": "NextToken"}, {"entity": "forecast.explainability_arn", "source": "item", "path": "Explainabilities[].ExplainabilityArn"}, {"entity": "forecast.explainability_name", "source": "item", "path": "Explainabilities[].ExplainabilityName"}, {"entity": "forecast.resource_arn", "source": "item", "path": "Explainabilities[].ResourceArn"}, {"entity": "forecast.explainability_config", "source": "item", "path": "Explainabilities[].ExplainabilityConfig"}, {"entity": "forecast.explainability_status", "source": "item", "path": "Explainabilities[].Status"}, {"entity": "forecast.explainability_message", "source": "item", "path": "Explainabilities[].Message"}, {"entity": "forecast.explainability_creation_time", "source": "item", "path": "Explainabilities[].CreationTime"}, {"entity": "forecast.explainability_last_modification_time", "source": "item", "path": "Explainabilities[].LastModificationTime"}],
      "notes": ""
    },
    "ListExplainabilityExports": {
      "kind": "read_list",
      "side_effect": false,
      "sdk": {"client": "forecast", "method": "list_explainability_exports"},
      "consumes": [],
      "produces": [{"entity": "forecast.explainability_exports", "source": "output", "path": "ExplainabilityExports"}, {"entity": "forecast.next_token", "source": "output", "path": "NextToken"}, {"entity": "forecast.explainability_export_arn", "source": "item", "path": "ExplainabilityExports[].ExplainabilityExportArn"}, {"entity": "forecast.explainability_export_name", "source": "item", "path": "ExplainabilityExports[].ExplainabilityExportName"}, {"entity": "forecast.explainability_export_destination", "source": "item", "path": "ExplainabilityExports[].Destination"}, {"entity": "forecast.explainability_export_status", "source": "item", "path": "ExplainabilityExports[].Status"}, {"entity": "forecast.explainability_export_message", "source": "item", "path": "ExplainabilityExports[].Message"}, {"entity": "forecast.explainability_export_creation_time", "source": "item", "path": "ExplainabilityExports[].CreationTime"}, {"entity": "forecast.explainability_export_last_modification_time", "source": "item", "path": "ExplainabilityExports[].LastModificationTime"}],
      "notes": ""
    },
    "ListForecastExportJobs": {
      "kind": "read_list",
      "side_effect": false,
      "sdk": {"client": "forecast", "method": "list_forecast_export_jobs"},
      "consumes": [],
      "produces": [{"entity": "forecast.forecast_export_jobs", "source": "output", "path": "ForecastExportJobs"}, {"entity": "forecast.next_token", "source": "output", "path": "NextToken"}, {"entity": "forecast.forecast_export_job_arn", "source": "item", "path": "ForecastExportJobs[].ForecastExportJobArn"}, {"entity": "forecast.forecast_export_job_name", "source": "item", "path": "ForecastExportJobs[].ForecastExportJobName"}, {"entity": "forecast.forecast_export_job_destination", "source": "item", "path": "ForecastExportJobs[].Destination"}, {"entity": "forecast.forecast_export_job_status", "source": "item", "path": "ForecastExportJobs[].Status"}, {"entity": "forecast.forecast_export_job_message", "source": "item", "path": "ForecastExportJobs[].Message"}, {"entity": "forecast.forecast_export_job_creation_time", "source": "item", "path": "ForecastExportJobs[].CreationTime"}, {"entity": "forecast.forecast_export_job_last_modification_time", "source": "item", "path": "ForecastExportJobs[].LastModificationTime"}],
      "notes": ""
    },
    "ListForecasts": {
      "kind": "read_list",
      "side_effect": false,
      "sdk": {"client": "forecast", "method": "list_forecasts"},
      "consumes": [],
      "produces": [{"entity": "forecast.forecasts", "source": "output", "path": "Forecasts"}, {"entity": "forecast.next_token", "source": "output", "path": "NextToken"}, {"entity": "forecast.forecast_arn", "source": "item", "path": "Forecasts[].ForecastArn"}, {"entity": "forecast.forecast_name", "source": "item", "path": "Forecasts[].ForecastName"}, {"entity": "forecast.predictor_arn", "source": "item", "path": "Forecasts[].PredictorArn"}, {"entity": "forecast.forecast_created_using_auto_predictor", "source": "item", "path": "Forecasts[].CreatedUsingAutoPredictor"}, {"entity": "forecast.dataset_group_arn", "source": "item", "path": "Forecasts[].DatasetGroupArn"}, {"entity": "forecast.forecast_status", "source": "item", "path": "Forecasts[].Status"}, {"entity": "forecast.forecast_message", "source": "item", "path": "Forecasts[].Message"}, {"entity": "forecast.forecast_creation_time", "source": "item", "path": "Forecasts[].CreationTime"}, {"entity": "forecast.forecast_last_modification_time", "source": "item", "path": "Forecasts[].LastModificationTime"}],
      "notes": ""
    },
    "ListMonitors": {
      "kind": "read_list",
      "side_effect": false,
      "sdk": {"client": "forecast", "method": "list_monitors"},
      "consumes": [],
      "produces": [{"entity": "forecast.monitors", "source": "output", "path": "Monitors"}, {"entity": "forecast.next_token", "source": "output", "path": "NextToken"}, {"entity": "forecast.monitor_arn", "source": "item", "path": "Monitors[].MonitorArn"}, {"entity": "forecast.monitor_name", "source": "item", "path": "Monitors[].MonitorName"}, {"entity": "forecast.resource_arn", "source": "item", "path": "Monitors[].ResourceArn"}, {"entity": "forecast.monitor_status", "source": "item", "path": "Monitors[].Status"}, {"entity": "forecast.monitor_creation_time", "source": "item", "path": "Monitors[].CreationTime"}, {"entity": "forecast.monitor_last_modification_time", "source": "item", "path": "Monitors[].LastModificationTime"}],
      "notes": ""
    },
    "ListPredictorBacktestExportJobs": {
      "kind": "read_list",
      "side_effect": false,
      "sdk": {"client": "forecast", "method": "list_predictor_backtest_export_jobs"},
      "consumes": [],
      "produces": [{"entity": "forecast.predictor_backtest_export_jobs", "source": "output", "path": "PredictorBacktestExportJobs"}, {"entity": "forecast.next_token", "source": "output", "path": "NextToken"}, {"entity": "forecast.predictor_backtest_export_job_arn", "source": "item", "path": "PredictorBacktestExportJobs[].PredictorBacktestExportJobArn"}, {"entity": "forecast.predictor_backtest_export_job_name", "source": "item", "path": "PredictorBacktestExportJobs[].PredictorBacktestExportJobName"}, {"entity": "forecast.predictor_backtest_export_job_destination", "source": "item", "path": "PredictorBacktestExportJobs[].Destination"}, {"entity": "forecast.predictor_backtest_export_job_status", "source": "item", "path": "PredictorBacktestExportJobs[].Status"}, {"entity": "forecast.predictor_backtest_export_job_message", "source": "item", "path": "PredictorBacktestExportJobs[].Message"}, {"entity": "forecast.predictor_backtest_export_job_creation_time", "source": "item", "path": "PredictorBacktestExportJobs[].CreationTime"}, {"entity": "forecast.predictor_backtest_export_job_last_modification_time", "source": "item", "path": "PredictorBacktestExportJobs[].LastModificationTime"}],
      "notes": ""
    },
    "ListPredictors": {
      "kind": "read_list",
      "side_effect": false,
      "sdk": {"client": "forecast", "method": "list_predictors"},
      "consumes": [],
      "produces": [{"entity": "forecast.predictors", "source": "output", "path": "Predictors"}, {"entity": "forecast.next_token", "source": "output", "path": "NextToken"}, {"entity": "forecast.predictor_arn", "source": "item", "path": "Predictors[].PredictorArn"}, {"entity": "forecast.predictor_name", "source": "item", "path": "Predictors[].PredictorName"}, {"entity": "forecast.dataset_group_arn", "source": "item", "path": "Predictors[].DatasetGroupArn"}, {"entity": "forecast.predictor_is_auto_predictor", "source": "item", "path": "Predictors[].IsAutoPredictor"}, {"entity": "forecast.predictor_reference_predictor_summary", "source": "item", "path": "Predictors[].ReferencePredictorSummary"}, {"entity": "forecast.predictor_status", "source": "item", "path": "Predictors[].Status"}, {"entity": "forecast.predictor_message", "source": "item", "path": "Predictors[].Message"}, {"entity": "forecast.predictor_creation_time", "source": "item", "path": "Predictors[].CreationTime"}, {"entity": "forecast.predictor_last_modification_time", "source": "item", "path": "Predictors[].LastModificationTime"}],
      "notes": ""
    },
    "ListWhatIfAnalyses": {
      "kind": "read_list",
      "side_effect": false,
      "sdk": {"client": "forecast", "method": "list_what_if_analyses"},
      "consumes": [],
      "produces": [{"entity": "forecast.what_if_analyses", "source": "output", "path": "WhatIfAnalyses"}, {"entity": "forecast.next_token", "source": "output", "path": "NextToken"}, {"entity": "forecast.what_if_analysis_arn", "source": "item", "path": "WhatIfAnalyses[].WhatIfAnalysisArn"}, {"entity": "forecast.what_if_analys_what_if_analysis_name", "source": "item", "path": "WhatIfAnalyses[].WhatIfAnalysisName"}, {"entity": "forecast.forecast_arn", "source": "item", "path": "WhatIfAnalyses[].ForecastArn"}, {"entity": "forecast.what_if_analys_status", "source": "item", "path": "WhatIfAnalyses[].Status"}, {"entity": "forecast.what_if_analys_message", "source": "item", "path": "WhatIfAnalyses[].Message"}, {"entity": "forecast.what_if_analys_creation_time", "source": "item", "path": "WhatIfAnalyses[].CreationTime"}, {"entity": "forecast.what_if_analys_last_modification_time", "source": "item", "path": "WhatIfAnalyses[].LastModificationTime"}],
      "notes": ""
    },
    "ListWhatIfForecastExports": {
      "kind": "read_list",
      "side_effect": false,
      "sdk": {"client": "forecast", "method": "list_what_if_forecast_exports"},
      "consumes": [],
      "produces": [{"entity": "forecast.what_if_forecast_exports", "source": "output", "path": "WhatIfForecastExports"}, {"entity": "forecast.next_token", "source": "output", "path": "NextToken"}, {"entity": "forecast.what_if_forecast_export_arn", "source": "item", "path": "WhatIfForecastExports[].WhatIfForecastExportArn"}, {"entity": "forecast.what_if_forecast_export_what_if_forecast_arns", "source": "item", "path": "WhatIfForecastExports[].WhatIfForecastArns"}, {"entity": "forecast.what_if_forecast_export_name", "source": "item", "path": "WhatIfForecastExports[].WhatIfForecastExportName"}, {"entity": "forecast.what_if_forecast_export_destination", "source": "item", "path": "WhatIfForecastExports[].Destination"}, {"entity": "forecast.what_if_forecast_export_status", "source": "item", "path": "WhatIfForecastExports[].Status"}, {"entity": "forecast.what_if_forecast_export_message", "source": "item", "path": "WhatIfForecastExports[].Message"}, {"entity": "forecast.what_if_forecast_export_creation_time", "source": "item", "path": "WhatIfForecastExports[].CreationTime"}, {"entity": "forecast.what_if_forecast_export_last_modification_time", "source": "item", "path": "WhatIfForecastExports[].LastModificationTime"}],
      "notes": ""
    },
    "ListWhatIfForecasts": {
      "kind": "read_list",
      "side_effect": false,
      "sdk": {"client": "forecast", "method": "list_what_if_forecasts"},
      "consumes": [],
      "produces": [{"entity": "forecast.what_if_forecasts", "source": "output", "path": "WhatIfForecasts"}, {"entity": "forecast.next_token", "source": "output", "path": "NextToken"}, {"entity": "forecast.forecast_arn", "source": "item", "path": "WhatIfForecasts[].WhatIfForecastArn"}, {"entity": "forecast.forecast_name", "source": "item", "path": "WhatIfForecasts[].WhatIfForecastName"}, {"entity": "forecast.what_if_analysis_arn", "source": "item", "path": "WhatIfForecasts[].WhatIfAnalysisArn"}, {"entity": "forecast.what_if_forecast_status", "source": "item", "path": "WhatIfForecasts[].Status"}, {"entity": "forecast.what_if_forecast_message", "source": "item", "path": "WhatIfForecasts[].Message"}, {"entity": "forecast.what_if_forecast_creation_time", "source": "item", "path": "WhatIfForecasts[].CreationTime"}, {"entity": "forecast.what_if_forecast_last_modification_time", "source": "item", "path": "WhatIfForecasts[].LastModificationTime"}],
      "notes": ""
    },
    "CreateAutoPredictor": {
      "kind": "write_create",
      "side_effect": true,
      "sdk": {"client": "forecast", "method": "create_auto_predictor"},
      "consumes": [{"entity": "forecast.predictor_name", "param": "PredictorName", "required": true, "source": "internal"}],
      "produces": [{"entity": "forecast.predictor_arn", "source": "output", "path": "PredictorArn"}],
      "notes": ""
    },
    "CreateDataset": {
      "kind": "write_create",
      "side_effect": true,
      "sdk": {"client": "forecast", "method": "create_dataset"},
      "consumes": [{"entity": "forecast.dataset_name", "param": "DatasetName", "required": true, "source": "internal"}, {"entity": "forecast.domain", "param": "Domain", "required": true, "source": "internal"}, {"entity": "forecast.dataset_type", "param": "DatasetType", "required": true, "source": "internal"}, {"entity": "forecast.schema", "param": "Schema", "required": true, "source": "internal"}],
      "produces": [{"entity": "forecast.dataset_arn", "source": "output", "path": "DatasetArn"}],
      "notes": ""
    },
    "CreateDatasetGroup": {
      "kind": "write_create",
      "side_effect": true,
      "sdk": {"client": "forecast", "method": "create_dataset_group"},
      "consumes": [{"entity": "forecast.datasetgroup_name", "param": "DatasetGroupName", "required": true, "source": "external"}, {"entity": "forecast.domain", "param": "Domain", "required": true, "source": "internal"}],
      "produces": [{"entity": "forecast.dataset_group_arn", "source": "output", "path": "DatasetGroupArn"}],
      "notes": ""
    },
    "CreateDatasetImportJob": {
      "kind": "write_create",
      "side_effect": true,
      "sdk": {"client": "forecast", "method": "create_dataset_import_job"},
      "consumes": [{"entity": "forecast.datasetimportjob_name", "param": "DatasetImportJobName", "required": true, "source": "external"}, {"entity": "forecast.dataset_arn", "param": "DatasetArn", "required": true, "source": "internal"}, {"entity": "forecast.data_source", "param": "DataSource", "required": true, "source": "internal"}],
      "produces": [{"entity": "forecast.dataset_import_job_arn", "source": "output", "path": "DatasetImportJobArn"}],
      "notes": ""
    },
    "CreateExplainability": {
      "kind": "write_create",
      "side_effect": true,
      "sdk": {"client": "forecast", "method": "create_explainability"},
      "consumes": [{"entity": "forecast.explainability_name", "param": "ExplainabilityName", "required": true, "source": "internal"}, {"entity": "forecast.resource_arn", "param": "ResourceArn", "required": true, "source": "internal"}, {"entity": "forecast.explainability_config", "param": "ExplainabilityConfig", "required": true, "source": "internal"}],
      "produces": [{"entity": "forecast.explainability_arn", "source": "output", "path": "ExplainabilityArn"}],
      "notes": ""
    },
    "CreateExplainabilityExport": {
      "kind": "write_create",
      "side_effect": true,
      "sdk": {"client": "forecast", "method": "create_explainability_export"},
      "consumes": [{"entity": "forecast.explainabilityexport_name", "param": "ExplainabilityExportName", "required": true, "source": "external"}, {"entity": "forecast.explainability_arn", "param": "ExplainabilityArn", "required": true, "source": "internal"}, {"entity": "forecast.destination", "param": "Destination", "required": true, "source": "internal"}],
      "produces": [{"entity": "forecast.explainability_export_arn", "source": "output", "path": "ExplainabilityExportArn"}],
      "notes": ""
    },
    "CreateForecast": {
      "kind": "write_create",
      "side_effect": true,
      "sdk": {"client": "forecast", "method": "create_forecast"},
      "consumes": [{"entity": "forecast.forecast_name", "param": "ForecastName", "required": true, "source": "internal"}, {"entity": "forecast.predictor_arn", "param": "PredictorArn", "required": true, "source": "internal"}],
      "produces": [{"entity": "forecast.forecast_arn", "source": "output", "path": "ForecastArn"}],
      "notes": ""
    },
    "CreateForecastExportJob": {
      "kind": "write_create",
      "side_effect": true,
      "sdk": {"client": "forecast", "method": "create_forecast_export_job"},
      "consumes": [{"entity": "forecast.forecastexportjob_name", "param": "ForecastExportJobName", "required": true, "source": "external"}, {"entity": "forecast.forecast_arn", "param": "ForecastArn", "required": true, "source": "internal"}, {"entity": "forecast.destination", "param": "Destination", "required": true, "source": "internal"}],
      "produces": [{"entity": "forecast.forecast_export_job_arn", "source": "output", "path": "ForecastExportJobArn"}],
      "notes": ""
    },
    "CreateMonitor": {
      "kind": "write_create",
      "side_effect": true,
      "sdk": {"client": "forecast", "method": "create_monitor"},
      "consumes": [{"entity": "forecast.monitor_name", "param": "MonitorName", "required": true, "source": "internal"}, {"entity": "forecast.resource_arn", "param": "ResourceArn", "required": true, "source": "internal"}],
      "produces": [{"entity": "forecast.monitor_arn", "source": "output", "path": "MonitorArn"}],
      "notes": ""
    },
    "CreatePredictor": {
      "kind": "write_create",
      "side_effect": true,
      "sdk": {"client": "forecast", "method": "create_predictor"},
      "consumes": [{"entity": "forecast.predictor_name", "param": "PredictorName", "required": true, "source": "internal"}, {"entity": "forecast.forecast_horizon", "param": "ForecastHorizon", "required": true, "source": "internal"}, {"entity": "forecast.input_data_config", "param": "InputDataConfig", "required": true, "source": "internal"}, {"entity": "forecast.featurization_config", "param": "FeaturizationConfig", "required": true, "source": "internal"}],
      "produces": [{"entity": "forecast.predictor_arn", "source": "output", "path": "PredictorArn"}],
      "notes": ""
    },
    "CreatePredictorBacktestExportJob": {
      "kind": "write_create",
      "side_effect": true,
      "sdk": {"client": "forecast", "method": "create_predictor_backtest_export_job"},
      "consumes": [{"entity": "forecast.predictorbacktestexportjob_name", "param": "PredictorBacktestExportJobName", "required": true, "source": "external"}, {"entity": "forecast.predictor_arn", "param": "PredictorArn", "required": true, "source": "internal"}, {"entity": "forecast.destination", "param": "Destination", "required": true, "source": "internal"}],
      "produces": [{"entity": "forecast.predictor_backtest_export_job_arn", "source": "output", "path": "PredictorBacktestExportJobArn"}],
      "notes": ""
    },
    "CreateWhatIfAnalysis": {
      "kind": "write_create",
      "side_effect": true,
      "sdk": {"client": "forecast", "method": "create_what_if_analysis"},
      "consumes": [{"entity": "forecast.whatifanalysis_name", "param": "WhatIfAnalysisName", "required": true, "source": "external"}, {"entity": "forecast.forecast_arn", "param": "ForecastArn", "required": true, "source": "internal"}],
      "produces": [{"entity": "forecast.what_if_analysis_arn", "source": "output", "path": "WhatIfAnalysisArn"}],
      "notes": ""
    },
    "CreateWhatIfForecast": {
      "kind": "write_create",
      "side_effect": true,
      "sdk": {"client": "forecast", "method": "create_what_if_forecast"},
      "consumes": [{"entity": "forecast.whatifforecast_name", "param": "WhatIfForecastName", "required": true, "source": "external"}, {"entity": "forecast.whatifanalysis_arn", "param": "WhatIfAnalysisArn", "required": true, "source": "external"}],
      "produces": [{"entity": "forecast.forecast_arn", "source": "output", "path": "WhatIfForecastArn"}],
      "notes": ""
    },
    "CreateWhatIfForecastExport": {
      "kind": "write_create",
      "side_effect": true,
      "sdk": {"client": "forecast", "method": "create_what_if_forecast_export"},
      "consumes": [{"entity": "forecast.whatifforecastexport_name", "param": "WhatIfForecastExportName", "required": true, "source": "external"}, {"entity": "forecast.what_if_forecast_arns", "param": "WhatIfForecastArns", "required": true, "source": "internal"}, {"entity": "forecast.destination", "param": "Destination", "required": true, "source": "internal"}],
      "produces": [{"entity": "forecast.what_if_forecast_export_arn", "source": "output", "path": "WhatIfForecastExportArn"}],
      "notes": ""
    },
    "DeleteDataset": {
      "kind": "write_delete",
      "side_effect": true,
      "sdk": {"client": "forecast", "method": "delete_dataset"},
      "consumes": [{"entity": "forecast.dataset_arn", "param": "DatasetArn", "required": true, "source": "internal"}],
      "produces": [],
      "notes": ""
    },
    "DeleteDatasetGroup": {
      "kind": "write_delete",
      "side_effect": true,
      "sdk": {"client": "forecast", "method": "delete_dataset_group"},
      "consumes": [{"entity": "forecast.datasetgroup_arn", "param": "DatasetGroupArn", "required": true, "source": "external"}],
      "produces": [],
      "notes": ""
    },
    "DeleteDatasetImportJob": {
      "kind": "write_delete",
      "side_effect": true,
      "sdk": {"client": "forecast", "method": "delete_dataset_import_job"},
      "consumes": [{"entity": "forecast.datasetimportjob_arn", "param": "DatasetImportJobArn", "required": true, "source": "external"}],
      "produces": [],
      "notes": ""
    },
    "DeleteExplainability": {
      "kind": "write_delete",
      "side_effect": true,
      "sdk": {"client": "forecast", "method": "delete_explainability"},
      "consumes": [{"entity": "forecast.explainability_arn", "param": "ExplainabilityArn", "required": true, "source": "internal"}],
      "produces": [],
      "notes": ""
    },
    "DeleteExplainabilityExport": {
      "kind": "write_delete",
      "side_effect": true,
      "sdk": {"client": "forecast", "method": "delete_explainability_export"},
      "consumes": [{"entity": "forecast.explainabilityexport_arn", "param": "ExplainabilityExportArn", "required": true, "source": "external"}],
      "produces": [],
      "notes": ""
    },
    "DeleteForecast": {
      "kind": "write_delete",
      "side_effect": true,
      "sdk": {"client": "forecast", "method": "delete_forecast"},
      "consumes": [{"entity": "forecast.forecast_arn", "param": "ForecastArn", "required": true, "source": "internal"}],
      "produces": [],
      "notes": ""
    },
    "DeleteForecastExportJob": {
      "kind": "write_delete",
      "side_effect": true,
      "sdk": {"client": "forecast", "method": "delete_forecast_export_job"},
      "consumes": [{"entity": "forecast.forecastexportjob_arn", "param": "ForecastExportJobArn", "required": true, "source": "external"}],
      "produces": [],
      "notes": ""
    },
    "DeleteMonitor": {
      "kind": "write_delete",
      "side_effect": true,
      "sdk": {"client": "forecast", "method": "delete_monitor"},
      "consumes": [{"entity": "forecast.monitor_arn", "param": "MonitorArn", "required": true, "source": "internal"}],
      "produces": [],
      "notes": ""
    },
    "DeletePredictor": {
      "kind": "write_delete",
      "side_effect": true,
      "sdk": {"client": "forecast", "method": "delete_predictor"},
      "consumes": [{"entity": "forecast.predictor_arn", "param": "PredictorArn", "required": true, "source": "internal"}],
      "produces": [],
      "notes": ""
    },
    "DeletePredictorBacktestExportJob": {
      "kind": "write_delete",
      "side_effect": true,
      "sdk": {"client": "forecast", "method": "delete_predictor_backtest_export_job"},
      "consumes": [{"entity": "forecast.predictorbacktestexportjob_arn", "param": "PredictorBacktestExportJobArn", "required": true, "source": "external"}],
      "produces": [],
      "notes": ""
    },
    "DeleteResourceTree": {
      "kind": "write_delete",
      "side_effect": true,
      "sdk": {"client": "forecast", "method": "delete_resource_tree"},
      "consumes": [{"entity": "forecast.resource_arn", "param": "ResourceArn", "required": true, "source": "internal"}],
      "produces": [],
      "notes": ""
    },
    "DeleteWhatIfAnalysis": {
      "kind": "write_delete",
      "side_effect": true,
      "sdk": {"client": "forecast", "method": "delete_what_if_analysis"},
      "consumes": [{"entity": "forecast.whatifanalysis_arn", "param": "WhatIfAnalysisArn", "required": true, "source": "external"}],
      "produces": [],
      "notes": ""
    },
    "DeleteWhatIfForecast": {
      "kind": "write_delete",
      "side_effect": true,
      "sdk": {"client": "forecast", "method": "delete_what_if_forecast"},
      "consumes": [{"entity": "forecast.whatifforecast_arn", "param": "WhatIfForecastArn", "required": true, "source": "external"}],
      "produces": [],
      "notes": ""
    },
    "DeleteWhatIfForecastExport": {
      "kind": "write_delete",
      "side_effect": true,
      "sdk": {"client": "forecast", "method": "delete_what_if_forecast_export"},
      "consumes": [{"entity": "forecast.whatifforecastexport_arn", "param": "WhatIfForecastExportArn", "required": true, "source": "external"}],
      "produces": [],
      "notes": ""
    },
    "DescribeAutoPredictor": {
      "kind": "read_get",
      "side_effect": false,
      "sdk": {"client": "forecast", "method": "describe_auto_predictor"},
      "consumes": [{"entity": "forecast.predictor_arn", "param": "PredictorArn", "required": true, "source": "internal"}],
      "produces": [{"entity": "forecast.predictor_arn", "source": "output", "path": "PredictorArn"}, {"entity": "forecast.predictor_name", "source": "output", "path": "PredictorName"}, {"entity": "forecast.forecast_horizon", "source": "output", "path": "ForecastHorizon"}, {"entity": "forecast.forecast_types", "source": "output", "path": "ForecastTypes"}, {"entity": "forecast.forecast_frequency", "source": "output", "path": "ForecastFrequency"}, {"entity": "forecast.forecast_dimensions", "source": "output", "path": "ForecastDimensions"}, {"entity": "forecast.dataset_import_job_arns", "source": "output", "path": "DatasetImportJobArns"}, {"entity": "forecast.data_config", "source": "output", "path": "DataConfig"}, {"entity": "forecast.encryption_config", "source": "output", "path": "EncryptionConfig"}, {"entity": "forecast.reference_predictor_summary", "source": "output", "path": "ReferencePredictorSummary"}, {"entity": "forecast.estimated_time_remaining_in_minutes", "source": "output", "path": "EstimatedTimeRemainingInMinutes"}, {"entity": "forecast.auto_predictor_status", "source": "output", "path": "Status"}, {"entity": "forecast.message", "source": "output", "path": "Message"}, {"entity": "forecast.creation_time", "source": "output", "path": "CreationTime"}, {"entity": "forecast.last_modification_time", "source": "output", "path": "LastModificationTime"}, {"entity": "forecast.optimization_metric", "source": "output", "path": "OptimizationMetric"}, {"entity": "forecast.explainability_info", "source": "output", "path": "ExplainabilityInfo"}, {"entity": "forecast.monitor_info", "source": "output", "path": "MonitorInfo"}, {"entity": "forecast.time_alignment_boundary", "source": "output", "path": "TimeAlignmentBoundary"}],
      "notes": ""
    },
    "DescribeDataset": {
      "kind": "read_get",
      "side_effect": false,
      "sdk": {"client": "forecast", "method": "describe_dataset"},
      "consumes": [{"entity": "forecast.dataset_arn", "param": "DatasetArn", "required": true, "source": "internal"}],
      "produces": [{"entity": "forecast.dataset_arn", "source": "output", "path": "DatasetArn"}, {"entity": "forecast.dataset_name", "source": "output", "path": "DatasetName"}, {"entity": "forecast.domain", "source": "output", "path": "Domain"}, {"entity": "forecast.dataset_type", "source": "output", "path": "DatasetType"}, {"entity": "forecast.data_frequency", "source": "output", "path": "DataFrequency"}, {"entity": "forecast.schema", "source": "output", "path": "Schema"}, {"entity": "forecast.encryption_config", "source": "output", "path": "EncryptionConfig"}, {"entity": "forecast.dataset_status", "source": "output", "path": "Status"}, {"entity": "forecast.creation_time", "source": "output", "path": "CreationTime"}, {"entity": "forecast.last_modification_time", "source": "output", "path": "LastModificationTime"}, {"entity": "forecast.schema_attributes", "source": "item", "path": "Schema.Attributes"}],
      "notes": ""
    },
    "DescribeDatasetGroup": {
      "kind": "read_get",
      "side_effect": false,
      "sdk": {"client": "forecast", "method": "describe_dataset_group"},
      "consumes": [{"entity": "forecast.datasetgroup_arn", "param": "DatasetGroupArn", "required": true, "source": "external"}],
      "produces": [{"entity": "forecast.dataset_group_name", "source": "output", "path": "DatasetGroupName"}, {"entity": "forecast.dataset_group_arn", "source": "output", "path": "DatasetGroupArn"}, {"entity": "forecast.dataset_arns", "source": "output", "path": "DatasetArns"}, {"entity": "forecast.domain", "source": "output", "path": "Domain"}, {"entity": "forecast.dataset_group_status", "source": "output", "path": "Status"}, {"entity": "forecast.creation_time", "source": "output", "path": "CreationTime"}, {"entity": "forecast.last_modification_time", "source": "output", "path": "LastModificationTime"}],
      "notes": ""
    },
    "DescribeDatasetImportJob": {
      "kind": "read_get",
      "side_effect": false,
      "sdk": {"client": "forecast", "method": "describe_dataset_import_job"},
      "consumes": [{"entity": "forecast.datasetimportjob_arn", "param": "DatasetImportJobArn", "required": true, "source": "external"}],
      "produces": [{"entity": "forecast.dataset_import_job_name", "source": "output", "path": "DatasetImportJobName"}, {"entity": "forecast.dataset_import_job_arn", "source": "output", "path": "DatasetImportJobArn"}, {"entity": "forecast.dataset_arn", "source": "output", "path": "DatasetArn"}, {"entity": "forecast.timestamp_format", "source": "output", "path": "TimestampFormat"}, {"entity": "forecast.time_zone", "source": "output", "path": "TimeZone"}, {"entity": "forecast.use_geolocation_for_time_zone", "source": "output", "path": "UseGeolocationForTimeZone"}, {"entity": "forecast.geolocation_format", "source": "output", "path": "GeolocationFormat"}, {"entity": "forecast.data_source", "source": "output", "path": "DataSource"}, {"entity": "forecast.estimated_time_remaining_in_minutes", "source": "output", "path": "EstimatedTimeRemainingInMinutes"}, {"entity": "forecast.field_statistics", "source": "output", "path": "FieldStatistics"}, {"entity": "forecast.data_size", "source": "output", "path": "DataSize"}, {"entity": "forecast.dataset_import_job_status", "source": "output", "path": "Status"}, {"entity": "forecast.message", "source": "output", "path": "Message"}, {"entity": "forecast.creation_time", "source": "output", "path": "CreationTime"}, {"entity": "forecast.last_modification_time", "source": "output", "path": "LastModificationTime"}, {"entity": "forecast.format", "source": "output", "path": "Format"}, {"entity": "forecast.import_mode", "source": "output", "path": "ImportMode"}, {"entity": "forecast.data_source_s3_config", "source": "item", "path": "DataSource.S3Config"}],
      "notes": ""
    },
    "DescribeExplainability": {
      "kind": "read_get",
      "side_effect": false,
      "sdk": {"client": "forecast", "method": "describe_explainability"},
      "consumes": [{"entity": "forecast.explainability_arn", "param": "ExplainabilityArn", "required": true, "source": "internal"}],
      "produces": [{"entity": "forecast.explainability_arn", "source": "output", "path": "ExplainabilityArn"}, {"entity": "forecast.explainability_name", "source": "output", "path": "ExplainabilityName"}, {"entity": "forecast.resource_arn", "source": "output", "path": "ResourceArn"}, {"entity": "forecast.explainability_config", "source": "output", "path": "ExplainabilityConfig"}, {"entity": "forecast.enable_visualization", "source": "output", "path": "EnableVisualization"}, {"entity": "forecast.data_source", "source": "output", "path": "DataSource"}, {"entity": "forecast.schema", "source": "output", "path": "Schema"}, {"entity": "forecast.start_date_time", "source": "output", "path": "StartDateTime"}, {"entity": "forecast.end_date_time", "source": "output", "path": "EndDateTime"}, {"entity": "forecast.estimated_time_remaining_in_minutes", "source": "output", "path": "EstimatedTimeRemainingInMinutes"}, {"entity": "forecast.message", "source": "output", "path": "Message"}, {"entity": "forecast.explainability_status", "source": "output", "path": "Status"}, {"entity": "forecast.creation_time", "source": "output", "path": "CreationTime"}, {"entity": "forecast.last_modification_time", "source": "output", "path": "LastModificationTime"}, {"entity": "forecast.explainability_config_time_series_granularity", "source": "item", "path": "ExplainabilityConfig.TimeSeriesGranularity"}, {"entity": "forecast.explainability_config_time_point_granularity", "source": "item", "path": "ExplainabilityConfig.TimePointGranularity"}],
      "notes": ""
    },
    "DescribeExplainabilityExport": {
      "kind": "read_get",
      "side_effect": false,
      "sdk": {"client": "forecast", "method": "describe_explainability_export"},
      "consumes": [{"entity": "forecast.explainabilityexport_arn", "param": "ExplainabilityExportArn", "required": true, "source": "external"}],
      "produces": [{"entity": "forecast.explainability_export_arn", "source": "output", "path": "ExplainabilityExportArn"}, {"entity": "forecast.explainability_export_name", "source": "output", "path": "ExplainabilityExportName"}, {"entity": "forecast.explainability_arn", "source": "output", "path": "ExplainabilityArn"}, {"entity": "forecast.destination", "source": "output", "path": "Destination"}, {"entity": "forecast.message", "source": "output", "path": "Message"}, {"entity": "forecast.explainability_export_status", "source": "output", "path": "Status"}, {"entity": "forecast.creation_time", "source": "output", "path": "CreationTime"}, {"entity": "forecast.last_modification_time", "source": "output", "path": "LastModificationTime"}, {"entity": "forecast.format", "source": "output", "path": "Format"}, {"entity": "forecast.destination_s3_config", "source": "item", "path": "Destination.S3Config"}],
      "notes": ""
    },
    "DescribeForecast": {
      "kind": "read_get",
      "side_effect": false,
      "sdk": {"client": "forecast", "method": "describe_forecast"},
      "consumes": [{"entity": "forecast.forecast_arn", "param": "ForecastArn", "required": true, "source": "internal"}],
      "produces": [{"entity": "forecast.forecast_arn", "source": "output", "path": "ForecastArn"}, {"entity": "forecast.forecast_name", "source": "output", "path": "ForecastName"}, {"entity": "forecast.forecast_types", "source": "output", "path": "ForecastTypes"}, {"entity": "forecast.predictor_arn", "source": "output", "path": "PredictorArn"}, {"entity": "forecast.dataset_group_arn", "source": "output", "path": "DatasetGroupArn"}, {"entity": "forecast.estimated_time_remaining_in_minutes", "source": "output", "path": "EstimatedTimeRemainingInMinutes"}, {"entity": "forecast.forecast_status", "source": "output", "path": "Status"}, {"entity": "forecast.message", "source": "output", "path": "Message"}, {"entity": "forecast.creation_time", "source": "output", "path": "CreationTime"}, {"entity": "forecast.last_modification_time", "source": "output", "path": "LastModificationTime"}, {"entity": "forecast.time_series_selector", "source": "output", "path": "TimeSeriesSelector"}],
      "notes": ""
    },
    "DescribeForecastExportJob": {
      "kind": "read_get",
      "side_effect": false,
      "sdk": {"client": "forecast", "method": "describe_forecast_export_job"},
      "consumes": [{"entity": "forecast.forecastexportjob_arn", "param": "ForecastExportJobArn", "required": true, "source": "external"}],
      "produces": [{"entity": "forecast.forecast_export_job_arn", "source": "output", "path": "ForecastExportJobArn"}, {"entity": "forecast.forecast_export_job_name", "source": "output", "path": "ForecastExportJobName"}, {"entity": "forecast.forecast_arn", "source": "output", "path": "ForecastArn"}, {"entity": "forecast.destination", "source": "output", "path": "Destination"}, {"entity": "forecast.message", "source": "output", "path": "Message"}, {"entity": "forecast.forecast_export_job_status", "source": "output", "path": "Status"}, {"entity": "forecast.creation_time", "source": "output", "path": "CreationTime"}, {"entity": "forecast.last_modification_time", "source": "output", "path": "LastModificationTime"}, {"entity": "forecast.format", "source": "output", "path": "Format"}, {"entity": "forecast.destination_s3_config", "source": "item", "path": "Destination.S3Config"}],
      "notes": ""
    },
    "DescribeMonitor": {
      "kind": "read_get",
      "side_effect": false,
      "sdk": {"client": "forecast", "method": "describe_monitor"},
      "consumes": [{"entity": "forecast.monitor_arn", "param": "MonitorArn", "required": true, "source": "internal"}],
      "produces": [{"entity": "forecast.monitor_name", "source": "output", "path": "MonitorName"}, {"entity": "forecast.monitor_arn", "source": "output", "path": "MonitorArn"}, {"entity": "forecast.resource_arn", "source": "output", "path": "ResourceArn"}, {"entity": "forecast.monitor_status", "source": "output", "path": "Status"}, {"entity": "forecast.last_evaluation_time", "source": "output", "path": "LastEvaluationTime"}, {"entity": "forecast.last_evaluation_state", "source": "output", "path": "LastEvaluationState"}, {"entity": "forecast.baseline", "source": "output", "path": "Baseline"}, {"entity": "forecast.message", "source": "output", "path": "Message"}, {"entity": "forecast.creation_time", "source": "output", "path": "CreationTime"}, {"entity": "forecast.last_modification_time", "source": "output", "path": "LastModificationTime"}, {"entity": "forecast.estimated_evaluation_time_remaining_in_minutes", "source": "output", "path": "EstimatedEvaluationTimeRemainingInMinutes"}, {"entity": "forecast.baseline_predictor_baseline", "source": "item", "path": "Baseline.PredictorBaseline"}],
      "notes": ""
    },
    "DescribePredictor": {
      "kind": "read_get",
      "side_effect": false,
      "sdk": {"client": "forecast", "method": "describe_predictor"},
      "consumes": [{"entity": "forecast.predictor_arn", "param": "PredictorArn", "required": true, "source": "internal"}],
      "produces": [{"entity": "forecast.predictor_arn", "source": "output", "path": "PredictorArn"}, {"entity": "forecast.predictor_name", "source": "output", "path": "PredictorName"}, {"entity": "forecast.algorithm_arn", "source": "output", "path": "AlgorithmArn"}, {"entity": "forecast.auto_ml_algorithm_arns", "source": "output", "path": "AutoMLAlgorithmArns"}, {"entity": "forecast.forecast_horizon", "source": "output", "path": "ForecastHorizon"}, {"entity": "forecast.forecast_types", "source": "output", "path": "ForecastTypes"}, {"entity": "forecast.perform_auto_ml", "source": "output", "path": "PerformAutoML"}, {"entity": "forecast.auto_ml_override_strategy", "source": "output", "path": "AutoMLOverrideStrategy"}, {"entity": "forecast.perform_hpo", "source": "output", "path": "PerformHPO"}, {"entity": "forecast.training_parameters", "source": "output", "path": "TrainingParameters"}, {"entity": "forecast.evaluation_parameters", "source": "output", "path": "EvaluationParameters"}, {"entity": "forecast.hpo_config", "source": "output", "path": "HPOConfig"}, {"entity": "forecast.input_data_config", "source": "output", "path": "InputDataConfig"}, {"entity": "forecast.featurization_config", "source": "output", "path": "FeaturizationConfig"}, {"entity": "forecast.encryption_config", "source": "output", "path": "EncryptionConfig"}, {"entity": "forecast.predictor_execution_details", "source": "output", "path": "PredictorExecutionDetails"}, {"entity": "forecast.estimated_time_remaining_in_minutes", "source": "output", "path": "EstimatedTimeRemainingInMinutes"}, {"entity": "forecast.is_auto_predictor", "source": "output", "path": "IsAutoPredictor"}, {"entity": "forecast.dataset_import_job_arns", "source": "output", "path": "DatasetImportJobArns"}, {"entity": "forecast.predictor_status", "source": "output", "path": "Status"}, {"entity": "forecast.message", "source": "output", "path": "Message"}, {"entity": "forecast.creation_time", "source": "output", "path": "CreationTime"}, {"entity": "forecast.last_modification_time", "source": "output", "path": "LastModificationTime"}, {"entity": "forecast.optimization_metric", "source": "output", "path": "OptimizationMetric"}],
      "notes": ""
    },
    "DescribePredictorBacktestExportJob": {
      "kind": "read_get",
      "side_effect": false,
      "sdk": {"client": "forecast", "method": "describe_predictor_backtest_export_job"},
      "consumes": [{"entity": "forecast.predictorbacktestexportjob_arn", "param": "PredictorBacktestExportJobArn", "required": true, "source": "external"}],
      "produces": [{"entity": "forecast.predictor_backtest_export_job_arn", "source": "output", "path": "PredictorBacktestExportJobArn"}, {"entity": "forecast.predictor_backtest_export_job_name", "source": "output", "path": "PredictorBacktestExportJobName"}, {"entity": "forecast.predictor_arn", "source": "output", "path": "PredictorArn"}, {"entity": "forecast.destination", "source": "output", "path": "Destination"}, {"entity": "forecast.message", "source": "output", "path": "Message"}, {"entity": "forecast.predictor_backtest_export_job_status", "source": "output", "path": "Status"}, {"entity": "forecast.creation_time", "source": "output", "path": "CreationTime"}, {"entity": "forecast.last_modification_time", "source": "output", "path": "LastModificationTime"}, {"entity": "forecast.format", "source": "output", "path": "Format"}, {"entity": "forecast.destination_s3_config", "source": "item", "path": "Destination.S3Config"}],
      "notes": ""
    },
    "DescribeWhatIfAnalysis": {
      "kind": "read_get",
      "side_effect": false,
      "sdk": {"client": "forecast", "method": "describe_what_if_analysis"},
      "consumes": [{"entity": "forecast.whatifanalysis_arn", "param": "WhatIfAnalysisArn", "required": true, "source": "external"}],
      "produces": [{"entity": "forecast.what_if_analysis_name", "source": "output", "path": "WhatIfAnalysisName"}, {"entity": "forecast.what_if_analysis_arn", "source": "output", "path": "WhatIfAnalysisArn"}, {"entity": "forecast.forecast_arn", "source": "output", "path": "ForecastArn"}, {"entity": "forecast.estimated_time_remaining_in_minutes", "source": "output", "path": "EstimatedTimeRemainingInMinutes"}, {"entity": "forecast.what_if_analysi_status", "source": "output", "path": "Status"}, {"entity": "forecast.message", "source": "output", "path": "Message"}, {"entity": "forecast.creation_time", "source": "output", "path": "CreationTime"}, {"entity": "forecast.last_modification_time", "source": "output", "path": "LastModificationTime"}, {"entity": "forecast.time_series_selector", "source": "output", "path": "TimeSeriesSelector"}, {"entity": "forecast.time_series_selector_time_series_identifiers", "source": "item", "path": "TimeSeriesSelector.TimeSeriesIdentifiers"}],
      "notes": ""
    },
    "DescribeWhatIfForecast": {
      "kind": "read_get",
      "side_effect": false,
      "sdk": {"client": "forecast", "method": "describe_what_if_forecast"},
      "consumes": [{"entity": "forecast.whatifforecast_arn", "param": "WhatIfForecastArn", "required": true, "source": "external"}],
      "produces": [{"entity": "forecast.forecast_name", "source": "output", "path": "WhatIfForecastName"}, {"entity": "forecast.forecast_arn", "source": "output", "path": "WhatIfForecastArn"}, {"entity": "forecast.what_if_analysis_arn", "source": "output", "path": "WhatIfAnalysisArn"}, {"entity": "forecast.estimated_time_remaining_in_minutes", "source": "output", "path": "EstimatedTimeRemainingInMinutes"}, {"entity": "forecast.what_if_forecast_status", "source": "output", "path": "Status"}, {"entity": "forecast.message", "source": "output", "path": "Message"}, {"entity": "forecast.creation_time", "source": "output", "path": "CreationTime"}, {"entity": "forecast.last_modification_time", "source": "output", "path": "LastModificationTime"}, {"entity": "forecast.time_series_transformations", "source": "output", "path": "TimeSeriesTransformations"}, {"entity": "forecast.time_series_replacements_data_source", "source": "output", "path": "TimeSeriesReplacementsDataSource"}, {"entity": "forecast.forecast_types", "source": "output", "path": "ForecastTypes"}, {"entity": "forecast.time_series_transformation_action", "source": "item", "path": "TimeSeriesTransformations.Action"}, {"entity": "forecast.time_series_transformation_time_series_conditions", "source": "item", "path": "TimeSeriesTransformations.TimeSeriesConditions"}],
      "notes": ""
    },
    "DescribeWhatIfForecastExport": {
      "kind": "read_get",
      "side_effect": false,
      "sdk": {"client": "forecast", "method": "describe_what_if_forecast_export"},
      "consumes": [{"entity": "forecast.whatifforecastexport_arn", "param": "WhatIfForecastExportArn", "required": true, "source": "external"}],
      "produces": [{"entity": "forecast.what_if_forecast_export_arn", "source": "output", "path": "WhatIfForecastExportArn"}, {"entity": "forecast.what_if_forecast_export_name", "source": "output", "path": "WhatIfForecastExportName"}, {"entity": "forecast.what_if_forecast_arns", "source": "output", "path": "WhatIfForecastArns"}, {"entity": "forecast.destination", "source": "output", "path": "Destination"}, {"entity": "forecast.message", "source": "output", "path": "Message"}, {"entity": "forecast.what_if_forecast_export_status", "source": "output", "path": "Status"}, {"entity": "forecast.creation_time", "source": "output", "path": "CreationTime"}, {"entity": "forecast.estimated_time_remaining_in_minutes", "source": "output", "path": "EstimatedTimeRemainingInMinutes"}, {"entity": "forecast.last_modification_time", "source": "output", "path": "LastModificationTime"}, {"entity": "forecast.format", "source": "output", "path": "Format"}],
      "notes": ""
    },
    "GetAccuracyMetrics": {
      "kind": "read_get",
      "side_effect": false,
      "sdk": {"client": "forecast", "method": "get_accuracy_metrics"},
      "consumes": [{"entity": "forecast.predictor_arn", "param": "PredictorArn", "required": true, "source": "internal"}],
      "produces": [{"entity": "forecast.predictor_evaluation_results", "source": "output", "path": "PredictorEvaluationResults"}, {"entity": "forecast.is_auto_predictor", "source": "output", "path": "IsAutoPredictor"}, {"entity": "forecast.auto_ml_override_strategy", "source": "output", "path": "AutoMLOverrideStrategy"}, {"entity": "forecast.optimization_metric", "source": "output", "path": "OptimizationMetric"}, {"entity": "forecast.predictor_evaluation_result_algorithm_arn", "source": "item", "path": "PredictorEvaluationResults.AlgorithmArn"}, {"entity": "forecast.predictor_evaluation_result_test_windows", "source": "item", "path": "PredictorEvaluationResults.TestWindows"}],
      "notes": ""
    },
    "ListMonitorEvaluations": {
      "kind": "read_list",
      "side_effect": false,
      "sdk": {"client": "forecast", "method": "list_monitor_evaluations"},
      "consumes": [{"entity": "forecast.monitor_arn", "param": "MonitorArn", "required": true, "source": "internal"}],
      "produces": [{"entity": "forecast.next_token", "source": "output", "path": "NextToken"}, {"entity": "forecast.predictor_monitor_evaluations", "source": "output", "path": "PredictorMonitorEvaluations"}, {"entity": "forecast.resource_arn", "source": "item", "path": "PredictorMonitorEvaluations[].ResourceArn"}, {"entity": "forecast.monitor_arn", "source": "item", "path": "PredictorMonitorEvaluations[].MonitorArn"}, {"entity": "forecast.predictor_monitor_evaluation_evaluation_time", "source": "item", "path": "PredictorMonitorEvaluations[].EvaluationTime"}, {"entity": "forecast.predictor_monitor_evaluation_evaluation_state", "source": "item", "path": "PredictorMonitorEvaluations[].EvaluationState"}, {"entity": "forecast.predictor_monitor_evaluation_window_start_datetime", "source": "item", "path": "PredictorMonitorEvaluations[].WindowStartDatetime"}, {"entity": "forecast.predictor_monitor_evaluation_window_end_datetime", "source": "item", "path": "PredictorMonitorEvaluations[].WindowEndDatetime"}, {"entity": "forecast.predictor_monitor_evaluation_predictor_event", "source": "item", "path": "PredictorMonitorEvaluations[].PredictorEvent"}, {"entity": "forecast.predictor_monitor_evaluation_monitor_data_source", "source": "item", "path": "PredictorMonitorEvaluations[].MonitorDataSource"}, {"entity": "forecast.predictor_monitor_evaluation_metric_results", "source": "item", "path": "PredictorMonitorEvaluations[].MetricResults"}, {"entity": "forecast.predictor_monitor_evaluation_num_items_evaluated", "source": "item", "path": "PredictorMonitorEvaluations[].NumItemsEvaluated"}, {"entity": "forecast.predictor_monitor_evaluation_message", "source": "item", "path": "PredictorMonitorEvaluations[].Message"}],
      "notes": ""
    },
    "ListTagsForResource": {
      "kind": "read_list",
      "side_effect": false,
      "sdk": {"client": "forecast", "method": "list_tags_for_resource"},
      "consumes": [{"entity": "forecast.resource_arn", "param": "ResourceArn", "required": true, "source": "internal"}],
      "produces": [{"entity": "forecast.tags", "source": "output", "path": "Tags"}, {"entity": "forecast.tag_key", "source": "item", "path": "Tags[].Key"}, {"entity": "forecast.tag_value", "source": "item", "path": "Tags[].Value"}],
      "notes": ""
    },
    "ResumeResource": {
      "kind": "other",
      "side_effect": true,
      "sdk": {"client": "forecast", "method": "resume_resource"},
      "consumes": [{"entity": "forecast.resource_arn", "param": "ResourceArn", "required": true, "source": "internal"}],
      "produces": [],
      "notes": ""
    },
    "StopResource": {
      "kind": "other",
      "side_effect": true,
      "sdk": {"client": "forecast", "method": "stop_resource"},
      "consumes": [{"entity": "forecast.resource_arn", "param": "ResourceArn", "required": true, "source": "internal"}],
      "produces": [],
      "notes": ""
    },
    "TagResource": {
      "kind": "write_apply",
      "side_effect": true,
      "sdk": {"client": "forecast", "method": "tag_resource"},
      "consumes": [{"entity": "forecast.resource_arn", "param": "ResourceArn", "required": true, "source": "internal"}, {"entity": "forecast.tags", "param": "Tags", "required": true, "source": "internal"}],
      "produces": [],
      "notes": ""
    },
    "UntagResource": {
      "kind": "write_delete",
      "side_effect": true,
      "sdk": {"client": "forecast", "method": "untag_resource"},
      "consumes": [{"entity": "forecast.resource_arn", "param": "ResourceArn", "required": true, "source": "internal"}, {"entity": "forecast.tag_keys", "param": "TagKeys", "required": true, "source": "external"}],
      "produces": [],
      "notes": ""
    },
    "UpdateDatasetGroup": {
      "kind": "write_update",
      "side_effect": true,
      "sdk": {"client": "forecast", "method": "update_dataset_group"},
      "consumes": [{"entity": "forecast.datasetgroup_arn", "param": "DatasetGroupArn", "required": true, "source": "external"}, {"entity": "forecast.dataset_arns", "param": "DatasetArns", "required": true, "source": "internal"}],
      "produces": [],
      "notes": ""
    }
  }
}