{
  "service": "socialmessaging",
  "op_consumes": {
    "AssociateWhatsAppBusinessAccount": [],
    "ListLinkedWhatsAppBusinessAccounts": [],
    "CreateWhatsAppMessageTemplate": ["socialmessaging.template_definition", "socialmessaging.template_id"],
    "CreateWhatsAppMessageTemplateFromLibrary": ["socialmessaging.meta_library_template", "socialmessaging.template_id"],
    "CreateWhatsAppMessageTemplateMedia": ["socialmessaging.meta_header_handle_id"],
    "DeleteWhatsAppMessageMedia": ["socialmessaging.originationphonenumber_id", "socialmessaging.media_id"],
    "DeleteWhatsAppMessageTemplate": ["socialmessaging.template_id", "socialmessaging.template_name"],
    "DisassociateWhatsAppBusinessAccount": ["socialmessaging.account_id"],
    "GetLinkedWhatsAppBusinessAccount": ["socialmessaging.account_id"],
    "GetLinkedWhatsAppBusinessAccountPhoneNumber": ["socialmessaging.phone_number_id"],
    "GetWhatsAppMessageMedia": ["socialmessaging.originationphonenumber_id", "socialmessaging.media_id"],
    "GetWhatsAppMessageTemplate": ["socialmessaging.template_id", "socialmessaging.metatemplate_id"],
    "ListTagsForResource": ["socialmessaging.resource_arn"],
    "ListWhatsAppMessageTemplates": ["socialmessaging.templat_id"],
    "ListWhatsAppTemplateLibrary": ["socialmessaging.templat_id"],
    "PostWhatsAppMessageMedia": ["socialmessaging.originationphonenumber_id"],
    "PutWhatsAppBusinessAccountEventDestinations": ["socialmessaging.whats_app_business_account_event_destination_id", "socialmessaging.event_destinations"],
    "SendWhatsAppMessage": ["socialmessaging.meta_api_version", "socialmessaging.originationphonenumber_id", "socialmessaging.message"],
    "TagResource": ["socialmessaging.resource_arn", "socialmessaging.tags"],
    "UntagResource": ["socialmessaging.resource_arn", "socialmessaging.tag_keys"],
    "UpdateWhatsAppMessageTemplate": ["socialmessaging.template_id", "socialmessaging.metatemplate_id"]
  },
  "op_produces": {
    "AssociateWhatsAppBusinessAccount": ["socialmessaging.status_code", "socialmessaging.signup_callback_result_associate_in_progress_token", "socialmessaging.signup_callback_result_linked_accounts_with_incomplete_setup", "socialmessaging.signup_callback_result"],
    "ListLinkedWhatsAppBusinessAccounts": ["socialmessaging.linked_account_registration_status", "socialmessaging.account_id", "socialmessaging.linked_account_arn", "socialmessaging.linked_account_event_destinations", "socialmessaging.linked_accounts", "socialmessaging.linked_account_link_date", "socialmessaging.linked_account_waba_id", "socialmessaging.linked_account_waba_name", "socialmessaging.next_token"],
    "CreateWhatsAppMessageTemplate": ["socialmessaging.category", "socialmessaging.template_status", "socialmessaging.template_id"],
    "CreateWhatsAppMessageTemplateFromLibrary": ["socialmessaging.category", "socialmessaging.template_status", "socialmessaging.template_id"],
    "CreateWhatsAppMessageTemplateMedia": ["socialmessaging.meta_header_handle"],
    "DeleteWhatsAppMessageMedia": ["socialmessaging.success"],
    "DeleteWhatsAppMessageTemplate": [],
    "DisassociateWhatsAppBusinessAccount": [],
    "GetLinkedWhatsAppBusinessAccount": ["socialmessaging.account_registration_status", "socialmessaging.account_waba_name", "socialmessaging.account", "socialmessaging.account_waba_id", "socialmessaging.account_id", "socialmessaging.account_phone_numbers", "socialmessaging.account_event_destinations", "socialmessaging.account_arn", "socialmessaging.account_link_date"],
    "GetLinkedWhatsAppBusinessAccountPhoneNumber": ["socialmessaging.phone_number_display_phone_number_name", "socialmessaging.account_id", "socialmessaging.phone_number_data_localization_region", "socialmessaging.phone_number", "socialmessaging.phone_number_arn", "socialmessaging.phone_number_quality_rating", "socialmessaging.phone_number_phone_number", "socialmessaging.phone_number_id", "socialmessaging.phone_number_display_phone_number"],
    "GetWhatsAppMessageMedia": ["socialmessaging.mime_type", "socialmessaging.file_size"],
    "GetWhatsAppMessageTemplate": ["socialmessaging.template"],
    "ListTagsForResource": ["socialmessaging.status_code", "socialmessaging.tags", "socialmessaging.tag_key", "socialmessaging.tag_value"],
    "ListWhatsAppMessageTemplates": ["socialmessaging.templat_template_quality_score", "socialmessaging.template_name", "socialmessaging.templat_template_category", "socialmessaging.templat_template_language", "socialmessaging.templat_template_status", "socialmessaging.next_token", "socialmessaging.templates", "socialmessaging.template_id"],
    "ListWhatsAppTemplateLibrary": ["socialmessaging.meta_library_templat_template_header", "socialmessaging.template_name", "socialmessaging.meta_library_templat_template_topic", "socialmessaging.meta_library_templat_template_buttons", "socialmessaging.meta_library_templat_template_language", "socialmessaging.meta_library_templat_template_body", "socialmessaging.template_id", "socialmessaging.meta_library_templat_template_industry", "socialmessaging.meta_library_templat_template_category", "socialmessaging.meta_library_templates", "socialmessaging.next_token", "socialmessaging.meta_library_templat_template_use_case"],
    "PostWhatsAppMessageMedia": ["socialmessaging.media_id"],
    "PutWhatsAppBusinessAccountEventDestinations": [],
    "SendWhatsAppMessage": ["socialmessaging.message_id"],
    "TagResource": ["socialmessaging.status_code"],
    "UntagResource": ["socialmessaging.status_code"],
    "UpdateWhatsAppMessageTemplate": []
  },
  "entity_producers": {
    "socialmessaging.signup_callback_result": ["AssociateWhatsAppBusinessAccount"],
    "socialmessaging.status_code": ["UntagResource", "AssociateWhatsAppBusinessAccount", "TagResource", "ListTagsForResource"],
    "socialmessaging.signup_callback_result_associate_in_progress_token": ["AssociateWhatsAppBusinessAccount"],
    "socialmessaging.signup_callback_result_linked_accounts_with_incomplete_setup": ["AssociateWhatsAppBusinessAccount"],
    "socialmessaging.linked_accounts": ["ListLinkedWhatsAppBusinessAccounts"],
    "socialmessaging.next_token": ["ListWhatsAppMessageTemplates", "ListLinkedWhatsAppBusinessAccounts", "ListWhatsAppTemplateLibrary"],
    "socialmessaging.linked_account_arn": ["ListLinkedWhatsAppBusinessAccounts"],
    "socialmessaging.account_id": ["GetLinkedWhatsAppBusinessAccount", "GetLinkedWhatsAppBusinessAccountPhoneNumber", "ListLinkedWhatsAppBusinessAccounts"],
    "socialmessaging.linked_account_waba_id": ["ListLinkedWhatsAppBusinessAccounts"],
    "socialmessaging.linked_account_registration_status": ["ListLinkedWhatsAppBusinessAccounts"],
    "socialmessaging.linked_account_link_date": ["ListLinkedWhatsAppBusinessAccounts"],
    "socialmessaging.linked_account_waba_name": ["ListLinkedWhatsAppBusinessAccounts"],
    "socialmessaging.linked_account_event_destinations": ["ListLinkedWhatsAppBusinessAccounts"],
    "socialmessaging.template_id": ["CreateWhatsAppMessageTemplateFromLibrary", "ListWhatsAppTemplateLibrary", "ListWhatsAppMessageTemplates", "CreateWhatsAppMessageTemplate"],
    "socialmessaging.template_status": ["CreateWhatsAppMessageTemplateFromLibrary", "CreateWhatsAppMessageTemplate"],
    "socialmessaging.category": ["CreateWhatsAppMessageTemplateFromLibrary", "CreateWhatsAppMessageTemplate"],
    "socialmessaging.meta_header_handle": ["CreateWhatsAppMessageTemplateMedia"],
    "socialmessaging.success": ["DeleteWhatsAppMessageMedia"],
    "socialmessaging.account": ["GetLinkedWhatsAppBusinessAccount"],
    "socialmessaging.account_arn": ["GetLinkedWhatsAppBusinessAccount"],
    "socialmessaging.account_waba_id": ["GetLinkedWhatsAppBusinessAccount"],
    "socialmessaging.account_registration_status": ["GetLinkedWhatsAppBusinessAccount"],
    "socialmessaging.account_link_date": ["GetLinkedWhatsAppBusinessAccount"],
    "socialmessaging.account_waba_name": ["GetLinkedWhatsAppBusinessAccount"],
    "socialmessaging.account_event_destinations": ["GetLinkedWhatsAppBusinessAccount"],
    "socialmessaging.account_phone_numbers": ["GetLinkedWhatsAppBusinessAccount"],
    "socialmessaging.phone_number": ["GetLinkedWhatsAppBusinessAccountPhoneNumber"],
    "socialmessaging.phone_number_arn": ["GetLinkedWhatsAppBusinessAccountPhoneNumber"],
    "socialmessaging.phone_number_phone_number": ["GetLinkedWhatsAppBusinessAccountPhoneNumber"],
    "socialmessaging.phone_number_id": ["GetLinkedWhatsAppBusinessAccountPhoneNumber"],
    "socialmessaging.phone_number_display_phone_number_name": ["GetLinkedWhatsAppBusinessAccountPhoneNumber"],
    "socialmessaging.phone_number_display_phone_number": ["GetLinkedWhatsAppBusinessAccountPhoneNumber"],
    "socialmessaging.phone_number_quality_rating": ["GetLinkedWhatsAppBusinessAccountPhoneNumber"],
    "socialmessaging.phone_number_data_localization_region": ["GetLinkedWhatsAppBusinessAccountPhoneNumber"],
    "socialmessaging.mime_type": ["GetWhatsAppMessageMedia"],
    "socialmessaging.file_size": ["GetWhatsAppMessageMedia"],
    "socialmessaging.template": ["GetWhatsAppMessageTemplate"],
    "socialmessaging.tags": ["ListTagsForResource"],
    "socialmessaging.tag_key": ["ListTagsForResource"],
    "socialmessaging.tag_value": ["ListTagsForResource"],
    "socialmessaging.templates": ["ListWhatsAppMessageTemplates"],
    "socialmessaging.template_name": ["ListWhatsAppMessageTemplates", "ListWhatsAppTemplateLibrary"],
    "socialmessaging.templat_template_status": ["ListWhatsAppMessageTemplates"],
    "socialmessaging.templat_template_quality_score": ["ListWhatsAppMessageTemplates"],
    "socialmessaging.templat_template_language": ["ListWhatsAppMessageTemplates"],
    "socialmessaging.templat_template_category": ["ListWhatsAppMessageTemplates"],
    "socialmessaging.meta_library_templates": ["ListWhatsAppTemplateLibrary"],
    "socialmessaging.meta_library_templat_template_language": ["ListWhatsAppTemplateLibrary"],
    "socialmessaging.meta_library_templat_template_category": ["ListWhatsAppTemplateLibrary"],
    "socialmessaging.meta_library_templat_template_topic": ["ListWhatsAppTemplateLibrary"],
    "socialmessaging.meta_library_templat_template_use_case": ["ListWhatsAppTemplateLibrary"],
    "socialmessaging.meta_library_templat_template_industry": ["ListWhatsAppTemplateLibrary"],
    "socialmessaging.meta_library_templat_template_header": ["ListWhatsAppTemplateLibrary"],
    "socialmessaging.meta_library_templat_template_body": ["ListWhatsAppTemplateLibrary"],
    "socialmessaging.meta_library_templat_template_buttons": ["ListWhatsAppTemplateLibrary"],
    "socialmessaging.media_id": ["PostWhatsAppMessageMedia"],
    "socialmessaging.message_id": ["SendWhatsAppMessage"]
  },
  "entity_consumers": {
    "socialmessaging.template_definition": ["CreateWhatsAppMessageTemplate"],
    "socialmessaging.template_id": ["CreateWhatsAppMessageTemplate", "CreateWhatsAppMessageTemplateFromLibrary", "GetWhatsAppMessageTemplate", "UpdateWhatsAppMessageTemplate", "DeleteWhatsAppMessageTemplate"],
    "socialmessaging.meta_library_template": ["CreateWhatsAppMessageTemplateFromLibrary"],
    "socialmessaging.meta_header_handle_id": ["CreateWhatsAppMessageTemplateMedia"],
    "socialmessaging.media_id": ["DeleteWhatsAppMessageMedia", "GetWhatsAppMessageMedia"],
    "socialmessaging.originationphonenumber_id": ["PostWhatsAppMessageMedia", "DeleteWhatsAppMessageMedia", "SendWhatsAppMessage", "GetWhatsAppMessageMedia"],
    "socialmessaging.template_name": ["DeleteWhatsAppMessageTemplate"],
    "socialmessaging.account_id": ["GetLinkedWhatsAppBusinessAccount", "DisassociateWhatsAppBusinessAccount"],
    "socialmessaging.phone_number_id": ["GetLinkedWhatsAppBusinessAccountPhoneNumber"],
    "socialmessaging.metatemplate_id": ["GetWhatsAppMessageTemplate", "UpdateWhatsAppMessageTemplate"],
    "socialmessaging.resource_arn": ["UntagResource", "TagResource", "ListTagsForResource"],
    "socialmessaging.templat_id": ["ListWhatsAppMessageTemplates", "ListWhatsAppTemplateLibrary"],
    "socialmessaging.whats_app_business_account_event_destination_id": ["PutWhatsAppBusinessAccountEventDestinations"],
    "socialmessaging.event_destinations": ["PutWhatsAppBusinessAccountEventDestinations"],
    "socialmessaging.message": ["SendWhatsAppMessage"],
    "socialmessaging.meta_api_version": ["SendWhatsAppMessage"],
    "socialmessaging.tags": ["TagResource"],
    "socialmessaging.tag_keys": ["UntagResource"]
  },
  "external_entities": ["socialmessaging.event_destinations", "socialmessaging.message", "socialmessaging.meta_api_version", "socialmessaging.meta_header_handle_id", "socialmessaging.meta_library_template", "socialmessaging.metatemplate_id", "socialmessaging.originationphonenumber_id", "socialmessaging.resource_arn", "socialmessaging.tag_keys", "socialmessaging.templat_id", "socialmessaging.template_definition", "socialmessaging.whats_app_business_account_event_destination_id"]
}