{
  "service": "socialmessaging",
  "seed_from_list": [
    "arn",
    "eventDestinations",
    "id",
    "key",
    "linkDate",
    "metaTemplateId",
    "registrationStatus",
    "templateBody",
    "templateButtons",
    "templateCategory",
    "templateHeader",
    "templateId",
    "templateIndustry",
    "templateLanguage",
    "templateName",
    "templateQualityScore",
    "templateStatus",
    "templateTopic",
    "templateUseCase",
    "value",
    "wabaId",
    "wabaName"
  ],
  "enriched_from_get_describe": [
    "account",
    "arn",
    "dataLocalizationRegion",
    "displayPhoneNumber",
    "displayPhoneNumberName",
    "eventDestinations",
    "fileSize",
    "id",
    "linkDate",
    "linkedWhatsAppBusinessAccountId",
    "metaPhoneNumberId",
    "mimeType",
    "phoneNumber",
    "phoneNumberId",
    "phoneNumbers",
    "qualityRating",
    "registrationStatus",
    "template",
    "wabaId",
    "wabaName"
  ],
  "final_union": [
    "account",
    "arn",
    "dataLocalizationRegion",
    "displayPhoneNumber",
    "displayPhoneNumberName",
    "eventDestinations",
    "fileSize",
    "id",
    "key",
    "linkDate",
    "linkedWhatsAppBusinessAccountId",
    "metaPhoneNumberId",
    "metaTemplateId",
    "mimeType",
    "phoneNumber",
    "phoneNumberId",
    "phoneNumbers",
    "qualityRating",
    "registrationStatus",
    "template",
    "templateBody",
    "templateButtons",
    "templateCategory",
    "templateHeader",
    "templateId",
    "templateIndustry",
    "templateLanguage",
    "templateName",
    "templateQualityScore",
    "templateStatus",
    "templateTopic",
    "templateUseCase",
    "value",
    "wabaId",
    "wabaName"
  ],
  "source": {
    "operation_registry": "services/socialmessaging/operation_registry.json",
    "read_ops_rule": "operation name startswith List/Get/Describe/Search/Lookup",
    "excluded_keys": [
      "nextToken",
      "maxResults"
    ]
  }
}