{
  "service": "socialmessaging",
  "fixes": [
    {
      "rule_id": "1",
      "suggested_check": {
        "var": "linkedWhatsAppBusinessAccountId",
        "op": "equals",
        "value": "socialmessaging.linked_account_arn",
        "derived": "is_public",
        "derive_key": "socialmessaging.linked_account_arn"
      },
      "suggested_aliases": {
        "entity_aliases": {
          "alias": "linked_account_arn"
        },
        "param_aliases": {
          "param": [
            "linkedAccounts"
          ]
        }
      },
      "confidence": 0.85,
      "reason": "The linkedWhatsAppBusinessAccountId directly corresponds to the linked account ARN."
    },
    {
      "rule_id": "2",
      "suggested_check": {
        "var": "account",
        "op": "equals",
        "value": "socialmessaging.account_arn",
        "derived": "is_public",
        "derive_key": "socialmessaging.account_arn"
      },
      "suggested_aliases": {
        "entity_aliases": {
          "alias": "account_arn"
        },
        "param_aliases": {
          "param": [
            "account"
          ]
        }
      },
      "confidence": 0.9,
      "reason": "The account variable directly maps to the account ARN."
    },
    {
      "rule_id": "3",
      "suggested_check": {
        "var": "phoneNumberId",
        "op": "equals",
        "value": "socialmessaging.phone_number_arn",
        "derived": "is_public",
        "derive_key": "socialmessaging.phone_number_arn"
      },
      "suggested_aliases": {
        "entity_aliases": {
          "alias": "phone_number_arn"
        },
        "param_aliases": {
          "param": [
            "phoneNumber"
          ]
        }
      },
      "confidence": 0.88,
      "reason": "The phoneNumberId directly corresponds to the phone number ARN."
    },
    {
      "rule_id": "4",
      "suggested_check": {
        "var": "id",
        "op": "equals",
        "value": "socialmessaging.template_id",
        "derived": "is_public",
        "derive_key": "socialmessaging.template_id"
      },
      "suggested_aliases": {
        "entity_aliases": {
          "alias": "template_id"
        },
        "param_aliases": {
          "param": [
            "id"
          ]
        }
      },
      "confidence": 0.92,
      "reason": "The id variable directly maps to the template ID."
    },
    {
      "type": "llm_fix",
      "original": "1",
      "fix": {
        "var": "linkedWhatsAppBusinessAccountId",
        "op": "equals",
        "value": "arn",
        "derived": "has_findings",
        "derive_key": "socialmessaging.linked_account_arn"
      },
      "confidence": 0.85,
      "reason": "The linkedWhatsAppBusinessAccountId directly corresponds to the ARN of linked accounts.",
      "aliases": {
        "entity_aliases": {
          "linked_account_arn": "linkedWhatsAppBusinessAccountId"
        },
        "param_aliases": {
          "param": [
            "arn"
          ]
        }
      }
    },
    {
      "type": "llm_fix",
      "original": "2",
      "fix": {
        "var": "account",
        "op": "equals",
        "value": "arn",
        "derived": "has_findings",
        "derive_key": "socialmessaging.account_arn"
      },
      "confidence": 0.9,
      "reason": "The account variable directly maps to the ARN of the account.",
      "aliases": {
        "entity_aliases": {
          "account_arn": "account"
        },
        "param_aliases": {
          "param": [
            "arn"
          ]
        }
      }
    },
    {
      "type": "llm_fix",
      "original": "3",
      "fix": {
        "var": "phoneNumberId",
        "op": "equals",
        "value": "arn",
        "derived": "has_findings",
        "derive_key": "socialmessaging.phone_number_arn"
      },
      "confidence": 0.88,
      "reason": "The phoneNumberId directly corresponds to the ARN of the phone number.",
      "aliases": {
        "entity_aliases": {
          "phone_number_arn": "phoneNumberId"
        },
        "param_aliases": {
          "param": [
            "arn"
          ]
        }
      }
    },
    {
      "type": "llm_fix",
      "original": "4",
      "fix": {
        "var": "id",
        "op": "equals",
        "value": "id",
        "derived": "has_findings",
        "derive_key": "socialmessaging.template_id"
      },
      "confidence": 0.92,
      "reason": "The id variable directly maps to the template ID.",
      "aliases": {
        "entity_aliases": {
          "template_id": "id"
        },
        "param_aliases": {
          "param": [
            "id"
          ]
        }
      }
    }
  ],
  "summary": {
    "total_fixes": 8,
    "remaining_unresolved": 17
  }
}