{
  "service": "socialmessaging",
  "issues": {
    "generic_entities": {},
    "ambiguous_tokens": {
      "arn": [
        {
          "mapping": "ListLinkedWhatsAppBusinessAccounts.linkedAccounts[].arn -> socialmessaging.linked_account_arn",
          "evidence": "ListLinkedWhatsAppBusinessAccounts.linkedAccounts[].arn",
          "entity": "socialmessaging.linked_account_arn"
        },
        {
          "mapping": "GetLinkedWhatsAppBusinessAccount.account.arn -> socialmessaging.account_arn",
          "evidence": "GetLinkedWhatsAppBusinessAccount.account.arn",
          "entity": "socialmessaging.account_arn"
        },
        {
          "mapping": "GetLinkedWhatsAppBusinessAccountPhoneNumber.phoneNumber.arn -> socialmessaging.phone_number_arn",
          "evidence": "GetLinkedWhatsAppBusinessAccountPhoneNumber.phoneNumber.arn",
          "entity": "socialmessaging.phone_number_arn"
        }
      ],
      "id": [
        {
          "mapping": "ListLinkedWhatsAppBusinessAccounts.linkedAccounts[].id -> socialmessaging.account_id",
          "evidence": "ListLinkedWhatsAppBusinessAccounts.linkedAccounts[].id",
          "entity": "socialmessaging.account_id"
        },
        {
          "mapping": "CreateWhatsAppMessageTemplate.id -> socialmessaging.template_id",
          "evidence": "CreateWhatsAppMessageTemplate.id",
          "entity": "socialmessaging.template_id"
        },
        {
          "mapping": "CreateWhatsAppMessageTemplateFromLibrary.id -> socialmessaging.template_id",
          "evidence": "CreateWhatsAppMessageTemplateFromLibrary.id",
          "entity": "socialmessaging.template_id"
        },
        {
          "mapping": "CreateWhatsAppMessageTemplateMedia.id -> socialmessaging.meta_header_handle_id",
          "evidence": "CreateWhatsAppMessageTemplateMedia.id",
          "entity": "socialmessaging.meta_header_handle_id"
        },
        {
          "mapping": "DeleteWhatsAppMessageTemplate.id -> socialmessaging.template_id",
          "evidence": "DeleteWhatsAppMessageTemplate.id",
          "entity": "socialmessaging.template_id"
        },
        {
          "mapping": "DisassociateWhatsAppBusinessAccount.id -> socialmessaging.account_id",
          "evidence": "DisassociateWhatsAppBusinessAccount.id",
          "entity": "socialmessaging.account_id"
        },
        {
          "mapping": "GetLinkedWhatsAppBusinessAccount.id -> socialmessaging.account_id",
          "evidence": "GetLinkedWhatsAppBusinessAccount.id",
          "entity": "socialmessaging.account_id"
        },
        {
          "mapping": "GetLinkedWhatsAppBusinessAccount.account.id -> socialmessaging.account_id",
          "evidence": "GetLinkedWhatsAppBusinessAccount.account.id",
          "entity": "socialmessaging.account_id"
        },
        {
          "mapping": "GetLinkedWhatsAppBusinessAccountPhoneNumber.id -> socialmessaging.phone_number_id",
          "evidence": "GetLinkedWhatsAppBusinessAccountPhoneNumber.id",
          "entity": "socialmessaging.phone_number_id"
        },
        {
          "mapping": "GetWhatsAppMessageTemplate.id -> socialmessaging.template_id",
          "evidence": "GetWhatsAppMessageTemplate.id",
          "entity": "socialmessaging.template_id"
        },
        {
          "mapping": "ListWhatsAppMessageTemplates.id -> socialmessaging.templat_id",
          "evidence": "ListWhatsAppMessageTemplates.id",
          "entity": "socialmessaging.templat_id"
        },
        {
          "mapping": "ListWhatsAppTemplateLibrary.id -> socialmessaging.templat_id",
          "evidence": "ListWhatsAppTemplateLibrary.id",
          "entity": "socialmessaging.templat_id"
        },
        {
          "mapping": "PutWhatsAppBusinessAccountEventDestinations.id -> socialmessaging.whats_app_business_account_event_destination_id",
          "evidence": "PutWhatsAppBusinessAccountEventDestinations.id",
          "entity": "socialmessaging.whats_app_business_account_event_destination_id"
        },
        {
          "mapping": "UpdateWhatsAppMessageTemplate.id -> socialmessaging.template_id",
          "evidence": "UpdateWhatsAppMessageTemplate.id",
          "entity": "socialmessaging.template_id"
        }
      ]
    },
    "unresolved_consumes": [],
    "suspicious_paths": []
  },
  "alias_candidates_not_applied": [],
  "suggested_overrides": [
    {
      "operation": "GetLinkedWhatsAppBusinessAccount",
      "type": "produces",
      "key": "account.wabaId",
      "suggested_entity": "socialmessaging.account_id",
      "confidence": "MEDIUM",
      "reason": "Param 'id' and output field 'wabaId' match but map to different entities. Suggest unifying to consume entity."
    },
    {
      "operation": "GetLinkedWhatsAppBusinessAccountPhoneNumber",
      "type": "produces",
      "key": "linkedWhatsAppBusinessAccountId",
      "suggested_entity": "socialmessaging.phone_number_id",
      "confidence": "MEDIUM",
      "reason": "Param 'id' and output field 'linkedWhatsAppBusinessAccountId' match but map to different entities. Suggest unifying to consume entity."
    },
    {
      "operation": "ListWhatsAppMessageTemplates",
      "type": "produces",
      "key": "templates[].metaTemplateId",
      "suggested_entity": "socialmessaging.templat_id",
      "confidence": "MEDIUM",
      "reason": "Param 'id' and output field 'metaTemplateId' match but map to different entities. Suggest unifying to consume entity."
    },
    {
      "operation": "ListWhatsAppTemplateLibrary",
      "type": "produces",
      "key": "metaLibraryTemplates[].templateId",
      "suggested_entity": "socialmessaging.templat_id",
      "confidence": "MEDIUM",
      "reason": "Param 'id' and output field 'templateId' match but map to different entities. Suggest unifying to consume entity."
    },
    {
      "operation": "PostWhatsAppMessageMedia",
      "type": "produces",
      "key": "mediaId",
      "suggested_entity": "socialmessaging.originationphonenumber_id",
      "confidence": "MEDIUM",
      "reason": "Param 'originationPhoneNumberId' and output field 'mediaId' match but map to different entities. Suggest unifying to consume entity."
    },
    {
      "operation": "SendWhatsAppMessage",
      "type": "produces",
      "key": "messageId",
      "suggested_entity": "socialmessaging.originationphonenumber_id",
      "confidence": "MEDIUM",
      "reason": "Param 'originationPhoneNumberId' and output field 'messageId' match but map to different entities. Suggest unifying to consume entity."
    }
  ],
  "unresolved_items": [
    {
      "mapping": "ListLinkedWhatsAppBusinessAccounts.linkedAccounts[].arn -> socialmessaging.linked_account_arn",
      "evidence": "ListLinkedWhatsAppBusinessAccounts.linkedAccounts[].arn",
      "entity": "socialmessaging.linked_account_arn"
    },
    {
      "mapping": "GetLinkedWhatsAppBusinessAccount.account.arn -> socialmessaging.account_arn",
      "evidence": "GetLinkedWhatsAppBusinessAccount.account.arn",
      "entity": "socialmessaging.account_arn"
    },
    {
      "mapping": "GetLinkedWhatsAppBusinessAccountPhoneNumber.phoneNumber.arn -> socialmessaging.phone_number_arn",
      "evidence": "GetLinkedWhatsAppBusinessAccountPhoneNumber.phoneNumber.arn",
      "entity": "socialmessaging.phone_number_arn"
    },
    {
      "mapping": "ListLinkedWhatsAppBusinessAccounts.linkedAccounts[].id -> socialmessaging.account_id",
      "evidence": "ListLinkedWhatsAppBusinessAccounts.linkedAccounts[].id",
      "entity": "socialmessaging.account_id"
    },
    {
      "mapping": "CreateWhatsAppMessageTemplate.id -> socialmessaging.template_id",
      "evidence": "CreateWhatsAppMessageTemplate.id",
      "entity": "socialmessaging.template_id"
    },
    {
      "mapping": "CreateWhatsAppMessageTemplateFromLibrary.id -> socialmessaging.template_id",
      "evidence": "CreateWhatsAppMessageTemplateFromLibrary.id",
      "entity": "socialmessaging.template_id"
    },
    {
      "mapping": "CreateWhatsAppMessageTemplateMedia.id -> socialmessaging.meta_header_handle_id",
      "evidence": "CreateWhatsAppMessageTemplateMedia.id",
      "entity": "socialmessaging.meta_header_handle_id"
    },
    {
      "mapping": "DeleteWhatsAppMessageTemplate.id -> socialmessaging.template_id",
      "evidence": "DeleteWhatsAppMessageTemplate.id",
      "entity": "socialmessaging.template_id"
    },
    {
      "mapping": "DisassociateWhatsAppBusinessAccount.id -> socialmessaging.account_id",
      "evidence": "DisassociateWhatsAppBusinessAccount.id",
      "entity": "socialmessaging.account_id"
    },
    {
      "mapping": "GetLinkedWhatsAppBusinessAccount.id -> socialmessaging.account_id",
      "evidence": "GetLinkedWhatsAppBusinessAccount.id",
      "entity": "socialmessaging.account_id"
    },
    {
      "mapping": "GetLinkedWhatsAppBusinessAccount.account.id -> socialmessaging.account_id",
      "evidence": "GetLinkedWhatsAppBusinessAccount.account.id",
      "entity": "socialmessaging.account_id"
    },
    {
      "mapping": "GetLinkedWhatsAppBusinessAccountPhoneNumber.id -> socialmessaging.phone_number_id",
      "evidence": "GetLinkedWhatsAppBusinessAccountPhoneNumber.id",
      "entity": "socialmessaging.phone_number_id"
    },
    {
      "mapping": "GetWhatsAppMessageTemplate.id -> socialmessaging.template_id",
      "evidence": "GetWhatsAppMessageTemplate.id",
      "entity": "socialmessaging.template_id"
    },
    {
      "mapping": "ListWhatsAppMessageTemplates.id -> socialmessaging.templat_id",
      "evidence": "ListWhatsAppMessageTemplates.id",
      "entity": "socialmessaging.templat_id"
    },
    {
      "mapping": "ListWhatsAppTemplateLibrary.id -> socialmessaging.templat_id",
      "evidence": "ListWhatsAppTemplateLibrary.id",
      "entity": "socialmessaging.templat_id"
    },
    {
      "mapping": "PutWhatsAppBusinessAccountEventDestinations.id -> socialmessaging.whats_app_business_account_event_destination_id",
      "evidence": "PutWhatsAppBusinessAccountEventDestinations.id",
      "entity": "socialmessaging.whats_app_business_account_event_destination_id"
    },
    {
      "mapping": "UpdateWhatsAppMessageTemplate.id -> socialmessaging.template_id",
      "evidence": "UpdateWhatsAppMessageTemplate.id",
      "entity": "socialmessaging.template_id"
    }
  ]
}