{
  "service": "socialmessaging",
  "version": "1.0",
  "kind_rules": {
    "read_list": ["List"],
    "read_get": ["Get", "Describe"],
    "write_create": ["Create", "Start", "Generate", "Import", "Enable", "Register"],
    "write_update": ["Update", "Modify", "Put", "Set", "Change", "Reset", "Patch"],
    "write_delete": ["Delete", "Remove", "Terminate", "Destroy", "Disable", "Detach", "Disassociate", "Untag", "Revoke"],
    "write_apply": ["Apply", "Attach", "Associate", "Add", "Tag", "Authorize", "Unauthorize", "Grant"],
    "other": ["default"]
  },
  "entity_aliases": {
    "socialmessaging.meta_template_id": "socialmessaging.template_id",
    "socialmessaging.phone_number_meta_phone_number_id": "socialmessaging.phone_number_id",
    "socialmessaging.linked_account_id": "socialmessaging.account_id",
    "socialmessaging.whats_app_business_account_id": "socialmessaging.account_id",
    "socialmessaging.meta_library_templat_template_name": "socialmessaging.template_name",
    "socialmessaging.templat_template_name": "socialmessaging.template_name",
    "socialmessaging.whats_app_message_template_id": "socialmessaging.template_id",
    "socialmessaging.meta_library_templat_id": "socialmessaging.templat_id",
    "socialmessaging.meta_template_id_id": "socialmessaging.template_id",
    "socialmessaging.templat_meta_template_id": "socialmessaging.template_id",
    "socialmessaging.linked_whats_app_business_account_id": "socialmessaging.account_id",
    "socialmessaging.meta_library_templat_template_id": "socialmessaging.template_id"
  },
  "overrides": {},
  "operations": {
    "AssociateWhatsAppBusinessAccount": {
      "kind": "write_apply",
      "side_effect": true,
      "sdk": {"client": "socialmessaging", "method": "associate_whats_app_business_account"},
      "consumes": [],
      "produces": [{"entity": "socialmessaging.signup_callback_result", "source": "output", "path": "signupCallbackResult"}, {"entity": "socialmessaging.status_code", "source": "output", "path": "statusCode"}, {"entity": "socialmessaging.signup_callback_result_associate_in_progress_token", "source": "item", "path": "signupCallbackResult.associateInProgressToken"}, {"entity": "socialmessaging.signup_callback_result_linked_accounts_with_incomplete_setup", "source": "item", "path": "signupCallbackResult.linkedAccountsWithIncompleteSetup"}],
      "notes": ""
    },
    "ListLinkedWhatsAppBusinessAccounts": {
      "kind": "read_list",
      "side_effect": false,
      "sdk": {"client": "socialmessaging", "method": "list_linked_whats_app_business_accounts"},
      "consumes": [],
      "produces": [{"entity": "socialmessaging.linked_accounts", "source": "output", "path": "linkedAccounts"}, {"entity": "socialmessaging.next_token", "source": "output", "path": "nextToken"}, {"entity": "socialmessaging.linked_account_arn", "source": "item", "path": "linkedAccounts[].arn"}, {"entity": "socialmessaging.account_id", "source": "item", "path": "linkedAccounts[].id"}, {"entity": "socialmessaging.linked_account_waba_id", "source": "item", "path": "linkedAccounts[].wabaId"}, {"entity": "socialmessaging.linked_account_registration_status", "source": "item", "path": "linkedAccounts[].registrationStatus"}, {"entity": "socialmessaging.linked_account_link_date", "source": "item", "path": "linkedAccounts[].linkDate"}, {"entity": "socialmessaging.linked_account_waba_name", "source": "item", "path": "linkedAccounts[].wabaName"}, {"entity": "socialmessaging.linked_account_event_destinations", "source": "item", "path": "linkedAccounts[].eventDestinations"}],
      "notes": ""
    },
    "CreateWhatsAppMessageTemplate": {
      "kind": "write_create",
      "side_effect": true,
      "sdk": {"client": "socialmessaging", "method": "create_whats_app_message_template"},
      "consumes": [{"entity": "socialmessaging.template_definition", "param": "templateDefinition", "required": true, "source": "external"}, {"entity": "socialmessaging.template_id", "param": "id", "required": true, "source": "internal"}],
      "produces": [{"entity": "socialmessaging.template_id", "source": "output", "path": "metaTemplateId"}, {"entity": "socialmessaging.template_status", "source": "output", "path": "templateStatus"}, {"entity": "socialmessaging.category", "source": "output", "path": "category"}],
      "notes": ""
    },
    "CreateWhatsAppMessageTemplateFromLibrary": {
      "kind": "write_create",
      "side_effect": true,
      "sdk": {"client": "socialmessaging", "method": "create_whats_app_message_template_from_library"},
      "consumes": [{"entity": "socialmessaging.meta_library_template", "param": "metaLibraryTemplate", "required": true, "source": "external"}, {"entity": "socialmessaging.template_id", "param": "id", "required": true, "source": "internal"}],
      "produces": [{"entity": "socialmessaging.template_id", "source": "output", "path": "metaTemplateId"}, {"entity": "socialmessaging.template_status", "source": "output", "path": "templateStatus"}, {"entity": "socialmessaging.category", "source": "output", "path": "category"}],
      "notes": ""
    },
    "CreateWhatsAppMessageTemplateMedia": {
      "kind": "write_create",
      "side_effect": true,
      "sdk": {"client": "socialmessaging", "method": "create_whats_app_message_template_media"},
      "consumes": [{"entity": "socialmessaging.meta_header_handle_id", "param": "id", "required": true, "source": "external"}],
      "produces": [{"entity": "socialmessaging.meta_header_handle", "source": "output", "path": "metaHeaderHandle"}],
      "notes": ""
    },
    "DeleteWhatsAppMessageMedia": {
      "kind": "write_delete",
      "side_effect": true,
      "sdk": {"client": "socialmessaging", "method": "delete_whats_app_message_media"},
      "consumes": [{"entity": "socialmessaging.media_id", "param": "mediaId", "required": true, "source": "internal"}, {"entity": "socialmessaging.originationphonenumber_id", "param": "originationPhoneNumberId", "required": true, "source": "external"}],
      "produces": [{"entity": "socialmessaging.success", "source": "output", "path": "success"}],
      "notes": ""
    },
    "DeleteWhatsAppMessageTemplate": {
      "kind": "write_delete",
      "side_effect": true,
      "sdk": {"client": "socialmessaging", "method": "delete_whats_app_message_template"},
      "consumes": [{"entity": "socialmessaging.template_id", "param": "id", "required": true, "source": "internal"}, {"entity": "socialmessaging.template_name", "param": "templateName", "required": true, "source": "internal"}],
      "produces": [],
      "notes": ""
    },
    "DisassociateWhatsAppBusinessAccount": {
      "kind": "write_delete",
      "side_effect": true,
      "sdk": {"client": "socialmessaging", "method": "disassociate_whats_app_business_account"},
      "consumes": [{"entity": "socialmessaging.account_id", "param": "id", "required": true, "source": "internal"}],
      "produces": [],
      "notes": ""
    },
    "GetLinkedWhatsAppBusinessAccount": {
      "kind": "read_get",
      "side_effect": false,
      "sdk": {"client": "socialmessaging", "method": "get_linked_whats_app_business_account"},
      "consumes": [{"entity": "socialmessaging.account_id", "param": "id", "required": true, "source": "internal"}],
      "produces": [{"entity": "socialmessaging.account", "source": "output", "path": "account"}, {"entity": "socialmessaging.account_arn", "source": "item", "path": "account.arn"}, {"entity": "socialmessaging.account_id", "source": "item", "path": "account.id"}, {"entity": "socialmessaging.account_waba_id", "source": "item", "path": "account.wabaId"}, {"entity": "socialmessaging.account_registration_status", "source": "item", "path": "account.registrationStatus"}, {"entity": "socialmessaging.account_link_date", "source": "item", "path": "account.linkDate"}, {"entity": "socialmessaging.account_waba_name", "source": "item", "path": "account.wabaName"}, {"entity": "socialmessaging.account_event_destinations", "source": "item", "path": "account.eventDestinations"}, {"entity": "socialmessaging.account_phone_numbers", "source": "item", "path": "account.phoneNumbers"}],
      "notes": ""
    },
    "GetLinkedWhatsAppBusinessAccountPhoneNumber": {
      "kind": "read_get",
      "side_effect": false,
      "sdk": {"client": "socialmessaging", "method": "get_linked_whats_app_business_account_phone_number"},
      "consumes": [{"entity": "socialmessaging.phone_number_id", "param": "id", "required": true, "source": "internal"}],
      "produces": [{"entity": "socialmessaging.phone_number", "source": "output", "path": "phoneNumber"}, {"entity": "socialmessaging.account_id", "source": "output", "path": "linkedWhatsAppBusinessAccountId"}, {"entity": "socialmessaging.phone_number_arn", "source": "item", "path": "phoneNumber.arn"}, {"entity": "socialmessaging.phone_number_phone_number", "source": "item", "path": "phoneNumber.phoneNumber"}, {"entity": "socialmessaging.phone_number_id", "source": "item", "path": "phoneNumber.phoneNumberId"}, {"entity": "socialmessaging.phone_number_id", "source": "item", "path": "phoneNumber.metaPhoneNumberId"}, {"entity": "socialmessaging.phone_number_display_phone_number_name", "source": "item", "path": "phoneNumber.displayPhoneNumberName"}, {"entity": "socialmessaging.phone_number_display_phone_number", "source": "item", "path": "phoneNumber.displayPhoneNumber"}, {"entity": "socialmessaging.phone_number_quality_rating", "source": "item", "path": "phoneNumber.qualityRating"}, {"entity": "socialmessaging.phone_number_data_localization_region", "source": "item", "path": "phoneNumber.dataLocalizationRegion"}],
      "notes": ""
    },
    "GetWhatsAppMessageMedia": {
      "kind": "read_get",
      "side_effect": false,
      "sdk": {"client": "socialmessaging", "method": "get_whats_app_message_media"},
      "consumes": [{"entity": "socialmessaging.media_id", "param": "mediaId", "required": true, "source": "internal"}, {"entity": "socialmessaging.originationphonenumber_id", "param": "originationPhoneNumberId", "required": true, "source": "external"}],
      "produces": [{"entity": "socialmessaging.mime_type", "source": "output", "path": "mimeType"}, {"entity": "socialmessaging.file_size", "source": "output", "path": "fileSize"}],
      "notes": ""
    },
    "GetWhatsAppMessageTemplate": {
      "kind": "read_get",
      "side_effect": false,
      "sdk": {"client": "socialmessaging", "method": "get_whats_app_message_template"},
      "consumes": [{"entity": "socialmessaging.metatemplate_id", "param": "metaTemplateId", "required": true, "source": "external"}, {"entity": "socialmessaging.template_id", "param": "id", "required": true, "source": "internal"}],
      "produces": [{"entity": "socialmessaging.template", "source": "output", "path": "template"}],
      "notes": ""
    },
    "ListTagsForResource": {
      "kind": "read_list",
      "side_effect": false,
      "sdk": {"client": "socialmessaging", "method": "list_tags_for_resource"},
      "consumes": [{"entity": "socialmessaging.resource_arn", "param": "resourceArn", "required": true, "source": "external"}],
      "produces": [{"entity": "socialmessaging.status_code", "source": "output", "path": "statusCode"}, {"entity": "socialmessaging.tags", "source": "output", "path": "tags"}, {"entity": "socialmessaging.tag_key", "source": "item", "path": "tags[].key"}, {"entity": "socialmessaging.tag_value", "source": "item", "path": "tags[].value"}],
      "notes": ""
    },
    "ListWhatsAppMessageTemplates": {
      "kind": "read_list",
      "side_effect": false,
      "sdk": {"client": "socialmessaging", "method": "list_whats_app_message_templates"},
      "consumes": [{"entity": "socialmessaging.templat_id", "param": "id", "required": true, "source": "external"}],
      "produces": [{"entity": "socialmessaging.templates", "source": "output", "path": "templates"}, {"entity": "socialmessaging.next_token", "source": "output", "path": "nextToken"}, {"entity": "socialmessaging.template_name", "source": "item", "path": "templates[].templateName"}, {"entity": "socialmessaging.template_id", "source": "item", "path": "templates[].metaTemplateId"}, {"entity": "socialmessaging.templat_template_status", "source": "item", "path": "templates[].templateStatus"}, {"entity": "socialmessaging.templat_template_quality_score", "source": "item", "path": "templates[].templateQualityScore"}, {"entity": "socialmessaging.templat_template_language", "source": "item", "path": "templates[].templateLanguage"}, {"entity": "socialmessaging.templat_template_category", "source": "item", "path": "templates[].templateCategory"}],
      "notes": ""
    },
    "ListWhatsAppTemplateLibrary": {
      "kind": "read_list",
      "side_effect": false,
      "sdk": {"client": "socialmessaging", "method": "list_whats_app_template_library"},
      "consumes": [{"entity": "socialmessaging.templat_id", "param": "id", "required": true, "source": "external"}],
      "produces": [{"entity": "socialmessaging.meta_library_templates", "source": "output", "path": "metaLibraryTemplates"}, {"entity": "socialmessaging.next_token", "source": "output", "path": "nextToken"}, {"entity": "socialmessaging.template_name", "source": "item", "path": "metaLibraryTemplates[].templateName"}, {"entity": "socialmessaging.meta_library_templat_template_language", "source": "item", "path": "metaLibraryTemplates[].templateLanguage"}, {"entity": "socialmessaging.meta_library_templat_template_category", "source": "item", "path": "metaLibraryTemplates[].templateCategory"}, {"entity": "socialmessaging.meta_library_templat_template_topic", "source": "item", "path": "metaLibraryTemplates[].templateTopic"}, {"entity": "socialmessaging.meta_library_templat_template_use_case", "source": "item", "path": "metaLibraryTemplates[].templateUseCase"}, {"entity": "socialmessaging.meta_library_templat_template_industry", "source": "item", "path": "metaLibraryTemplates[].templateIndustry"}, {"entity": "socialmessaging.meta_library_templat_template_header", "source": "item", "path": "metaLibraryTemplates[].templateHeader"}, {"entity": "socialmessaging.meta_library_templat_template_body", "source": "item", "path": "metaLibraryTemplates[].templateBody"}, {"entity": "socialmessaging.meta_library_templat_template_buttons", "source": "item", "path": "metaLibraryTemplates[].templateButtons"}, {"entity": "socialmessaging.template_id", "source": "item", "path": "metaLibraryTemplates[].templateId"}],
      "notes": ""
    },
    "PostWhatsAppMessageMedia": {
      "kind": "other",
      "side_effect": true,
      "sdk": {"client": "socialmessaging", "method": "post_whats_app_message_media"},
      "consumes": [{"entity": "socialmessaging.originationphonenumber_id", "param": "originationPhoneNumberId", "required": true, "source": "external"}],
      "produces": [{"entity": "socialmessaging.media_id", "source": "output", "path": "mediaId"}],
      "notes": ""
    },
    "PutWhatsAppBusinessAccountEventDestinations": {
      "kind": "write_update",
      "side_effect": true,
      "sdk": {"client": "socialmessaging", "method": "put_whats_app_business_account_event_destinations"},
      "consumes": [{"entity": "socialmessaging.whats_app_business_account_event_destination_id", "param": "id", "required": true, "source": "external"}, {"entity": "socialmessaging.event_destinations", "param": "eventDestinations", "required": true, "source": "external"}],
      "produces": [],
      "notes": ""
    },
    "SendWhatsAppMessage": {
      "kind": "other",
      "side_effect": true,
      "sdk": {"client": "socialmessaging", "method": "send_whats_app_message"},
      "consumes": [{"entity": "socialmessaging.originationphonenumber_id", "param": "originationPhoneNumberId", "required": true, "source": "external"}, {"entity": "socialmessaging.message", "param": "message", "required": true, "source": "external"}, {"entity": "socialmessaging.meta_api_version", "param": "metaApiVersion", "required": true, "source": "external"}],
      "produces": [{"entity": "socialmessaging.message_id", "source": "output", "path": "messageId"}],
      "notes": ""
    },
    "TagResource": {
      "kind": "write_apply",
      "side_effect": true,
      "sdk": {"client": "socialmessaging", "method": "tag_resource"},
      "consumes": [{"entity": "socialmessaging.resource_arn", "param": "resourceArn", "required": true, "source": "external"}, {"entity": "socialmessaging.tags", "param": "tags", "required": true, "source": "internal"}],
      "produces": [{"entity": "socialmessaging.status_code", "source": "output", "path": "statusCode"}],
      "notes": ""
    },
    "UntagResource": {
      "kind": "write_delete",
      "side_effect": true,
      "sdk": {"client": "socialmessaging", "method": "untag_resource"},
      "consumes": [{"entity": "socialmessaging.resource_arn", "param": "resourceArn", "required": true, "source": "external"}, {"entity": "socialmessaging.tag_keys", "param": "tagKeys", "required": true, "source": "external"}],
      "produces": [{"entity": "socialmessaging.status_code", "source": "output", "path": "statusCode"}],
      "notes": ""
    },
    "UpdateWhatsAppMessageTemplate": {
      "kind": "write_update",
      "side_effect": true,
      "sdk": {"client": "socialmessaging", "method": "update_whats_app_message_template"},
      "consumes": [{"entity": "socialmessaging.template_id", "param": "id", "required": true, "source": "internal"}, {"entity": "socialmessaging.metatemplate_id", "param": "metaTemplateId", "required": true, "source": "external"}],
      "produces": [],
      "notes": ""
    }
  }
}