{
  "service": "appintegrations",
  "op_consumes": {
    "ListApplications": [],
    "ListDataIntegrations": [],
    "ListEventIntegrations": [],
    "CreateApplication": ["appintegrations.namespace", "appintegrations.application_name", "appintegrations.application_source_config"],
    "CreateDataIntegration": ["appintegrations.schedule_configuration_name", "appintegrations.kms_key"],
    "CreateDataIntegrationAssociation": ["appintegrations.data_integration_identifier"],
    "CreateEventIntegration": ["appintegrations.event_filter", "appintegrations.event_integration_arn_name", "appintegrations.event_bridge_bus"],
    "DeleteApplication": ["appintegrations.application_arn"],
    "DeleteDataIntegration": ["appintegrations.data_integration_identifier"],
    "DeleteEventIntegration": ["appintegrations.event_integration_name"],
    "GetApplication": ["appintegrations.subscription_arn"],
    "GetDataIntegration": ["appintegrations.identifier"],
    "GetEventIntegration": ["appintegrations.event_filter_name"],
    "ListApplicationAssociations": ["appintegrations.application_id"],
    "ListDataIntegrationAssociations": ["appintegrations.data_integration_identifier"],
    "ListEventIntegrationAssociations": ["appintegrations.eventintegration_name"],
    "ListTagsForResource": ["appintegrations.resource_arn"],
    "TagResource": ["appintegrations.tags", "appintegrations.resource_arn"],
    "UntagResource": ["appintegrations.tag_keys", "appintegrations.resource_arn"],
    "UpdateApplication": ["appintegrations.application_arn"],
    "UpdateDataIntegration": ["appintegrations.identifier"],
    "UpdateDataIntegrationAssociation": ["appintegrations.execution_configuration", "appintegrations.data_integration_association_identifier", "appintegrations.data_integration_identifier"],
    "UpdateEventIntegration": ["appintegrations.event_integration_name"]
  },
  "op_produces": {
    "ListApplications": ["appintegrations.application_arn", "appintegrations.applications", "appintegrations.application_name", "appintegrations.application_id", "appintegrations.application_is_service", "appintegrations.application_created_time", "appintegrations.next_token", "appintegrations.application_last_modified_time", "appintegrations.application_namespace"],
    "ListDataIntegrations": ["appintegrations.data_integrations", "appintegrations.integration_arn", "appintegrations.integration_name", "appintegrations.next_token", "appintegrations.data_integration_source_uri"],
    "ListEventIntegrations": ["appintegrations.event_integration_arn", "appintegrations.event_integration_event_bridge_bus", "appintegrations.event_integration_description", "appintegrations.event_integration_event_filter", "appintegrations.event_integrations", "appintegrations.event_integration_tags", "appintegrations.next_token", "appintegrations.event_integration_name"],
    "CreateApplication": ["appintegrations.application_arn", "appintegrations.application_id"],
    "CreateDataIntegration": ["appintegrations.schedule_configuration_first_execution_from", "appintegrations.schedule_configuration_object", "appintegrations.file_configuration", "appintegrations.schedule_configuration_schedule_expression", "appintegrations.schedule_configuration", "appintegrations.kms_key", "appintegrations.integration_arn", "appintegrations.integration_name", "appintegrations.client_token", "appintegrations.tags", "appintegrations.source_uri", "appintegrations.object_configuration", "appintegrations.data_integration_id", "appintegrations.description"],
    "CreateDataIntegrationAssociation": ["appintegrations.integration_arn", "appintegrations.data_integration_association_id"],
    "CreateEventIntegration": ["appintegrations.event_integration_arn"],
    "DeleteApplication": [],
    "DeleteDataIntegration": [],
    "DeleteEventIntegration": [],
    "GetApplication": ["appintegrations.is_service", "appintegrations.application_arn", "appintegrations.subscriptions", "appintegrations.created_time", "appintegrations.namespace", "appintegrations.application_name", "appintegrations.application_config", "appintegrations.application_id", "appintegrations.application_source_config", "appintegrations.last_modified_time", "appintegrations.iframe_config", "appintegrations.subscription_description", "appintegrations.tags", "appintegrations.permissions", "appintegrations.subscription_event", "appintegrations.publications", "appintegrations.description", "appintegrations.initialization_timeout"],
    "GetDataIntegration": ["appintegrations.schedule_configuration_first_execution_from", "appintegrations.schedule_configuration_object", "appintegrations.file_configuration", "appintegrations.schedule_configuration_schedule_expression", "appintegrations.schedule_configuration", "appintegrations.kms_key", "appintegrations.integration_arn", "appintegrations.integration_name", "appintegrations.tags", "appintegrations.source_uri", "appintegrations.object_configuration", "appintegrations.data_integration_id", "appintegrations.description"],
    "GetEventIntegration": ["appintegrations.event_integration_arn", "appintegrations.event_filter_source", "appintegrations.event_bridge_bus", "appintegrations.tags", "appintegrations.event_integration_name", "appintegrations.event_filter", "appintegrations.description"],
    "ListApplicationAssociations": ["appintegrations.application_arn", "appintegrations.application_association_client_id", "appintegrations.application_association_arn", "appintegrations.next_token", "appintegrations.application_associations"],
    "ListDataIntegrationAssociations": ["appintegrations.data_integration_associations", "appintegrations.data_integration_association_destination_uri", "appintegrations.data_integration_association_execution_configuration", "appintegrations.integration_arn", "appintegrations.data_integration_association_last_execution_status", "appintegrations.data_integration_association_arn", "appintegrations.next_token", "appintegrations.data_integration_association_client_id"],
    "ListEventIntegrationAssociations": ["appintegrations.event_integration_association_client_association_metadata", "appintegrations.event_integration_association_arn", "appintegrations.next_token", "appintegrations.event_integration_association_client_id", "appintegrations.event_integration_name", "appintegrations.event_integration_association_id", "appintegrations.event_integration_associations", "appintegrations.event_integration_association_event_bridge_rule_name"],
    "ListTagsForResource": ["appintegrations.tags"],
    "TagResource": [],
    "UntagResource": [],
    "UpdateApplication": [],
    "UpdateDataIntegration": [],
    "UpdateDataIntegrationAssociation": [],
    "UpdateEventIntegration": []
  },
  "entity_producers": {
    "appintegrations.applications": ["ListApplications"],
    "appintegrations.next_token": ["ListEventIntegrationAssociations", "ListApplications", "ListDataIntegrations", "ListApplicationAssociations", "ListDataIntegrationAssociations", "ListEventIntegrations"],
    "appintegrations.application_arn": ["CreateApplication", "ListApplications", "GetApplication", "ListApplicationAssociations"],
    "appintegrations.application_id": ["CreateApplication", "ListApplications", "GetApplication"],
    "appintegrations.application_name": ["ListApplications", "GetApplication"],
    "appintegrations.application_namespace": ["ListApplications"],
    "appintegrations.application_created_time": ["ListApplications"],
    "appintegrations.application_last_modified_time": ["ListApplications"],
    "appintegrations.application_is_service": ["ListApplications"],
    "appintegrations.data_integrations": ["ListDataIntegrations"],
    "appintegrations.integration_arn": ["CreateDataIntegrationAssociation", "ListDataIntegrations", "CreateDataIntegration", "GetDataIntegration", "ListDataIntegrationAssociations"],
    "appintegrations.integration_name": ["ListDataIntegrations", "CreateDataIntegration", "GetDataIntegration"],
    "appintegrations.data_integration_source_uri": ["ListDataIntegrations"],
    "appintegrations.event_integrations": ["ListEventIntegrations"],
    "appintegrations.event_integration_arn": ["ListEventIntegrations", "GetEventIntegration", "CreateEventIntegration"],
    "appintegrations.event_integration_name": ["ListEventIntegrationAssociations", "ListEventIntegrations", "GetEventIntegration"],
    "appintegrations.event_integration_description": ["ListEventIntegrations"],
    "appintegrations.event_integration_event_filter": ["ListEventIntegrations"],
    "appintegrations.event_integration_event_bridge_bus": ["ListEventIntegrations"],
    "appintegrations.event_integration_tags": ["ListEventIntegrations"],
    "appintegrations.data_integration_id": ["CreateDataIntegration", "GetDataIntegration"],
    "appintegrations.description": ["GetEventIntegration", "CreateDataIntegration", "GetApplication", "GetDataIntegration"],
    "appintegrations.kms_key": ["CreateDataIntegration", "GetDataIntegration"],
    "appintegrations.source_uri": ["CreateDataIntegration", "GetDataIntegration"],
    "appintegrations.schedule_configuration": ["CreateDataIntegration", "GetDataIntegration"],
    "appintegrations.tags": ["GetApplication", "ListTagsForResource", "GetEventIntegration", "CreateDataIntegration", "GetDataIntegration"],
    "appintegrations.client_token": ["CreateDataIntegration"],
    "appintegrations.file_configuration": ["CreateDataIntegration", "GetDataIntegration"],
    "appintegrations.object_configuration": ["CreateDataIntegration", "GetDataIntegration"],
    "appintegrations.schedule_configuration_first_execution_from": ["CreateDataIntegration", "GetDataIntegration"],
    "appintegrations.schedule_configuration_object": ["CreateDataIntegration", "GetDataIntegration"],
    "appintegrations.schedule_configuration_schedule_expression": ["CreateDataIntegration", "GetDataIntegration"],
    "appintegrations.data_integration_association_id": ["CreateDataIntegrationAssociation"],
    "appintegrations.namespace": ["GetApplication"],
    "appintegrations.application_source_config": ["GetApplication"],
    "appintegrations.subscriptions": ["GetApplication"],
    "appintegrations.publications": ["GetApplication"],
    "appintegrations.created_time": ["GetApplication"],
    "appintegrations.last_modified_time": ["GetApplication"],
    "appintegrations.permissions": ["GetApplication"],
    "appintegrations.is_service": ["GetApplication"],
    "appintegrations.initialization_timeout": ["GetApplication"],
    "appintegrations.application_config": ["GetApplication"],
    "appintegrations.iframe_config": ["GetApplication"],
    "appintegrations.subscription_event": ["GetApplication"],
    "appintegrations.subscription_description": ["GetApplication"],
    "appintegrations.event_bridge_bus": ["GetEventIntegration"],
    "appintegrations.event_filter": ["GetEventIntegration"],
    "appintegrations.event_filter_source": ["GetEventIntegration"],
    "appintegrations.application_associations": ["ListApplicationAssociations"],
    "appintegrations.application_association_arn": ["ListApplicationAssociations"],
    "appintegrations.application_association_client_id": ["ListApplicationAssociations"],
    "appintegrations.data_integration_associations": ["ListDataIntegrationAssociations"],
    "appintegrations.data_integration_association_arn": ["ListDataIntegrationAssociations"],
    "appintegrations.data_integration_association_client_id": ["ListDataIntegrationAssociations"],
    "appintegrations.data_integration_association_destination_uri": ["ListDataIntegrationAssociations"],
    "appintegrations.data_integration_association_last_execution_status": ["ListDataIntegrationAssociations"],
    "appintegrations.data_integration_association_execution_configuration": ["ListDataIntegrationAssociations"],
    "appintegrations.event_integration_associations": ["ListEventIntegrationAssociations"],
    "appintegrations.event_integration_association_arn": ["ListEventIntegrationAssociations"],
    "appintegrations.event_integration_association_id": ["ListEventIntegrationAssociations"],
    "appintegrations.event_integration_association_client_id": ["ListEventIntegrationAssociations"],
    "appintegrations.event_integration_association_event_bridge_rule_name": ["ListEventIntegrationAssociations"],
    "appintegrations.event_integration_association_client_association_metadata": ["ListEventIntegrationAssociations"]
  },
  "entity_consumers": {
    "appintegrations.application_name": ["CreateApplication"],
    "appintegrations.namespace": ["CreateApplication"],
    "appintegrations.application_source_config": ["CreateApplication"],
    "appintegrations.schedule_configuration_name": ["CreateDataIntegration"],
    "appintegrations.kms_key": ["CreateDataIntegration"],
    "appintegrations.data_integration_identifier": ["UpdateDataIntegrationAssociation", "CreateDataIntegrationAssociation", "DeleteDataIntegration", "ListDataIntegrationAssociations"],
    "appintegrations.event_integration_arn_name": ["CreateEventIntegration"],
    "appintegrations.event_filter": ["CreateEventIntegration"],
    "appintegrations.event_bridge_bus": ["CreateEventIntegration"],
    "appintegrations.application_arn": ["UpdateApplication", "DeleteApplication"],
    "appintegrations.event_integration_name": ["UpdateEventIntegration", "DeleteEventIntegration"],
    "appintegrations.subscription_arn": ["GetApplication"],
    "appintegrations.identifier": ["UpdateDataIntegration", "GetDataIntegration"],
    "appintegrations.event_filter_name": ["GetEventIntegration"],
    "appintegrations.application_id": ["ListApplicationAssociations"],
    "appintegrations.eventintegration_name": ["ListEventIntegrationAssociations"],
    "appintegrations.resource_arn": ["UntagResource", "TagResource", "ListTagsForResource"],
    "appintegrations.tags": ["TagResource"],
    "appintegrations.tag_keys": ["UntagResource"],
    "appintegrations.data_integration_association_identifier": ["UpdateDataIntegrationAssociation"],
    "appintegrations.execution_configuration": ["UpdateDataIntegrationAssociation"]
  },
  "external_entities": ["appintegrations.data_integration_association_identifier", "appintegrations.data_integration_identifier", "appintegrations.event_filter_name", "appintegrations.event_integration_arn_name", "appintegrations.eventintegration_name", "appintegrations.execution_configuration", "appintegrations.identifier", "appintegrations.resource_arn", "appintegrations.schedule_configuration_name", "appintegrations.subscription_arn", "appintegrations.tag_keys"]
}