{
  "service": "appintegrations",
  "seed_from_list": [
    "ApplicationArn",
    "ApplicationAssociationArn",
    "Arn",
    "ClientAssociationMetadata",
    "ClientId",
    "CreatedTime",
    "DataIntegrationArn",
    "DataIntegrationAssociationArn",
    "Description",
    "DestinationURI",
    "EventBridgeBus",
    "EventBridgeRuleName",
    "EventFilter",
    "EventIntegrationArn",
    "EventIntegrationAssociationArn",
    "EventIntegrationAssociationId",
    "EventIntegrationName",
    "ExecutionConfiguration",
    "Id",
    "IsService",
    "LastExecutionStatus",
    "LastModifiedTime",
    "Name",
    "Namespace",
    "SourceURI",
    "Tags"
  ],
  "enriched_from_get_describe": [
    "ApplicationConfig",
    "ApplicationSourceConfig",
    "Arn",
    "CreatedTime",
    "Description",
    "Event",
    "EventBridgeBus",
    "EventFilter",
    "EventIntegrationArn",
    "FileConfiguration",
    "FirstExecutionFrom",
    "Id",
    "IframeConfig",
    "InitializationTimeout",
    "IsService",
    "KmsKey",
    "LastModifiedTime",
    "Name",
    "Namespace",
    "Object",
    "ObjectConfiguration",
    "Permissions",
    "Publications",
    "ScheduleConfiguration",
    "ScheduleExpression",
    "Source",
    "SourceURI",
    "Subscriptions",
    "Tags"
  ],
  "final_union": [
    "ApplicationArn",
    "ApplicationAssociationArn",
    "ApplicationConfig",
    "ApplicationSourceConfig",
    "Arn",
    "ClientAssociationMetadata",
    "ClientId",
    "CreatedTime",
    "DataIntegrationArn",
    "DataIntegrationAssociationArn",
    "Description",
    "DestinationURI",
    "Event",
    "EventBridgeBus",
    "EventBridgeRuleName",
    "EventFilter",
    "EventIntegrationArn",
    "EventIntegrationAssociationArn",
    "EventIntegrationAssociationId",
    "EventIntegrationName",
    "ExecutionConfiguration",
    "FileConfiguration",
    "FirstExecutionFrom",
    "Id",
    "IframeConfig",
    "InitializationTimeout",
    "IsService",
    "KmsKey",
    "LastExecutionStatus",
    "LastModifiedTime",
    "Name",
    "Namespace",
    "Object",
    "ObjectConfiguration",
    "Permissions",
    "Publications",
    "ScheduleConfiguration",
    "ScheduleExpression",
    "Source",
    "SourceURI",
    "Subscriptions",
    "Tags"
  ],
  "source": {
    "operation_registry": "services/appintegrations/operation_registry.json",
    "read_ops_rule": "operation name startswith List/Get/Describe/Search/Lookup",
    "excluded_keys": [
      "nextToken",
      "maxResults"
    ]
  }
}