{
  "service": "appintegrations",
  "fixes": [
    {
      "type": "llm_fix",
      "original": "1",
      "fix": {
        "var": "ApplicationArn",
        "op": "equals",
        "value": "true",
        "derived": "is_public",
        "derive_key": "appintegrations.application_arn"
      },
      "confidence": 0.9,
      "reason": "ApplicationArn directly corresponds to the application ARN entity.",
      "aliases": {
        "entity_aliases": {
          "alias": "appintegrations.application_arn"
        },
        "param_aliases": {
          "param": [
            "application_arn"
          ]
        }
      }
    },
    {
      "type": "llm_fix",
      "original": "2",
      "fix": {
        "var": "DataIntegrationArn",
        "op": "equals",
        "value": "true",
        "derived": "is_public",
        "derive_key": "appintegrations.integration_arn"
      },
      "confidence": 0.9,
      "reason": "DataIntegrationArn directly corresponds to the integration ARN entity.",
      "aliases": {
        "entity_aliases": {
          "alias": "appintegrations.integration_arn"
        },
        "param_aliases": {
          "param": [
            "integration_arn"
          ]
        }
      }
    },
    {
      "type": "llm_fix",
      "original": "3",
      "fix": {
        "var": "ApplicationArn",
        "op": "equals",
        "value": "true",
        "derived": "is_public",
        "derive_key": "appintegrations.subscription_arn"
      },
      "confidence": 0.85,
      "reason": "ApplicationArn can also be associated with the subscription ARN entity.",
      "aliases": {
        "entity_aliases": {
          "alias": "appintegrations.subscription_arn"
        },
        "param_aliases": {
          "param": [
            "subscription_arn"
          ]
        }
      }
    },
    {
      "type": "llm_fix",
      "original": "4",
      "fix": {
        "var": "ApplicationArn",
        "op": "equals",
        "value": "true",
        "derived": "is_public",
        "derive_key": "appintegrations.application_id"
      },
      "confidence": 0.8,
      "reason": "ApplicationArn can be used to derive the application ID entity.",
      "aliases": {
        "entity_aliases": {
          "alias": "appintegrations.application_id"
        },
        "param_aliases": {
          "param": [
            "application_id"
          ]
        }
      }
    }
  ],
  "summary": {
    "total_fixes": 4,
    "remaining_unresolved": 27
  }
}