{
  "service": "appintegrations",
  "version": "1.0",
  "kind_rules": {
    "read_list": ["List"],
    "read_get": ["Get", "Describe"],
    "write_create": ["Create", "Start", "Generate", "Import", "Enable", "Register"],
    "write_update": ["Update", "Modify", "Put", "Set", "Change", "Reset", "Patch"],
    "write_delete": ["Delete", "Remove", "Terminate", "Destroy", "Disable", "Detach", "Disassociate", "Untag", "Revoke"],
    "write_apply": ["Apply", "Attach", "Associate", "Add", "Tag", "Authorize", "Unauthorize", "Grant"],
    "other": ["default"]
  },
  "entity_aliases": {
    "appintegrations.event_integration_association_event_integration_name": "appintegrations.event_integration_name",
    "appintegrations.data_integration_association_data_integration_arn": "appintegrations.data_integration_arn",
    "appintegrations.application_association_application_arn": "appintegrations.application_arn",
    "appintegrations.data_integration_name": "appintegrations.integration_name",
    "appintegrations.data_integration_arn": "appintegrations.integration_arn"
  },
  "overrides": {},
  "operations": {
    "ListApplications": {
      "kind": "read_list",
      "side_effect": false,
      "sdk": {"client": "appintegrations", "method": "list_applications"},
      "consumes": [],
      "produces": [{"entity": "appintegrations.applications", "source": "output", "path": "Applications"}, {"entity": "appintegrations.next_token", "source": "output", "path": "NextToken"}, {"entity": "appintegrations.application_arn", "source": "item", "path": "Applications[].Arn"}, {"entity": "appintegrations.application_id", "source": "item", "path": "Applications[].Id"}, {"entity": "appintegrations.application_name", "source": "item", "path": "Applications[].Name"}, {"entity": "appintegrations.application_namespace", "source": "item", "path": "Applications[].Namespace"}, {"entity": "appintegrations.application_created_time", "source": "item", "path": "Applications[].CreatedTime"}, {"entity": "appintegrations.application_last_modified_time", "source": "item", "path": "Applications[].LastModifiedTime"}, {"entity": "appintegrations.application_is_service", "source": "item", "path": "Applications[].IsService"}],
      "notes": ""
    },
    "ListDataIntegrations": {
      "kind": "read_list",
      "side_effect": false,
      "sdk": {"client": "appintegrations", "method": "list_data_integrations"},
      "consumes": [],
      "produces": [{"entity": "appintegrations.data_integrations", "source": "output", "path": "DataIntegrations"}, {"entity": "appintegrations.next_token", "source": "output", "path": "NextToken"}, {"entity": "appintegrations.integration_arn", "source": "item", "path": "DataIntegrations[].Arn"}, {"entity": "appintegrations.integration_name", "source": "item", "path": "DataIntegrations[].Name"}, {"entity": "appintegrations.data_integration_source_uri", "source": "item", "path": "DataIntegrations[].SourceURI"}],
      "notes": ""
    },
    "ListEventIntegrations": {
      "kind": "read_list",
      "side_effect": false,
      "sdk": {"client": "appintegrations", "method": "list_event_integrations"},
      "consumes": [],
      "produces": [{"entity": "appintegrations.event_integrations", "source": "output", "path": "EventIntegrations"}, {"entity": "appintegrations.next_token", "source": "output", "path": "NextToken"}, {"entity": "appintegrations.event_integration_arn", "source": "item", "path": "EventIntegrations[].EventIntegrationArn"}, {"entity": "appintegrations.event_integration_name", "source": "item", "path": "EventIntegrations[].Name"}, {"entity": "appintegrations.event_integration_description", "source": "item", "path": "EventIntegrations[].Description"}, {"entity": "appintegrations.event_integration_event_filter", "source": "item", "path": "EventIntegrations[].EventFilter"}, {"entity": "appintegrations.event_integration_event_bridge_bus", "source": "item", "path": "EventIntegrations[].EventBridgeBus"}, {"entity": "appintegrations.event_integration_tags", "source": "item", "path": "EventIntegrations[].Tags"}],
      "notes": ""
    },
    "CreateApplication": {
      "kind": "write_create",
      "side_effect": true,
      "sdk": {"client": "appintegrations", "method": "create_application"},
      "consumes": [{"entity": "appintegrations.application_name", "param": "Name", "required": true, "source": "internal"}, {"entity": "appintegrations.namespace", "param": "Namespace", "required": true, "source": "internal"}, {"entity": "appintegrations.application_source_config", "param": "ApplicationSourceConfig", "required": true, "source": "internal"}],
      "produces": [{"entity": "appintegrations.application_arn", "source": "output", "path": "Arn"}, {"entity": "appintegrations.application_id", "source": "output", "path": "Id"}],
      "notes": ""
    },
    "CreateDataIntegration": {
      "kind": "write_create",
      "side_effect": true,
      "sdk": {"client": "appintegrations", "method": "create_data_integration"},
      "consumes": [{"entity": "appintegrations.schedule_configuration_name", "param": "Name", "required": true, "source": "external"}, {"entity": "appintegrations.kms_key", "param": "KmsKey", "required": true, "source": "internal"}],
      "produces": [{"entity": "appintegrations.integration_arn", "source": "output", "path": "Arn"}, {"entity": "appintegrations.data_integration_id", "source": "output", "path": "Id"}, {"entity": "appintegrations.integration_name", "source": "output", "path": "Name"}, {"entity": "appintegrations.description", "source": "output", "path": "Description"}, {"entity": "appintegrations.kms_key", "source": "output", "path": "KmsKey"}, {"entity": "appintegrations.source_uri", "source": "output", "path": "SourceURI"}, {"entity": "appintegrations.schedule_configuration", "source": "output", "path": "ScheduleConfiguration"}, {"entity": "appintegrations.tags", "source": "output", "path": "Tags"}, {"entity": "appintegrations.client_token", "source": "output", "path": "ClientToken"}, {"entity": "appintegrations.file_configuration", "source": "output", "path": "FileConfiguration"}, {"entity": "appintegrations.object_configuration", "source": "output", "path": "ObjectConfiguration"}, {"entity": "appintegrations.schedule_configuration_first_execution_from", "source": "item", "path": "ScheduleConfiguration.FirstExecutionFrom"}, {"entity": "appintegrations.schedule_configuration_object", "source": "item", "path": "ScheduleConfiguration.Object"}, {"entity": "appintegrations.schedule_configuration_schedule_expression", "source": "item", "path": "ScheduleConfiguration.ScheduleExpression"}],
      "notes": ""
    },
    "CreateDataIntegrationAssociation": {
      "kind": "write_create",
      "side_effect": true,
      "sdk": {"client": "appintegrations", "method": "create_data_integration_association"},
      "consumes": [{"entity": "appintegrations.data_integration_identifier", "param": "DataIntegrationIdentifier", "required": true, "source": "external"}],
      "produces": [{"entity": "appintegrations.data_integration_association_id", "source": "output", "path": "DataIntegrationAssociationId"}, {"entity": "appintegrations.integration_arn", "source": "output", "path": "DataIntegrationArn"}],
      "notes": ""
    },
    "CreateEventIntegration": {
      "kind": "write_create",
      "side_effect": true,
      "sdk": {"client": "appintegrations", "method": "create_event_integration"},
      "consumes": [{"entity": "appintegrations.event_integration_arn_name", "param": "Name", "required": true, "source": "external"}, {"entity": "appintegrations.event_filter", "param": "EventFilter", "required": true, "source": "internal"}, {"entity": "appintegrations.event_bridge_bus", "param": "EventBridgeBus", "required": true, "source": "internal"}],
      "produces": [{"entity": "appintegrations.event_integration_arn", "source": "output", "path": "EventIntegrationArn"}],
      "notes": ""
    },
    "DeleteApplication": {
      "kind": "write_delete",
      "side_effect": true,
      "sdk": {"client": "appintegrations", "method": "delete_application"},
      "consumes": [{"entity": "appintegrations.application_arn", "param": "Arn", "required": true, "source": "internal"}],
      "produces": [],
      "notes": ""
    },
    "DeleteDataIntegration": {
      "kind": "write_delete",
      "side_effect": true,
      "sdk": {"client": "appintegrations", "method": "delete_data_integration"},
      "consumes": [{"entity": "appintegrations.data_integration_identifier", "param": "DataIntegrationIdentifier", "required": true, "source": "external"}],
      "produces": [],
      "notes": ""
    },
    "DeleteEventIntegration": {
      "kind": "write_delete",
      "side_effect": true,
      "sdk": {"client": "appintegrations", "method": "delete_event_integration"},
      "consumes": [{"entity": "appintegrations.event_integration_name", "param": "Name", "required": true, "source": "internal"}],
      "produces": [],
      "notes": ""
    },
    "GetApplication": {
      "kind": "read_get",
      "side_effect": false,
      "sdk": {"client": "appintegrations", "method": "get_application"},
      "consumes": [{"entity": "appintegrations.subscription_arn", "param": "Arn", "required": true, "source": "external"}],
      "produces": [{"entity": "appintegrations.application_arn", "source": "output", "path": "Arn"}, {"entity": "appintegrations.application_id", "source": "output", "path": "Id"}, {"entity": "appintegrations.application_name", "source": "output", "path": "Name"}, {"entity": "appintegrations.namespace", "source": "output", "path": "Namespace"}, {"entity": "appintegrations.description", "source": "output", "path": "Description"}, {"entity": "appintegrations.application_source_config", "source": "output", "path": "ApplicationSourceConfig"}, {"entity": "appintegrations.subscriptions", "source": "output", "path": "Subscriptions"}, {"entity": "appintegrations.publications", "source": "output", "path": "Publications"}, {"entity": "appintegrations.created_time", "source": "output", "path": "CreatedTime"}, {"entity": "appintegrations.last_modified_time", "source": "output", "path": "LastModifiedTime"}, {"entity": "appintegrations.tags", "source": "output", "path": "Tags"}, {"entity": "appintegrations.permissions", "source": "output", "path": "Permissions"}, {"entity": "appintegrations.is_service", "source": "output", "path": "IsService"}, {"entity": "appintegrations.initialization_timeout", "source": "output", "path": "InitializationTimeout"}, {"entity": "appintegrations.application_config", "source": "output", "path": "ApplicationConfig"}, {"entity": "appintegrations.iframe_config", "source": "output", "path": "IframeConfig"}, {"entity": "appintegrations.subscription_event", "source": "item", "path": "Subscriptions.Event"}, {"entity": "appintegrations.subscription_description", "source": "item", "path": "Subscriptions.Description"}],
      "notes": ""
    },
    "GetDataIntegration": {
      "kind": "read_get",
      "side_effect": false,
      "sdk": {"client": "appintegrations", "method": "get_data_integration"},
      "consumes": [{"entity": "appintegrations.identifier", "param": "Identifier", "required": true, "source": "external"}],
      "produces": [{"entity": "appintegrations.integration_arn", "source": "output", "path": "Arn"}, {"entity": "appintegrations.data_integration_id", "source": "output", "path": "Id"}, {"entity": "appintegrations.integration_name", "source": "output", "path": "Name"}, {"entity": "appintegrations.description", "source": "output", "path": "Description"}, {"entity": "appintegrations.kms_key", "source": "output", "path": "KmsKey"}, {"entity": "appintegrations.source_uri", "source": "output", "path": "SourceURI"}, {"entity": "appintegrations.schedule_configuration", "source": "output", "path": "ScheduleConfiguration"}, {"entity": "appintegrations.tags", "source": "output", "path": "Tags"}, {"entity": "appintegrations.file_configuration", "source": "output", "path": "FileConfiguration"}, {"entity": "appintegrations.object_configuration", "source": "output", "path": "ObjectConfiguration"}, {"entity": "appintegrations.schedule_configuration_first_execution_from", "source": "item", "path": "ScheduleConfiguration.FirstExecutionFrom"}, {"entity": "appintegrations.schedule_configuration_object", "source": "item", "path": "ScheduleConfiguration.Object"}, {"entity": "appintegrations.schedule_configuration_schedule_expression", "source": "item", "path": "ScheduleConfiguration.ScheduleExpression"}],
      "notes": ""
    },
    "GetEventIntegration": {
      "kind": "read_get",
      "side_effect": false,
      "sdk": {"client": "appintegrations", "method": "get_event_integration"},
      "consumes": [{"entity": "appintegrations.event_filter_name", "param": "Name", "required": true, "source": "external"}],
      "produces": [{"entity": "appintegrations.event_integration_name", "source": "output", "path": "Name"}, {"entity": "appintegrations.description", "source": "output", "path": "Description"}, {"entity": "appintegrations.event_integration_arn", "source": "output", "path": "EventIntegrationArn"}, {"entity": "appintegrations.event_bridge_bus", "source": "output", "path": "EventBridgeBus"}, {"entity": "appintegrations.event_filter", "source": "output", "path": "EventFilter"}, {"entity": "appintegrations.tags", "source": "output", "path": "Tags"}, {"entity": "appintegrations.event_filter_source", "source": "item", "path": "EventFilter.Source"}],
      "notes": ""
    },
    "ListApplicationAssociations": {
      "kind": "read_list",
      "side_effect": false,
      "sdk": {"client": "appintegrations", "method": "list_application_associations"},
      "consumes": [{"entity": "appintegrations.application_id", "param": "ApplicationId", "required": true, "source": "internal"}],
      "produces": [{"entity": "appintegrations.application_associations", "source": "output", "path": "ApplicationAssociations"}, {"entity": "appintegrations.next_token", "source": "output", "path": "NextToken"}, {"entity": "appintegrations.application_association_arn", "source": "item", "path": "ApplicationAssociations[].ApplicationAssociationArn"}, {"entity": "appintegrations.application_arn", "source": "item", "path": "ApplicationAssociations[].ApplicationArn"}, {"entity": "appintegrations.application_association_client_id", "source": "item", "path": "ApplicationAssociations[].ClientId"}],
      "notes": ""
    },
    "ListDataIntegrationAssociations": {
      "kind": "read_list",
      "side_effect": false,
      "sdk": {"client": "appintegrations", "method": "list_data_integration_associations"},
      "consumes": [{"entity": "appintegrations.data_integration_identifier", "param": "DataIntegrationIdentifier", "required": true, "source": "external"}],
      "produces": [{"entity": "appintegrations.data_integration_associations", "source": "output", "path": "DataIntegrationAssociations"}, {"entity": "appintegrations.next_token", "source": "output", "path": "NextToken"}, {"entity": "appintegrations.data_integration_association_arn", "source": "item", "path": "DataIntegrationAssociations[].DataIntegrationAssociationArn"}, {"entity": "appintegrations.integration_arn", "source": "item", "path": "DataIntegrationAssociations[].DataIntegrationArn"}, {"entity": "appintegrations.data_integration_association_client_id", "source": "item", "path": "DataIntegrationAssociations[].ClientId"}, {"entity": "appintegrations.data_integration_association_destination_uri", "source": "item", "path": "DataIntegrationAssociations[].DestinationURI"}, {"entity": "appintegrations.data_integration_association_last_execution_status", "source": "item", "path": "DataIntegrationAssociations[].LastExecutionStatus"}, {"entity": "appintegrations.data_integration_association_execution_configuration", "source": "item", "path": "DataIntegrationAssociations[].ExecutionConfiguration"}],
      "notes": ""
    },
    "ListEventIntegrationAssociations": {
      "kind": "read_list",
      "side_effect": false,
      "sdk": {"client": "appintegrations", "method": "list_event_integration_associations"},
      "consumes": [{"entity": "appintegrations.eventintegration_name", "param": "EventIntegrationName", "required": true, "source": "external"}],
      "produces": [{"entity": "appintegrations.event_integration_associations", "source": "output", "path": "EventIntegrationAssociations"}, {"entity": "appintegrations.next_token", "source": "output", "path": "NextToken"}, {"entity": "appintegrations.event_integration_association_arn", "source": "item", "path": "EventIntegrationAssociations[].EventIntegrationAssociationArn"}, {"entity": "appintegrations.event_integration_association_id", "source": "item", "path": "EventIntegrationAssociations[].EventIntegrationAssociationId"}, {"entity": "appintegrations.event_integration_name", "source": "item", "path": "EventIntegrationAssociations[].EventIntegrationName"}, {"entity": "appintegrations.event_integration_association_client_id", "source": "item", "path": "EventIntegrationAssociations[].ClientId"}, {"entity": "appintegrations.event_integration_association_event_bridge_rule_name", "source": "item", "path": "EventIntegrationAssociations[].EventBridgeRuleName"}, {"entity": "appintegrations.event_integration_association_client_association_metadata", "source": "item", "path": "EventIntegrationAssociations[].ClientAssociationMetadata"}],
      "notes": ""
    },
    "ListTagsForResource": {
      "kind": "read_list",
      "side_effect": false,
      "sdk": {"client": "appintegrations", "method": "list_tags_for_resource"},
      "consumes": [{"entity": "appintegrations.resource_arn", "param": "resourceArn", "required": true, "source": "external"}],
      "produces": [{"entity": "appintegrations.tags", "source": "output", "path": "tags"}],
      "notes": ""
    },
    "TagResource": {
      "kind": "write_apply",
      "side_effect": true,
      "sdk": {"client": "appintegrations", "method": "tag_resource"},
      "consumes": [{"entity": "appintegrations.resource_arn", "param": "resourceArn", "required": true, "source": "external"}, {"entity": "appintegrations.tags", "param": "tags", "required": true, "source": "internal"}],
      "produces": [],
      "notes": ""
    },
    "UntagResource": {
      "kind": "write_delete",
      "side_effect": true,
      "sdk": {"client": "appintegrations", "method": "untag_resource"},
      "consumes": [{"entity": "appintegrations.resource_arn", "param": "resourceArn", "required": true, "source": "external"}, {"entity": "appintegrations.tag_keys", "param": "tagKeys", "required": true, "source": "external"}],
      "produces": [],
      "notes": ""
    },
    "UpdateApplication": {
      "kind": "write_update",
      "side_effect": true,
      "sdk": {"client": "appintegrations", "method": "update_application"},
      "consumes": [{"entity": "appintegrations.application_arn", "param": "Arn", "required": true, "source": "internal"}],
      "produces": [],
      "notes": ""
    },
    "UpdateDataIntegration": {
      "kind": "write_update",
      "side_effect": true,
      "sdk": {"client": "appintegrations", "method": "update_data_integration"},
      "consumes": [{"entity": "appintegrations.identifier", "param": "Identifier", "required": true, "source": "external"}],
      "produces": [],
      "notes": ""
    },
    "UpdateDataIntegrationAssociation": {
      "kind": "write_update",
      "side_effect": true,
      "sdk": {"client": "appintegrations", "method": "update_data_integration_association"},
      "consumes": [{"entity": "appintegrations.data_integration_identifier", "param": "DataIntegrationIdentifier", "required": true, "source": "external"}, {"entity": "appintegrations.data_integration_association_identifier", "param": "DataIntegrationAssociationIdentifier", "required": true, "source": "external"}, {"entity": "appintegrations.execution_configuration", "param": "ExecutionConfiguration", "required": true, "source": "external"}],
      "produces": [],
      "notes": ""
    },
    "UpdateEventIntegration": {
      "kind": "write_update",
      "side_effect": true,
      "sdk": {"client": "appintegrations", "method": "update_event_integration"},
      "consumes": [{"entity": "appintegrations.event_integration_name", "param": "Name", "required": true, "source": "internal"}],
      "produces": [],
      "notes": ""
    }
  }
}