{
  "service": "chime-sdk-meetings",
  "seed_from_list": [
    "AttendeeId",
    "Capabilities",
    "ExternalUserId",
    "JoinToken",
    "Key",
    "Value"
  ],
  "enriched_from_get_describe": [
    "Attendee",
    "AttendeeId",
    "Capabilities",
    "ExternalMeetingId",
    "ExternalUserId",
    "JoinToken",
    "MediaPlacement",
    "MediaRegion",
    "Meeting",
    "MeetingArn",
    "MeetingFeatures",
    "MeetingHostId",
    "MeetingId",
    "PrimaryMeetingId",
    "TenantIds"
  ],
  "final_union": [
    "Attendee",
    "AttendeeId",
    "Capabilities",
    "ExternalMeetingId",
    "ExternalUserId",
    "JoinToken",
    "Key",
    "MediaPlacement",
    "MediaRegion",
    "Meeting",
    "MeetingArn",
    "MeetingFeatures",
    "MeetingHostId",
    "MeetingId",
    "PrimaryMeetingId",
    "TenantIds",
    "Value"
  ],
  "source": {
    "operation_registry": "services/chime-sdk-meetings/operation_registry.json",
    "read_ops_rule": "operation name startswith List/Get/Describe/Search/Lookup",
    "excluded_keys": [
      "nextToken",
      "maxResults"
    ]
  }
}