{
  "service": "bcm-recommended-actions",
  "seed_from_list": [
    "accountId",
    "context",
    "feature",
    "id",
    "lastUpdatedTimeStamp",
    "nextSteps",
    "severity",
    "type"
  ],
  "enriched_from_get_describe": [],
  "final_union": [
    "accountId",
    "context",
    "feature",
    "id",
    "lastUpdatedTimeStamp",
    "nextSteps",
    "severity",
    "type"
  ],
  "source": {
    "operation_registry": "services/bcm-recommended-actions/operation_registry.json",
    "read_ops_rule": "operation name startswith List/Get/Describe/Search/Lookup",
    "excluded_keys": [
      "nextToken",
      "maxResults"
    ]
  }
}