{
  "service": "iotwireless",
  "issues": {
    "generic_entities": {},
    "ambiguous_tokens": {
      "arn": [
        {
          "mapping": "CreateDeviceProfile.Arn -> iotwireless.device_profile_arn",
          "evidence": "CreateDeviceProfile.Arn",
          "entity": "iotwireless.device_profile_arn"
        },
        {
          "mapping": "CreateServiceProfile.Arn -> iotwireless.service_profile_arn",
          "evidence": "CreateServiceProfile.Arn",
          "entity": "iotwireless.service_profile_arn"
        },
        {
          "mapping": "ListDestinations.DestinationList[].Arn -> iotwireless.destination_arn",
          "evidence": "ListDestinations.DestinationList[].Arn",
          "entity": "iotwireless.destination_arn"
        },
        {
          "mapping": "ListDeviceProfiles.DeviceProfileList[].Arn -> iotwireless.device_profile_arn",
          "evidence": "ListDeviceProfiles.DeviceProfileList[].Arn",
          "entity": "iotwireless.device_profile_arn"
        },
        {
          "mapping": "ListFuotaTasks.FuotaTaskList[].Arn -> iotwireless.fuota_task_arn",
          "evidence": "ListFuotaTasks.FuotaTaskList[].Arn",
          "entity": "iotwireless.fuota_task_arn"
        },
        {
          "mapping": "ListMulticastGroups.MulticastGroupList[].Arn -> iotwireless.multicast_group_arn",
          "evidence": "ListMulticastGroups.MulticastGroupList[].Arn",
          "entity": "iotwireless.multicast_group_arn"
        },
        {
          "mapping": "ListNetworkAnalyzerConfigurations.NetworkAnalyzerConfigurationList[].Arn -> iotwireless.network_analyzer_configuration_arn",
          "evidence": "ListNetworkAnalyzerConfigurations.NetworkAnalyzerConfigurationList[].Arn",
          "entity": "iotwireless.network_analyzer_configuration_arn"
        },
        {
          "mapping": "ListPartnerAccounts.Sidewalk[].Arn -> iotwireless.sidewalk_arn",
          "evidence": "ListPartnerAccounts.Sidewalk[].Arn",
          "entity": "iotwireless.sidewalk_arn"
        },
        {
          "mapping": "ListServiceProfiles.ServiceProfileList[].Arn -> iotwireless.service_profile_arn",
          "evidence": "ListServiceProfiles.ServiceProfileList[].Arn",
          "entity": "iotwireless.service_profile_arn"
        },
        {
          "mapping": "ListWirelessDeviceImportTasks.WirelessDeviceImportTaskList[].Arn -> iotwireless.wireless_device_import_task_arn",
          "evidence": "ListWirelessDeviceImportTasks.WirelessDeviceImportTaskList[].Arn",
          "entity": "iotwireless.wireless_device_import_task_arn"
        },
        {
          "mapping": "ListWirelessDevices.WirelessDeviceList[].Arn -> iotwireless.wireless_device_arn",
          "evidence": "ListWirelessDevices.WirelessDeviceList[].Arn",
          "entity": "iotwireless.wireless_device_arn"
        },
        {
          "mapping": "ListWirelessGatewayTaskDefinitions.TaskDefinitions[].Arn -> iotwireless.task_definition_arn",
          "evidence": "ListWirelessGatewayTaskDefinitions.TaskDefinitions[].Arn",
          "entity": "iotwireless.task_definition_arn"
        },
        {
          "mapping": "ListWirelessGateways.WirelessGatewayList[].Arn -> iotwireless.wireless_gateway_arn",
          "evidence": "ListWirelessGateways.WirelessGatewayList[].Arn",
          "entity": "iotwireless.wireless_gateway_arn"
        },
        {
          "mapping": "AssociateAwsAccountWithPartnerAccount.Arn -> iotwireless.aws_account_with_partner_account_arn",
          "evidence": "AssociateAwsAccountWithPartnerAccount.Arn",
          "entity": "iotwireless.aws_account_with_partner_account_arn"
        },
        {
          "mapping": "CreateDestination.Arn -> iotwireless.destination_arn",
          "evidence": "CreateDestination.Arn",
          "entity": "iotwireless.destination_arn"
        },
        {
          "mapping": "CreateFuotaTask.Arn -> iotwireless.fuota_task_arn",
          "evidence": "CreateFuotaTask.Arn",
          "entity": "iotwireless.fuota_task_arn"
        },
        {
          "mapping": "CreateMulticastGroup.Arn -> iotwireless.multicast_group_arn",
          "evidence": "CreateMulticastGroup.Arn",
          "entity": "iotwireless.multicast_group_arn"
        },
        {
          "mapping": "CreateNetworkAnalyzerConfiguration.Arn -> iotwireless.network_analyzer_configuration_arn",
          "evidence": "CreateNetworkAnalyzerConfiguration.Arn",
          "entity": "iotwireless.network_analyzer_configuration_arn"
        },
        {
          "mapping": "CreateWirelessDevice.Arn -> iotwireless.wireless_device_arn",
          "evidence": "CreateWirelessDevice.Arn",
          "entity": "iotwireless.wireless_device_arn"
        },
        {
          "mapping": "CreateWirelessGateway.Arn -> iotwireless.wireless_gateway_arn",
          "evidence": "CreateWirelessGateway.Arn",
          "entity": "iotwireless.wireless_gateway_arn"
        }
      ],
      "id": [
        {
          "mapping": "CreateDeviceProfile.Id -> iotwireless.device_profile_id",
          "evidence": "CreateDeviceProfile.Id",
          "entity": "iotwireless.device_profile_id"
        },
        {
          "mapping": "CreateServiceProfile.Id -> iotwireless.service_profile_id",
          "evidence": "CreateServiceProfile.Id",
          "entity": "iotwireless.service_profile_id"
        },
        {
          "mapping": "ListDeviceProfiles.DeviceProfileList[].Id -> iotwireless.device_profile_id",
          "evidence": "ListDeviceProfiles.DeviceProfileList[].Id",
          "entity": "iotwireless.device_profile_id"
        },
        {
          "mapping": "ListFuotaTasks.FuotaTaskList[].Id -> iotwireless.fuota_task_id",
          "evidence": "ListFuotaTasks.FuotaTaskList[].Id",
          "entity": "iotwireless.fuota_task_id"
        },
        {
          "mapping": "ListMulticastGroups.MulticastGroupList[].Id -> iotwireless.multicast_group_id",
          "evidence": "ListMulticastGroups.MulticastGroupList[].Id",
          "entity": "iotwireless.multicast_group_id"
        },
        {
          "mapping": "ListServiceProfiles.ServiceProfileList[].Id -> iotwireless.service_profile_id",
          "evidence": "ListServiceProfiles.ServiceProfileList[].Id",
          "entity": "iotwireless.service_profile_id"
        },
        {
          "mapping": "ListWirelessDeviceImportTasks.WirelessDeviceImportTaskList[].Id -> iotwireless.wireless_device_import_task_id",
          "evidence": "ListWirelessDeviceImportTasks.WirelessDeviceImportTaskList[].Id",
          "entity": "iotwireless.wireless_device_import_task_id"
        },
        {
          "mapping": "ListWirelessDevices.WirelessDeviceList[].Id -> iotwireless.wireless_device_id",
          "evidence": "ListWirelessDevices.WirelessDeviceList[].Id",
          "entity": "iotwireless.wireless_device_id"
        },
        {
          "mapping": "ListWirelessGatewayTaskDefinitions.TaskDefinitions[].Id -> iotwireless.task_definition_id",
          "evidence": "ListWirelessGatewayTaskDefinitions.TaskDefinitions[].Id",
          "entity": "iotwireless.task_definition_id"
        },
        {
          "mapping": "ListWirelessGateways.WirelessGatewayList[].Id -> iotwireless.wireless_gateway_id",
          "evidence": "ListWirelessGateways.WirelessGatewayList[].Id",
          "entity": "iotwireless.wireless_gateway_id"
        },
        {
          "mapping": "AssociateMulticastGroupWithFuotaTask.Id -> iotwireless.fuota_task_id",
          "evidence": "AssociateMulticastGroupWithFuotaTask.Id",
          "entity": "iotwireless.fuota_task_id"
        },
        {
          "mapping": "AssociateWirelessDeviceWithFuotaTask.Id -> iotwireless.fuota_task_id",
          "evidence": "AssociateWirelessDeviceWithFuotaTask.Id",
          "entity": "iotwireless.fuota_task_id"
        },
        {
          "mapping": "AssociateWirelessDeviceWithMulticastGroup.Id -> iotwireless.multicast_group_id",
          "evidence": "AssociateWirelessDeviceWithMulticastGroup.Id",
          "entity": "iotwireless.multicast_group_id"
        },
        {
          "mapping": "AssociateWirelessDeviceWithThing.Id -> iotwireless.wireless_device_with_thing_id",
          "evidence": "AssociateWirelessDeviceWithThing.Id",
          "entity": "iotwireless.wireless_device_with_thing_id"
        },
        {
          "mapping": "AssociateWirelessGatewayWithCertificate.Id -> iotwireless.iot_certificate_id_id",
          "evidence": "AssociateWirelessGatewayWithCertificate.Id",
          "entity": "iotwireless.iot_certificate_id_id"
        },
        {
          "mapping": "AssociateWirelessGatewayWithThing.Id -> iotwireless.wireless_gateway_with_thing_id",
          "evidence": "AssociateWirelessGatewayWithThing.Id",
          "entity": "iotwireless.wireless_gateway_with_thing_id"
        },
        {
          "mapping": "CancelMulticastGroupSession.Id -> iotwireless.multicast_group_session_id",
          "evidence": "CancelMulticastGroupSession.Id",
          "entity": "iotwireless.multicast_group_session_id"
        },
        {
          "mapping": "CreateFuotaTask.Id -> iotwireless.fuota_task_id",
          "evidence": "CreateFuotaTask.Id",
          "entity": "iotwireless.fuota_task_id"
        },
        {
          "mapping": "CreateMulticastGroup.Id -> iotwireless.multicast_group_id",
          "evidence": "CreateMulticastGroup.Id",
          "entity": "iotwireless.multicast_group_id"
        },
        {
          "mapping": "CreateWirelessDevice.Id -> iotwireless.wireless_device_id",
          "evidence": "CreateWirelessDevice.Id",
          "entity": "iotwireless.wireless_device_id"
        }
      ],
      "status": [
        {
          "mapping": "GetMetricConfiguration.SummaryMetric.Status -> iotwireless.summary_metric_status",
          "evidence": "GetMetricConfiguration.SummaryMetric.Status",
          "entity": "iotwireless.summary_metric_status"
        },
        {
          "mapping": "ListWirelessDeviceImportTasks.WirelessDeviceImportTaskList[].Status -> iotwireless.wireless_device_import_task_status",
          "evidence": "ListWirelessDeviceImportTasks.WirelessDeviceImportTaskList[].Status",
          "entity": "iotwireless.wireless_device_import_task_status"
        },
        {
          "mapping": "CreateWirelessGatewayTask.Status -> iotwireless.wireless_gateway_task_status",
          "evidence": "CreateWirelessGatewayTask.Status",
          "entity": "iotwireless.wireless_gateway_task_status"
        },
        {
          "mapping": "GetFuotaTask.Status -> iotwireless.fuota_task_status",
          "evidence": "GetFuotaTask.Status",
          "entity": "iotwireless.fuota_task_status"
        },
        {
          "mapping": "GetMulticastGroup.Status -> iotwireless.multicast_group_status",
          "evidence": "GetMulticastGroup.Status",
          "entity": "iotwireless.multicast_group_status"
        },
        {
          "mapping": "GetWirelessDeviceImportTask.Status -> iotwireless.wireless_device_import_task_status",
          "evidence": "GetWirelessDeviceImportTask.Status",
          "entity": "iotwireless.wireless_device_import_task_status"
        },
        {
          "mapping": "GetWirelessGatewayTask.Status -> iotwireless.wireless_gateway_task_status",
          "evidence": "GetWirelessGatewayTask.Status",
          "entity": "iotwireless.wireless_gateway_task_status"
        }
      ],
      "name": [
        {
          "mapping": "ListDestinations.DestinationList[].Name -> iotwireless.destination_name",
          "evidence": "ListDestinations.DestinationList[].Name",
          "entity": "iotwireless.destination_name"
        },
        {
          "mapping": "ListDeviceProfiles.DeviceProfileList[].Name -> iotwireless.device_profile_name",
          "evidence": "ListDeviceProfiles.DeviceProfileList[].Name",
          "entity": "iotwireless.device_profile_name"
        },
        {
          "mapping": "ListFuotaTasks.FuotaTaskList[].Name -> iotwireless.fuota_task_name",
          "evidence": "ListFuotaTasks.FuotaTaskList[].Name",
          "entity": "iotwireless.fuota_task_name"
        },
        {
          "mapping": "ListMulticastGroups.MulticastGroupList[].Name -> iotwireless.multicast_group_name",
          "evidence": "ListMulticastGroups.MulticastGroupList[].Name",
          "entity": "iotwireless.multicast_group_name"
        },
        {
          "mapping": "ListNetworkAnalyzerConfigurations.NetworkAnalyzerConfigurationList[].Name -> iotwireless.configuration_name",
          "evidence": "ListNetworkAnalyzerConfigurations.NetworkAnalyzerConfigurationList[].Name",
          "entity": "iotwireless.configuration_name"
        },
        {
          "mapping": "ListServiceProfiles.ServiceProfileList[].Name -> iotwireless.service_profile_name",
          "evidence": "ListServiceProfiles.ServiceProfileList[].Name",
          "entity": "iotwireless.service_profile_name"
        },
        {
          "mapping": "ListWirelessDevices.WirelessDeviceList[].Name -> iotwireless.wireless_device_name",
          "evidence": "ListWirelessDevices.WirelessDeviceList[].Name",
          "entity": "iotwireless.wireless_device_name"
        },
        {
          "mapping": "ListWirelessGateways.WirelessGatewayList[].Name -> iotwireless.wireless_gateway_name",
          "evidence": "ListWirelessGateways.WirelessGatewayList[].Name",
          "entity": "iotwireless.wireless_gateway_name"
        },
        {
          "mapping": "CreateDestination.Name -> iotwireless.destination_name",
          "evidence": "CreateDestination.Name",
          "entity": "iotwireless.destination_name"
        },
        {
          "mapping": "CreateDestination.Name -> iotwireless.destination_name",
          "evidence": "CreateDestination.Name",
          "entity": "iotwireless.destination_name"
        },
        {
          "mapping": "CreateNetworkAnalyzerConfiguration.Name -> iotwireless.configuration_name",
          "evidence": "CreateNetworkAnalyzerConfiguration.Name",
          "entity": "iotwireless.configuration_name"
        },
        {
          "mapping": "CreateNetworkAnalyzerConfiguration.Name -> iotwireless.configuration_name",
          "evidence": "CreateNetworkAnalyzerConfiguration.Name",
          "entity": "iotwireless.configuration_name"
        },
        {
          "mapping": "DeleteDestination.Name -> iotwireless.destination_name",
          "evidence": "DeleteDestination.Name",
          "entity": "iotwireless.destination_name"
        },
        {
          "mapping": "GetDestination.Name -> iotwireless.destination_name",
          "evidence": "GetDestination.Name",
          "entity": "iotwireless.destination_name"
        },
        {
          "mapping": "GetDestination.Name -> iotwireless.destination_name",
          "evidence": "GetDestination.Name",
          "entity": "iotwireless.destination_name"
        },
        {
          "mapping": "GetDeviceProfile.Name -> iotwireless.device_profile_name",
          "evidence": "GetDeviceProfile.Name",
          "entity": "iotwireless.device_profile_name"
        },
        {
          "mapping": "GetFuotaTask.Name -> iotwireless.fuota_task_name",
          "evidence": "GetFuotaTask.Name",
          "entity": "iotwireless.fuota_task_name"
        },
        {
          "mapping": "GetMulticastGroup.Name -> iotwireless.multicast_group_name",
          "evidence": "GetMulticastGroup.Name",
          "entity": "iotwireless.multicast_group_name"
        },
        {
          "mapping": "GetNetworkAnalyzerConfiguration.Name -> iotwireless.configuration_name",
          "evidence": "GetNetworkAnalyzerConfiguration.Name",
          "entity": "iotwireless.configuration_name"
        },
        {
          "mapping": "GetServiceProfile.Name -> iotwireless.service_profile_name",
          "evidence": "GetServiceProfile.Name",
          "entity": "iotwireless.service_profile_name"
        }
      ]
    },
    "unresolved_consumes": [],
    "suspicious_paths": []
  },
  "alias_candidates_not_applied": [
    {
      "alias_entity": "iotwireless.wireless_gateway_task_definition_id_id",
      "canonical_entity": "iotwireless.wireless_gateway_task_definition_id",
      "confidence": "MEDIUM",
      "reason": "Both entities share param names and have similar base",
      "evidence": {
        "shared_params": [
          "Id"
        ],
        "normalized_match": false,
        "alias_usage": {
          "consumes": 1,
          "produces": 0
        },
        "canonical_usage": {
          "consumes": 1,
          "produces": 3
        }
      }
    },
    {
      "alias_entity": "iotwireless.wireless_gateway_task_definition_id_id",
      "canonical_entity": "iotwireless.wireless_gateway_id_id",
      "confidence": "MEDIUM",
      "reason": "Both entities share param names and have similar base",
      "evidence": {
        "shared_params": [
          "Id"
        ],
        "normalized_match": false,
        "alias_usage": {
          "consumes": 1,
          "produces": 0
        },
        "canonical_usage": {
          "consumes": 1,
          "produces": 0
        }
      }
    },
    {
      "alias_entity": "iotwireless.wireless_gateway_from_certificate_id",
      "canonical_entity": "iotwireless.wireless_gateway_id_id",
      "confidence": "MEDIUM",
      "reason": "Both entities share param names and have similar base",
      "evidence": {
        "shared_params": [
          "Id"
        ],
        "normalized_match": false,
        "alias_usage": {
          "consumes": 1,
          "produces": 0
        },
        "canonical_usage": {
          "consumes": 1,
          "produces": 0
        }
      }
    },
    {
      "alias_entity": "iotwireless.downlink_queue_messages_list_id",
      "canonical_entity": "iotwireless.message_id_id",
      "confidence": "MEDIUM",
      "reason": "Both entities share param names and have similar base",
      "evidence": {
        "shared_params": [
          "Id"
        ],
        "normalized_match": false,
        "alias_usage": {
          "consumes": 1,
          "produces": 0
        },
        "canonical_usage": {
          "consumes": 2,
          "produces": 0
        }
      }
    },
    {
      "alias_entity": "iotwireless.wireless_gateway_task_definition_id",
      "canonical_entity": "iotwireless.wireless_gateway_id_id",
      "confidence": "MEDIUM",
      "reason": "Both entities share param names and have similar base",
      "evidence": {
        "shared_params": [
          "Id"
        ],
        "normalized_match": false,
        "alias_usage": {
          "consumes": 1,
          "produces": 3
        },
        "canonical_usage": {
          "consumes": 1,
          "produces": 0
        }
      }
    },
    {
      "alias_entity": "iotwireless.wireless_gateway_with_thing_id",
      "canonical_entity": "iotwireless.wireless_gateway_id_id",
      "confidence": "MEDIUM",
      "reason": "Both entities share param names and have similar base",
      "evidence": {
        "shared_params": [
          "Id"
        ],
        "normalized_match": false,
        "alias_usage": {
          "consumes": 1,
          "produces": 0
        },
        "canonical_usage": {
          "consumes": 1,
          "produces": 0
        }
      }
    },
    {
      "alias_entity": "iotwireless.wireless_gateway_task_definition_id",
      "canonical_entity": "iotwireless.wireless_gateway_task_id",
      "confidence": "MEDIUM",
      "reason": "Both entities share param names and have similar base",
      "evidence": {
        "shared_params": [
          "Id"
        ],
        "normalized_match": false,
        "alias_usage": {
          "consumes": 1,
          "produces": 3
        },
        "canonical_usage": {
          "consumes": 1,
          "produces": 0
        }
      }
    },
    {
      "alias_entity": "iotwireless.wireless_gateway_from_thing_id",
      "canonical_entity": "iotwireless.wireless_gateway_id_id",
      "confidence": "MEDIUM",
      "reason": "Both entities share param names and have similar base",
      "evidence": {
        "shared_params": [
          "Id"
        ],
        "normalized_match": false,
        "alias_usage": {
          "consumes": 1,
          "produces": 0
        },
        "canonical_usage": {
          "consumes": 1,
          "produces": 0
        }
      }
    },
    {
      "alias_entity": "iotwireless.wireless_gateway_task_definition_id",
      "canonical_entity": "iotwireless.wireless_gateway_id",
      "confidence": "MEDIUM",
      "reason": "Both entities share param names and have similar base",
      "evidence": {
        "shared_params": [
          "Id"
        ],
        "normalized_match": false,
        "alias_usage": {
          "consumes": 1,
          "produces": 3
        },
        "canonical_usage": {
          "consumes": 2,
          "produces": 5
        }
      }
    }
  ],
  "suggested_overrides": [
    {
      "operation": "AssociateWirelessGatewayWithCertificate",
      "type": "produces",
      "key": "IotCertificateId",
      "suggested_entity": "iotwireless.iot_certificate_id_id",
      "confidence": "MEDIUM",
      "reason": "Param 'Id' and output field 'IotCertificateId' match but map to different entities. Suggest unifying to consume entity."
    },
    {
      "operation": "AssociateWirelessGatewayWithCertificate",
      "type": "produces",
      "key": "IotCertificateId",
      "suggested_entity": "iotwireless.iotcertificate_id",
      "confidence": "MEDIUM",
      "reason": "Param 'IotCertificateId' and output field 'IotCertificateId' match but map to different entities. Suggest unifying to consume entity."
    },
    {
      "operation": "CreateDestination",
      "type": "produces",
      "key": "Arn",
      "suggested_entity": "iotwireless.role_arn",
      "confidence": "MEDIUM",
      "reason": "Param 'RoleArn' and output field 'Arn' match but map to different entities. Suggest unifying to consume entity."
    },
    {
      "operation": "CreateWirelessGatewayTask",
      "type": "produces",
      "key": "WirelessGatewayTaskDefinitionId",
      "suggested_entity": "iotwireless.wireless_gateway_task_definition_id_id",
      "confidence": "MEDIUM",
      "reason": "Param 'Id' and output field 'WirelessGatewayTaskDefinitionId' match but map to different entities. Suggest unifying to consume entity."
    },
    {
      "operation": "CreateWirelessGatewayTask",
      "type": "produces",
      "key": "WirelessGatewayTaskDefinitionId",
      "suggested_entity": "iotwireless.wirelessgatewaytaskdefinition_id",
      "confidence": "MEDIUM",
      "reason": "Param 'WirelessGatewayTaskDefinitionId' and output field 'WirelessGatewayTaskDefinitionId' match but map to different entities. Suggest unifying to consume entity."
    },
    {
      "operation": "GetDeviceProfile",
      "type": "produces",
      "key": "Id",
      "suggested_entity": "iotwireless.lo_ra_wan_id",
      "confidence": "MEDIUM",
      "reason": "Param 'Id' and output field 'Id' match but map to different entities. Suggest unifying to consume entity."
    },
    {
      "operation": "GetFuotaTask",
      "type": "produces",
      "key": "Id",
      "suggested_entity": "iotwireless.lo_ra_wan_id",
      "confidence": "MEDIUM",
      "reason": "Param 'Id' and output field 'Id' match but map to different entities. Suggest unifying to consume entity."
    },
    {
      "operation": "GetMulticastGroup",
      "type": "produces",
      "key": "Id",
      "suggested_entity": "iotwireless.lo_ra_wan_id",
      "confidence": "MEDIUM",
      "reason": "Param 'Id' and output field 'Id' match but map to different entities. Suggest unifying to consume entity."
    },
    {
      "operation": "GetPartnerAccount",
      "type": "produces",
      "key": "Sidewalk.AmazonId",
      "suggested_entity": "iotwireless.partneraccount_id",
      "confidence": "MEDIUM",
      "reason": "Param 'PartnerAccountId' and output field 'AmazonId' match but map to different entities. Suggest unifying to consume entity."
    },
    {
      "operation": "GetServiceProfile",
      "type": "produces",
      "key": "Id",
      "suggested_entity": "iotwireless.lo_ra_wan_id",
      "confidence": "MEDIUM",
      "reason": "Param 'Id' and output field 'Id' match but map to different entities. Suggest unifying to consume entity."
    },
    {
      "operation": "GetWirelessDeviceImportTask",
      "type": "produces",
      "key": "Id",
      "suggested_entity": "iotwireless.sidewalk_id",
      "confidence": "MEDIUM",
      "reason": "Param 'Id' and output field 'Id' match but map to different entities. Suggest unifying to consume entity."
    },
    {
      "operation": "GetWirelessDeviceStatistics",
      "type": "produces",
      "key": "WirelessDeviceId",
      "suggested_entity": "iotwireless.wirelessdevice_id",
      "confidence": "MEDIUM",
      "reason": "Param 'WirelessDeviceId' and output field 'WirelessDeviceId' match but map to different entities. Suggest unifying to consume entity."
    },
    {
      "operation": "GetWirelessGatewayCertificate",
      "type": "produces",
      "key": "IotCertificateId",
      "suggested_entity": "iotwireless.iot_certificate_id_id",
      "confidence": "MEDIUM",
      "reason": "Param 'Id' and output field 'IotCertificateId' match but map to different entities. Suggest unifying to consume entity."
    },
    {
      "operation": "GetWirelessGatewayCertificate",
      "type": "produces",
      "key": "LoRaWANNetworkServerCertificateId",
      "suggested_entity": "iotwireless.iot_certificate_id_id",
      "confidence": "MEDIUM",
      "reason": "Param 'Id' and output field 'LoRaWANNetworkServerCertificateId' match but map to different entities. Suggest unifying to consume entity."
    },
    {
      "operation": "GetWirelessGatewayStatistics",
      "type": "produces",
      "key": "WirelessGatewayId",
      "suggested_entity": "iotwireless.wirelessgateway_id",
      "confidence": "MEDIUM",
      "reason": "Param 'WirelessGatewayId' and output field 'WirelessGatewayId' match but map to different entities. Suggest unifying to consume entity."
    },
    {
      "operation": "GetWirelessGatewayTask",
      "type": "produces",
      "key": "WirelessGatewayId",
      "suggested_entity": "iotwireless.wireless_gateway_id_id",
      "confidence": "MEDIUM",
      "reason": "Param 'Id' and output field 'WirelessGatewayId' match but map to different entities. Suggest unifying to consume entity."
    },
    {
      "operation": "GetWirelessGatewayTask",
      "type": "produces",
      "key": "WirelessGatewayTaskDefinitionId",
      "suggested_entity": "iotwireless.wireless_gateway_id_id",
      "confidence": "MEDIUM",
      "reason": "Param 'Id' and output field 'WirelessGatewayTaskDefinitionId' match but map to different entities. Suggest unifying to consume entity."
    },
    {
      "operation": "ListMulticastGroupsByFuotaTask",
      "type": "produces",
      "key": "MulticastGroupList[].Id",
      "suggested_entity": "iotwireless.multicast_group_list_id",
      "confidence": "MEDIUM",
      "reason": "Param 'Id' and output field 'Id' match but map to different entities. Suggest unifying to consume entity."
    },
    {
      "operation": "ListQueuedMessages",
      "type": "produces",
      "key": "DownlinkQueueMessagesList[].MessageId",
      "suggested_entity": "iotwireless.downlink_queue_messages_list_id",
      "confidence": "MEDIUM",
      "reason": "Param 'Id' and output field 'MessageId' match but map to different entities. Suggest unifying to consume entity."
    },
    {
      "operation": "SendDataToMulticastGroup",
      "type": "produces",
      "key": "MessageId",
      "suggested_entity": "iotwireless.message_id_id",
      "confidence": "MEDIUM",
      "reason": "Param 'Id' and output field 'MessageId' match but map to different entities. Suggest unifying to consume entity."
    }
  ],
  "unresolved_items": [
    {
      "mapping": "CreateDeviceProfile.Arn -> iotwireless.device_profile_arn",
      "evidence": "CreateDeviceProfile.Arn",
      "entity": "iotwireless.device_profile_arn"
    },
    {
      "mapping": "CreateServiceProfile.Arn -> iotwireless.service_profile_arn",
      "evidence": "CreateServiceProfile.Arn",
      "entity": "iotwireless.service_profile_arn"
    },
    {
      "mapping": "ListDestinations.DestinationList[].Arn -> iotwireless.destination_arn",
      "evidence": "ListDestinations.DestinationList[].Arn",
      "entity": "iotwireless.destination_arn"
    },
    {
      "mapping": "ListDeviceProfiles.DeviceProfileList[].Arn -> iotwireless.device_profile_arn",
      "evidence": "ListDeviceProfiles.DeviceProfileList[].Arn",
      "entity": "iotwireless.device_profile_arn"
    },
    {
      "mapping": "ListFuotaTasks.FuotaTaskList[].Arn -> iotwireless.fuota_task_arn",
      "evidence": "ListFuotaTasks.FuotaTaskList[].Arn",
      "entity": "iotwireless.fuota_task_arn"
    },
    {
      "mapping": "ListMulticastGroups.MulticastGroupList[].Arn -> iotwireless.multicast_group_arn",
      "evidence": "ListMulticastGroups.MulticastGroupList[].Arn",
      "entity": "iotwireless.multicast_group_arn"
    },
    {
      "mapping": "ListNetworkAnalyzerConfigurations.NetworkAnalyzerConfigurationList[].Arn -> iotwireless.network_analyzer_configuration_arn",
      "evidence": "ListNetworkAnalyzerConfigurations.NetworkAnalyzerConfigurationList[].Arn",
      "entity": "iotwireless.network_analyzer_configuration_arn"
    },
    {
      "mapping": "ListPartnerAccounts.Sidewalk[].Arn -> iotwireless.sidewalk_arn",
      "evidence": "ListPartnerAccounts.Sidewalk[].Arn",
      "entity": "iotwireless.sidewalk_arn"
    },
    {
      "mapping": "ListServiceProfiles.ServiceProfileList[].Arn -> iotwireless.service_profile_arn",
      "evidence": "ListServiceProfiles.ServiceProfileList[].Arn",
      "entity": "iotwireless.service_profile_arn"
    },
    {
      "mapping": "ListWirelessDeviceImportTasks.WirelessDeviceImportTaskList[].Arn -> iotwireless.wireless_device_import_task_arn",
      "evidence": "ListWirelessDeviceImportTasks.WirelessDeviceImportTaskList[].Arn",
      "entity": "iotwireless.wireless_device_import_task_arn"
    },
    {
      "mapping": "ListWirelessDevices.WirelessDeviceList[].Arn -> iotwireless.wireless_device_arn",
      "evidence": "ListWirelessDevices.WirelessDeviceList[].Arn",
      "entity": "iotwireless.wireless_device_arn"
    },
    {
      "mapping": "ListWirelessGatewayTaskDefinitions.TaskDefinitions[].Arn -> iotwireless.task_definition_arn",
      "evidence": "ListWirelessGatewayTaskDefinitions.TaskDefinitions[].Arn",
      "entity": "iotwireless.task_definition_arn"
    },
    {
      "mapping": "ListWirelessGateways.WirelessGatewayList[].Arn -> iotwireless.wireless_gateway_arn",
      "evidence": "ListWirelessGateways.WirelessGatewayList[].Arn",
      "entity": "iotwireless.wireless_gateway_arn"
    },
    {
      "mapping": "AssociateAwsAccountWithPartnerAccount.Arn -> iotwireless.aws_account_with_partner_account_arn",
      "evidence": "AssociateAwsAccountWithPartnerAccount.Arn",
      "entity": "iotwireless.aws_account_with_partner_account_arn"
    },
    {
      "mapping": "CreateDestination.Arn -> iotwireless.destination_arn",
      "evidence": "CreateDestination.Arn",
      "entity": "iotwireless.destination_arn"
    },
    {
      "mapping": "CreateFuotaTask.Arn -> iotwireless.fuota_task_arn",
      "evidence": "CreateFuotaTask.Arn",
      "entity": "iotwireless.fuota_task_arn"
    },
    {
      "mapping": "CreateMulticastGroup.Arn -> iotwireless.multicast_group_arn",
      "evidence": "CreateMulticastGroup.Arn",
      "entity": "iotwireless.multicast_group_arn"
    },
    {
      "mapping": "CreateNetworkAnalyzerConfiguration.Arn -> iotwireless.network_analyzer_configuration_arn",
      "evidence": "CreateNetworkAnalyzerConfiguration.Arn",
      "entity": "iotwireless.network_analyzer_configuration_arn"
    },
    {
      "mapping": "CreateWirelessDevice.Arn -> iotwireless.wireless_device_arn",
      "evidence": "CreateWirelessDevice.Arn",
      "entity": "iotwireless.wireless_device_arn"
    },
    {
      "mapping": "CreateWirelessGateway.Arn -> iotwireless.wireless_gateway_arn",
      "evidence": "CreateWirelessGateway.Arn",
      "entity": "iotwireless.wireless_gateway_arn"
    },
    {
      "mapping": "CreateDeviceProfile.Id -> iotwireless.device_profile_id",
      "evidence": "CreateDeviceProfile.Id",
      "entity": "iotwireless.device_profile_id"
    },
    {
      "mapping": "CreateServiceProfile.Id -> iotwireless.service_profile_id",
      "evidence": "CreateServiceProfile.Id",
      "entity": "iotwireless.service_profile_id"
    },
    {
      "mapping": "ListDeviceProfiles.DeviceProfileList[].Id -> iotwireless.device_profile_id",
      "evidence": "ListDeviceProfiles.DeviceProfileList[].Id",
      "entity": "iotwireless.device_profile_id"
    },
    {
      "mapping": "ListFuotaTasks.FuotaTaskList[].Id -> iotwireless.fuota_task_id",
      "evidence": "ListFuotaTasks.FuotaTaskList[].Id",
      "entity": "iotwireless.fuota_task_id"
    },
    {
      "mapping": "ListMulticastGroups.MulticastGroupList[].Id -> iotwireless.multicast_group_id",
      "evidence": "ListMulticastGroups.MulticastGroupList[].Id",
      "entity": "iotwireless.multicast_group_id"
    },
    {
      "mapping": "ListServiceProfiles.ServiceProfileList[].Id -> iotwireless.service_profile_id",
      "evidence": "ListServiceProfiles.ServiceProfileList[].Id",
      "entity": "iotwireless.service_profile_id"
    },
    {
      "mapping": "ListWirelessDeviceImportTasks.WirelessDeviceImportTaskList[].Id -> iotwireless.wireless_device_import_task_id",
      "evidence": "ListWirelessDeviceImportTasks.WirelessDeviceImportTaskList[].Id",
      "entity": "iotwireless.wireless_device_import_task_id"
    },
    {
      "mapping": "ListWirelessDevices.WirelessDeviceList[].Id -> iotwireless.wireless_device_id",
      "evidence": "ListWirelessDevices.WirelessDeviceList[].Id",
      "entity": "iotwireless.wireless_device_id"
    },
    {
      "mapping": "ListWirelessGatewayTaskDefinitions.TaskDefinitions[].Id -> iotwireless.task_definition_id",
      "evidence": "ListWirelessGatewayTaskDefinitions.TaskDefinitions[].Id",
      "entity": "iotwireless.task_definition_id"
    },
    {
      "mapping": "ListWirelessGateways.WirelessGatewayList[].Id -> iotwireless.wireless_gateway_id",
      "evidence": "ListWirelessGateways.WirelessGatewayList[].Id",
      "entity": "iotwireless.wireless_gateway_id"
    },
    {
      "mapping": "AssociateMulticastGroupWithFuotaTask.Id -> iotwireless.fuota_task_id",
      "evidence": "AssociateMulticastGroupWithFuotaTask.Id",
      "entity": "iotwireless.fuota_task_id"
    },
    {
      "mapping": "AssociateWirelessDeviceWithFuotaTask.Id -> iotwireless.fuota_task_id",
      "evidence": "AssociateWirelessDeviceWithFuotaTask.Id",
      "entity": "iotwireless.fuota_task_id"
    },
    {
      "mapping": "AssociateWirelessDeviceWithMulticastGroup.Id -> iotwireless.multicast_group_id",
      "evidence": "AssociateWirelessDeviceWithMulticastGroup.Id",
      "entity": "iotwireless.multicast_group_id"
    },
    {
      "mapping": "AssociateWirelessDeviceWithThing.Id -> iotwireless.wireless_device_with_thing_id",
      "evidence": "AssociateWirelessDeviceWithThing.Id",
      "entity": "iotwireless.wireless_device_with_thing_id"
    },
    {
      "mapping": "AssociateWirelessGatewayWithCertificate.Id -> iotwireless.iot_certificate_id_id",
      "evidence": "AssociateWirelessGatewayWithCertificate.Id",
      "entity": "iotwireless.iot_certificate_id_id"
    },
    {
      "mapping": "AssociateWirelessGatewayWithThing.Id -> iotwireless.wireless_gateway_with_thing_id",
      "evidence": "AssociateWirelessGatewayWithThing.Id",
      "entity": "iotwireless.wireless_gateway_with_thing_id"
    },
    {
      "mapping": "CancelMulticastGroupSession.Id -> iotwireless.multicast_group_session_id",
      "evidence": "CancelMulticastGroupSession.Id",
      "entity": "iotwireless.multicast_group_session_id"
    },
    {
      "mapping": "CreateFuotaTask.Id -> iotwireless.fuota_task_id",
      "evidence": "CreateFuotaTask.Id",
      "entity": "iotwireless.fuota_task_id"
    },
    {
      "mapping": "CreateMulticastGroup.Id -> iotwireless.multicast_group_id",
      "evidence": "CreateMulticastGroup.Id",
      "entity": "iotwireless.multicast_group_id"
    },
    {
      "mapping": "CreateWirelessDevice.Id -> iotwireless.wireless_device_id",
      "evidence": "CreateWirelessDevice.Id",
      "entity": "iotwireless.wireless_device_id"
    },
    {
      "mapping": "GetMetricConfiguration.SummaryMetric.Status -> iotwireless.summary_metric_status",
      "evidence": "GetMetricConfiguration.SummaryMetric.Status",
      "entity": "iotwireless.summary_metric_status"
    },
    {
      "mapping": "ListWirelessDeviceImportTasks.WirelessDeviceImportTaskList[].Status -> iotwireless.wireless_device_import_task_status",
      "evidence": "ListWirelessDeviceImportTasks.WirelessDeviceImportTaskList[].Status",
      "entity": "iotwireless.wireless_device_import_task_status"
    },
    {
      "mapping": "CreateWirelessGatewayTask.Status -> iotwireless.wireless_gateway_task_status",
      "evidence": "CreateWirelessGatewayTask.Status",
      "entity": "iotwireless.wireless_gateway_task_status"
    },
    {
      "mapping": "GetFuotaTask.Status -> iotwireless.fuota_task_status",
      "evidence": "GetFuotaTask.Status",
      "entity": "iotwireless.fuota_task_status"
    },
    {
      "mapping": "GetMulticastGroup.Status -> iotwireless.multicast_group_status",
      "evidence": "GetMulticastGroup.Status",
      "entity": "iotwireless.multicast_group_status"
    },
    {
      "mapping": "GetWirelessDeviceImportTask.Status -> iotwireless.wireless_device_import_task_status",
      "evidence": "GetWirelessDeviceImportTask.Status",
      "entity": "iotwireless.wireless_device_import_task_status"
    },
    {
      "mapping": "GetWirelessGatewayTask.Status -> iotwireless.wireless_gateway_task_status",
      "evidence": "GetWirelessGatewayTask.Status",
      "entity": "iotwireless.wireless_gateway_task_status"
    },
    {
      "mapping": "ListDestinations.DestinationList[].Name -> iotwireless.destination_name",
      "evidence": "ListDestinations.DestinationList[].Name",
      "entity": "iotwireless.destination_name"
    },
    {
      "mapping": "ListDeviceProfiles.DeviceProfileList[].Name -> iotwireless.device_profile_name",
      "evidence": "ListDeviceProfiles.DeviceProfileList[].Name",
      "entity": "iotwireless.device_profile_name"
    },
    {
      "mapping": "ListFuotaTasks.FuotaTaskList[].Name -> iotwireless.fuota_task_name",
      "evidence": "ListFuotaTasks.FuotaTaskList[].Name",
      "entity": "iotwireless.fuota_task_name"
    },
    {
      "mapping": "ListMulticastGroups.MulticastGroupList[].Name -> iotwireless.multicast_group_name",
      "evidence": "ListMulticastGroups.MulticastGroupList[].Name",
      "entity": "iotwireless.multicast_group_name"
    },
    {
      "mapping": "ListNetworkAnalyzerConfigurations.NetworkAnalyzerConfigurationList[].Name -> iotwireless.configuration_name",
      "evidence": "ListNetworkAnalyzerConfigurations.NetworkAnalyzerConfigurationList[].Name",
      "entity": "iotwireless.configuration_name"
    },
    {
      "mapping": "ListServiceProfiles.ServiceProfileList[].Name -> iotwireless.service_profile_name",
      "evidence": "ListServiceProfiles.ServiceProfileList[].Name",
      "entity": "iotwireless.service_profile_name"
    },
    {
      "mapping": "ListWirelessDevices.WirelessDeviceList[].Name -> iotwireless.wireless_device_name",
      "evidence": "ListWirelessDevices.WirelessDeviceList[].Name",
      "entity": "iotwireless.wireless_device_name"
    },
    {
      "mapping": "ListWirelessGateways.WirelessGatewayList[].Name -> iotwireless.wireless_gateway_name",
      "evidence": "ListWirelessGateways.WirelessGatewayList[].Name",
      "entity": "iotwireless.wireless_gateway_name"
    },
    {
      "mapping": "CreateDestination.Name -> iotwireless.destination_name",
      "evidence": "CreateDestination.Name",
      "entity": "iotwireless.destination_name"
    },
    {
      "mapping": "CreateDestination.Name -> iotwireless.destination_name",
      "evidence": "CreateDestination.Name",
      "entity": "iotwireless.destination_name"
    },
    {
      "mapping": "CreateNetworkAnalyzerConfiguration.Name -> iotwireless.configuration_name",
      "evidence": "CreateNetworkAnalyzerConfiguration.Name",
      "entity": "iotwireless.configuration_name"
    },
    {
      "mapping": "CreateNetworkAnalyzerConfiguration.Name -> iotwireless.configuration_name",
      "evidence": "CreateNetworkAnalyzerConfiguration.Name",
      "entity": "iotwireless.configuration_name"
    },
    {
      "mapping": "DeleteDestination.Name -> iotwireless.destination_name",
      "evidence": "DeleteDestination.Name",
      "entity": "iotwireless.destination_name"
    },
    {
      "mapping": "GetDestination.Name -> iotwireless.destination_name",
      "evidence": "GetDestination.Name",
      "entity": "iotwireless.destination_name"
    },
    {
      "mapping": "GetDestination.Name -> iotwireless.destination_name",
      "evidence": "GetDestination.Name",
      "entity": "iotwireless.destination_name"
    },
    {
      "mapping": "GetDeviceProfile.Name -> iotwireless.device_profile_name",
      "evidence": "GetDeviceProfile.Name",
      "entity": "iotwireless.device_profile_name"
    },
    {
      "mapping": "GetFuotaTask.Name -> iotwireless.fuota_task_name",
      "evidence": "GetFuotaTask.Name",
      "entity": "iotwireless.fuota_task_name"
    },
    {
      "mapping": "GetMulticastGroup.Name -> iotwireless.multicast_group_name",
      "evidence": "GetMulticastGroup.Name",
      "entity": "iotwireless.multicast_group_name"
    },
    {
      "mapping": "GetNetworkAnalyzerConfiguration.Name -> iotwireless.configuration_name",
      "evidence": "GetNetworkAnalyzerConfiguration.Name",
      "entity": "iotwireless.configuration_name"
    },
    {
      "mapping": "GetServiceProfile.Name -> iotwireless.service_profile_name",
      "evidence": "GetServiceProfile.Name",
      "entity": "iotwireless.service_profile_name"
    }
  ]
}