{
  "sagemaker-featurestore-runtime": {
    "service": "sagemaker-featurestore-runtime",
    "total_operations": 4,
    "independent": [],
    "dependent": [
      {
        "operation": "BatchGetRecord",
        "python_method": "batch_get_record",
        "yaml_action": "batch_get_record",
        "required_params": [
          "Identifiers"
        ],
        "optional_params": [
          "ExpirationTimeResponse"
        ],
        "total_optional": 1,
        "output_fields": {
          "Records": {
            "type": "string",
            "description": "Records details",
            "compliance_category": "general",
            "operators": [
              "equals",
              "not_equals",
              "contains"
            ]
          },
          "Errors": {
            "type": "string",
            "description": "Errors details",
            "compliance_category": "general",
            "operators": [
              "equals",
              "not_equals",
              "contains"
            ]
          },
          "UnprocessedIdentifiers": {
            "type": "string",
            "description": "UnprocessedIdentifiers details",
            "compliance_category": "identity",
            "operators": [
              "equals",
              "not_equals",
              "contains",
              "in",
              "exists"
            ]
          }
        },
        "main_output_field": "Records",
        "item_fields": {
          "FeatureGroupName": {
            "type": "string",
            "description": "Feature group name",
            "compliance_category": "general",
            "format": "date-time"
          },
          "RecordIdentifierValueAsString": {
            "type": "string",
            "description": "Record identifier value as string",
            "compliance_category": "identity",
            "operators": [
              "equals",
              "not_equals",
              "in",
              "exists"
            ]
          },
          "Record": {
            "type": "string",
            "description": "Record",
            "compliance_category": "general"
          },
          "ExpiresAt": {
            "type": "string",
            "description": "Expires at",
            "compliance_category": "general",
            "format": "date-time"
          }
        }
      },
      {
        "operation": "DeleteRecord",
        "python_method": "delete_record",
        "yaml_action": "delete_record",
        "required_params": [
          "FeatureGroupName",
          "RecordIdentifierValueAsString",
          "EventTime"
        ],
        "optional_params": [
          "TargetStores",
          "DeletionMode"
        ],
        "total_optional": 2,
        "output_fields": {},
        "main_output_field": null,
        "item_fields": []
      },
      {
        "operation": "GetRecord",
        "python_method": "get_record",
        "yaml_action": "get_record",
        "required_params": [
          "FeatureGroupName",
          "RecordIdentifierValueAsString"
        ],
        "optional_params": [
          "FeatureNames",
          "ExpirationTimeResponse"
        ],
        "total_optional": 2,
        "output_fields": {
          "Record": {
            "type": "string",
            "description": "Record details",
            "compliance_category": "general",
            "operators": [
              "equals",
              "not_equals",
              "contains"
            ]
          },
          "ExpiresAt": {
            "type": "string",
            "description": "ExpiresAt details",
            "compliance_category": "general",
            "format": "date-time",
            "operators": [
              "equals",
              "not_equals",
              "contains"
            ]
          }
        },
        "main_output_field": "Record",
        "item_fields": {
          "FeatureName": {
            "type": "string",
            "description": "Feature name",
            "compliance_category": "general",
            "format": "date-time"
          },
          "ValueAsString": {
            "type": "string",
            "description": "Value as string",
            "compliance_category": "general"
          },
          "ValueAsStringList": {
            "type": "boolean",
            "description": "Value as string list",
            "compliance_category": "general"
          }
        }
      },
      {
        "operation": "PutRecord",
        "python_method": "put_record",
        "yaml_action": "put_record",
        "required_params": [
          "FeatureGroupName",
          "Record"
        ],
        "optional_params": [
          "TargetStores",
          "TtlDuration"
        ],
        "total_optional": 2,
        "output_fields": {},
        "main_output_field": null,
        "item_fields": []
      }
    ],
    "independent_count": 0,
    "dependent_count": 4
  }
}