{
  "service": "glue",
  "issues": {
    "generic_entities": {},
    "ambiguous_tokens": {
      "status": [
        {
          "mapping": "DescribeInboundIntegrations.InboundIntegrations.Status -> glue.inbound_integration_status",
          "evidence": "DescribeInboundIntegrations.InboundIntegrations.Status",
          "entity": "glue.inbound_integration_status"
        },
        {
          "mapping": "DescribeIntegrations.Integrations.Status -> glue.integration_status",
          "evidence": "DescribeIntegrations.Integrations.Status",
          "entity": "glue.integration_status"
        },
        {
          "mapping": "GetConnections.ConnectionList.Status -> glue.connection_status",
          "evidence": "GetConnections.ConnectionList.Status",
          "entity": "glue.connection_status"
        },
        {
          "mapping": "GetDevEndpoints.DevEndpoints.Status -> glue.dev_endpoint_status",
          "evidence": "GetDevEndpoints.DevEndpoints.Status",
          "entity": "glue.dev_endpoint_status"
        },
        {
          "mapping": "GetMLTransforms.Transforms.Status -> glue.transform_status",
          "evidence": "GetMLTransforms.Transforms.Status",
          "entity": "glue.transform_status"
        },
        {
          "mapping": "GetSchemaVersion.Status -> glue.schema_version_status",
          "evidence": "GetSchemaVersion.Status",
          "entity": "glue.schema_version_status"
        },
        {
          "mapping": "ListDataQualityRuleRecommendationRuns.Runs[].Status -> glue.run_status",
          "evidence": "ListDataQualityRuleRecommendationRuns.Runs[].Status",
          "entity": "glue.run_status"
        },
        {
          "mapping": "ListDataQualityRulesetEvaluationRuns.Runs[].Status -> glue.run_status",
          "evidence": "ListDataQualityRulesetEvaluationRuns.Runs[].Status",
          "entity": "glue.run_status"
        },
        {
          "mapping": "ListRegistries.Registries[].Status -> glue.registry_status",
          "evidence": "ListRegistries.Registries[].Status",
          "entity": "glue.registry_status"
        },
        {
          "mapping": "SearchTables.TableList.Status -> glue.table_status",
          "evidence": "SearchTables.TableList.Status",
          "entity": "glue.table_status"
        },
        {
          "mapping": "BatchGetBlueprints.Blueprints.Status -> glue.blueprint_status",
          "evidence": "BatchGetBlueprints.Blueprints.Status",
          "entity": "glue.blueprint_status"
        },
        {
          "mapping": "BatchGetDevEndpoints.DevEndpoints.Status -> glue.dev_endpoint_status",
          "evidence": "BatchGetDevEndpoints.DevEndpoints.Status",
          "entity": "glue.dev_endpoint_status"
        },
        {
          "mapping": "CancelMLTaskRun.Status -> glue.ml_task_run_status",
          "evidence": "CancelMLTaskRun.Status",
          "entity": "glue.ml_task_run_status"
        },
        {
          "mapping": "CreateDevEndpoint.Status -> glue.dev_endpoint_status",
          "evidence": "CreateDevEndpoint.Status",
          "entity": "glue.dev_endpoint_status"
        },
        {
          "mapping": "CreateIntegration.Status -> glue.integration_status",
          "evidence": "CreateIntegration.Status",
          "entity": "glue.integration_status"
        },
        {
          "mapping": "CreateSession.Session.Status -> glue.session_status",
          "evidence": "CreateSession.Session.Status",
          "entity": "glue.session_status"
        },
        {
          "mapping": "DeleteIntegration.Status -> glue.integration_status",
          "evidence": "DeleteIntegration.Status",
          "entity": "glue.integration_status"
        },
        {
          "mapping": "DeleteRegistry.Status -> glue.registry_status",
          "evidence": "DeleteRegistry.Status",
          "entity": "glue.registry_status"
        },
        {
          "mapping": "DeleteSchema.Status -> glue.schema_status",
          "evidence": "DeleteSchema.Status",
          "entity": "glue.schema_status"
        },
        {
          "mapping": "GetBlueprint.Blueprint.Status -> glue.blueprint_status",
          "evidence": "GetBlueprint.Blueprint.Status",
          "entity": "glue.blueprint_status"
        }
      ],
      "name": [
        {
          "mapping": "GetCatalogs.CatalogList.Name -> glue.catalog_name",
          "evidence": "GetCatalogs.CatalogList.Name",
          "entity": "glue.catalog_name"
        },
        {
          "mapping": "GetConnections.ConnectionList.Name -> glue.connection_name",
          "evidence": "GetConnections.ConnectionList.Name",
          "entity": "glue.connection_name"
        },
        {
          "mapping": "GetCrawlers.Crawlers.Name -> glue.crawler_name",
          "evidence": "GetCrawlers.Crawlers.Name",
          "entity": "glue.crawler_name"
        },
        {
          "mapping": "GetDatabases.DatabaseList.Name -> glue.database_name",
          "evidence": "GetDatabases.DatabaseList.Name",
          "entity": "glue.database_name"
        },
        {
          "mapping": "GetJobs.Jobs.Name -> glue.job_name",
          "evidence": "GetJobs.Jobs.Name",
          "entity": "glue.job_name"
        },
        {
          "mapping": "GetMLTransforms.Transforms.Name -> glue.transform_name",
          "evidence": "GetMLTransforms.Transforms.Name",
          "entity": "glue.transform_name"
        },
        {
          "mapping": "GetSecurityConfigurations.SecurityConfigurations.Name -> glue.configuration_name",
          "evidence": "GetSecurityConfigurations.SecurityConfigurations.Name",
          "entity": "glue.configuration_name"
        },
        {
          "mapping": "GetTriggers.Triggers.Name -> glue.trigger_name",
          "evidence": "GetTriggers.Triggers.Name",
          "entity": "glue.trigger_name"
        },
        {
          "mapping": "ListCustomEntityTypes.CustomEntityTypes[].Name -> glue.custom_entity_typ_name",
          "evidence": "ListCustomEntityTypes.CustomEntityTypes[].Name",
          "entity": "glue.custom_entity_typ_name"
        },
        {
          "mapping": "ListDataQualityRulesets.Rulesets[].Name -> glue.ruleset_name",
          "evidence": "ListDataQualityRulesets.Rulesets[].Name",
          "entity": "glue.ruleset_name"
        },
        {
          "mapping": "ListUsageProfiles.Profiles[].Name -> glue.profil_name",
          "evidence": "ListUsageProfiles.Profiles[].Name",
          "entity": "glue.profil_name"
        },
        {
          "mapping": "SearchTables.TableList.Name -> glue.table_name",
          "evidence": "SearchTables.TableList.Name",
          "entity": "glue.table_name"
        },
        {
          "mapping": "BatchGetBlueprints.Blueprints.Name -> glue.blueprint_name",
          "evidence": "BatchGetBlueprints.Blueprints.Name",
          "entity": "glue.blueprint_name"
        },
        {
          "mapping": "BatchGetCrawlers.Crawlers.Name -> glue.crawler_name",
          "evidence": "BatchGetCrawlers.Crawlers.Name",
          "entity": "glue.crawler_name"
        },
        {
          "mapping": "BatchGetCustomEntityTypes.CustomEntityTypes.Name -> glue.custom_entity_typ_name",
          "evidence": "BatchGetCustomEntityTypes.CustomEntityTypes.Name",
          "entity": "glue.custom_entity_typ_name"
        },
        {
          "mapping": "BatchGetJobs.Jobs.Name -> glue.job_name",
          "evidence": "BatchGetJobs.Jobs.Name",
          "entity": "glue.job_name"
        },
        {
          "mapping": "BatchGetTriggers.Triggers.Name -> glue.trigger_name",
          "evidence": "BatchGetTriggers.Triggers.Name",
          "entity": "glue.trigger_name"
        },
        {
          "mapping": "BatchGetWorkflows.Workflows.Name -> glue.workflow_name",
          "evidence": "BatchGetWorkflows.Workflows.Name",
          "entity": "glue.workflow_name"
        },
        {
          "mapping": "CreateBlueprint.Name -> glue.blueprint_name",
          "evidence": "CreateBlueprint.Name",
          "entity": "glue.blueprint_name"
        },
        {
          "mapping": "CreateBlueprint.Name -> glue.blueprint_name",
          "evidence": "CreateBlueprint.Name",
          "entity": "glue.blueprint_name"
        }
      ],
      "id": [
        {
          "mapping": "GetDataflowGraph.DagNodes.Id -> glue.dag_nod_id",
          "evidence": "GetDataflowGraph.DagNodes.Id",
          "entity": "glue.dag_nod_id"
        },
        {
          "mapping": "GetTriggers.Triggers.Id -> glue.trigger_id",
          "evidence": "GetTriggers.Triggers.Id",
          "entity": "glue.trigger_id"
        },
        {
          "mapping": "BatchGetTriggers.Triggers.Id -> glue.trigger_id",
          "evidence": "BatchGetTriggers.Triggers.Id",
          "entity": "glue.trigger_id"
        },
        {
          "mapping": "CancelStatement.Id -> glue.statement_id",
          "evidence": "CancelStatement.Id",
          "entity": "glue.statement_id"
        },
        {
          "mapping": "CreateSession.Id -> glue.session_id",
          "evidence": "CreateSession.Id",
          "entity": "glue.session_id"
        },
        {
          "mapping": "CreateSession.Session.Id -> glue.session_id",
          "evidence": "CreateSession.Session.Id",
          "entity": "glue.session_id"
        },
        {
          "mapping": "DeleteSession.Id -> glue.session_id",
          "evidence": "DeleteSession.Id",
          "entity": "glue.session_id"
        },
        {
          "mapping": "DeleteSession.Id -> glue.session_id",
          "evidence": "DeleteSession.Id",
          "entity": "glue.session_id"
        },
        {
          "mapping": "GetJobRun.JobRun.Id -> glue.run_id",
          "evidence": "GetJobRun.JobRun.Id",
          "entity": "glue.run_id"
        },
        {
          "mapping": "GetJobRuns.JobRuns.Id -> glue.run_id",
          "evidence": "GetJobRuns.JobRuns.Id",
          "entity": "glue.run_id"
        },
        {
          "mapping": "GetSession.Id -> glue.session_id",
          "evidence": "GetSession.Id",
          "entity": "glue.session_id"
        },
        {
          "mapping": "GetSession.Session.Id -> glue.session_id",
          "evidence": "GetSession.Session.Id",
          "entity": "glue.session_id"
        },
        {
          "mapping": "GetStatement.Id -> glue.statement_id",
          "evidence": "GetStatement.Id",
          "entity": "glue.statement_id"
        },
        {
          "mapping": "GetStatement.Statement.Id -> glue.statement_id",
          "evidence": "GetStatement.Statement.Id",
          "entity": "glue.statement_id"
        },
        {
          "mapping": "GetTrigger.Trigger.Id -> glue.trigger_id",
          "evidence": "GetTrigger.Trigger.Id",
          "entity": "glue.trigger_id"
        },
        {
          "mapping": "ListStatements.Statements[].Id -> glue.statement_id",
          "evidence": "ListStatements.Statements[].Id",
          "entity": "glue.statement_id"
        },
        {
          "mapping": "RunStatement.Id -> glue.statement_id",
          "evidence": "RunStatement.Id",
          "entity": "glue.statement_id"
        },
        {
          "mapping": "StopSession.Id -> glue.session_id",
          "evidence": "StopSession.Id",
          "entity": "glue.session_id"
        },
        {
          "mapping": "StopSession.Id -> glue.session_id",
          "evidence": "StopSession.Id",
          "entity": "glue.session_id"
        },
        {
          "mapping": "UpdateTrigger.Trigger.Id -> glue.trigger_id",
          "evidence": "UpdateTrigger.Trigger.Id",
          "entity": "glue.trigger_id"
        }
      ]
    },
    "unresolved_consumes": [],
    "suspicious_paths": [
      {
        "operation": "GetWorkflowRun",
        "path": "Run",
        "param": "RunId",
        "consume_entity": "glue.run_id",
        "produce_entity": "glue.run",
        "issue": "Param 'RunId' and output field 'Run' are similar but map to different entities"
      }
    ]
  },
  "alias_candidates_not_applied": [],
  "suggested_overrides": [
    {
      "operation": "CancelMLTaskRun",
      "type": "produces",
      "key": "TaskRunId",
      "suggested_entity": "glue.transform_id",
      "confidence": "MEDIUM",
      "reason": "Param 'TransformId' and output field 'TaskRunId' match but map to different entities. Suggest unifying to consume entity."
    },
    {
      "operation": "CancelMLTaskRun",
      "type": "produces",
      "key": "TransformId",
      "suggested_entity": "glue.taskrun_id",
      "confidence": "MEDIUM",
      "reason": "Param 'TaskRunId' and output field 'TransformId' match but map to different entities. Suggest unifying to consume entity."
    },
    {
      "operation": "CancelMLTaskRun",
      "type": "produces",
      "key": "TaskRunId",
      "suggested_entity": "glue.taskrun_id",
      "confidence": "MEDIUM",
      "reason": "Param 'TaskRunId' and output field 'TaskRunId' match but map to different entities. Suggest unifying to consume entity."
    },
    {
      "operation": "CreateGlueIdentityCenterConfiguration",
      "type": "produces",
      "key": "ApplicationArn",
      "suggested_entity": "glue.instance_arn",
      "confidence": "MEDIUM",
      "reason": "Param 'InstanceArn' and output field 'ApplicationArn' match but map to different entities. Suggest unifying to consume entity."
    },
    {
      "operation": "CreateIntegration",
      "type": "produces",
      "key": "TargetArn",
      "suggested_entity": "glue.source_arn",
      "confidence": "MEDIUM",
      "reason": "Param 'SourceArn' and output field 'TargetArn' match but map to different entities. Suggest unifying to consume entity."
    },
    {
      "operation": "CreateIntegration",
      "type": "produces",
      "key": "IntegrationArn",
      "suggested_entity": "glue.source_arn",
      "confidence": "MEDIUM",
      "reason": "Param 'SourceArn' and output field 'IntegrationArn' match but map to different entities. Suggest unifying to consume entity."
    },
    {
      "operation": "CreateIntegration",
      "type": "produces",
      "key": "SourceArn",
      "suggested_entity": "glue.target_arn",
      "confidence": "MEDIUM",
      "reason": "Param 'TargetArn' and output field 'SourceArn' match but map to different entities. Suggest unifying to consume entity."
    },
    {
      "operation": "CreateIntegration",
      "type": "produces",
      "key": "IntegrationArn",
      "suggested_entity": "glue.target_arn",
      "confidence": "MEDIUM",
      "reason": "Param 'TargetArn' and output field 'IntegrationArn' match but map to different entities. Suggest unifying to consume entity."
    },
    {
      "operation": "CreateIntegrationResourceProperty",
      "type": "produces",
      "key": "ResourcePropertyArn",
      "suggested_entity": "glue.resource_arn",
      "confidence": "MEDIUM",
      "reason": "Param 'ResourceArn' and output field 'ResourcePropertyArn' match but map to different entities. Suggest unifying to consume entity."
    },
    {
      "operation": "CreateIntegrationResourceProperty",
      "type": "produces",
      "key": "SourceProcessingProperties.RoleArn",
      "suggested_entity": "glue.resource_arn",
      "confidence": "MEDIUM",
      "reason": "Param 'ResourceArn' and output field 'RoleArn' match but map to different entities. Suggest unifying to consume entity."
    },
    {
      "operation": "CreateSession",
      "type": "produces",
      "key": "Session.Role",
      "suggested_entity": "glue.role",
      "confidence": "MEDIUM",
      "reason": "Param 'Role' and output field 'Role' match but map to different entities. Suggest unifying to consume entity."
    },
    {
      "operation": "CreateSession",
      "type": "produces",
      "key": "Session.Command",
      "suggested_entity": "glue.command",
      "confidence": "MEDIUM",
      "reason": "Param 'Command' and output field 'Command' match but map to different entities. Suggest unifying to consume entity."
    },
    {
      "operation": "GetColumnStatisticsTaskRun",
      "type": "produces",
      "key": "ColumnStatisticsTaskRun.CustomerId",
      "suggested_entity": "glue.columnstatisticstaskrun_id",
      "confidence": "MEDIUM",
      "reason": "Param 'ColumnStatisticsTaskRunId' and output field 'CustomerId' match but map to different entities. Suggest unifying to consume entity."
    },
    {
      "operation": "GetColumnStatisticsTaskRun",
      "type": "produces",
      "key": "ColumnStatisticsTaskRun.ColumnStatisticsTaskRunId",
      "suggested_entity": "glue.columnstatisticstaskrun_id",
      "confidence": "MEDIUM",
      "reason": "Param 'ColumnStatisticsTaskRunId' and output field 'ColumnStatisticsTaskRunId' match but map to different entities. Suggest unifying to consume entity."
    },
    {
      "operation": "GetColumnStatisticsTaskRun",
      "type": "produces",
      "key": "ColumnStatisticsTaskRun.CatalogID",
      "suggested_entity": "glue.columnstatisticstaskrun_id",
      "confidence": "MEDIUM",
      "reason": "Param 'ColumnStatisticsTaskRunId' and output field 'CatalogID' match but map to different entities. Suggest unifying to consume entity."
    },
    {
      "operation": "GetCustomEntityType",
      "type": "produces",
      "key": "Name",
      "suggested_entity": "glue.context_word_name",
      "confidence": "MEDIUM",
      "reason": "Param 'Name' and output field 'Name' match but map to different entities. Suggest unifying to consume entity."
    },
    {
      "operation": "GetDataQualityResult",
      "type": "produces",
      "key": "ProfileId",
      "suggested_entity": "glue.result_id",
      "confidence": "MEDIUM",
      "reason": "Param 'ResultId' and output field 'ProfileId' match but map to different entities. Suggest unifying to consume entity."
    },
    {
      "operation": "GetDataQualityResult",
      "type": "produces",
      "key": "JobRunId",
      "suggested_entity": "glue.result_id",
      "confidence": "MEDIUM",
      "reason": "Param 'ResultId' and output field 'JobRunId' match but map to different entities. Suggest unifying to consume entity."
    },
    {
      "operation": "GetDataQualityResult",
      "type": "produces",
      "key": "RulesetEvaluationRunId",
      "suggested_entity": "glue.result_id",
      "confidence": "MEDIUM",
      "reason": "Param 'ResultId' and output field 'RulesetEvaluationRunId' match but map to different entities. Suggest unifying to consume entity."
    },
    {
      "operation": "GetDataQualityRuleset",
      "type": "produces",
      "key": "Name",
      "suggested_entity": "glue.table_name",
      "confidence": "MEDIUM",
      "reason": "Param 'Name' and output field 'Name' match but map to different entities. Suggest unifying to consume entity."
    }
  ],
  "unresolved_items": [
    {
      "mapping": "DescribeInboundIntegrations.InboundIntegrations.Status -> glue.inbound_integration_status",
      "evidence": "DescribeInboundIntegrations.InboundIntegrations.Status",
      "entity": "glue.inbound_integration_status"
    },
    {
      "mapping": "DescribeIntegrations.Integrations.Status -> glue.integration_status",
      "evidence": "DescribeIntegrations.Integrations.Status",
      "entity": "glue.integration_status"
    },
    {
      "mapping": "GetConnections.ConnectionList.Status -> glue.connection_status",
      "evidence": "GetConnections.ConnectionList.Status",
      "entity": "glue.connection_status"
    },
    {
      "mapping": "GetDevEndpoints.DevEndpoints.Status -> glue.dev_endpoint_status",
      "evidence": "GetDevEndpoints.DevEndpoints.Status",
      "entity": "glue.dev_endpoint_status"
    },
    {
      "mapping": "GetMLTransforms.Transforms.Status -> glue.transform_status",
      "evidence": "GetMLTransforms.Transforms.Status",
      "entity": "glue.transform_status"
    },
    {
      "mapping": "GetSchemaVersion.Status -> glue.schema_version_status",
      "evidence": "GetSchemaVersion.Status",
      "entity": "glue.schema_version_status"
    },
    {
      "mapping": "ListDataQualityRuleRecommendationRuns.Runs[].Status -> glue.run_status",
      "evidence": "ListDataQualityRuleRecommendationRuns.Runs[].Status",
      "entity": "glue.run_status"
    },
    {
      "mapping": "ListDataQualityRulesetEvaluationRuns.Runs[].Status -> glue.run_status",
      "evidence": "ListDataQualityRulesetEvaluationRuns.Runs[].Status",
      "entity": "glue.run_status"
    },
    {
      "mapping": "ListRegistries.Registries[].Status -> glue.registry_status",
      "evidence": "ListRegistries.Registries[].Status",
      "entity": "glue.registry_status"
    },
    {
      "mapping": "SearchTables.TableList.Status -> glue.table_status",
      "evidence": "SearchTables.TableList.Status",
      "entity": "glue.table_status"
    },
    {
      "mapping": "BatchGetBlueprints.Blueprints.Status -> glue.blueprint_status",
      "evidence": "BatchGetBlueprints.Blueprints.Status",
      "entity": "glue.blueprint_status"
    },
    {
      "mapping": "BatchGetDevEndpoints.DevEndpoints.Status -> glue.dev_endpoint_status",
      "evidence": "BatchGetDevEndpoints.DevEndpoints.Status",
      "entity": "glue.dev_endpoint_status"
    },
    {
      "mapping": "CancelMLTaskRun.Status -> glue.ml_task_run_status",
      "evidence": "CancelMLTaskRun.Status",
      "entity": "glue.ml_task_run_status"
    },
    {
      "mapping": "CreateDevEndpoint.Status -> glue.dev_endpoint_status",
      "evidence": "CreateDevEndpoint.Status",
      "entity": "glue.dev_endpoint_status"
    },
    {
      "mapping": "CreateIntegration.Status -> glue.integration_status",
      "evidence": "CreateIntegration.Status",
      "entity": "glue.integration_status"
    },
    {
      "mapping": "CreateSession.Session.Status -> glue.session_status",
      "evidence": "CreateSession.Session.Status",
      "entity": "glue.session_status"
    },
    {
      "mapping": "DeleteIntegration.Status -> glue.integration_status",
      "evidence": "DeleteIntegration.Status",
      "entity": "glue.integration_status"
    },
    {
      "mapping": "DeleteRegistry.Status -> glue.registry_status",
      "evidence": "DeleteRegistry.Status",
      "entity": "glue.registry_status"
    },
    {
      "mapping": "DeleteSchema.Status -> glue.schema_status",
      "evidence": "DeleteSchema.Status",
      "entity": "glue.schema_status"
    },
    {
      "mapping": "GetBlueprint.Blueprint.Status -> glue.blueprint_status",
      "evidence": "GetBlueprint.Blueprint.Status",
      "entity": "glue.blueprint_status"
    },
    {
      "mapping": "GetCatalogs.CatalogList.Name -> glue.catalog_name",
      "evidence": "GetCatalogs.CatalogList.Name",
      "entity": "glue.catalog_name"
    },
    {
      "mapping": "GetConnections.ConnectionList.Name -> glue.connection_name",
      "evidence": "GetConnections.ConnectionList.Name",
      "entity": "glue.connection_name"
    },
    {
      "mapping": "GetCrawlers.Crawlers.Name -> glue.crawler_name",
      "evidence": "GetCrawlers.Crawlers.Name",
      "entity": "glue.crawler_name"
    },
    {
      "mapping": "GetDatabases.DatabaseList.Name -> glue.database_name",
      "evidence": "GetDatabases.DatabaseList.Name",
      "entity": "glue.database_name"
    },
    {
      "mapping": "GetJobs.Jobs.Name -> glue.job_name",
      "evidence": "GetJobs.Jobs.Name",
      "entity": "glue.job_name"
    },
    {
      "mapping": "GetMLTransforms.Transforms.Name -> glue.transform_name",
      "evidence": "GetMLTransforms.Transforms.Name",
      "entity": "glue.transform_name"
    },
    {
      "mapping": "GetSecurityConfigurations.SecurityConfigurations.Name -> glue.configuration_name",
      "evidence": "GetSecurityConfigurations.SecurityConfigurations.Name",
      "entity": "glue.configuration_name"
    },
    {
      "mapping": "GetTriggers.Triggers.Name -> glue.trigger_name",
      "evidence": "GetTriggers.Triggers.Name",
      "entity": "glue.trigger_name"
    },
    {
      "mapping": "ListCustomEntityTypes.CustomEntityTypes[].Name -> glue.custom_entity_typ_name",
      "evidence": "ListCustomEntityTypes.CustomEntityTypes[].Name",
      "entity": "glue.custom_entity_typ_name"
    },
    {
      "mapping": "ListDataQualityRulesets.Rulesets[].Name -> glue.ruleset_name",
      "evidence": "ListDataQualityRulesets.Rulesets[].Name",
      "entity": "glue.ruleset_name"
    },
    {
      "mapping": "ListUsageProfiles.Profiles[].Name -> glue.profil_name",
      "evidence": "ListUsageProfiles.Profiles[].Name",
      "entity": "glue.profil_name"
    },
    {
      "mapping": "SearchTables.TableList.Name -> glue.table_name",
      "evidence": "SearchTables.TableList.Name",
      "entity": "glue.table_name"
    },
    {
      "mapping": "BatchGetBlueprints.Blueprints.Name -> glue.blueprint_name",
      "evidence": "BatchGetBlueprints.Blueprints.Name",
      "entity": "glue.blueprint_name"
    },
    {
      "mapping": "BatchGetCrawlers.Crawlers.Name -> glue.crawler_name",
      "evidence": "BatchGetCrawlers.Crawlers.Name",
      "entity": "glue.crawler_name"
    },
    {
      "mapping": "BatchGetCustomEntityTypes.CustomEntityTypes.Name -> glue.custom_entity_typ_name",
      "evidence": "BatchGetCustomEntityTypes.CustomEntityTypes.Name",
      "entity": "glue.custom_entity_typ_name"
    },
    {
      "mapping": "BatchGetJobs.Jobs.Name -> glue.job_name",
      "evidence": "BatchGetJobs.Jobs.Name",
      "entity": "glue.job_name"
    },
    {
      "mapping": "BatchGetTriggers.Triggers.Name -> glue.trigger_name",
      "evidence": "BatchGetTriggers.Triggers.Name",
      "entity": "glue.trigger_name"
    },
    {
      "mapping": "BatchGetWorkflows.Workflows.Name -> glue.workflow_name",
      "evidence": "BatchGetWorkflows.Workflows.Name",
      "entity": "glue.workflow_name"
    },
    {
      "mapping": "CreateBlueprint.Name -> glue.blueprint_name",
      "evidence": "CreateBlueprint.Name",
      "entity": "glue.blueprint_name"
    },
    {
      "mapping": "CreateBlueprint.Name -> glue.blueprint_name",
      "evidence": "CreateBlueprint.Name",
      "entity": "glue.blueprint_name"
    },
    {
      "mapping": "GetDataflowGraph.DagNodes.Id -> glue.dag_nod_id",
      "evidence": "GetDataflowGraph.DagNodes.Id",
      "entity": "glue.dag_nod_id"
    },
    {
      "mapping": "GetTriggers.Triggers.Id -> glue.trigger_id",
      "evidence": "GetTriggers.Triggers.Id",
      "entity": "glue.trigger_id"
    },
    {
      "mapping": "BatchGetTriggers.Triggers.Id -> glue.trigger_id",
      "evidence": "BatchGetTriggers.Triggers.Id",
      "entity": "glue.trigger_id"
    },
    {
      "mapping": "CancelStatement.Id -> glue.statement_id",
      "evidence": "CancelStatement.Id",
      "entity": "glue.statement_id"
    },
    {
      "mapping": "CreateSession.Id -> glue.session_id",
      "evidence": "CreateSession.Id",
      "entity": "glue.session_id"
    },
    {
      "mapping": "CreateSession.Session.Id -> glue.session_id",
      "evidence": "CreateSession.Session.Id",
      "entity": "glue.session_id"
    },
    {
      "mapping": "DeleteSession.Id -> glue.session_id",
      "evidence": "DeleteSession.Id",
      "entity": "glue.session_id"
    },
    {
      "mapping": "DeleteSession.Id -> glue.session_id",
      "evidence": "DeleteSession.Id",
      "entity": "glue.session_id"
    },
    {
      "mapping": "GetJobRun.JobRun.Id -> glue.run_id",
      "evidence": "GetJobRun.JobRun.Id",
      "entity": "glue.run_id"
    },
    {
      "mapping": "GetJobRuns.JobRuns.Id -> glue.run_id",
      "evidence": "GetJobRuns.JobRuns.Id",
      "entity": "glue.run_id"
    },
    {
      "mapping": "GetSession.Id -> glue.session_id",
      "evidence": "GetSession.Id",
      "entity": "glue.session_id"
    },
    {
      "mapping": "GetSession.Session.Id -> glue.session_id",
      "evidence": "GetSession.Session.Id",
      "entity": "glue.session_id"
    },
    {
      "mapping": "GetStatement.Id -> glue.statement_id",
      "evidence": "GetStatement.Id",
      "entity": "glue.statement_id"
    },
    {
      "mapping": "GetStatement.Statement.Id -> glue.statement_id",
      "evidence": "GetStatement.Statement.Id",
      "entity": "glue.statement_id"
    },
    {
      "mapping": "GetTrigger.Trigger.Id -> glue.trigger_id",
      "evidence": "GetTrigger.Trigger.Id",
      "entity": "glue.trigger_id"
    },
    {
      "mapping": "ListStatements.Statements[].Id -> glue.statement_id",
      "evidence": "ListStatements.Statements[].Id",
      "entity": "glue.statement_id"
    },
    {
      "mapping": "RunStatement.Id -> glue.statement_id",
      "evidence": "RunStatement.Id",
      "entity": "glue.statement_id"
    },
    {
      "mapping": "StopSession.Id -> glue.session_id",
      "evidence": "StopSession.Id",
      "entity": "glue.session_id"
    },
    {
      "mapping": "StopSession.Id -> glue.session_id",
      "evidence": "StopSession.Id",
      "entity": "glue.session_id"
    },
    {
      "mapping": "UpdateTrigger.Trigger.Id -> glue.trigger_id",
      "evidence": "UpdateTrigger.Trigger.Id",
      "entity": "glue.trigger_id"
    },
    {
      "operation": "GetWorkflowRun",
      "path": "Run",
      "param": "RunId",
      "consume_entity": "glue.run_id",
      "produce_entity": "glue.run",
      "issue": "Param 'RunId' and output field 'Run' are similar but map to different entities"
    }
  ]
}