{
  "service": "pinpoint",
  "fixes": [
    {
      "rule_id": "CreateApp.ApplicationResponse.Arn",
      "suggested_check": {
        "var": "ApplicationResponse.Arn",
        "op": "equals",
        "value": "true",
        "derived": null,
        "derive_key": null
      },
      "suggested_aliases": {
        "entity_aliases": {
          "pinpoint.application_response_arn": "application_response_arn"
        },
        "param_aliases": {}
      },
      "confidence": 0.9,
      "reason": "The direct variable ApplicationResponse.Arn matches the mapping for application_response_arn."
    },
    {
      "rule_id": "CreateCampaign.CampaignResponse.Arn",
      "suggested_check": {
        "var": "CampaignResponse.Arn",
        "op": "equals",
        "value": "true",
        "derived": null,
        "derive_key": null
      },
      "suggested_aliases": {
        "entity_aliases": {
          "pinpoint.campaign_response_arn": "campaign_response_arn"
        },
        "param_aliases": {}
      },
      "confidence": 0.9,
      "reason": "The direct variable CampaignResponse.Arn matches the mapping for campaign_response_arn."
    },
    {
      "rule_id": "CreateSegment.SegmentResponse.Arn",
      "suggested_check": {
        "var": "SegmentResponse.Arn",
        "op": "equals",
        "value": "true",
        "derived": null,
        "derive_key": null
      },
      "suggested_aliases": {
        "entity_aliases": {
          "pinpoint.segment_response_arn": "segment_response_arn"
        },
        "param_aliases": {}
      },
      "confidence": 0.9,
      "reason": "The direct variable SegmentResponse.Arn matches the mapping for segment_response_arn."
    },
    {
      "rule_id": "DeleteApp.ApplicationResponse.Arn",
      "suggested_check": {
        "var": "ApplicationResponse.Arn",
        "op": "equals",
        "value": "true",
        "derived": null,
        "derive_key": null
      },
      "suggested_aliases": {
        "entity_aliases": {
          "pinpoint.application_response_arn": "application_response_arn"
        },
        "param_aliases": {}
      },
      "confidence": 0.9,
      "reason": "The direct variable ApplicationResponse.Arn matches the mapping for application_response_arn."
    },
    {
      "rule_id": "DeleteCampaign.CampaignResponse.Arn",
      "suggested_check": {
        "var": "CampaignResponse.Arn",
        "op": "equals",
        "value": "true",
        "derived": null,
        "derive_key": null
      },
      "suggested_aliases": {
        "entity_aliases": {
          "pinpoint.campaign_response_arn": "campaign_response_arn"
        },
        "param_aliases": {}
      },
      "confidence": 0.9,
      "reason": "The direct variable CampaignResponse.Arn matches the mapping for campaign_response_arn."
    }
  ],
  "summary": {
    "total_fixes": 5,
    "remaining_unresolved": 60
  }
}