{
  "service": "bedrock-runtime",
  "op_consumes": {
    "ListAsyncInvokes": [],
    "ApplyGuardrail": ["bedrock-runtime.source", "bedrock-runtime.guardrail_version", "bedrock-runtime.guardrail_identifier", "bedrock-runtime.content"],
    "Converse": ["bedrock-runtime.model_id"],
    "ConverseStream": ["bedrock-runtime.model_id"],
    "CountTokens": ["bedrock-runtime.model_id", "bedrock-runtime.input"],
    "GetAsyncInvoke": ["bedrock-runtime.invocation_arn"],
    "InvokeModel": ["bedrock-runtime.model_id"],
    "InvokeModelWithBidirectionalStream": ["bedrock-runtime.model_id", "bedrock-runtime.body"],
    "InvokeModelWithResponseStream": ["bedrock-runtime.model_id"],
    "StartAsyncInvoke": ["bedrock-runtime.model_id", "bedrock-runtime.output_data_config", "bedrock-runtime.model_input"]
  },
  "op_produces": {
    "ListAsyncInvokes": ["bedrock-runtime.async_invoke_end_time", "bedrock-runtime.async_invoke_summaries", "bedrock-runtime.async_invoke_client_request_token", "bedrock-runtime.async_invoke_status", "bedrock-runtime.async_invoke_output_data_config", "bedrock-runtime.async_invoke_failure_message", "bedrock-runtime.async_invoke_last_modified_time", "bedrock-runtime.next_token", "bedrock-runtime.async_invoke_model_arn", "bedrock-runtime.invocation_arn", "bedrock-runtime.async_invoke_submit_time"],
    "ApplyGuardrail": ["bedrock-runtime.outputs", "bedrock-runtime.assessments", "bedrock-runtime.usage", "bedrock-runtime.action", "bedrock-runtime.guardrail_coverage", "bedrock-runtime.action_reason", "bedrock-runtime.output_text"],
    "Converse": ["bedrock-runtime.usage", "bedrock-runtime.stop_reason", "bedrock-runtime.output", "bedrock-runtime.metrics", "bedrock-runtime.trace", "bedrock-runtime.output_message", "bedrock-runtime.additional_model_response_fields", "bedrock-runtime.performance_config", "bedrock-runtime.service_tier"],
    "ConverseStream": ["bedrock-runtime.stream_validation_exception", "bedrock-runtime.stream_message_start", "bedrock-runtime.stream_message_stop", "bedrock-runtime.stream_model_stream_error_exception", "bedrock-runtime.stream", "bedrock-runtime.stream_content_block_delta", "bedrock-runtime.stream_content_block_start", "bedrock-runtime.stream_content_block_stop", "bedrock-runtime.stream_metadata", "bedrock-runtime.stream_throttling_exception", "bedrock-runtime.stream_service_unavailable_exception", "bedrock-runtime.stream_internal_server_exception"],
    "CountTokens": ["bedrock-runtime.input_tokens"],
    "GetAsyncInvoke": ["bedrock-runtime.output_data_config", "bedrock-runtime.submit_time", "bedrock-runtime.last_modified_time", "bedrock-runtime.invocation_arn", "bedrock-runtime.async_invoke_status", "bedrock-runtime.model_arn", "bedrock-runtime.output_data_config_s3_output_data_config", "bedrock-runtime.client_request_token", "bedrock-runtime.end_time", "bedrock-runtime.failure_message"],
    "InvokeModel": ["bedrock-runtime.body", "bedrock-runtime.performance_config_latency", "bedrock-runtime.content_type", "bedrock-runtime.service_tier"],
    "InvokeModelWithBidirectionalStream": ["bedrock-runtime.body_model_timeout_exception", "bedrock-runtime.body_validation_exception", "bedrock-runtime.body_service_unavailable_exception", "bedrock-runtime.body", "bedrock-runtime.body_throttling_exception", "bedrock-runtime.body_model_stream_error_exception", "bedrock-runtime.body_internal_server_exception", "bedrock-runtime.body_chunk"],
    "InvokeModelWithResponseStream": ["bedrock-runtime.body_model_timeout_exception", "bedrock-runtime.body_validation_exception", "bedrock-runtime.performance_config_latency", "bedrock-runtime.content_type", "bedrock-runtime.body_service_unavailable_exception", "bedrock-runtime.body", "bedrock-runtime.body_throttling_exception", "bedrock-runtime.body_model_stream_error_exception", "bedrock-runtime.body_internal_server_exception", "bedrock-runtime.body_chunk", "bedrock-runtime.service_tier"],
    "StartAsyncInvoke": ["bedrock-runtime.invocation_arn"]
  },
  "entity_producers": {
    "bedrock-runtime.next_token": ["ListAsyncInvokes"],
    "bedrock-runtime.async_invoke_summaries": ["ListAsyncInvokes"],
    "bedrock-runtime.invocation_arn": ["GetAsyncInvoke", "ListAsyncInvokes", "StartAsyncInvoke"],
    "bedrock-runtime.async_invoke_model_arn": ["ListAsyncInvokes"],
    "bedrock-runtime.async_invoke_client_request_token": ["ListAsyncInvokes"],
    "bedrock-runtime.async_invoke_status": ["GetAsyncInvoke", "ListAsyncInvokes"],
    "bedrock-runtime.async_invoke_failure_message": ["ListAsyncInvokes"],
    "bedrock-runtime.async_invoke_submit_time": ["ListAsyncInvokes"],
    "bedrock-runtime.async_invoke_last_modified_time": ["ListAsyncInvokes"],
    "bedrock-runtime.async_invoke_end_time": ["ListAsyncInvokes"],
    "bedrock-runtime.async_invoke_output_data_config": ["ListAsyncInvokes"],
    "bedrock-runtime.usage": ["Converse", "ApplyGuardrail"],
    "bedrock-runtime.action": ["ApplyGuardrail"],
    "bedrock-runtime.action_reason": ["ApplyGuardrail"],
    "bedrock-runtime.outputs": ["ApplyGuardrail"],
    "bedrock-runtime.assessments": ["ApplyGuardrail"],
    "bedrock-runtime.guardrail_coverage": ["ApplyGuardrail"],
    "bedrock-runtime.output_text": ["ApplyGuardrail"],
    "bedrock-runtime.output": ["Converse"],
    "bedrock-runtime.stop_reason": ["Converse"],
    "bedrock-runtime.metrics": ["Converse"],
    "bedrock-runtime.additional_model_response_fields": ["Converse"],
    "bedrock-runtime.trace": ["Converse"],
    "bedrock-runtime.performance_config": ["Converse"],
    "bedrock-runtime.service_tier": ["Converse", "InvokeModelWithResponseStream", "InvokeModel"],
    "bedrock-runtime.output_message": ["Converse"],
    "bedrock-runtime.stream": ["ConverseStream"],
    "bedrock-runtime.stream_message_start": ["ConverseStream"],
    "bedrock-runtime.stream_content_block_start": ["ConverseStream"],
    "bedrock-runtime.stream_content_block_delta": ["ConverseStream"],
    "bedrock-runtime.stream_content_block_stop": ["ConverseStream"],
    "bedrock-runtime.stream_message_stop": ["ConverseStream"],
    "bedrock-runtime.stream_metadata": ["ConverseStream"],
    "bedrock-runtime.stream_internal_server_exception": ["ConverseStream"],
    "bedrock-runtime.stream_model_stream_error_exception": ["ConverseStream"],
    "bedrock-runtime.stream_validation_exception": ["ConverseStream"],
    "bedrock-runtime.stream_throttling_exception": ["ConverseStream"],
    "bedrock-runtime.stream_service_unavailable_exception": ["ConverseStream"],
    "bedrock-runtime.input_tokens": ["CountTokens"],
    "bedrock-runtime.model_arn": ["GetAsyncInvoke"],
    "bedrock-runtime.client_request_token": ["GetAsyncInvoke"],
    "bedrock-runtime.failure_message": ["GetAsyncInvoke"],
    "bedrock-runtime.submit_time": ["GetAsyncInvoke"],
    "bedrock-runtime.last_modified_time": ["GetAsyncInvoke"],
    "bedrock-runtime.end_time": ["GetAsyncInvoke"],
    "bedrock-runtime.output_data_config": ["GetAsyncInvoke"],
    "bedrock-runtime.output_data_config_s3_output_data_config": ["GetAsyncInvoke"],
    "bedrock-runtime.body": ["InvokeModelWithResponseStream", "InvokeModelWithBidirectionalStream", "InvokeModel"],
    "bedrock-runtime.content_type": ["InvokeModelWithResponseStream", "InvokeModel"],
    "bedrock-runtime.performance_config_latency": ["InvokeModelWithResponseStream", "InvokeModel"],
    "bedrock-runtime.body_chunk": ["InvokeModelWithResponseStream", "InvokeModelWithBidirectionalStream"],
    "bedrock-runtime.body_internal_server_exception": ["InvokeModelWithResponseStream", "InvokeModelWithBidirectionalStream"],
    "bedrock-runtime.body_model_stream_error_exception": ["InvokeModelWithResponseStream", "InvokeModelWithBidirectionalStream"],
    "bedrock-runtime.body_validation_exception": ["InvokeModelWithResponseStream", "InvokeModelWithBidirectionalStream"],
    "bedrock-runtime.body_throttling_exception": ["InvokeModelWithResponseStream", "InvokeModelWithBidirectionalStream"],
    "bedrock-runtime.body_model_timeout_exception": ["InvokeModelWithResponseStream", "InvokeModelWithBidirectionalStream"],
    "bedrock-runtime.body_service_unavailable_exception": ["InvokeModelWithResponseStream", "InvokeModelWithBidirectionalStream"]
  },
  "entity_consumers": {
    "bedrock-runtime.guardrail_identifier": ["ApplyGuardrail"],
    "bedrock-runtime.guardrail_version": ["ApplyGuardrail"],
    "bedrock-runtime.source": ["ApplyGuardrail"],
    "bedrock-runtime.content": ["ApplyGuardrail"],
    "bedrock-runtime.model_id": ["CountTokens", "Converse", "ConverseStream", "InvokeModelWithResponseStream", "InvokeModelWithBidirectionalStream", "InvokeModel", "StartAsyncInvoke"],
    "bedrock-runtime.input": ["CountTokens"],
    "bedrock-runtime.invocation_arn": ["GetAsyncInvoke"],
    "bedrock-runtime.body": ["InvokeModelWithBidirectionalStream"],
    "bedrock-runtime.model_input": ["StartAsyncInvoke"],
    "bedrock-runtime.output_data_config": ["StartAsyncInvoke"]
  },
  "external_entities": ["bedrock-runtime.content", "bedrock-runtime.guardrail_identifier", "bedrock-runtime.guardrail_version", "bedrock-runtime.input", "bedrock-runtime.model_id", "bedrock-runtime.model_input", "bedrock-runtime.source"]
}