{
  "bedrock-runtime": {
    "service": "bedrock-runtime",
    "total_operations": 10,
    "independent": [
      {
        "operation": "ListAsyncInvokes",
        "python_method": "list_async_invokes",
        "yaml_action": "list_async_invokes",
        "required_params": [],
        "optional_params": [
          "submitTimeAfter",
          "submitTimeBefore",
          "statusEquals",
          "maxResults",
          "nextToken"
        ],
        "total_optional": 7,
        "output_fields": {
          "nextToken": {
            "type": "string",
            "description": "Pagination token for next results",
            "compliance_category": "general",
            "operators": [
              "equals",
              "not_equals",
              "contains"
            ],
            "security_impact": "high"
          },
          "asyncInvokeSummaries": {
            "type": "string",
            "description": "asyncInvokeSummaries details",
            "compliance_category": "general",
            "operators": [
              "equals",
              "not_equals",
              "contains"
            ]
          }
        },
        "main_output_field": "asyncInvokeSummaries",
        "item_fields": {
          "invocationArn": {
            "type": "string",
            "description": "Invocation arn",
            "compliance_category": "identity",
            "operators": [
              "equals",
              "not_equals",
              "contains",
              "in",
              "exists"
            ]
          },
          "modelArn": {
            "type": "string",
            "description": "Model arn",
            "compliance_category": "identity",
            "operators": [
              "equals",
              "not_equals",
              "contains",
              "in",
              "exists"
            ]
          },
          "clientRequestToken": {
            "type": "string",
            "description": "Client request token",
            "compliance_category": "general"
          },
          "status": {
            "type": "string",
            "description": "Resource status",
            "compliance_category": "general",
            "operators": [
              "equals",
              "not_equals",
              "in"
            ]
          },
          "failureMessage": {
            "type": "string",
            "description": "Failure message",
            "compliance_category": "general"
          },
          "submitTime": {
            "type": "string",
            "description": "Submit time",
            "compliance_category": "general",
            "format": "date-time"
          },
          "lastModifiedTime": {
            "type": "string",
            "format": "date-time",
            "description": "Last modification timestamp",
            "compliance_category": "general"
          },
          "endTime": {
            "type": "string",
            "description": "End time",
            "compliance_category": "general",
            "format": "date-time"
          },
          "outputDataConfig": {
            "type": "string",
            "description": "Output data config",
            "compliance_category": "general",
            "format": "date-time"
          }
        }
      }
    ],
    "dependent": [
      {
        "operation": "ApplyGuardrail",
        "python_method": "apply_guardrail",
        "yaml_action": "apply_guardrail",
        "required_params": [
          "guardrailIdentifier",
          "guardrailVersion",
          "source",
          "content"
        ],
        "optional_params": [
          "outputScope"
        ],
        "total_optional": 1,
        "output_fields": {
          "usage": {
            "type": "string",
            "description": "usage details",
            "compliance_category": "general",
            "operators": [
              "equals",
              "not_equals",
              "contains"
            ]
          },
          "action": {
            "type": "string",
            "description": "action details",
            "compliance_category": "general",
            "operators": [
              "equals",
              "not_equals",
              "contains"
            ]
          },
          "actionReason": {
            "type": "string",
            "description": "actionReason details",
            "compliance_category": "general",
            "operators": [
              "equals",
              "not_equals",
              "contains"
            ]
          },
          "outputs": {
            "type": "string",
            "description": "outputs details",
            "compliance_category": "general",
            "operators": [
              "equals",
              "not_equals",
              "contains"
            ]
          },
          "assessments": {
            "type": "string",
            "description": "assessments details",
            "compliance_category": "general",
            "operators": [
              "equals",
              "not_equals",
              "contains"
            ]
          },
          "guardrailCoverage": {
            "type": "string",
            "description": "guardrailCoverage details",
            "compliance_category": "general",
            "operators": [
              "equals",
              "not_equals",
              "contains"
            ]
          }
        },
        "main_output_field": "outputs",
        "item_fields": {
          "text": {
            "type": "string",
            "description": "Text",
            "compliance_category": "general"
          }
        }
      },
      {
        "operation": "Converse",
        "python_method": "converse",
        "yaml_action": "converse",
        "required_params": [
          "modelId"
        ],
        "optional_params": [
          "messages",
          "system",
          "inferenceConfig",
          "toolConfig",
          "guardrailConfig"
        ],
        "total_optional": 11,
        "output_fields": {
          "output": {
            "type": "string",
            "description": "output details",
            "compliance_category": "general",
            "operators": [
              "equals",
              "not_equals",
              "contains"
            ]
          },
          "stopReason": {
            "type": "string",
            "description": "stopReason details",
            "compliance_category": "general",
            "operators": [
              "equals",
              "not_equals",
              "contains"
            ]
          },
          "usage": {
            "type": "string",
            "description": "usage details",
            "compliance_category": "general",
            "operators": [
              "equals",
              "not_equals",
              "contains"
            ]
          },
          "metrics": {
            "type": "string",
            "description": "metrics details",
            "compliance_category": "general",
            "operators": [
              "equals",
              "not_equals",
              "contains"
            ]
          },
          "additionalModelResponseFields": {
            "type": "string",
            "description": "additionalModelResponseFields details",
            "compliance_category": "general",
            "operators": [
              "equals",
              "not_equals",
              "contains"
            ]
          },
          "trace": {
            "type": "string",
            "description": "trace details",
            "compliance_category": "general",
            "operators": [
              "equals",
              "not_equals",
              "contains"
            ]
          },
          "performanceConfig": {
            "type": "string",
            "description": "performanceConfig details",
            "compliance_category": "general",
            "operators": [
              "equals",
              "not_equals",
              "contains"
            ]
          },
          "serviceTier": {
            "type": "string",
            "description": "serviceTier details",
            "compliance_category": "general",
            "operators": [
              "equals",
              "not_equals",
              "contains"
            ]
          }
        },
        "main_output_field": "output",
        "item_fields": {
          "message": {
            "type": "string",
            "description": "Message",
            "compliance_category": "general"
          }
        }
      },
      {
        "operation": "ConverseStream",
        "python_method": "converse_stream",
        "yaml_action": "converse_stream",
        "required_params": [
          "modelId"
        ],
        "optional_params": [
          "messages",
          "system",
          "inferenceConfig",
          "toolConfig",
          "guardrailConfig"
        ],
        "total_optional": 11,
        "output_fields": {
          "stream": {
            "type": "string",
            "description": "stream details",
            "compliance_category": "general",
            "operators": [
              "equals",
              "not_equals",
              "contains"
            ]
          }
        },
        "main_output_field": "stream",
        "item_fields": {
          "messageStart": {
            "type": "string",
            "description": "Message start",
            "compliance_category": "general"
          },
          "contentBlockStart": {
            "type": "string",
            "description": "Content block start",
            "compliance_category": "general",
            "format": "date-time"
          },
          "contentBlockDelta": {
            "type": "string",
            "description": "Content block delta",
            "compliance_category": "general",
            "format": "date-time"
          },
          "contentBlockStop": {
            "type": "string",
            "description": "Content block stop",
            "compliance_category": "general",
            "format": "date-time"
          },
          "messageStop": {
            "type": "string",
            "description": "Message stop",
            "compliance_category": "general"
          },
          "metadata": {
            "type": "string",
            "description": "Metadata",
            "compliance_category": "general",
            "format": "date-time"
          },
          "internalServerException": {
            "type": "string",
            "description": "Internal server exception",
            "compliance_category": "general",
            "format": "date-time"
          },
          "modelStreamErrorException": {
            "type": "string",
            "description": "Model stream error exception",
            "compliance_category": "general",
            "format": "date-time"
          },
          "validationException": {
            "type": "string",
            "description": "Validation exception",
            "compliance_category": "identity",
            "operators": [
              "equals",
              "not_equals",
              "in",
              "exists"
            ]
          },
          "throttlingException": {
            "type": "string",
            "description": "Throttling exception",
            "compliance_category": "general",
            "format": "date-time"
          },
          "serviceUnavailableException": {
            "type": "string",
            "description": "Service unavailable exception",
            "compliance_category": "general",
            "format": "date-time"
          }
        }
      },
      {
        "operation": "CountTokens",
        "python_method": "count_tokens",
        "yaml_action": "count_tokens",
        "required_params": [
          "modelId",
          "input"
        ],
        "optional_params": [],
        "total_optional": 0,
        "output_fields": {
          "inputTokens": {
            "type": "string",
            "description": "inputTokens details",
            "compliance_category": "general",
            "operators": [
              "equals",
              "not_equals",
              "contains"
            ],
            "security_impact": "high"
          }
        },
        "main_output_field": "inputTokens",
        "item_fields": []
      },
      {
        "operation": "GetAsyncInvoke",
        "python_method": "get_async_invoke",
        "yaml_action": "get_async_invoke",
        "required_params": [
          "invocationArn"
        ],
        "optional_params": [],
        "total_optional": 0,
        "output_fields": {
          "invocationArn": {
            "type": "string",
            "description": "invocationArn details",
            "compliance_category": "identity",
            "format": "date-time",
            "operators": [
              "equals",
              "not_equals",
              "contains",
              "in",
              "exists"
            ]
          },
          "modelArn": {
            "type": "string",
            "description": "modelArn details",
            "compliance_category": "identity",
            "operators": [
              "equals",
              "not_equals",
              "contains",
              "in",
              "exists"
            ]
          },
          "clientRequestToken": {
            "type": "string",
            "description": "clientRequestToken details",
            "compliance_category": "general",
            "operators": [
              "equals",
              "not_equals",
              "contains"
            ],
            "security_impact": "high"
          },
          "status": {
            "type": "string",
            "description": "Resource status",
            "compliance_category": "general",
            "format": "date-time",
            "operators": [
              "equals",
              "not_equals",
              "contains"
            ]
          },
          "failureMessage": {
            "type": "string",
            "description": "failureMessage details",
            "compliance_category": "general",
            "operators": [
              "equals",
              "not_equals",
              "contains"
            ]
          },
          "submitTime": {
            "type": "string",
            "description": "submitTime details",
            "compliance_category": "general",
            "format": "date-time",
            "operators": [
              "equals",
              "not_equals",
              "contains"
            ]
          },
          "lastModifiedTime": {
            "type": "string",
            "description": "lastModifiedTime details",
            "compliance_category": "general",
            "format": "date-time",
            "operators": [
              "equals",
              "not_equals",
              "contains"
            ]
          },
          "endTime": {
            "type": "string",
            "description": "endTime details",
            "compliance_category": "general",
            "format": "date-time",
            "operators": [
              "equals",
              "not_equals",
              "contains"
            ]
          },
          "outputDataConfig": {
            "type": "string",
            "description": "outputDataConfig details",
            "compliance_category": "general",
            "format": "date-time",
            "operators": [
              "equals",
              "not_equals",
              "contains"
            ]
          }
        },
        "main_output_field": "outputDataConfig",
        "item_fields": {
          "s3OutputDataConfig": {
            "type": "string",
            "description": "S output data config",
            "compliance_category": "general",
            "format": "date-time"
          }
        }
      },
      {
        "operation": "InvokeModel",
        "python_method": "invoke_model",
        "yaml_action": "invoke_model",
        "required_params": [
          "modelId"
        ],
        "optional_params": [
          "body",
          "contentType",
          "accept",
          "trace",
          "guardrailIdentifier"
        ],
        "total_optional": 8,
        "output_fields": {
          "body": {
            "type": "string",
            "description": "body details",
            "compliance_category": "general",
            "operators": [
              "equals",
              "not_equals",
              "contains"
            ]
          },
          "contentType": {
            "type": "string",
            "description": "contentType details",
            "compliance_category": "general",
            "operators": [
              "equals",
              "not_equals",
              "contains"
            ]
          },
          "performanceConfigLatency": {
            "type": "string",
            "description": "performanceConfigLatency details",
            "compliance_category": "general",
            "format": "date-time",
            "operators": [
              "equals",
              "not_equals",
              "contains"
            ]
          },
          "serviceTier": {
            "type": "string",
            "description": "serviceTier details",
            "compliance_category": "general",
            "operators": [
              "equals",
              "not_equals",
              "contains"
            ]
          }
        },
        "main_output_field": "body",
        "item_fields": []
      },
      {
        "operation": "InvokeModelWithBidirectionalStream",
        "python_method": "invoke_model_with_bidirectional_stream",
        "yaml_action": "invoke_model_with_bidirectional_stream",
        "required_params": [
          "modelId",
          "body"
        ],
        "optional_params": [],
        "total_optional": 0,
        "output_fields": {
          "body": {
            "type": "string",
            "description": "body details",
            "compliance_category": "general",
            "operators": [
              "equals",
              "not_equals",
              "contains"
            ]
          }
        },
        "main_output_field": "body",
        "item_fields": {
          "chunk": {
            "type": "string",
            "description": "Chunk",
            "compliance_category": "general"
          },
          "internalServerException": {
            "type": "string",
            "description": "Internal server exception",
            "compliance_category": "general",
            "format": "date-time"
          },
          "modelStreamErrorException": {
            "type": "string",
            "description": "Model stream error exception",
            "compliance_category": "general",
            "format": "date-time"
          },
          "validationException": {
            "type": "string",
            "description": "Validation exception",
            "compliance_category": "identity",
            "operators": [
              "equals",
              "not_equals",
              "in",
              "exists"
            ]
          },
          "throttlingException": {
            "type": "string",
            "description": "Throttling exception",
            "compliance_category": "general",
            "format": "date-time"
          },
          "modelTimeoutException": {
            "type": "string",
            "description": "Model timeout exception",
            "compliance_category": "general",
            "format": "date-time"
          },
          "serviceUnavailableException": {
            "type": "string",
            "description": "Service unavailable exception",
            "compliance_category": "general",
            "format": "date-time"
          }
        }
      },
      {
        "operation": "InvokeModelWithResponseStream",
        "python_method": "invoke_model_with_response_stream",
        "yaml_action": "invoke_model_with_response_stream",
        "required_params": [
          "modelId"
        ],
        "optional_params": [
          "body",
          "contentType",
          "accept",
          "trace",
          "guardrailIdentifier"
        ],
        "total_optional": 8,
        "output_fields": {
          "body": {
            "type": "string",
            "description": "body details",
            "compliance_category": "general",
            "operators": [
              "equals",
              "not_equals",
              "contains"
            ]
          },
          "contentType": {
            "type": "string",
            "description": "contentType details",
            "compliance_category": "general",
            "operators": [
              "equals",
              "not_equals",
              "contains"
            ]
          },
          "performanceConfigLatency": {
            "type": "string",
            "description": "performanceConfigLatency details",
            "compliance_category": "general",
            "format": "date-time",
            "operators": [
              "equals",
              "not_equals",
              "contains"
            ]
          },
          "serviceTier": {
            "type": "string",
            "description": "serviceTier details",
            "compliance_category": "general",
            "operators": [
              "equals",
              "not_equals",
              "contains"
            ]
          }
        },
        "main_output_field": "body",
        "item_fields": {
          "chunk": {
            "type": "string",
            "description": "Chunk",
            "compliance_category": "general"
          },
          "internalServerException": {
            "type": "string",
            "description": "Internal server exception",
            "compliance_category": "general",
            "format": "date-time"
          },
          "modelStreamErrorException": {
            "type": "string",
            "description": "Model stream error exception",
            "compliance_category": "general",
            "format": "date-time"
          },
          "validationException": {
            "type": "string",
            "description": "Validation exception",
            "compliance_category": "identity",
            "operators": [
              "equals",
              "not_equals",
              "in",
              "exists"
            ]
          },
          "throttlingException": {
            "type": "string",
            "description": "Throttling exception",
            "compliance_category": "general",
            "format": "date-time"
          },
          "modelTimeoutException": {
            "type": "string",
            "description": "Model timeout exception",
            "compliance_category": "general",
            "format": "date-time"
          },
          "serviceUnavailableException": {
            "type": "string",
            "description": "Service unavailable exception",
            "compliance_category": "general",
            "format": "date-time"
          }
        }
      },
      {
        "operation": "StartAsyncInvoke",
        "python_method": "start_async_invoke",
        "yaml_action": "start_async_invoke",
        "required_params": [
          "modelId",
          "modelInput",
          "outputDataConfig"
        ],
        "optional_params": [
          "clientRequestToken",
          "tags"
        ],
        "total_optional": 2,
        "output_fields": {
          "invocationArn": {
            "type": "string",
            "description": "invocationArn details",
            "compliance_category": "identity",
            "format": "date-time",
            "operators": [
              "equals",
              "not_equals",
              "contains",
              "in",
              "exists"
            ]
          }
        },
        "main_output_field": "invocationArn",
        "item_fields": []
      }
    ],
    "independent_count": 1,
    "dependent_count": 9
  }
}