{
  "service": "bedrock-runtime",
  "seed_from_list": [
    "clientRequestToken",
    "endTime",
    "failureMessage",
    "invocationArn",
    "lastModifiedTime",
    "modelArn",
    "outputDataConfig",
    "status",
    "submitTime"
  ],
  "enriched_from_get_describe": [
    "clientRequestToken",
    "endTime",
    "failureMessage",
    "invocationArn",
    "lastModifiedTime",
    "modelArn",
    "outputDataConfig",
    "s3OutputDataConfig",
    "status",
    "submitTime"
  ],
  "final_union": [
    "clientRequestToken",
    "endTime",
    "failureMessage",
    "invocationArn",
    "lastModifiedTime",
    "modelArn",
    "outputDataConfig",
    "s3OutputDataConfig",
    "status",
    "submitTime"
  ],
  "source": {
    "operation_registry": "services/bedrock-runtime/operation_registry.json",
    "read_ops_rule": "operation name startswith List/Get/Describe/Search/Lookup",
    "excluded_keys": [
      "nextToken",
      "maxResults"
    ]
  }
}