{
  "service": "bedrock-runtime",
  "issues": {
    "generic_entities": {},
    "ambiguous_tokens": {},
    "unresolved_consumes": [],
    "suspicious_paths": []
  },
  "alias_candidates_not_applied": [],
  "suggested_overrides": [
    {
      "operation": "GetAsyncInvoke",
      "type": "produces",
      "key": "modelArn",
      "suggested_entity": "bedrock-runtime.invocation_arn",
      "confidence": "MEDIUM",
      "reason": "Param 'invocationArn' and output field 'modelArn' match but map to different entities. Suggest unifying to consume entity."
    }
  ]
}