{
  "service": "organizations",
  "seed_from_list": [
    "AccountId",
    "AccountName",
    "Action",
    "ActiveHandshakeId",
    "Arn",
    "AwsManaged",
    "CompletedTimestamp",
    "ContributingPolicies",
    "DateEnabled",
    "DelegationEnabledDate",
    "Description",
    "Email",
    "EndTimestamp",
    "ErrorCode",
    "ErrorMessage",
    "ExpirationTimestamp",
    "FailureReason",
    "GovCloudAccountId",
    "Id",
    "JoinedMethod",
    "JoinedTimestamp",
    "Key",
    "Name",
    "Parties",
    "PathToError",
    "PolicyTypes",
    "RequestedTimestamp",
    "Resources",
    "ServicePrincipal",
    "Source",
    "StartTimestamp",
    "State",
    "Status",
    "Target",
    "TargetId",
    "Type",
    "Value"
  ],
  "enriched_from_get_describe": [
    "Account",
    "AccountId",
    "AccountName",
    "Action",
    "ActiveHandshakeId",
    "Arn",
    "AvailablePolicyTypes",
    "CompletedTimestamp",
    "Content",
    "CreateAccountStatus",
    "EffectivePolicy",
    "Email",
    "EndTimestamp",
    "ExpirationTimestamp",
    "FailureReason",
    "FeatureSet",
    "GovCloudAccountId",
    "Handshake",
    "Id",
    "JoinedMethod",
    "JoinedTimestamp",
    "LastUpdatedTimestamp",
    "MasterAccountArn",
    "MasterAccountEmail",
    "MasterAccountId",
    "Name",
    "Organization",
    "OrganizationalUnit",
    "Parties",
    "Policy",
    "PolicyContent",
    "PolicySummary",
    "PolicyType",
    "RequestedTimestamp",
    "ResourcePolicy",
    "ResourcePolicySummary",
    "Resources",
    "ResponsibilityTransfer",
    "Source",
    "StartTimestamp",
    "State",
    "Status",
    "Target",
    "TargetId",
    "Type"
  ],
  "final_union": [
    "Account",
    "AccountId",
    "AccountName",
    "Action",
    "ActiveHandshakeId",
    "Arn",
    "AvailablePolicyTypes",
    "AwsManaged",
    "CompletedTimestamp",
    "Content",
    "ContributingPolicies",
    "CreateAccountStatus",
    "DateEnabled",
    "DelegationEnabledDate",
    "Description",
    "EffectivePolicy",
    "Email",
    "EndTimestamp",
    "ErrorCode",
    "ErrorMessage",
    "ExpirationTimestamp",
    "FailureReason",
    "FeatureSet",
    "GovCloudAccountId",
    "Handshake",
    "Id",
    "JoinedMethod",
    "JoinedTimestamp",
    "Key",
    "LastUpdatedTimestamp",
    "MasterAccountArn",
    "MasterAccountEmail",
    "MasterAccountId",
    "Name",
    "Organization",
    "OrganizationalUnit",
    "Parties",
    "PathToError",
    "Policy",
    "PolicyContent",
    "PolicySummary",
    "PolicyType",
    "PolicyTypes",
    "RequestedTimestamp",
    "ResourcePolicy",
    "ResourcePolicySummary",
    "Resources",
    "ResponsibilityTransfer",
    "ServicePrincipal",
    "Source",
    "StartTimestamp",
    "State",
    "Status",
    "Target",
    "TargetId",
    "Type",
    "Value"
  ],
  "source": {
    "operation_registry": "services/organizations/operation_registry.json",
    "read_ops_rule": "operation name startswith List/Get/Describe/Search/Lookup",
    "excluded_keys": [
      "nextToken",
      "maxResults"
    ]
  }
}