{
  "service": "organizations",
  "fixes": [
    {
      "rule_id": "CreateOrganization.Organization.Id",
      "suggested_check": {
        "var": "AccountId",
        "op": "equals",
        "value": "organizations.organization_id",
        "derived": null,
        "derive_key": null
      },
      "suggested_aliases": {
        "entity_aliases": {
          "alias": "organizations.organization_id"
        },
        "param_aliases": {
          "param": [
            "AccountId"
          ]
        }
      },
      "confidence": 0.85,
      "reason": "AccountId directly corresponds to the organization ID in the context of AWS Organizations."
    },
    {
      "rule_id": "DescribeOrganization.Organization.Id",
      "suggested_check": {
        "var": "AccountId",
        "op": "equals",
        "value": "organizations.organization_id",
        "derived": null,
        "derive_key": null
      },
      "suggested_aliases": {
        "entity_aliases": {
          "alias": "organizations.organization_id"
        },
        "param_aliases": {
          "param": [
            "AccountId"
          ]
        }
      },
      "confidence": 0.85,
      "reason": "AccountId directly corresponds to the organization ID in the context of AWS Organizations."
    },
    {
      "rule_id": "EnableAllFeatures.Handshake.Id",
      "suggested_check": {
        "var": "ActiveHandshakeId",
        "op": "equals",
        "value": "organizations.handshake_id",
        "derived": null,
        "derive_key": null
      },
      "suggested_aliases": {
        "entity_aliases": {
          "alias": "organizations.handshake_id"
        },
        "param_aliases": {
          "param": [
            "ActiveHandshakeId"
          ]
        }
      },
      "confidence": 0.9,
      "reason": "ActiveHandshakeId is the direct variable that represents the handshake ID in the context of enabling features."
    },
    {
      "rule_id": "ListAccounts.Accounts[].Id",
      "suggested_check": {
        "var": "AccountId",
        "op": "equals",
        "value": "organizations.account_id",
        "derived": null,
        "derive_key": null
      },
      "suggested_aliases": {
        "entity_aliases": {
          "alias": "organizations.account_id"
        },
        "param_aliases": {
          "param": [
            "AccountId"
          ]
        }
      },
      "confidence": 0.85,
      "reason": "AccountId directly corresponds to the account ID in the context of AWS Organizations."
    },
    {
      "rule_id": "ListDelegatedAdministrators.DelegatedAdministrators[].Id",
      "suggested_check": {
        "var": "AccountId",
        "op": "equals",
        "value": "organizations.delegated_administrator_id",
        "derived": null,
        "derive_key": null
      },
      "suggested_aliases": {
        "entity_aliases": {
          "alias": "organizations.delegated_administrator_id"
        },
        "param_aliases": {
          "param": [
            "AccountId"
          ]
        }
      },
      "confidence": 0.85,
      "reason": "AccountId directly corresponds to the delegated administrator ID in the context of AWS Organizations."
    },
    {
      "rule_id": "ListRoots.Roots[].Id",
      "suggested_check": {
        "var": "AccountId",
        "op": "equals",
        "value": "organizations.root_id",
        "derived": null,
        "derive_key": null
      },
      "suggested_aliases": {
        "entity_aliases": {
          "alias": "organizations.root_id"
        },
        "param_aliases": {
          "param": [
            "AccountId"
          ]
        }
      },
      "confidence": 0.85,
      "reason": "AccountId directly corresponds to the root ID in the context of AWS Organizations."
    },
    {
      "rule_id": "AcceptHandshake.Handshake.Id",
      "suggested_check": {
        "var": "ActiveHandshakeId",
        "op": "equals",
        "value": "organizations.handshake_id",
        "derived": null,
        "derive_key": null
      },
      "suggested_aliases": {
        "entity_aliases": {
          "alias": "organizations.handshake_id"
        },
        "param_aliases": {
          "param": [
            "ActiveHandshakeId"
          ]
        }
      },
      "confidence": 0.9,
      "reason": "ActiveHandshakeId is the direct variable that represents the handshake ID in the context of accepting handshakes."
    },
    {
      "type": "llm_fix",
      "original": "CreateOrganization.Organization.Id -> organizations.organization_id",
      "fix": {
        "var": "AccountId",
        "op": "equals",
        "value": "CreateOrganization.Organization.Id",
        "derived": null,
        "derive_key": null
      },
      "confidence": 0.85,
      "reason": "AccountId directly corresponds to the organization ID in the context of AWS Organizations.",
      "aliases": {
        "entity_aliases": {
          "organizations.organization_id": "organizations.organization_id"
        },
        "param_aliases": {
          "CreateOrganization.Organization.Id": [
            "AccountId"
          ]
        }
      }
    },
    {
      "type": "llm_fix",
      "original": "DescribeOrganization.Organization.Id -> organizations.organization_id",
      "fix": {
        "var": "AccountId",
        "op": "equals",
        "value": "DescribeOrganization.Organization.Id",
        "derived": null,
        "derive_key": null
      },
      "confidence": 0.85,
      "reason": "AccountId directly corresponds to the organization ID in the context of AWS Organizations.",
      "aliases": {
        "entity_aliases": {
          "organizations.organization_id": "organizations.organization_id"
        },
        "param_aliases": {
          "DescribeOrganization.Organization.Id": [
            "AccountId"
          ]
        }
      }
    },
    {
      "type": "llm_fix",
      "original": "EnableAllFeatures.Handshake.Id -> organizations.handshake_id",
      "fix": {
        "var": "ActiveHandshakeId",
        "op": "equals",
        "value": "EnableAllFeatures.Handshake.Id",
        "derived": null,
        "derive_key": null
      },
      "confidence": 0.9,
      "reason": "ActiveHandshakeId is the relevant variable for handshakes in AWS Organizations.",
      "aliases": {
        "entity_aliases": {
          "organizations.handshake_id": "organizations.handshake_id"
        },
        "param_aliases": {
          "EnableAllFeatures.Handshake.Id": [
            "ActiveHandshakeId"
          ]
        }
      }
    },
    {
      "type": "llm_fix",
      "original": "ListAccounts.Accounts[].Id -> organizations.account_id",
      "fix": {
        "var": "AccountId",
        "op": "equals",
        "value": "ListAccounts.Accounts[].Id",
        "derived": null,
        "derive_key": null
      },
      "confidence": 0.85,
      "reason": "AccountId directly corresponds to the account ID in the context of AWS Organizations.",
      "aliases": {
        "entity_aliases": {
          "organizations.account_id": "organizations.account_id"
        },
        "param_aliases": {
          "ListAccounts.Accounts[].Id": [
            "AccountId"
          ]
        }
      }
    },
    {
      "type": "llm_fix",
      "original": "ListDelegatedAdministrators.DelegatedAdministrators[].Id -> organizations.delegated_administrator_id",
      "fix": {
        "var": "AccountId",
        "op": "equals",
        "value": "ListDelegatedAdministrators.DelegatedAdministrators[].Id",
        "derived": null,
        "derive_key": null
      },
      "confidence": 0.85,
      "reason": "AccountId directly corresponds to the delegated administrator ID in the context of AWS Organizations.",
      "aliases": {
        "entity_aliases": {
          "organizations.delegated_administrator_id": "organizations.delegated_administrator_id"
        },
        "param_aliases": {
          "ListDelegatedAdministrators.DelegatedAdministrators[].Id": [
            "AccountId"
          ]
        }
      }
    },
    {
      "type": "llm_fix",
      "original": "ListRoots.Roots[].Id -> organizations.root_id",
      "fix": {
        "var": "AccountId",
        "op": "equals",
        "value": "ListRoots.Roots[].Id",
        "derived": null,
        "derive_key": null
      },
      "confidence": 0.8,
      "reason": "AccountId is relevant for identifying the root ID in the context of AWS Organizations.",
      "aliases": {
        "entity_aliases": {
          "organizations.root_id": "organizations.root_id"
        },
        "param_aliases": {
          "ListRoots.Roots[].Id": [
            "AccountId"
          ]
        }
      }
    }
  ],
  "summary": {
    "total_fixes": 13,
    "remaining_unresolved": 70
  }
}