{
  "secretsmanager": {
    "service": "secretsmanager",
    "total_operations": 23,
    "independent": [
      {
        "operation": "BatchGetSecretValue",
        "python_method": "batch_get_secret_value",
        "yaml_action": "batch_get_secret_value",
        "required_params": [],
        "optional_params": [
          "SecretIdList",
          "Filters",
          "MaxResults",
          "NextToken"
        ],
        "total_optional": 4,
        "output_fields": {
          "SecretValues": {
            "type": "string",
            "description": "SecretValues details",
            "compliance_category": "general",
            "operators": [
              "equals",
              "not_equals",
              "contains"
            ],
            "security_impact": "high"
          },
          "NextToken": {
            "type": "string",
            "description": "NextToken details",
            "compliance_category": "general",
            "operators": [
              "equals",
              "not_equals",
              "contains"
            ],
            "security_impact": "high"
          },
          "Errors": {
            "type": "string",
            "description": "Errors details",
            "compliance_category": "general",
            "operators": [
              "equals",
              "not_equals",
              "contains"
            ]
          }
        },
        "main_output_field": "SecretValues",
        "item_fields": {
          "ARN": {
            "type": "string",
            "description": "Arn",
            "compliance_category": "identity",
            "operators": [
              "equals",
              "not_equals",
              "contains",
              "in",
              "exists"
            ]
          },
          "Name": {
            "type": "string",
            "description": "Name",
            "compliance_category": "general"
          },
          "VersionId": {
            "type": "string",
            "description": "Version id",
            "compliance_category": "identity",
            "operators": [
              "equals",
              "not_equals",
              "in",
              "exists"
            ]
          },
          "SecretBinary": {
            "type": "string",
            "description": "Secret binary",
            "compliance_category": "general"
          },
          "SecretString": {
            "type": "string",
            "description": "Secret string",
            "compliance_category": "general"
          },
          "VersionStages": {
            "type": "string",
            "description": "Version stages",
            "compliance_category": "general",
            "format": "date-time"
          },
          "CreatedDate": {
            "type": "string",
            "description": "Created date",
            "compliance_category": "general",
            "format": "date-time"
          }
        }
      },
      {
        "operation": "GetRandomPassword",
        "python_method": "get_random_password",
        "yaml_action": "get_random_password",
        "required_params": [],
        "optional_params": [
          "PasswordLength",
          "ExcludeCharacters",
          "ExcludeNumbers",
          "ExcludePunctuation",
          "ExcludeUppercase"
        ],
        "total_optional": 8,
        "output_fields": {
          "RandomPassword": {
            "type": "string",
            "description": "RandomPassword details",
            "compliance_category": "general",
            "operators": [
              "equals",
              "not_equals",
              "contains"
            ],
            "security_impact": "high"
          }
        },
        "main_output_field": "RandomPassword",
        "item_fields": []
      },
      {
        "operation": "ListSecrets",
        "python_method": "list_secrets",
        "yaml_action": "list_secrets",
        "required_params": [],
        "optional_params": [
          "IncludePlannedDeletion",
          "MaxResults",
          "NextToken",
          "Filters",
          "SortOrder"
        ],
        "total_optional": 5,
        "output_fields": {
          "SecretList": {
            "type": "boolean",
            "description": "SecretList details",
            "compliance_category": "general",
            "operators": [
              "equals",
              "not_equals",
              "contains"
            ],
            "security_impact": "high"
          },
          "NextToken": {
            "type": "string",
            "description": "NextToken details",
            "compliance_category": "general",
            "operators": [
              "equals",
              "not_equals",
              "contains"
            ],
            "security_impact": "high"
          }
        },
        "main_output_field": "SecretList",
        "item_fields": {
          "ARN": {
            "type": "string",
            "description": "Arn",
            "compliance_category": "identity",
            "operators": [
              "equals",
              "not_equals",
              "contains",
              "in",
              "exists"
            ]
          },
          "Name": {
            "type": "string",
            "description": "Name",
            "compliance_category": "general"
          },
          "Type": {
            "type": "string",
            "description": "Type",
            "compliance_category": "general"
          },
          "Description": {
            "type": "string",
            "description": "Description",
            "compliance_category": "general",
            "format": "date-time"
          },
          "KmsKeyId": {
            "type": "string",
            "description": "Kms key id",
            "compliance_category": "identity",
            "operators": [
              "equals",
              "not_equals",
              "in",
              "exists"
            ]
          },
          "RotationEnabled": {
            "type": "string",
            "description": "Rotation enabled",
            "compliance_category": "general",
            "format": "date-time"
          },
          "RotationLambdaARN": {
            "type": "string",
            "description": "Rotation lambda arn",
            "compliance_category": "identity",
            "operators": [
              "equals",
              "not_equals",
              "contains",
              "in",
              "exists"
            ]
          },
          "RotationRules": {
            "type": "string",
            "description": "Rotation rules",
            "compliance_category": "general",
            "format": "date-time"
          },
          "ExternalSecretRotationMetadata": {
            "type": "string",
            "description": "External secret rotation metadata",
            "compliance_category": "general",
            "format": "date-time"
          },
          "ExternalSecretRotationRoleArn": {
            "type": "string",
            "description": "External secret rotation role arn",
            "compliance_category": "identity",
            "operators": [
              "equals",
              "not_equals",
              "contains",
              "in",
              "exists"
            ]
          },
          "LastRotatedDate": {
            "type": "string",
            "description": "Last rotated date",
            "compliance_category": "general",
            "format": "date-time"
          },
          "LastChangedDate": {
            "type": "string",
            "description": "Last changed date",
            "compliance_category": "general",
            "format": "date-time"
          },
          "LastAccessedDate": {
            "type": "string",
            "description": "Last accessed date",
            "compliance_category": "general",
            "format": "date-time"
          },
          "DeletedDate": {
            "type": "string",
            "description": "Deleted date",
            "compliance_category": "general",
            "format": "date-time"
          },
          "NextRotationDate": {
            "type": "string",
            "description": "Next rotation date",
            "compliance_category": "general",
            "format": "date-time"
          },
          "Tags": {
            "type": "array",
            "description": "Tags",
            "compliance_category": "general",
            "operators": [
              "exists",
              "not_empty",
              "contains"
            ]
          },
          "SecretVersionsToStages": {
            "type": "string",
            "description": "Secret versions to stages",
            "compliance_category": "general",
            "format": "date-time"
          },
          "OwningService": {
            "type": "string",
            "description": "Owning service",
            "compliance_category": "general"
          },
          "CreatedDate": {
            "type": "string",
            "description": "Created date",
            "compliance_category": "general",
            "format": "date-time"
          },
          "PrimaryRegion": {
            "type": "string",
            "description": "Primary region",
            "compliance_category": "general",
            "format": "date-time"
          }
        }
      }
    ],
    "dependent": [
      {
        "operation": "CancelRotateSecret",
        "python_method": "cancel_rotate_secret",
        "yaml_action": "cancel_rotate_secret",
        "required_params": [
          "SecretId"
        ],
        "optional_params": [],
        "total_optional": 0,
        "output_fields": {
          "ARN": {
            "type": "string",
            "description": "ARN details",
            "compliance_category": "identity",
            "operators": [
              "equals",
              "not_equals",
              "contains",
              "in",
              "exists"
            ]
          },
          "Name": {
            "type": "string",
            "description": "Name details",
            "compliance_category": "identity",
            "operators": [
              "equals",
              "not_equals",
              "contains",
              "in",
              "exists"
            ]
          },
          "VersionId": {
            "type": "string",
            "description": "VersionId details",
            "compliance_category": "identity",
            "operators": [
              "equals",
              "not_equals",
              "contains",
              "in",
              "exists"
            ]
          }
        },
        "main_output_field": "ARN",
        "item_fields": []
      },
      {
        "operation": "CreateSecret",
        "python_method": "create_secret",
        "yaml_action": "create_secret",
        "required_params": [
          "Name"
        ],
        "optional_params": [
          "ClientRequestToken",
          "Description",
          "KmsKeyId",
          "SecretBinary",
          "SecretString"
        ],
        "total_optional": 9,
        "output_fields": {
          "ARN": {
            "type": "string",
            "description": "ARN details",
            "compliance_category": "identity",
            "operators": [
              "equals",
              "not_equals",
              "contains",
              "in",
              "exists"
            ]
          },
          "Name": {
            "type": "string",
            "description": "Name details",
            "compliance_category": "identity",
            "operators": [
              "equals",
              "not_equals",
              "contains",
              "in",
              "exists"
            ]
          },
          "VersionId": {
            "type": "string",
            "description": "VersionId details",
            "compliance_category": "identity",
            "operators": [
              "equals",
              "not_equals",
              "contains",
              "in",
              "exists"
            ]
          },
          "ReplicationStatus": {
            "type": "string",
            "description": "ReplicationStatus details",
            "compliance_category": "general",
            "format": "date-time",
            "operators": [
              "equals",
              "not_equals",
              "contains"
            ]
          }
        },
        "main_output_field": "ReplicationStatus",
        "item_fields": {
          "Region": {
            "type": "string",
            "description": "Region",
            "compliance_category": "general",
            "format": "date-time"
          },
          "KmsKeyId": {
            "type": "string",
            "description": "Kms key id",
            "compliance_category": "identity",
            "operators": [
              "equals",
              "not_equals",
              "in",
              "exists"
            ]
          },
          "Status": {
            "type": "string",
            "description": "Status",
            "compliance_category": "general",
            "format": "date-time"
          },
          "StatusMessage": {
            "type": "string",
            "description": "Status message",
            "compliance_category": "general",
            "format": "date-time"
          },
          "LastAccessedDate": {
            "type": "string",
            "description": "Last accessed date",
            "compliance_category": "general",
            "format": "date-time"
          }
        }
      },
      {
        "operation": "DeleteResourcePolicy",
        "python_method": "delete_resource_policy",
        "yaml_action": "delete_resource_policy",
        "required_params": [
          "SecretId"
        ],
        "optional_params": [],
        "total_optional": 0,
        "output_fields": {
          "ARN": {
            "type": "string",
            "description": "ARN details",
            "compliance_category": "identity",
            "operators": [
              "equals",
              "not_equals",
              "contains",
              "in",
              "exists"
            ]
          },
          "Name": {
            "type": "string",
            "description": "Name details",
            "compliance_category": "identity",
            "operators": [
              "equals",
              "not_equals",
              "contains",
              "in",
              "exists"
            ]
          }
        },
        "main_output_field": "ARN",
        "item_fields": []
      },
      {
        "operation": "DeleteSecret",
        "python_method": "delete_secret",
        "yaml_action": "delete_secret",
        "required_params": [
          "SecretId"
        ],
        "optional_params": [
          "RecoveryWindowInDays",
          "ForceDeleteWithoutRecovery"
        ],
        "total_optional": 2,
        "output_fields": {
          "ARN": {
            "type": "string",
            "description": "ARN details",
            "compliance_category": "identity",
            "operators": [
              "equals",
              "not_equals",
              "contains",
              "in",
              "exists"
            ]
          },
          "Name": {
            "type": "string",
            "description": "Name details",
            "compliance_category": "identity",
            "operators": [
              "equals",
              "not_equals",
              "contains",
              "in",
              "exists"
            ]
          },
          "DeletionDate": {
            "type": "string",
            "description": "DeletionDate details",
            "compliance_category": "general",
            "format": "date-time",
            "operators": [
              "equals",
              "not_equals",
              "contains"
            ]
          }
        },
        "main_output_field": "ARN",
        "item_fields": []
      },
      {
        "operation": "DescribeSecret",
        "python_method": "describe_secret",
        "yaml_action": "describe_secret",
        "required_params": [
          "SecretId"
        ],
        "optional_params": [],
        "total_optional": 0,
        "output_fields": {
          "ARN": {
            "type": "string",
            "description": "ARN details",
            "compliance_category": "identity",
            "operators": [
              "equals",
              "not_equals",
              "contains",
              "in",
              "exists"
            ]
          },
          "Name": {
            "type": "string",
            "description": "Name details",
            "compliance_category": "identity",
            "operators": [
              "equals",
              "not_equals",
              "contains",
              "in",
              "exists"
            ]
          },
          "Type": {
            "type": "string",
            "description": "Type details",
            "compliance_category": "general",
            "operators": [
              "equals",
              "not_equals",
              "contains"
            ]
          },
          "Description": {
            "type": "string",
            "description": "Description details",
            "compliance_category": "general",
            "operators": [
              "equals",
              "not_equals",
              "contains"
            ]
          },
          "KmsKeyId": {
            "type": "string",
            "description": "KmsKeyId details",
            "compliance_category": "identity",
            "operators": [
              "equals",
              "not_equals",
              "contains",
              "in",
              "exists"
            ],
            "security_impact": "high"
          },
          "RotationEnabled": {
            "type": "boolean",
            "description": "RotationEnabled details",
            "compliance_category": "general",
            "operators": [
              "equals",
              "not_equals",
              "contains"
            ]
          },
          "RotationLambdaARN": {
            "type": "string",
            "description": "RotationLambdaARN details",
            "compliance_category": "identity",
            "format": "date-time",
            "operators": [
              "equals",
              "not_equals",
              "contains",
              "in",
              "exists"
            ]
          },
          "RotationRules": {
            "type": "string",
            "description": "RotationRules details",
            "compliance_category": "general",
            "format": "date-time",
            "operators": [
              "equals",
              "not_equals",
              "contains"
            ]
          },
          "ExternalSecretRotationMetadata": {
            "type": "string",
            "description": "ExternalSecretRotationMetadata details",
            "compliance_category": "general",
            "format": "date-time",
            "operators": [
              "equals",
              "not_equals",
              "contains"
            ],
            "security_impact": "high"
          },
          "ExternalSecretRotationRoleArn": {
            "type": "string",
            "description": "ExternalSecretRotationRoleArn details",
            "compliance_category": "identity",
            "format": "date-time",
            "operators": [
              "equals",
              "not_equals",
              "contains",
              "in",
              "exists"
            ],
            "security_impact": "high"
          },
          "LastRotatedDate": {
            "type": "string",
            "description": "LastRotatedDate details",
            "compliance_category": "general",
            "format": "date-time",
            "operators": [
              "equals",
              "not_equals",
              "contains"
            ]
          },
          "LastChangedDate": {
            "type": "string",
            "description": "LastChangedDate details",
            "compliance_category": "general",
            "format": "date-time",
            "operators": [
              "equals",
              "not_equals",
              "contains"
            ]
          },
          "LastAccessedDate": {
            "type": "string",
            "description": "LastAccessedDate details",
            "compliance_category": "security",
            "format": "date-time",
            "operators": [
              "equals",
              "not_equals",
              "in",
              "exists"
            ],
            "security_impact": "medium"
          },
          "DeletedDate": {
            "type": "boolean",
            "description": "DeletedDate details",
            "compliance_category": "general",
            "operators": [
              "equals",
              "not_equals",
              "contains"
            ]
          },
          "NextRotationDate": {
            "type": "string",
            "description": "NextRotationDate details",
            "compliance_category": "general",
            "format": "date-time",
            "operators": [
              "equals",
              "not_equals",
              "contains"
            ]
          },
          "Tags": {
            "type": "string",
            "description": "Tags details",
            "compliance_category": "general",
            "operators": [
              "equals",
              "not_equals",
              "contains"
            ]
          },
          "VersionIdsToStages": {
            "type": "string",
            "description": "VersionIdsToStages details",
            "compliance_category": "identity",
            "operators": [
              "equals",
              "not_equals",
              "contains",
              "in",
              "exists"
            ]
          },
          "OwningService": {
            "type": "string",
            "description": "OwningService details",
            "compliance_category": "general",
            "operators": [
              "equals",
              "not_equals",
              "contains"
            ]
          },
          "CreatedDate": {
            "type": "string",
            "description": "CreatedDate details",
            "compliance_category": "general",
            "format": "date-time",
            "operators": [
              "equals",
              "not_equals",
              "contains"
            ]
          },
          "PrimaryRegion": {
            "type": "string",
            "description": "PrimaryRegion details",
            "compliance_category": "general",
            "operators": [
              "equals",
              "not_equals",
              "contains"
            ]
          },
          "ReplicationStatus": {
            "type": "string",
            "description": "ReplicationStatus details",
            "compliance_category": "general",
            "format": "date-time",
            "operators": [
              "equals",
              "not_equals",
              "contains"
            ]
          }
        },
        "main_output_field": "ExternalSecretRotationMetadata",
        "item_fields": {
          "Key": {
            "type": "string",
            "description": "Key",
            "compliance_category": "security",
            "security_impact": "high"
          },
          "Value": {
            "type": "string",
            "description": "Value",
            "compliance_category": "general"
          }
        }
      },
      {
        "operation": "GetResourcePolicy",
        "python_method": "get_resource_policy",
        "yaml_action": "get_resource_policy",
        "required_params": [
          "SecretId"
        ],
        "optional_params": [],
        "total_optional": 0,
        "output_fields": {
          "ARN": {
            "type": "string",
            "description": "ARN details",
            "compliance_category": "identity",
            "operators": [
              "equals",
              "not_equals",
              "contains",
              "in",
              "exists"
            ]
          },
          "Name": {
            "type": "string",
            "description": "Name details",
            "compliance_category": "identity",
            "operators": [
              "equals",
              "not_equals",
              "contains",
              "in",
              "exists"
            ]
          },
          "ResourcePolicy": {
            "type": "string",
            "description": "ResourcePolicy details",
            "compliance_category": "security",
            "operators": [
              "equals",
              "not_equals",
              "in",
              "exists"
            ]
          }
        },
        "main_output_field": "ARN",
        "item_fields": []
      },
      {
        "operation": "GetSecretValue",
        "python_method": "get_secret_value",
        "yaml_action": "get_secret_value",
        "required_params": [
          "SecretId"
        ],
        "optional_params": [
          "VersionId",
          "VersionStage"
        ],
        "total_optional": 2,
        "output_fields": {
          "ARN": {
            "type": "string",
            "description": "ARN details",
            "compliance_category": "identity",
            "operators": [
              "equals",
              "not_equals",
              "contains",
              "in",
              "exists"
            ]
          },
          "Name": {
            "type": "string",
            "description": "Name details",
            "compliance_category": "identity",
            "operators": [
              "equals",
              "not_equals",
              "contains",
              "in",
              "exists"
            ]
          },
          "VersionId": {
            "type": "string",
            "description": "VersionId details",
            "compliance_category": "identity",
            "operators": [
              "equals",
              "not_equals",
              "contains",
              "in",
              "exists"
            ]
          },
          "SecretBinary": {
            "type": "string",
            "description": "SecretBinary details",
            "compliance_category": "general",
            "operators": [
              "equals",
              "not_equals",
              "contains"
            ],
            "security_impact": "high"
          },
          "SecretString": {
            "type": "string",
            "description": "SecretString details",
            "compliance_category": "general",
            "operators": [
              "equals",
              "not_equals",
              "contains"
            ],
            "security_impact": "high"
          },
          "VersionStages": {
            "type": "string",
            "description": "VersionStages details",
            "compliance_category": "general",
            "operators": [
              "equals",
              "not_equals",
              "contains"
            ]
          },
          "CreatedDate": {
            "type": "string",
            "description": "CreatedDate details",
            "compliance_category": "general",
            "format": "date-time",
            "operators": [
              "equals",
              "not_equals",
              "contains"
            ]
          }
        },
        "main_output_field": "VersionStages",
        "item_fields": []
      },
      {
        "operation": "ListSecretVersionIds",
        "python_method": "list_secret_version_ids",
        "yaml_action": "list_secret_version_ids",
        "required_params": [
          "SecretId"
        ],
        "optional_params": [
          "MaxResults",
          "NextToken",
          "IncludeDeprecated"
        ],
        "total_optional": 3,
        "output_fields": {
          "Versions": {
            "type": "string",
            "description": "Versions details",
            "compliance_category": "general",
            "operators": [
              "equals",
              "not_equals",
              "contains"
            ]
          },
          "NextToken": {
            "type": "string",
            "description": "NextToken details",
            "compliance_category": "general",
            "operators": [
              "equals",
              "not_equals",
              "contains"
            ],
            "security_impact": "high"
          },
          "ARN": {
            "type": "string",
            "description": "ARN details",
            "compliance_category": "identity",
            "operators": [
              "equals",
              "not_equals",
              "contains",
              "in",
              "exists"
            ]
          },
          "Name": {
            "type": "string",
            "description": "Name details",
            "compliance_category": "identity",
            "operators": [
              "equals",
              "not_equals",
              "contains",
              "in",
              "exists"
            ]
          }
        },
        "main_output_field": "Versions",
        "item_fields": {
          "VersionId": {
            "type": "string",
            "description": "Version id",
            "compliance_category": "identity",
            "operators": [
              "equals",
              "not_equals",
              "in",
              "exists"
            ]
          },
          "VersionStages": {
            "type": "string",
            "description": "Version stages",
            "compliance_category": "general",
            "format": "date-time"
          },
          "LastAccessedDate": {
            "type": "string",
            "description": "Last accessed date",
            "compliance_category": "general",
            "format": "date-time"
          },
          "CreatedDate": {
            "type": "string",
            "description": "Created date",
            "compliance_category": "general",
            "format": "date-time"
          },
          "KmsKeyIds": {
            "type": "string",
            "description": "Kms key ids",
            "compliance_category": "identity",
            "operators": [
              "equals",
              "not_equals",
              "in",
              "exists"
            ]
          }
        }
      },
      {
        "operation": "PutResourcePolicy",
        "python_method": "put_resource_policy",
        "yaml_action": "put_resource_policy",
        "required_params": [
          "SecretId",
          "ResourcePolicy"
        ],
        "optional_params": [
          "BlockPublicPolicy"
        ],
        "total_optional": 1,
        "output_fields": {
          "ARN": {
            "type": "string",
            "description": "ARN details",
            "compliance_category": "identity",
            "operators": [
              "equals",
              "not_equals",
              "contains",
              "in",
              "exists"
            ]
          },
          "Name": {
            "type": "string",
            "description": "Name details",
            "compliance_category": "identity",
            "operators": [
              "equals",
              "not_equals",
              "contains",
              "in",
              "exists"
            ]
          }
        },
        "main_output_field": "ARN",
        "item_fields": []
      },
      {
        "operation": "PutSecretValue",
        "python_method": "put_secret_value",
        "yaml_action": "put_secret_value",
        "required_params": [
          "SecretId"
        ],
        "optional_params": [
          "ClientRequestToken",
          "SecretBinary",
          "SecretString",
          "VersionStages",
          "RotationToken"
        ],
        "total_optional": 5,
        "output_fields": {
          "ARN": {
            "type": "string",
            "description": "ARN details",
            "compliance_category": "identity",
            "operators": [
              "equals",
              "not_equals",
              "contains",
              "in",
              "exists"
            ]
          },
          "Name": {
            "type": "string",
            "description": "Name details",
            "compliance_category": "identity",
            "operators": [
              "equals",
              "not_equals",
              "contains",
              "in",
              "exists"
            ]
          },
          "VersionId": {
            "type": "string",
            "description": "VersionId details",
            "compliance_category": "identity",
            "operators": [
              "equals",
              "not_equals",
              "contains",
              "in",
              "exists"
            ]
          },
          "VersionStages": {
            "type": "string",
            "description": "VersionStages details",
            "compliance_category": "general",
            "operators": [
              "equals",
              "not_equals",
              "contains"
            ]
          }
        },
        "main_output_field": "VersionStages",
        "item_fields": []
      },
      {
        "operation": "RemoveRegionsFromReplication",
        "python_method": "remove_regions_from_replication",
        "yaml_action": "remove_regions_from_replication",
        "required_params": [
          "SecretId",
          "RemoveReplicaRegions"
        ],
        "optional_params": [],
        "total_optional": 0,
        "output_fields": {
          "ARN": {
            "type": "string",
            "description": "ARN details",
            "compliance_category": "identity",
            "operators": [
              "equals",
              "not_equals",
              "contains",
              "in",
              "exists"
            ]
          },
          "ReplicationStatus": {
            "type": "string",
            "description": "ReplicationStatus details",
            "compliance_category": "general",
            "format": "date-time",
            "operators": [
              "equals",
              "not_equals",
              "contains"
            ]
          }
        },
        "main_output_field": "ReplicationStatus",
        "item_fields": {
          "Region": {
            "type": "string",
            "description": "Region",
            "compliance_category": "general",
            "format": "date-time"
          },
          "KmsKeyId": {
            "type": "string",
            "description": "Kms key id",
            "compliance_category": "identity",
            "operators": [
              "equals",
              "not_equals",
              "in",
              "exists"
            ]
          },
          "Status": {
            "type": "string",
            "description": "Status",
            "compliance_category": "general",
            "format": "date-time"
          },
          "StatusMessage": {
            "type": "string",
            "description": "Status message",
            "compliance_category": "general",
            "format": "date-time"
          },
          "LastAccessedDate": {
            "type": "string",
            "description": "Last accessed date",
            "compliance_category": "general",
            "format": "date-time"
          }
        }
      },
      {
        "operation": "ReplicateSecretToRegions",
        "python_method": "replicate_secret_to_regions",
        "yaml_action": "replicate_secret_to_regions",
        "required_params": [
          "SecretId",
          "AddReplicaRegions"
        ],
        "optional_params": [
          "ForceOverwriteReplicaSecret"
        ],
        "total_optional": 1,
        "output_fields": {
          "ARN": {
            "type": "string",
            "description": "ARN details",
            "compliance_category": "identity",
            "operators": [
              "equals",
              "not_equals",
              "contains",
              "in",
              "exists"
            ]
          },
          "ReplicationStatus": {
            "type": "string",
            "description": "ReplicationStatus details",
            "compliance_category": "general",
            "format": "date-time",
            "operators": [
              "equals",
              "not_equals",
              "contains"
            ]
          }
        },
        "main_output_field": "ReplicationStatus",
        "item_fields": {
          "Region": {
            "type": "string",
            "description": "Region",
            "compliance_category": "general",
            "format": "date-time"
          },
          "KmsKeyId": {
            "type": "string",
            "description": "Kms key id",
            "compliance_category": "identity",
            "operators": [
              "equals",
              "not_equals",
              "in",
              "exists"
            ]
          },
          "Status": {
            "type": "string",
            "description": "Status",
            "compliance_category": "general",
            "format": "date-time"
          },
          "StatusMessage": {
            "type": "string",
            "description": "Status message",
            "compliance_category": "general",
            "format": "date-time"
          },
          "LastAccessedDate": {
            "type": "string",
            "description": "Last accessed date",
            "compliance_category": "general",
            "format": "date-time"
          }
        }
      },
      {
        "operation": "RestoreSecret",
        "python_method": "restore_secret",
        "yaml_action": "restore_secret",
        "required_params": [
          "SecretId"
        ],
        "optional_params": [],
        "total_optional": 0,
        "output_fields": {
          "ARN": {
            "type": "string",
            "description": "ARN details",
            "compliance_category": "identity",
            "operators": [
              "equals",
              "not_equals",
              "contains",
              "in",
              "exists"
            ]
          },
          "Name": {
            "type": "string",
            "description": "Name details",
            "compliance_category": "identity",
            "operators": [
              "equals",
              "not_equals",
              "contains",
              "in",
              "exists"
            ]
          }
        },
        "main_output_field": "ARN",
        "item_fields": []
      },
      {
        "operation": "RotateSecret",
        "python_method": "rotate_secret",
        "yaml_action": "rotate_secret",
        "required_params": [
          "SecretId"
        ],
        "optional_params": [
          "ClientRequestToken",
          "RotationLambdaARN",
          "RotationRules",
          "ExternalSecretRotationMetadata",
          "ExternalSecretRotationRoleArn"
        ],
        "total_optional": 6,
        "output_fields": {
          "ARN": {
            "type": "string",
            "description": "ARN details",
            "compliance_category": "identity",
            "operators": [
              "equals",
              "not_equals",
              "contains",
              "in",
              "exists"
            ]
          },
          "Name": {
            "type": "string",
            "description": "Name details",
            "compliance_category": "identity",
            "operators": [
              "equals",
              "not_equals",
              "contains",
              "in",
              "exists"
            ]
          },
          "VersionId": {
            "type": "string",
            "description": "VersionId details",
            "compliance_category": "identity",
            "operators": [
              "equals",
              "not_equals",
              "contains",
              "in",
              "exists"
            ]
          }
        },
        "main_output_field": "ARN",
        "item_fields": []
      },
      {
        "operation": "StopReplicationToReplica",
        "python_method": "stop_replication_to_replica",
        "yaml_action": "stop_replication_to_replica",
        "required_params": [
          "SecretId"
        ],
        "optional_params": [],
        "total_optional": 0,
        "output_fields": {
          "ARN": {
            "type": "string",
            "description": "ARN details",
            "compliance_category": "identity",
            "operators": [
              "equals",
              "not_equals",
              "contains",
              "in",
              "exists"
            ]
          }
        },
        "main_output_field": "ARN",
        "item_fields": []
      },
      {
        "operation": "TagResource",
        "python_method": "tag_resource",
        "yaml_action": "tag_resource",
        "required_params": [
          "SecretId",
          "Tags"
        ],
        "optional_params": [],
        "total_optional": 0,
        "output_fields": {},
        "main_output_field": null,
        "item_fields": []
      },
      {
        "operation": "UntagResource",
        "python_method": "untag_resource",
        "yaml_action": "untag_resource",
        "required_params": [
          "SecretId",
          "TagKeys"
        ],
        "optional_params": [],
        "total_optional": 0,
        "output_fields": {},
        "main_output_field": null,
        "item_fields": []
      },
      {
        "operation": "UpdateSecret",
        "python_method": "update_secret",
        "yaml_action": "update_secret",
        "required_params": [
          "SecretId"
        ],
        "optional_params": [
          "ClientRequestToken",
          "Description",
          "KmsKeyId",
          "SecretBinary",
          "SecretString"
        ],
        "total_optional": 6,
        "output_fields": {
          "ARN": {
            "type": "string",
            "description": "ARN details",
            "compliance_category": "identity",
            "operators": [
              "equals",
              "not_equals",
              "contains",
              "in",
              "exists"
            ]
          },
          "Name": {
            "type": "string",
            "description": "Name details",
            "compliance_category": "identity",
            "operators": [
              "equals",
              "not_equals",
              "contains",
              "in",
              "exists"
            ]
          },
          "VersionId": {
            "type": "string",
            "description": "VersionId details",
            "compliance_category": "identity",
            "operators": [
              "equals",
              "not_equals",
              "contains",
              "in",
              "exists"
            ]
          }
        },
        "main_output_field": "ARN",
        "item_fields": []
      },
      {
        "operation": "UpdateSecretVersionStage",
        "python_method": "update_secret_version_stage",
        "yaml_action": "update_secret_version_stage",
        "required_params": [
          "SecretId",
          "VersionStage"
        ],
        "optional_params": [
          "RemoveFromVersionId",
          "MoveToVersionId"
        ],
        "total_optional": 2,
        "output_fields": {
          "ARN": {
            "type": "string",
            "description": "ARN details",
            "compliance_category": "identity",
            "operators": [
              "equals",
              "not_equals",
              "contains",
              "in",
              "exists"
            ]
          },
          "Name": {
            "type": "string",
            "description": "Name details",
            "compliance_category": "identity",
            "operators": [
              "equals",
              "not_equals",
              "contains",
              "in",
              "exists"
            ]
          }
        },
        "main_output_field": "ARN",
        "item_fields": []
      },
      {
        "operation": "ValidateResourcePolicy",
        "python_method": "validate_resource_policy",
        "yaml_action": "validate_resource_policy",
        "required_params": [
          "ResourcePolicy"
        ],
        "optional_params": [
          "SecretId"
        ],
        "total_optional": 1,
        "output_fields": {
          "PolicyValidationPassed": {
            "type": "string",
            "description": "PolicyValidationPassed details",
            "compliance_category": "identity",
            "format": "date-time",
            "operators": [
              "equals",
              "not_equals",
              "contains",
              "in",
              "exists"
            ]
          },
          "ValidationErrors": {
            "type": "string",
            "description": "ValidationErrors details",
            "compliance_category": "identity",
            "format": "date-time",
            "operators": [
              "equals",
              "not_equals",
              "contains",
              "in",
              "exists"
            ]
          }
        },
        "main_output_field": "ValidationErrors",
        "item_fields": {
          "CheckName": {
            "type": "string",
            "description": "Check name",
            "compliance_category": "general"
          },
          "ErrorMessage": {
            "type": "string",
            "description": "Error message",
            "compliance_category": "general"
          }
        }
      }
    ],
    "independent_count": 3,
    "dependent_count": 20
  }
}