{
  "service": "secretsmanager",
  "fixes": [
    {
      "rule_id": "BatchGetSecretValue.SecretValues.ARN",
      "suggested_check": {
        "var": "ARN",
        "op": "equals",
        "value": "true",
        "derived": null,
        "derive_key": null
      },
      "suggested_aliases": {
        "entity_aliases": {
          "secret_value_arn": "secret_valu_arn"
        },
        "param_aliases": {}
      },
      "confidence": 0.9,
      "reason": "The ARN directly corresponds to the secret value ARN."
    },
    {
      "rule_id": "ListSecrets.SecretList[].ARN",
      "suggested_check": {
        "var": "ARN",
        "op": "equals",
        "value": "true",
        "derived": null,
        "derive_key": null
      },
      "suggested_aliases": {
        "entity_aliases": {
          "secret_arn": "secret_arn"
        },
        "param_aliases": {}
      },
      "confidence": 0.9,
      "reason": "The ARN directly corresponds to the secret ARN."
    },
    {
      "rule_id": "CancelRotateSecret.ARN",
      "suggested_check": {
        "var": "ARN",
        "op": "equals",
        "value": "true",
        "derived": null,
        "derive_key": null
      },
      "suggested_aliases": {
        "entity_aliases": {
          "secret_arn": "secret_arn"
        },
        "param_aliases": {}
      },
      "confidence": 0.9,
      "reason": "The ARN directly corresponds to the secret ARN."
    },
    {
      "rule_id": "CreateSecret.ARN",
      "suggested_check": {
        "var": "ARN",
        "op": "equals",
        "value": "true",
        "derived": null,
        "derive_key": null
      },
      "suggested_aliases": {
        "entity_aliases": {
          "secret_arn": "secret_arn"
        },
        "param_aliases": {}
      },
      "confidence": 0.9,
      "reason": "The ARN directly corresponds to the secret ARN."
    },
    {
      "rule_id": "DeleteSecret.ARN",
      "suggested_check": {
        "var": "ARN",
        "op": "equals",
        "value": "true",
        "derived": null,
        "derive_key": null
      },
      "suggested_aliases": {
        "entity_aliases": {
          "secret_arn": "secret_arn"
        },
        "param_aliases": {}
      },
      "confidence": 0.9,
      "reason": "The ARN directly corresponds to the secret ARN."
    },
    {
      "rule_id": "DescribeSecret.ARN",
      "suggested_check": {
        "var": "ARN",
        "op": "equals",
        "value": "true",
        "derived": null,
        "derive_key": null
      },
      "suggested_aliases": {
        "entity_aliases": {
          "secret_arn": "secret_arn"
        },
        "param_aliases": {}
      },
      "confidence": 0.9,
      "reason": "The ARN directly corresponds to the secret ARN."
    },
    {
      "rule_id": "GetSecretValue.ARN",
      "suggested_check": {
        "var": "ARN",
        "op": "equals",
        "value": "true",
        "derived": null,
        "derive_key": null
      },
      "suggested_aliases": {
        "entity_aliases": {
          "secret_value_arn": "secret_value_arn"
        },
        "param_aliases": {}
      },
      "confidence": 0.9,
      "reason": "The ARN directly corresponds to the secret value ARN."
    },
    {
      "rule_id": "ListSecretVersionIds.ARN",
      "suggested_check": {
        "var": "ARN",
        "op": "equals",
        "value": "true",
        "derived": null,
        "derive_key": null
      },
      "suggested_aliases": {
        "entity_aliases": {
          "secret_version_id_arn": "secret_version_id_arn"
        },
        "param_aliases": {}
      },
      "confidence": 0.9,
      "reason": "The ARN directly corresponds to the secret version ID ARN."
    },
    {
      "type": "llm_fix",
      "original": "1",
      "fix": {
        "var": "ARN",
        "op": "equals",
        "value": "true",
        "derived": null,
        "derive_key": null
      },
      "confidence": 1.0,
      "reason": "The ARN directly corresponds to the secret ARN and is used in multiple contexts.",
      "aliases": {
        "entity_aliases": {
          "alias": "secretsmanager.secret_arn"
        },
        "param_aliases": {
          "param": [
            "secretsmanager.secret_value_arn",
            "secretsmanager.resource_policy_arn",
            "secretsmanager.secret_version_id_arn"
          ]
        }
      }
    }
  ],
  "summary": {
    "total_fixes": 9,
    "remaining_unresolved": 36
  }
}