{
  "service": "secretsmanager",
  "issues": {
    "generic_entities": {},
    "ambiguous_tokens": {
      "arn": [
        {
          "mapping": "BatchGetSecretValue.SecretValues.ARN -> secretsmanager.secret_valu_arn",
          "evidence": "BatchGetSecretValue.SecretValues.ARN",
          "entity": "secretsmanager.secret_valu_arn"
        },
        {
          "mapping": "ListSecrets.SecretList[].ARN -> secretsmanager.secret_arn",
          "evidence": "ListSecrets.SecretList[].ARN",
          "entity": "secretsmanager.secret_arn"
        },
        {
          "mapping": "CancelRotateSecret.ARN -> secretsmanager.secret_arn",
          "evidence": "CancelRotateSecret.ARN",
          "entity": "secretsmanager.secret_arn"
        },
        {
          "mapping": "CreateSecret.ARN -> secretsmanager.secret_arn",
          "evidence": "CreateSecret.ARN",
          "entity": "secretsmanager.secret_arn"
        },
        {
          "mapping": "DeleteResourcePolicy.ARN -> secretsmanager.resource_policy_arn",
          "evidence": "DeleteResourcePolicy.ARN",
          "entity": "secretsmanager.resource_policy_arn"
        },
        {
          "mapping": "DeleteSecret.ARN -> secretsmanager.secret_arn",
          "evidence": "DeleteSecret.ARN",
          "entity": "secretsmanager.secret_arn"
        },
        {
          "mapping": "DescribeSecret.ARN -> secretsmanager.secret_arn",
          "evidence": "DescribeSecret.ARN",
          "entity": "secretsmanager.secret_arn"
        },
        {
          "mapping": "GetResourcePolicy.ARN -> secretsmanager.resource_policy_arn",
          "evidence": "GetResourcePolicy.ARN",
          "entity": "secretsmanager.resource_policy_arn"
        },
        {
          "mapping": "GetSecretValue.ARN -> secretsmanager.secret_value_arn",
          "evidence": "GetSecretValue.ARN",
          "entity": "secretsmanager.secret_value_arn"
        },
        {
          "mapping": "ListSecretVersionIds.ARN -> secretsmanager.secret_version_id_arn",
          "evidence": "ListSecretVersionIds.ARN",
          "entity": "secretsmanager.secret_version_id_arn"
        },
        {
          "mapping": "PutResourcePolicy.ARN -> secretsmanager.resource_policy_arn",
          "evidence": "PutResourcePolicy.ARN",
          "entity": "secretsmanager.resource_policy_arn"
        },
        {
          "mapping": "PutSecretValue.ARN -> secretsmanager.secret_value_arn",
          "evidence": "PutSecretValue.ARN",
          "entity": "secretsmanager.secret_value_arn"
        },
        {
          "mapping": "RemoveRegionsFromReplication.ARN -> secretsmanager.regions_from_replication_arn",
          "evidence": "RemoveRegionsFromReplication.ARN",
          "entity": "secretsmanager.regions_from_replication_arn"
        },
        {
          "mapping": "ReplicateSecretToRegions.ARN -> secretsmanager.replicate_secret_to_region_arn",
          "evidence": "ReplicateSecretToRegions.ARN",
          "entity": "secretsmanager.replicate_secret_to_region_arn"
        },
        {
          "mapping": "RestoreSecret.ARN -> secretsmanager.secret_arn",
          "evidence": "RestoreSecret.ARN",
          "entity": "secretsmanager.secret_arn"
        },
        {
          "mapping": "RotateSecret.ARN -> secretsmanager.secret_arn",
          "evidence": "RotateSecret.ARN",
          "entity": "secretsmanager.secret_arn"
        },
        {
          "mapping": "StopReplicationToReplica.ARN -> secretsmanager.replication_to_replica_arn",
          "evidence": "StopReplicationToReplica.ARN",
          "entity": "secretsmanager.replication_to_replica_arn"
        },
        {
          "mapping": "UpdateSecret.ARN -> secretsmanager.secret_arn",
          "evidence": "UpdateSecret.ARN",
          "entity": "secretsmanager.secret_arn"
        },
        {
          "mapping": "UpdateSecretVersionStage.ARN -> secretsmanager.secret_version_stage_arn",
          "evidence": "UpdateSecretVersionStage.ARN",
          "entity": "secretsmanager.secret_version_stage_arn"
        }
      ],
      "name": [
        {
          "mapping": "BatchGetSecretValue.SecretValues.Name -> secretsmanager.secret_valu_name",
          "evidence": "BatchGetSecretValue.SecretValues.Name",
          "entity": "secretsmanager.secret_valu_name"
        },
        {
          "mapping": "ListSecrets.SecretList[].Name -> secretsmanager.secret_name",
          "evidence": "ListSecrets.SecretList[].Name",
          "entity": "secretsmanager.secret_name"
        },
        {
          "mapping": "CancelRotateSecret.Name -> secretsmanager.secret_name",
          "evidence": "CancelRotateSecret.Name",
          "entity": "secretsmanager.secret_name"
        },
        {
          "mapping": "CreateSecret.Name -> secretsmanager.replication_statu_name",
          "evidence": "CreateSecret.Name",
          "entity": "secretsmanager.replication_statu_name"
        },
        {
          "mapping": "CreateSecret.Name -> secretsmanager.secret_name",
          "evidence": "CreateSecret.Name",
          "entity": "secretsmanager.secret_name"
        },
        {
          "mapping": "DeleteResourcePolicy.Name -> secretsmanager.resource_policy_name",
          "evidence": "DeleteResourcePolicy.Name",
          "entity": "secretsmanager.resource_policy_name"
        },
        {
          "mapping": "DeleteSecret.Name -> secretsmanager.secret_name",
          "evidence": "DeleteSecret.Name",
          "entity": "secretsmanager.secret_name"
        },
        {
          "mapping": "DescribeSecret.Name -> secretsmanager.secret_name",
          "evidence": "DescribeSecret.Name",
          "entity": "secretsmanager.secret_name"
        },
        {
          "mapping": "GetResourcePolicy.Name -> secretsmanager.resource_policy_name",
          "evidence": "GetResourcePolicy.Name",
          "entity": "secretsmanager.resource_policy_name"
        },
        {
          "mapping": "GetSecretValue.Name -> secretsmanager.secret_value_name",
          "evidence": "GetSecretValue.Name",
          "entity": "secretsmanager.secret_value_name"
        },
        {
          "mapping": "ListSecretVersionIds.Name -> secretsmanager.secret_version_id_name",
          "evidence": "ListSecretVersionIds.Name",
          "entity": "secretsmanager.secret_version_id_name"
        },
        {
          "mapping": "PutResourcePolicy.Name -> secretsmanager.resource_policy_name",
          "evidence": "PutResourcePolicy.Name",
          "entity": "secretsmanager.resource_policy_name"
        },
        {
          "mapping": "PutSecretValue.Name -> secretsmanager.secret_value_name",
          "evidence": "PutSecretValue.Name",
          "entity": "secretsmanager.secret_value_name"
        },
        {
          "mapping": "RestoreSecret.Name -> secretsmanager.secret_name",
          "evidence": "RestoreSecret.Name",
          "entity": "secretsmanager.secret_name"
        },
        {
          "mapping": "RotateSecret.Name -> secretsmanager.secret_name",
          "evidence": "RotateSecret.Name",
          "entity": "secretsmanager.secret_name"
        },
        {
          "mapping": "UpdateSecret.Name -> secretsmanager.secret_name",
          "evidence": "UpdateSecret.Name",
          "entity": "secretsmanager.secret_name"
        },
        {
          "mapping": "UpdateSecretVersionStage.Name -> secretsmanager.secret_version_stage_name",
          "evidence": "UpdateSecretVersionStage.Name",
          "entity": "secretsmanager.secret_version_stage_name"
        }
      ]
    },
    "unresolved_consumes": [],
    "suspicious_paths": []
  },
  "alias_candidates_not_applied": [],
  "suggested_overrides": [
    {
      "operation": "CancelRotateSecret",
      "type": "produces",
      "key": "VersionId",
      "suggested_entity": "secretsmanager.secret_id",
      "confidence": "MEDIUM",
      "reason": "Param 'SecretId' and output field 'VersionId' match but map to different entities. Suggest unifying to consume entity."
    },
    {
      "operation": "CreateSecret",
      "type": "produces",
      "key": "Name",
      "suggested_entity": "secretsmanager.replication_statu_name",
      "confidence": "MEDIUM",
      "reason": "Param 'Name' and output field 'Name' match but map to different entities. Suggest unifying to consume entity."
    },
    {
      "operation": "DescribeSecret",
      "type": "produces",
      "key": "KmsKeyId",
      "suggested_entity": "secretsmanager.secret_id",
      "confidence": "MEDIUM",
      "reason": "Param 'SecretId' and output field 'KmsKeyId' match but map to different entities. Suggest unifying to consume entity."
    },
    {
      "operation": "GetSecretValue",
      "type": "produces",
      "key": "VersionId",
      "suggested_entity": "secretsmanager.secret_id",
      "confidence": "MEDIUM",
      "reason": "Param 'SecretId' and output field 'VersionId' match but map to different entities. Suggest unifying to consume entity."
    },
    {
      "operation": "ListSecretVersionIds",
      "type": "produces",
      "key": "Versions[].VersionId",
      "suggested_entity": "secretsmanager.secret_id",
      "confidence": "MEDIUM",
      "reason": "Param 'SecretId' and output field 'VersionId' match but map to different entities. Suggest unifying to consume entity."
    },
    {
      "operation": "PutSecretValue",
      "type": "produces",
      "key": "VersionId",
      "suggested_entity": "secretsmanager.secret_id",
      "confidence": "MEDIUM",
      "reason": "Param 'SecretId' and output field 'VersionId' match but map to different entities. Suggest unifying to consume entity."
    },
    {
      "operation": "RemoveRegionsFromReplication",
      "type": "produces",
      "key": "ReplicationStatus.KmsKeyId",
      "suggested_entity": "secretsmanager.secret_id",
      "confidence": "MEDIUM",
      "reason": "Param 'SecretId' and output field 'KmsKeyId' match but map to different entities. Suggest unifying to consume entity."
    },
    {
      "operation": "ReplicateSecretToRegions",
      "type": "produces",
      "key": "ReplicationStatus.KmsKeyId",
      "suggested_entity": "secretsmanager.secret_id",
      "confidence": "MEDIUM",
      "reason": "Param 'SecretId' and output field 'KmsKeyId' match but map to different entities. Suggest unifying to consume entity."
    },
    {
      "operation": "RotateSecret",
      "type": "produces",
      "key": "VersionId",
      "suggested_entity": "secretsmanager.secret_id",
      "confidence": "MEDIUM",
      "reason": "Param 'SecretId' and output field 'VersionId' match but map to different entities. Suggest unifying to consume entity."
    },
    {
      "operation": "UpdateSecret",
      "type": "produces",
      "key": "VersionId",
      "suggested_entity": "secretsmanager.secret_id",
      "confidence": "MEDIUM",
      "reason": "Param 'SecretId' and output field 'VersionId' match but map to different entities. Suggest unifying to consume entity."
    }
  ],
  "unresolved_items": [
    {
      "mapping": "BatchGetSecretValue.SecretValues.ARN -> secretsmanager.secret_valu_arn",
      "evidence": "BatchGetSecretValue.SecretValues.ARN",
      "entity": "secretsmanager.secret_valu_arn"
    },
    {
      "mapping": "ListSecrets.SecretList[].ARN -> secretsmanager.secret_arn",
      "evidence": "ListSecrets.SecretList[].ARN",
      "entity": "secretsmanager.secret_arn"
    },
    {
      "mapping": "CancelRotateSecret.ARN -> secretsmanager.secret_arn",
      "evidence": "CancelRotateSecret.ARN",
      "entity": "secretsmanager.secret_arn"
    },
    {
      "mapping": "CreateSecret.ARN -> secretsmanager.secret_arn",
      "evidence": "CreateSecret.ARN",
      "entity": "secretsmanager.secret_arn"
    },
    {
      "mapping": "DeleteResourcePolicy.ARN -> secretsmanager.resource_policy_arn",
      "evidence": "DeleteResourcePolicy.ARN",
      "entity": "secretsmanager.resource_policy_arn"
    },
    {
      "mapping": "DeleteSecret.ARN -> secretsmanager.secret_arn",
      "evidence": "DeleteSecret.ARN",
      "entity": "secretsmanager.secret_arn"
    },
    {
      "mapping": "DescribeSecret.ARN -> secretsmanager.secret_arn",
      "evidence": "DescribeSecret.ARN",
      "entity": "secretsmanager.secret_arn"
    },
    {
      "mapping": "GetResourcePolicy.ARN -> secretsmanager.resource_policy_arn",
      "evidence": "GetResourcePolicy.ARN",
      "entity": "secretsmanager.resource_policy_arn"
    },
    {
      "mapping": "GetSecretValue.ARN -> secretsmanager.secret_value_arn",
      "evidence": "GetSecretValue.ARN",
      "entity": "secretsmanager.secret_value_arn"
    },
    {
      "mapping": "ListSecretVersionIds.ARN -> secretsmanager.secret_version_id_arn",
      "evidence": "ListSecretVersionIds.ARN",
      "entity": "secretsmanager.secret_version_id_arn"
    },
    {
      "mapping": "PutResourcePolicy.ARN -> secretsmanager.resource_policy_arn",
      "evidence": "PutResourcePolicy.ARN",
      "entity": "secretsmanager.resource_policy_arn"
    },
    {
      "mapping": "PutSecretValue.ARN -> secretsmanager.secret_value_arn",
      "evidence": "PutSecretValue.ARN",
      "entity": "secretsmanager.secret_value_arn"
    },
    {
      "mapping": "RemoveRegionsFromReplication.ARN -> secretsmanager.regions_from_replication_arn",
      "evidence": "RemoveRegionsFromReplication.ARN",
      "entity": "secretsmanager.regions_from_replication_arn"
    },
    {
      "mapping": "ReplicateSecretToRegions.ARN -> secretsmanager.replicate_secret_to_region_arn",
      "evidence": "ReplicateSecretToRegions.ARN",
      "entity": "secretsmanager.replicate_secret_to_region_arn"
    },
    {
      "mapping": "RestoreSecret.ARN -> secretsmanager.secret_arn",
      "evidence": "RestoreSecret.ARN",
      "entity": "secretsmanager.secret_arn"
    },
    {
      "mapping": "RotateSecret.ARN -> secretsmanager.secret_arn",
      "evidence": "RotateSecret.ARN",
      "entity": "secretsmanager.secret_arn"
    },
    {
      "mapping": "StopReplicationToReplica.ARN -> secretsmanager.replication_to_replica_arn",
      "evidence": "StopReplicationToReplica.ARN",
      "entity": "secretsmanager.replication_to_replica_arn"
    },
    {
      "mapping": "UpdateSecret.ARN -> secretsmanager.secret_arn",
      "evidence": "UpdateSecret.ARN",
      "entity": "secretsmanager.secret_arn"
    },
    {
      "mapping": "UpdateSecretVersionStage.ARN -> secretsmanager.secret_version_stage_arn",
      "evidence": "UpdateSecretVersionStage.ARN",
      "entity": "secretsmanager.secret_version_stage_arn"
    },
    {
      "mapping": "BatchGetSecretValue.SecretValues.Name -> secretsmanager.secret_valu_name",
      "evidence": "BatchGetSecretValue.SecretValues.Name",
      "entity": "secretsmanager.secret_valu_name"
    },
    {
      "mapping": "ListSecrets.SecretList[].Name -> secretsmanager.secret_name",
      "evidence": "ListSecrets.SecretList[].Name",
      "entity": "secretsmanager.secret_name"
    },
    {
      "mapping": "CancelRotateSecret.Name -> secretsmanager.secret_name",
      "evidence": "CancelRotateSecret.Name",
      "entity": "secretsmanager.secret_name"
    },
    {
      "mapping": "CreateSecret.Name -> secretsmanager.replication_statu_name",
      "evidence": "CreateSecret.Name",
      "entity": "secretsmanager.replication_statu_name"
    },
    {
      "mapping": "CreateSecret.Name -> secretsmanager.secret_name",
      "evidence": "CreateSecret.Name",
      "entity": "secretsmanager.secret_name"
    },
    {
      "mapping": "DeleteResourcePolicy.Name -> secretsmanager.resource_policy_name",
      "evidence": "DeleteResourcePolicy.Name",
      "entity": "secretsmanager.resource_policy_name"
    },
    {
      "mapping": "DeleteSecret.Name -> secretsmanager.secret_name",
      "evidence": "DeleteSecret.Name",
      "entity": "secretsmanager.secret_name"
    },
    {
      "mapping": "DescribeSecret.Name -> secretsmanager.secret_name",
      "evidence": "DescribeSecret.Name",
      "entity": "secretsmanager.secret_name"
    },
    {
      "mapping": "GetResourcePolicy.Name -> secretsmanager.resource_policy_name",
      "evidence": "GetResourcePolicy.Name",
      "entity": "secretsmanager.resource_policy_name"
    },
    {
      "mapping": "GetSecretValue.Name -> secretsmanager.secret_value_name",
      "evidence": "GetSecretValue.Name",
      "entity": "secretsmanager.secret_value_name"
    },
    {
      "mapping": "ListSecretVersionIds.Name -> secretsmanager.secret_version_id_name",
      "evidence": "ListSecretVersionIds.Name",
      "entity": "secretsmanager.secret_version_id_name"
    },
    {
      "mapping": "PutResourcePolicy.Name -> secretsmanager.resource_policy_name",
      "evidence": "PutResourcePolicy.Name",
      "entity": "secretsmanager.resource_policy_name"
    },
    {
      "mapping": "PutSecretValue.Name -> secretsmanager.secret_value_name",
      "evidence": "PutSecretValue.Name",
      "entity": "secretsmanager.secret_value_name"
    },
    {
      "mapping": "RestoreSecret.Name -> secretsmanager.secret_name",
      "evidence": "RestoreSecret.Name",
      "entity": "secretsmanager.secret_name"
    },
    {
      "mapping": "RotateSecret.Name -> secretsmanager.secret_name",
      "evidence": "RotateSecret.Name",
      "entity": "secretsmanager.secret_name"
    },
    {
      "mapping": "UpdateSecret.Name -> secretsmanager.secret_name",
      "evidence": "UpdateSecret.Name",
      "entity": "secretsmanager.secret_name"
    },
    {
      "mapping": "UpdateSecretVersionStage.Name -> secretsmanager.secret_version_stage_name",
      "evidence": "UpdateSecretVersionStage.Name",
      "entity": "secretsmanager.secret_version_stage_name"
    }
  ]
}