{
  "service": "secretsmanager",
  "version": "1.0",
  "kind_rules": {
    "read_list": ["List"],
    "read_get": ["Get", "Describe"],
    "write_create": ["Create", "Start", "Generate", "Import", "Enable", "Register"],
    "write_update": ["Update", "Modify", "Put", "Set", "Change", "Reset", "Patch"],
    "write_delete": ["Delete", "Remove", "Terminate", "Destroy", "Disable", "Detach", "Disassociate", "Untag", "Revoke"],
    "write_apply": ["Apply", "Attach", "Associate", "Add", "Tag", "Authorize", "Unauthorize", "Grant"],
    "other": ["default"]
  },
  "entity_aliases": {
    "secretsmanager.rotate_secret_name": "secretsmanager.secret_name",
    "secretsmanager.rotate_secret_arn": "secretsmanager.secret_arn",
    "secretsmanager.secret_valu_version_id": "secretsmanager.version_id",
    "secretsmanager.restore_secret_name": "secretsmanager.secret_name",
    "secretsmanager.restore_secret_arn": "secretsmanager.secret_arn"
  },
  "overrides": {},
  "operations": {
    "BatchGetSecretValue": {
      "kind": "other",
      "side_effect": true,
      "sdk": {"client": "secretsmanager", "method": "batch_get_secret_value"},
      "consumes": [],
      "produces": [{"entity": "secretsmanager.secret_values", "source": "output", "path": "SecretValues"}, {"entity": "secretsmanager.next_token", "source": "output", "path": "NextToken"}, {"entity": "secretsmanager.errors", "source": "output", "path": "Errors"}, {"entity": "secretsmanager.secret_valu_arn", "source": "item", "path": "SecretValues.ARN"}, {"entity": "secretsmanager.secret_valu_name", "source": "item", "path": "SecretValues.Name"}, {"entity": "secretsmanager.version_id", "source": "item", "path": "SecretValues.VersionId"}, {"entity": "secretsmanager.secret_valu_secret_binary", "source": "item", "path": "SecretValues.SecretBinary"}, {"entity": "secretsmanager.secret_valu_secret_string", "source": "item", "path": "SecretValues.SecretString"}, {"entity": "secretsmanager.secret_valu_version_stages", "source": "item", "path": "SecretValues.VersionStages"}, {"entity": "secretsmanager.secret_valu_created_date", "source": "item", "path": "SecretValues.CreatedDate"}],
      "notes": ""
    },
    "GetRandomPassword": {
      "kind": "read_get",
      "side_effect": false,
      "sdk": {"client": "secretsmanager", "method": "get_random_password"},
      "consumes": [],
      "produces": [{"entity": "secretsmanager.random_password", "source": "output", "path": "RandomPassword"}],
      "notes": ""
    },
    "ListSecrets": {
      "kind": "read_list",
      "side_effect": false,
      "sdk": {"client": "secretsmanager", "method": "list_secrets"},
      "consumes": [],
      "produces": [{"entity": "secretsmanager.secret_list", "source": "output", "path": "SecretList"}, {"entity": "secretsmanager.next_token", "source": "output", "path": "NextToken"}, {"entity": "secretsmanager.secret_arn", "source": "item", "path": "SecretList[].ARN"}, {"entity": "secretsmanager.secret_name", "source": "item", "path": "SecretList[].Name"}, {"entity": "secretsmanager.secret_type", "source": "item", "path": "SecretList[].Type"}, {"entity": "secretsmanager.secret_description", "source": "item", "path": "SecretList[].Description"}, {"entity": "secretsmanager.secret_kms_key_id", "source": "item", "path": "SecretList[].KmsKeyId"}, {"entity": "secretsmanager.secret_rotation_enabled", "source": "item", "path": "SecretList[].RotationEnabled"}, {"entity": "secretsmanager.secret_rotation_lambda_arn", "source": "item", "path": "SecretList[].RotationLambdaARN"}, {"entity": "secretsmanager.secret_rotation_rules", "source": "item", "path": "SecretList[].RotationRules"}, {"entity": "secretsmanager.secret_external_secret_rotation_metadata", "source": "item", "path": "SecretList[].ExternalSecretRotationMetadata"}, {"entity": "secretsmanager.secret_external_secret_rotation_role_arn", "source": "item", "path": "SecretList[].ExternalSecretRotationRoleArn"}, {"entity": "secretsmanager.secret_last_rotated_date", "source": "item", "path": "SecretList[].LastRotatedDate"}, {"entity": "secretsmanager.secret_last_changed_date", "source": "item", "path": "SecretList[].LastChangedDate"}, {"entity": "secretsmanager.secret_last_accessed_date", "source": "item", "path": "SecretList[].LastAccessedDate"}, {"entity": "secretsmanager.secret_deleted_date", "source": "item", "path": "SecretList[].DeletedDate"}, {"entity": "secretsmanager.secret_next_rotation_date", "source": "item", "path": "SecretList[].NextRotationDate"}, {"entity": "secretsmanager.secret_tags", "source": "item", "path": "SecretList[].Tags"}, {"entity": "secretsmanager.secret_versions_to_stages", "source": "item", "path": "SecretList[].SecretVersionsToStages"}, {"entity": "secretsmanager.secret_owning_service", "source": "item", "path": "SecretList[].OwningService"}, {"entity": "secretsmanager.secret_created_date", "source": "item", "path": "SecretList[].CreatedDate"}, {"entity": "secretsmanager.secret_primary_region", "source": "item", "path": "SecretList[].PrimaryRegion"}],
      "notes": ""
    },
    "CancelRotateSecret": {
      "kind": "other",
      "side_effect": true,
      "sdk": {"client": "secretsmanager", "method": "cancel_rotate_secret"},
      "consumes": [{"entity": "secretsmanager.secret_id", "param": "SecretId", "required": true, "source": "external"}],
      "produces": [{"entity": "secretsmanager.secret_arn", "source": "output", "path": "ARN"}, {"entity": "secretsmanager.secret_name", "source": "output", "path": "Name"}, {"entity": "secretsmanager.version_id", "source": "output", "path": "VersionId"}],
      "notes": ""
    },
    "CreateSecret": {
      "kind": "write_create",
      "side_effect": true,
      "sdk": {"client": "secretsmanager", "method": "create_secret"},
      "consumes": [{"entity": "secretsmanager.replication_statu_name", "param": "Name", "required": true, "source": "external"}],
      "produces": [{"entity": "secretsmanager.secret_arn", "source": "output", "path": "ARN"}, {"entity": "secretsmanager.secret_name", "source": "output", "path": "Name"}, {"entity": "secretsmanager.version_id", "source": "output", "path": "VersionId"}, {"entity": "secretsmanager.replication_status", "source": "output", "path": "ReplicationStatus"}, {"entity": "secretsmanager.replication_statu_region", "source": "item", "path": "ReplicationStatus.Region"}, {"entity": "secretsmanager.replication_statu_kms_key_id", "source": "item", "path": "ReplicationStatus.KmsKeyId"}, {"entity": "secretsmanager.replication_statu_status", "source": "item", "path": "ReplicationStatus.Status"}, {"entity": "secretsmanager.replication_statu_status_message", "source": "item", "path": "ReplicationStatus.StatusMessage"}, {"entity": "secretsmanager.replication_statu_last_accessed_date", "source": "item", "path": "ReplicationStatus.LastAccessedDate"}],
      "notes": ""
    },
    "DeleteResourcePolicy": {
      "kind": "write_delete",
      "side_effect": true,
      "sdk": {"client": "secretsmanager", "method": "delete_resource_policy"},
      "consumes": [{"entity": "secretsmanager.secret_id", "param": "SecretId", "required": true, "source": "external"}],
      "produces": [{"entity": "secretsmanager.resource_policy_arn", "source": "output", "path": "ARN"}, {"entity": "secretsmanager.resource_policy_name", "source": "output", "path": "Name"}],
      "notes": ""
    },
    "DeleteSecret": {
      "kind": "write_delete",
      "side_effect": true,
      "sdk": {"client": "secretsmanager", "method": "delete_secret"},
      "consumes": [{"entity": "secretsmanager.secret_id", "param": "SecretId", "required": true, "source": "external"}],
      "produces": [{"entity": "secretsmanager.secret_arn", "source": "output", "path": "ARN"}, {"entity": "secretsmanager.secret_name", "source": "output", "path": "Name"}, {"entity": "secretsmanager.deletion_date", "source": "output", "path": "DeletionDate"}],
      "notes": ""
    },
    "DescribeSecret": {
      "kind": "read_get",
      "side_effect": false,
      "sdk": {"client": "secretsmanager", "method": "describe_secret"},
      "consumes": [{"entity": "secretsmanager.secret_id", "param": "SecretId", "required": true, "source": "external"}],
      "produces": [{"entity": "secretsmanager.secret_arn", "source": "output", "path": "ARN"}, {"entity": "secretsmanager.secret_name", "source": "output", "path": "Name"}, {"entity": "secretsmanager.type", "source": "output", "path": "Type"}, {"entity": "secretsmanager.description", "source": "output", "path": "Description"}, {"entity": "secretsmanager.kms_key_id", "source": "output", "path": "KmsKeyId"}, {"entity": "secretsmanager.rotation_enabled", "source": "output", "path": "RotationEnabled"}, {"entity": "secretsmanager.rotation_lambda_arn", "source": "output", "path": "RotationLambdaARN"}, {"entity": "secretsmanager.rotation_rules", "source": "output", "path": "RotationRules"}, {"entity": "secretsmanager.external_secret_rotation_metadata", "source": "output", "path": "ExternalSecretRotationMetadata"}, {"entity": "secretsmanager.external_secret_rotation_role_arn", "source": "output", "path": "ExternalSecretRotationRoleArn"}, {"entity": "secretsmanager.last_rotated_date", "source": "output", "path": "LastRotatedDate"}, {"entity": "secretsmanager.last_changed_date", "source": "output", "path": "LastChangedDate"}, {"entity": "secretsmanager.last_accessed_date", "source": "output", "path": "LastAccessedDate"}, {"entity": "secretsmanager.deleted_date", "source": "output", "path": "DeletedDate"}, {"entity": "secretsmanager.next_rotation_date", "source": "output", "path": "NextRotationDate"}, {"entity": "secretsmanager.tags", "source": "output", "path": "Tags"}, {"entity": "secretsmanager.version_ids_to_stages", "source": "output", "path": "VersionIdsToStages"}, {"entity": "secretsmanager.owning_service", "source": "output", "path": "OwningService"}, {"entity": "secretsmanager.created_date", "source": "output", "path": "CreatedDate"}, {"entity": "secretsmanager.primary_region", "source": "output", "path": "PrimaryRegion"}, {"entity": "secretsmanager.replication_status", "source": "output", "path": "ReplicationStatus"}, {"entity": "secretsmanager.external_secret_rotation_metadata_key", "source": "item", "path": "ExternalSecretRotationMetadata.Key"}, {"entity": "secretsmanager.external_secret_rotation_metadata_value", "source": "item", "path": "ExternalSecretRotationMetadata.Value"}],
      "notes": ""
    },
    "GetResourcePolicy": {
      "kind": "read_get",
      "side_effect": false,
      "sdk": {"client": "secretsmanager", "method": "get_resource_policy"},
      "consumes": [{"entity": "secretsmanager.secret_id", "param": "SecretId", "required": true, "source": "external"}],
      "produces": [{"entity": "secretsmanager.resource_policy_arn", "source": "output", "path": "ARN"}, {"entity": "secretsmanager.resource_policy_name", "source": "output", "path": "Name"}, {"entity": "secretsmanager.resource_policy", "source": "output", "path": "ResourcePolicy"}],
      "notes": ""
    },
    "GetSecretValue": {
      "kind": "read_get",
      "side_effect": false,
      "sdk": {"client": "secretsmanager", "method": "get_secret_value"},
      "consumes": [{"entity": "secretsmanager.secret_id", "param": "SecretId", "required": true, "source": "external"}],
      "produces": [{"entity": "secretsmanager.secret_value_arn", "source": "output", "path": "ARN"}, {"entity": "secretsmanager.secret_value_name", "source": "output", "path": "Name"}, {"entity": "secretsmanager.version_id", "source": "output", "path": "VersionId"}, {"entity": "secretsmanager.secret_binary", "source": "output", "path": "SecretBinary"}, {"entity": "secretsmanager.secret_string", "source": "output", "path": "SecretString"}, {"entity": "secretsmanager.version_stages", "source": "output", "path": "VersionStages"}, {"entity": "secretsmanager.created_date", "source": "output", "path": "CreatedDate"}],
      "notes": ""
    },
    "ListSecretVersionIds": {
      "kind": "read_list",
      "side_effect": false,
      "sdk": {"client": "secretsmanager", "method": "list_secret_version_ids"},
      "consumes": [{"entity": "secretsmanager.secret_id", "param": "SecretId", "required": true, "source": "external"}],
      "produces": [{"entity": "secretsmanager.versions", "source": "output", "path": "Versions"}, {"entity": "secretsmanager.next_token", "source": "output", "path": "NextToken"}, {"entity": "secretsmanager.secret_version_id_arn", "source": "output", "path": "ARN"}, {"entity": "secretsmanager.secret_version_id_name", "source": "output", "path": "Name"}, {"entity": "secretsmanager.version_id", "source": "item", "path": "Versions[].VersionId"}, {"entity": "secretsmanager.version_stages", "source": "item", "path": "Versions[].VersionStages"}, {"entity": "secretsmanager.version_last_accessed_date", "source": "item", "path": "Versions[].LastAccessedDate"}, {"entity": "secretsmanager.version_created_date", "source": "item", "path": "Versions[].CreatedDate"}, {"entity": "secretsmanager.version_kms_key_ids", "source": "item", "path": "Versions[].KmsKeyIds"}],
      "notes": ""
    },
    "PutResourcePolicy": {
      "kind": "write_update",
      "side_effect": true,
      "sdk": {"client": "secretsmanager", "method": "put_resource_policy"},
      "consumes": [{"entity": "secretsmanager.secret_id", "param": "SecretId", "required": true, "source": "external"}, {"entity": "secretsmanager.resource_policy", "param": "ResourcePolicy", "required": true, "source": "internal"}],
      "produces": [{"entity": "secretsmanager.resource_policy_arn", "source": "output", "path": "ARN"}, {"entity": "secretsmanager.resource_policy_name", "source": "output", "path": "Name"}],
      "notes": ""
    },
    "PutSecretValue": {
      "kind": "write_update",
      "side_effect": true,
      "sdk": {"client": "secretsmanager", "method": "put_secret_value"},
      "consumes": [{"entity": "secretsmanager.secret_id", "param": "SecretId", "required": true, "source": "external"}],
      "produces": [{"entity": "secretsmanager.secret_value_arn", "source": "output", "path": "ARN"}, {"entity": "secretsmanager.secret_value_name", "source": "output", "path": "Name"}, {"entity": "secretsmanager.version_id", "source": "output", "path": "VersionId"}, {"entity": "secretsmanager.version_stages", "source": "output", "path": "VersionStages"}],
      "notes": ""
    },
    "RemoveRegionsFromReplication": {
      "kind": "write_delete",
      "side_effect": true,
      "sdk": {"client": "secretsmanager", "method": "remove_regions_from_replication"},
      "consumes": [{"entity": "secretsmanager.secret_id", "param": "SecretId", "required": true, "source": "external"}, {"entity": "secretsmanager.remove_replica_regions", "param": "RemoveReplicaRegions", "required": true, "source": "external"}],
      "produces": [{"entity": "secretsmanager.regions_from_replication_arn", "source": "output", "path": "ARN"}, {"entity": "secretsmanager.replication_status", "source": "output", "path": "ReplicationStatus"}, {"entity": "secretsmanager.replication_statu_region", "source": "item", "path": "ReplicationStatus.Region"}, {"entity": "secretsmanager.replication_statu_kms_key_id", "source": "item", "path": "ReplicationStatus.KmsKeyId"}, {"entity": "secretsmanager.replication_statu_status", "source": "item", "path": "ReplicationStatus.Status"}, {"entity": "secretsmanager.replication_statu_status_message", "source": "item", "path": "ReplicationStatus.StatusMessage"}, {"entity": "secretsmanager.replication_statu_last_accessed_date", "source": "item", "path": "ReplicationStatus.LastAccessedDate"}],
      "notes": ""
    },
    "ReplicateSecretToRegions": {
      "kind": "other",
      "side_effect": true,
      "sdk": {"client": "secretsmanager", "method": "replicate_secret_to_regions"},
      "consumes": [{"entity": "secretsmanager.secret_id", "param": "SecretId", "required": true, "source": "external"}, {"entity": "secretsmanager.add_replica_regions", "param": "AddReplicaRegions", "required": true, "source": "external"}],
      "produces": [{"entity": "secretsmanager.replicate_secret_to_region_arn", "source": "output", "path": "ARN"}, {"entity": "secretsmanager.replication_status", "source": "output", "path": "ReplicationStatus"}, {"entity": "secretsmanager.replication_statu_region", "source": "item", "path": "ReplicationStatus.Region"}, {"entity": "secretsmanager.replication_statu_kms_key_id", "source": "item", "path": "ReplicationStatus.KmsKeyId"}, {"entity": "secretsmanager.replication_statu_status", "source": "item", "path": "ReplicationStatus.Status"}, {"entity": "secretsmanager.replication_statu_status_message", "source": "item", "path": "ReplicationStatus.StatusMessage"}, {"entity": "secretsmanager.replication_statu_last_accessed_date", "source": "item", "path": "ReplicationStatus.LastAccessedDate"}],
      "notes": ""
    },
    "RestoreSecret": {
      "kind": "other",
      "side_effect": true,
      "sdk": {"client": "secretsmanager", "method": "restore_secret"},
      "consumes": [{"entity": "secretsmanager.secret_id", "param": "SecretId", "required": true, "source": "external"}],
      "produces": [{"entity": "secretsmanager.secret_arn", "source": "output", "path": "ARN"}, {"entity": "secretsmanager.secret_name", "source": "output", "path": "Name"}],
      "notes": ""
    },
    "RotateSecret": {
      "kind": "other",
      "side_effect": true,
      "sdk": {"client": "secretsmanager", "method": "rotate_secret"},
      "consumes": [{"entity": "secretsmanager.secret_id", "param": "SecretId", "required": true, "source": "external"}],
      "produces": [{"entity": "secretsmanager.secret_arn", "source": "output", "path": "ARN"}, {"entity": "secretsmanager.secret_name", "source": "output", "path": "Name"}, {"entity": "secretsmanager.version_id", "source": "output", "path": "VersionId"}],
      "notes": ""
    },
    "StopReplicationToReplica": {
      "kind": "other",
      "side_effect": true,
      "sdk": {"client": "secretsmanager", "method": "stop_replication_to_replica"},
      "consumes": [{"entity": "secretsmanager.secret_id", "param": "SecretId", "required": true, "source": "external"}],
      "produces": [{"entity": "secretsmanager.replication_to_replica_arn", "source": "output", "path": "ARN"}],
      "notes": ""
    },
    "TagResource": {
      "kind": "write_apply",
      "side_effect": true,
      "sdk": {"client": "secretsmanager", "method": "tag_resource"},
      "consumes": [{"entity": "secretsmanager.secret_id", "param": "SecretId", "required": true, "source": "external"}, {"entity": "secretsmanager.tags", "param": "Tags", "required": true, "source": "internal"}],
      "produces": [],
      "notes": ""
    },
    "UntagResource": {
      "kind": "write_delete",
      "side_effect": true,
      "sdk": {"client": "secretsmanager", "method": "untag_resource"},
      "consumes": [{"entity": "secretsmanager.secret_id", "param": "SecretId", "required": true, "source": "external"}, {"entity": "secretsmanager.tag_keys", "param": "TagKeys", "required": true, "source": "external"}],
      "produces": [],
      "notes": ""
    },
    "UpdateSecret": {
      "kind": "write_update",
      "side_effect": true,
      "sdk": {"client": "secretsmanager", "method": "update_secret"},
      "consumes": [{"entity": "secretsmanager.secret_id", "param": "SecretId", "required": true, "source": "external"}],
      "produces": [{"entity": "secretsmanager.secret_arn", "source": "output", "path": "ARN"}, {"entity": "secretsmanager.secret_name", "source": "output", "path": "Name"}, {"entity": "secretsmanager.version_id", "source": "output", "path": "VersionId"}],
      "notes": ""
    },
    "UpdateSecretVersionStage": {
      "kind": "write_update",
      "side_effect": true,
      "sdk": {"client": "secretsmanager", "method": "update_secret_version_stage"},
      "consumes": [{"entity": "secretsmanager.secret_id", "param": "SecretId", "required": true, "source": "external"}, {"entity": "secretsmanager.version_stage", "param": "VersionStage", "required": true, "source": "external"}],
      "produces": [{"entity": "secretsmanager.secret_version_stage_arn", "source": "output", "path": "ARN"}, {"entity": "secretsmanager.secret_version_stage_name", "source": "output", "path": "Name"}],
      "notes": ""
    },
    "ValidateResourcePolicy": {
      "kind": "other",
      "side_effect": true,
      "sdk": {"client": "secretsmanager", "method": "validate_resource_policy"},
      "consumes": [{"entity": "secretsmanager.resource_policy", "param": "ResourcePolicy", "required": true, "source": "internal"}],
      "produces": [{"entity": "secretsmanager.policy_validation_passed", "source": "output", "path": "PolicyValidationPassed"}, {"entity": "secretsmanager.validation_errors", "source": "output", "path": "ValidationErrors"}, {"entity": "secretsmanager.validation_error_check_name", "source": "item", "path": "ValidationErrors.CheckName"}, {"entity": "secretsmanager.validation_error_error_message", "source": "item", "path": "ValidationErrors.ErrorMessage"}],
      "notes": ""
    }
  }
}