{
  "kms": {
    "service": "kms",
    "total_operations": 53,
    "independent": [
      {
        "operation": "CreateKey",
        "python_method": "create_key",
        "yaml_action": "create_key",
        "required_params": [],
        "optional_params": [
          "Policy",
          "Description",
          "KeyUsage",
          "CustomerMasterKeySpec",
          "KeySpec"
        ],
        "total_optional": 11,
        "output_fields": {
          "KeyMetadata": {
            "type": "string",
            "description": "KeyMetadata details",
            "compliance_category": "general",
            "format": "date-time",
            "operators": [
              "equals",
              "not_equals",
              "contains"
            ],
            "security_impact": "high"
          }
        },
        "main_output_field": "KeyMetadata",
        "item_fields": {
          "AWSAccountId": {
            "type": "string",
            "description": "Aws account id",
            "compliance_category": "identity",
            "operators": [
              "equals",
              "not_equals",
              "in",
              "exists"
            ]
          },
          "KeyId": {
            "type": "string",
            "description": "Key id",
            "compliance_category": "identity",
            "operators": [
              "equals",
              "not_equals",
              "in",
              "exists"
            ]
          },
          "Arn": {
            "type": "string",
            "description": "Arn",
            "compliance_category": "identity",
            "operators": [
              "equals",
              "not_equals",
              "contains",
              "in",
              "exists"
            ]
          },
          "CreationDate": {
            "type": "string",
            "description": "Creation date",
            "compliance_category": "general",
            "format": "date-time"
          },
          "Enabled": {
            "type": "boolean",
            "description": "Enabled",
            "compliance_category": "general"
          },
          "Description": {
            "type": "string",
            "description": "Description",
            "compliance_category": "general",
            "format": "date-time"
          },
          "KeyUsage": {
            "type": "string",
            "description": "Key usage",
            "compliance_category": "security",
            "security_impact": "high"
          },
          "KeyState": {
            "type": "string",
            "description": "Key state",
            "compliance_category": "general",
            "format": "date-time"
          },
          "DeletionDate": {
            "type": "string",
            "description": "Deletion date",
            "compliance_category": "general",
            "format": "date-time"
          },
          "ValidTo": {
            "type": "string",
            "description": "Valid to",
            "compliance_category": "identity",
            "operators": [
              "equals",
              "not_equals",
              "in",
              "exists"
            ]
          },
          "Origin": {
            "type": "string",
            "description": "Origin",
            "compliance_category": "general"
          },
          "CustomKeyStoreId": {
            "type": "string",
            "description": "Custom key store id",
            "compliance_category": "identity",
            "operators": [
              "equals",
              "not_equals",
              "in",
              "exists"
            ]
          },
          "CloudHsmClusterId": {
            "type": "string",
            "description": "Cloud hsm cluster id",
            "compliance_category": "identity",
            "operators": [
              "equals",
              "not_equals",
              "in",
              "exists"
            ]
          },
          "ExpirationModel": {
            "type": "string",
            "description": "Expiration model",
            "compliance_category": "general",
            "format": "date-time"
          },
          "KeyManager": {
            "type": "string",
            "description": "Key manager",
            "compliance_category": "security",
            "security_impact": "high"
          },
          "CustomerMasterKeySpec": {
            "type": "string",
            "description": "Customer master key spec",
            "compliance_category": "security",
            "security_impact": "high"
          },
          "KeySpec": {
            "type": "string",
            "description": "Key spec",
            "compliance_category": "security",
            "security_impact": "high"
          },
          "EncryptionAlgorithms": {
            "type": "string",
            "description": "Encryption algorithms",
            "compliance_category": "general",
            "format": "date-time"
          },
          "SigningAlgorithms": {
            "type": "string",
            "description": "Signing algorithms",
            "compliance_category": "general"
          },
          "KeyAgreementAlgorithms": {
            "type": "string",
            "description": "Key agreement algorithms",
            "compliance_category": "security",
            "security_impact": "high"
          },
          "MultiRegion": {
            "type": "string",
            "description": "Multi region",
            "compliance_category": "general",
            "format": "date-time"
          },
          "MultiRegionConfiguration": {
            "type": "string",
            "description": "Multi region configuration",
            "compliance_category": "general",
            "format": "date-time"
          },
          "PendingDeletionWindowInDays": {
            "type": "string",
            "description": "Pending deletion window in days",
            "compliance_category": "general",
            "format": "date-time"
          },
          "MacAlgorithms": {
            "type": "string",
            "description": "Mac algorithms",
            "compliance_category": "general"
          },
          "XksKeyConfiguration": {
            "type": "string",
            "description": "Xks key configuration",
            "compliance_category": "general",
            "format": "date-time"
          },
          "CurrentKeyMaterialId": {
            "type": "string",
            "description": "Current key material id",
            "compliance_category": "identity",
            "operators": [
              "equals",
              "not_equals",
              "in",
              "exists"
            ]
          }
        }
      },
      {
        "operation": "DescribeCustomKeyStores",
        "python_method": "describe_custom_key_stores",
        "yaml_action": "describe_custom_key_stores",
        "required_params": [],
        "optional_params": [
          "CustomKeyStoreId",
          "CustomKeyStoreName",
          "Limit",
          "Marker"
        ],
        "total_optional": 4,
        "output_fields": {
          "CustomKeyStores": {
            "type": "string",
            "description": "CustomKeyStores details",
            "compliance_category": "general",
            "operators": [
              "equals",
              "not_equals",
              "contains"
            ],
            "security_impact": "high"
          },
          "NextMarker": {
            "type": "string",
            "description": "NextMarker details",
            "compliance_category": "general",
            "operators": [
              "equals",
              "not_equals",
              "contains"
            ]
          },
          "Truncated": {
            "type": "string",
            "description": "Truncated details",
            "compliance_category": "general",
            "format": "date-time",
            "operators": [
              "equals",
              "not_equals",
              "contains"
            ]
          }
        },
        "main_output_field": "CustomKeyStores",
        "item_fields": {
          "CustomKeyStoreId": {
            "type": "string",
            "description": "Custom key store id",
            "compliance_category": "identity",
            "operators": [
              "equals",
              "not_equals",
              "in",
              "exists"
            ]
          },
          "CustomKeyStoreName": {
            "type": "string",
            "description": "Custom key store name",
            "compliance_category": "security",
            "security_impact": "high"
          },
          "CloudHsmClusterId": {
            "type": "string",
            "description": "Cloud hsm cluster id",
            "compliance_category": "identity",
            "operators": [
              "equals",
              "not_equals",
              "in",
              "exists"
            ]
          },
          "TrustAnchorCertificate": {
            "type": "string",
            "description": "Trust anchor certificate",
            "compliance_category": "general",
            "format": "date-time"
          },
          "ConnectionState": {
            "type": "string",
            "description": "Connection state",
            "compliance_category": "general",
            "format": "date-time"
          },
          "ConnectionErrorCode": {
            "type": "string",
            "description": "Connection error code",
            "compliance_category": "general",
            "format": "date-time"
          },
          "CreationDate": {
            "type": "string",
            "description": "Creation date",
            "compliance_category": "general",
            "format": "date-time"
          },
          "CustomKeyStoreType": {
            "type": "string",
            "description": "Custom key store type",
            "compliance_category": "security",
            "security_impact": "high"
          },
          "XksProxyConfiguration": {
            "type": "string",
            "description": "Xks proxy configuration",
            "compliance_category": "general",
            "format": "date-time"
          }
        }
      },
      {
        "operation": "GenerateRandom",
        "python_method": "generate_random",
        "yaml_action": "generate_random",
        "required_params": [],
        "optional_params": [
          "NumberOfBytes",
          "CustomKeyStoreId",
          "Recipient"
        ],
        "total_optional": 3,
        "output_fields": {
          "Plaintext": {
            "type": "string",
            "description": "Plaintext details",
            "compliance_category": "general",
            "operators": [
              "equals",
              "not_equals",
              "contains"
            ]
          },
          "CiphertextForRecipient": {
            "type": "string",
            "description": "CiphertextForRecipient details",
            "compliance_category": "general",
            "operators": [
              "equals",
              "not_equals",
              "contains"
            ]
          }
        },
        "main_output_field": "Plaintext",
        "item_fields": []
      },
      {
        "operation": "ListAliases",
        "python_method": "list_aliases",
        "yaml_action": "list_aliases",
        "required_params": [],
        "optional_params": [
          "KeyId",
          "Limit",
          "Marker"
        ],
        "total_optional": 3,
        "output_fields": {
          "Aliases": {
            "type": "string",
            "description": "Aliases details",
            "compliance_category": "general",
            "operators": [
              "equals",
              "not_equals",
              "contains"
            ]
          },
          "NextMarker": {
            "type": "string",
            "description": "NextMarker details",
            "compliance_category": "general",
            "operators": [
              "equals",
              "not_equals",
              "contains"
            ]
          },
          "Truncated": {
            "type": "string",
            "description": "Truncated details",
            "compliance_category": "general",
            "format": "date-time",
            "operators": [
              "equals",
              "not_equals",
              "contains"
            ]
          }
        },
        "main_output_field": "Aliases",
        "item_fields": {
          "AliasName": {
            "type": "string",
            "description": "Alias name",
            "compliance_category": "general"
          },
          "AliasArn": {
            "type": "string",
            "description": "Alias arn",
            "compliance_category": "identity",
            "operators": [
              "equals",
              "not_equals",
              "contains",
              "in",
              "exists"
            ]
          },
          "TargetKeyId": {
            "type": "string",
            "description": "Target key id",
            "compliance_category": "identity",
            "operators": [
              "equals",
              "not_equals",
              "in",
              "exists"
            ]
          },
          "CreationDate": {
            "type": "string",
            "description": "Creation date",
            "compliance_category": "general",
            "format": "date-time"
          },
          "LastUpdatedDate": {
            "type": "string",
            "description": "Last updated date",
            "compliance_category": "general",
            "format": "date-time"
          }
        }
      },
      {
        "operation": "ListKeys",
        "python_method": "list_keys",
        "yaml_action": "list_keys",
        "required_params": [],
        "optional_params": [
          "Limit",
          "Marker"
        ],
        "total_optional": 2,
        "output_fields": {
          "Keys": {
            "type": "string",
            "description": "Keys details",
            "compliance_category": "general",
            "operators": [
              "equals",
              "not_equals",
              "contains"
            ],
            "security_impact": "high"
          },
          "NextMarker": {
            "type": "string",
            "description": "NextMarker details",
            "compliance_category": "general",
            "operators": [
              "equals",
              "not_equals",
              "contains"
            ]
          },
          "Truncated": {
            "type": "string",
            "description": "Truncated details",
            "compliance_category": "general",
            "format": "date-time",
            "operators": [
              "equals",
              "not_equals",
              "contains"
            ]
          }
        },
        "main_output_field": "Keys",
        "item_fields": {
          "KeyId": {
            "type": "string",
            "description": "Key id",
            "compliance_category": "identity",
            "operators": [
              "equals",
              "not_equals",
              "in",
              "exists"
            ]
          },
          "KeyArn": {
            "type": "string",
            "description": "Key arn",
            "compliance_category": "identity",
            "operators": [
              "equals",
              "not_equals",
              "contains",
              "in",
              "exists"
            ]
          }
        }
      },
      {
        "operation": "RetireGrant",
        "python_method": "retire_grant",
        "yaml_action": "retire_grant",
        "required_params": [],
        "optional_params": [
          "GrantToken",
          "KeyId",
          "GrantId",
          "DryRun"
        ],
        "total_optional": 4,
        "output_fields": {},
        "main_output_field": null,
        "item_fields": []
      }
    ],
    "dependent": [
      {
        "operation": "CancelKeyDeletion",
        "python_method": "cancel_key_deletion",
        "yaml_action": "cancel_key_deletion",
        "required_params": [
          "KeyId"
        ],
        "optional_params": [],
        "total_optional": 0,
        "output_fields": {
          "KeyId": {
            "type": "string",
            "description": "KeyId details",
            "compliance_category": "identity",
            "operators": [
              "equals",
              "not_equals",
              "contains",
              "in",
              "exists"
            ],
            "security_impact": "high"
          }
        },
        "main_output_field": "KeyId",
        "item_fields": []
      },
      {
        "operation": "ConnectCustomKeyStore",
        "python_method": "connect_custom_key_store",
        "yaml_action": "connect_custom_key_store",
        "required_params": [
          "CustomKeyStoreId"
        ],
        "optional_params": [],
        "total_optional": 0,
        "output_fields": {},
        "main_output_field": null,
        "item_fields": []
      },
      {
        "operation": "CreateAlias",
        "python_method": "create_alias",
        "yaml_action": "create_alias",
        "required_params": [
          "AliasName",
          "TargetKeyId"
        ],
        "optional_params": [],
        "total_optional": 0,
        "output_fields": {},
        "main_output_field": null,
        "item_fields": []
      },
      {
        "operation": "CreateCustomKeyStore",
        "python_method": "create_custom_key_store",
        "yaml_action": "create_custom_key_store",
        "required_params": [
          "CustomKeyStoreName"
        ],
        "optional_params": [
          "CloudHsmClusterId",
          "TrustAnchorCertificate",
          "KeyStorePassword",
          "CustomKeyStoreType",
          "XksProxyUriEndpoint"
        ],
        "total_optional": 10,
        "output_fields": {
          "CustomKeyStoreId": {
            "type": "string",
            "description": "CustomKeyStoreId details",
            "compliance_category": "identity",
            "operators": [
              "equals",
              "not_equals",
              "contains",
              "in",
              "exists"
            ],
            "security_impact": "high"
          }
        },
        "main_output_field": "CustomKeyStoreId",
        "item_fields": []
      },
      {
        "operation": "CreateGrant",
        "python_method": "create_grant",
        "yaml_action": "create_grant",
        "required_params": [
          "KeyId",
          "GranteePrincipal",
          "Operations"
        ],
        "optional_params": [
          "RetiringPrincipal",
          "Constraints",
          "GrantTokens",
          "Name",
          "DryRun"
        ],
        "total_optional": 5,
        "output_fields": {
          "GrantToken": {
            "type": "string",
            "description": "GrantToken details",
            "compliance_category": "general",
            "operators": [
              "equals",
              "not_equals",
              "contains"
            ],
            "security_impact": "high"
          },
          "GrantId": {
            "type": "string",
            "description": "GrantId details",
            "compliance_category": "identity",
            "operators": [
              "equals",
              "not_equals",
              "contains",
              "in",
              "exists"
            ]
          }
        },
        "main_output_field": "GrantToken",
        "item_fields": []
      },
      {
        "operation": "Decrypt",
        "python_method": "decrypt",
        "yaml_action": "decrypt",
        "required_params": [
          "CiphertextBlob"
        ],
        "optional_params": [
          "EncryptionContext",
          "GrantTokens",
          "KeyId",
          "EncryptionAlgorithm",
          "Recipient"
        ],
        "total_optional": 6,
        "output_fields": {
          "KeyId": {
            "type": "string",
            "description": "KeyId details",
            "compliance_category": "identity",
            "operators": [
              "equals",
              "not_equals",
              "contains",
              "in",
              "exists"
            ],
            "security_impact": "high"
          },
          "Plaintext": {
            "type": "string",
            "description": "Plaintext details",
            "compliance_category": "general",
            "operators": [
              "equals",
              "not_equals",
              "contains"
            ]
          },
          "EncryptionAlgorithm": {
            "type": "string",
            "description": "EncryptionAlgorithm details",
            "compliance_category": "general",
            "operators": [
              "equals",
              "not_equals",
              "contains"
            ]
          },
          "CiphertextForRecipient": {
            "type": "string",
            "description": "CiphertextForRecipient details",
            "compliance_category": "general",
            "operators": [
              "equals",
              "not_equals",
              "contains"
            ]
          },
          "KeyMaterialId": {
            "type": "string",
            "description": "KeyMaterialId details",
            "compliance_category": "identity",
            "format": "date-time",
            "operators": [
              "equals",
              "not_equals",
              "contains",
              "in",
              "exists"
            ],
            "security_impact": "high"
          }
        },
        "main_output_field": "KeyId",
        "item_fields": []
      },
      {
        "operation": "DeleteAlias",
        "python_method": "delete_alias",
        "yaml_action": "delete_alias",
        "required_params": [
          "AliasName"
        ],
        "optional_params": [],
        "total_optional": 0,
        "output_fields": {},
        "main_output_field": null,
        "item_fields": []
      },
      {
        "operation": "DeleteCustomKeyStore",
        "python_method": "delete_custom_key_store",
        "yaml_action": "delete_custom_key_store",
        "required_params": [
          "CustomKeyStoreId"
        ],
        "optional_params": [],
        "total_optional": 0,
        "output_fields": {},
        "main_output_field": null,
        "item_fields": []
      },
      {
        "operation": "DeleteImportedKeyMaterial",
        "python_method": "delete_imported_key_material",
        "yaml_action": "delete_imported_key_material",
        "required_params": [
          "KeyId"
        ],
        "optional_params": [
          "KeyMaterialId"
        ],
        "total_optional": 1,
        "output_fields": {
          "KeyId": {
            "type": "string",
            "description": "KeyId details",
            "compliance_category": "identity",
            "operators": [
              "equals",
              "not_equals",
              "contains",
              "in",
              "exists"
            ],
            "security_impact": "high"
          },
          "KeyMaterialId": {
            "type": "string",
            "description": "KeyMaterialId details",
            "compliance_category": "identity",
            "format": "date-time",
            "operators": [
              "equals",
              "not_equals",
              "contains",
              "in",
              "exists"
            ],
            "security_impact": "high"
          }
        },
        "main_output_field": "KeyId",
        "item_fields": []
      },
      {
        "operation": "DeriveSharedSecret",
        "python_method": "derive_shared_secret",
        "yaml_action": "derive_shared_secret",
        "required_params": [
          "KeyId",
          "KeyAgreementAlgorithm",
          "PublicKey"
        ],
        "optional_params": [
          "GrantTokens",
          "DryRun",
          "Recipient"
        ],
        "total_optional": 3,
        "output_fields": {
          "KeyId": {
            "type": "string",
            "description": "KeyId details",
            "compliance_category": "identity",
            "operators": [
              "equals",
              "not_equals",
              "contains",
              "in",
              "exists"
            ],
            "security_impact": "high"
          },
          "SharedSecret": {
            "type": "string",
            "description": "SharedSecret details",
            "compliance_category": "general",
            "operators": [
              "equals",
              "not_equals",
              "contains"
            ],
            "security_impact": "high"
          },
          "CiphertextForRecipient": {
            "type": "string",
            "description": "CiphertextForRecipient details",
            "compliance_category": "general",
            "operators": [
              "equals",
              "not_equals",
              "contains"
            ]
          },
          "KeyAgreementAlgorithm": {
            "type": "string",
            "description": "KeyAgreementAlgorithm details",
            "compliance_category": "general",
            "operators": [
              "equals",
              "not_equals",
              "contains"
            ],
            "security_impact": "high"
          },
          "KeyOrigin": {
            "type": "string",
            "description": "KeyOrigin details",
            "compliance_category": "general",
            "operators": [
              "equals",
              "not_equals",
              "contains"
            ],
            "security_impact": "high"
          }
        },
        "main_output_field": "KeyId",
        "item_fields": []
      },
      {
        "operation": "DescribeKey",
        "python_method": "describe_key",
        "yaml_action": "describe_key",
        "required_params": [
          "KeyId"
        ],
        "optional_params": [
          "GrantTokens"
        ],
        "total_optional": 1,
        "output_fields": {
          "KeyMetadata": {
            "type": "string",
            "description": "KeyMetadata details",
            "compliance_category": "general",
            "format": "date-time",
            "operators": [
              "equals",
              "not_equals",
              "contains"
            ],
            "security_impact": "high"
          }
        },
        "main_output_field": "KeyMetadata",
        "item_fields": {
          "AWSAccountId": {
            "type": "string",
            "description": "Aws account id",
            "compliance_category": "identity",
            "operators": [
              "equals",
              "not_equals",
              "in",
              "exists"
            ]
          },
          "KeyId": {
            "type": "string",
            "description": "Key id",
            "compliance_category": "identity",
            "operators": [
              "equals",
              "not_equals",
              "in",
              "exists"
            ]
          },
          "Arn": {
            "type": "string",
            "description": "Arn",
            "compliance_category": "identity",
            "operators": [
              "equals",
              "not_equals",
              "contains",
              "in",
              "exists"
            ]
          },
          "CreationDate": {
            "type": "string",
            "description": "Creation date",
            "compliance_category": "general",
            "format": "date-time"
          },
          "Enabled": {
            "type": "boolean",
            "description": "Enabled",
            "compliance_category": "general"
          },
          "Description": {
            "type": "string",
            "description": "Description",
            "compliance_category": "general",
            "format": "date-time"
          },
          "KeyUsage": {
            "type": "string",
            "description": "Key usage",
            "compliance_category": "security",
            "security_impact": "high"
          },
          "KeyState": {
            "type": "string",
            "description": "Key state",
            "compliance_category": "general",
            "format": "date-time"
          },
          "DeletionDate": {
            "type": "string",
            "description": "Deletion date",
            "compliance_category": "general",
            "format": "date-time"
          },
          "ValidTo": {
            "type": "string",
            "description": "Valid to",
            "compliance_category": "identity",
            "operators": [
              "equals",
              "not_equals",
              "in",
              "exists"
            ]
          },
          "Origin": {
            "type": "string",
            "description": "Origin",
            "compliance_category": "general"
          },
          "CustomKeyStoreId": {
            "type": "string",
            "description": "Custom key store id",
            "compliance_category": "identity",
            "operators": [
              "equals",
              "not_equals",
              "in",
              "exists"
            ]
          },
          "CloudHsmClusterId": {
            "type": "string",
            "description": "Cloud hsm cluster id",
            "compliance_category": "identity",
            "operators": [
              "equals",
              "not_equals",
              "in",
              "exists"
            ]
          },
          "ExpirationModel": {
            "type": "string",
            "description": "Expiration model",
            "compliance_category": "general",
            "format": "date-time"
          },
          "KeyManager": {
            "type": "string",
            "description": "Key manager",
            "compliance_category": "security",
            "security_impact": "high"
          },
          "CustomerMasterKeySpec": {
            "type": "string",
            "description": "Customer master key spec",
            "compliance_category": "security",
            "security_impact": "high"
          },
          "KeySpec": {
            "type": "string",
            "description": "Key spec",
            "compliance_category": "security",
            "security_impact": "high"
          },
          "EncryptionAlgorithms": {
            "type": "string",
            "description": "Encryption algorithms",
            "compliance_category": "general",
            "format": "date-time"
          },
          "SigningAlgorithms": {
            "type": "string",
            "description": "Signing algorithms",
            "compliance_category": "general"
          },
          "KeyAgreementAlgorithms": {
            "type": "string",
            "description": "Key agreement algorithms",
            "compliance_category": "security",
            "security_impact": "high"
          },
          "MultiRegion": {
            "type": "string",
            "description": "Multi region",
            "compliance_category": "general",
            "format": "date-time"
          },
          "MultiRegionConfiguration": {
            "type": "string",
            "description": "Multi region configuration",
            "compliance_category": "general",
            "format": "date-time"
          },
          "PendingDeletionWindowInDays": {
            "type": "string",
            "description": "Pending deletion window in days",
            "compliance_category": "general",
            "format": "date-time"
          },
          "MacAlgorithms": {
            "type": "string",
            "description": "Mac algorithms",
            "compliance_category": "general"
          },
          "XksKeyConfiguration": {
            "type": "string",
            "description": "Xks key configuration",
            "compliance_category": "general",
            "format": "date-time"
          },
          "CurrentKeyMaterialId": {
            "type": "string",
            "description": "Current key material id",
            "compliance_category": "identity",
            "operators": [
              "equals",
              "not_equals",
              "in",
              "exists"
            ]
          }
        }
      },
      {
        "operation": "DisableKey",
        "python_method": "disable_key",
        "yaml_action": "disable_key",
        "required_params": [
          "KeyId"
        ],
        "optional_params": [],
        "total_optional": 0,
        "output_fields": {},
        "main_output_field": null,
        "item_fields": []
      },
      {
        "operation": "DisableKeyRotation",
        "python_method": "disable_key_rotation",
        "yaml_action": "disable_key_rotation",
        "required_params": [
          "KeyId"
        ],
        "optional_params": [],
        "total_optional": 0,
        "output_fields": {},
        "main_output_field": null,
        "item_fields": []
      },
      {
        "operation": "DisconnectCustomKeyStore",
        "python_method": "disconnect_custom_key_store",
        "yaml_action": "disconnect_custom_key_store",
        "required_params": [
          "CustomKeyStoreId"
        ],
        "optional_params": [],
        "total_optional": 0,
        "output_fields": {},
        "main_output_field": null,
        "item_fields": []
      },
      {
        "operation": "EnableKey",
        "python_method": "enable_key",
        "yaml_action": "enable_key",
        "required_params": [
          "KeyId"
        ],
        "optional_params": [],
        "total_optional": 0,
        "output_fields": {},
        "main_output_field": null,
        "item_fields": []
      },
      {
        "operation": "EnableKeyRotation",
        "python_method": "enable_key_rotation",
        "yaml_action": "enable_key_rotation",
        "required_params": [
          "KeyId"
        ],
        "optional_params": [
          "RotationPeriodInDays"
        ],
        "total_optional": 1,
        "output_fields": {},
        "main_output_field": null,
        "item_fields": []
      },
      {
        "operation": "Encrypt",
        "python_method": "encrypt",
        "yaml_action": "encrypt",
        "required_params": [
          "KeyId",
          "Plaintext"
        ],
        "optional_params": [
          "EncryptionContext",
          "GrantTokens",
          "EncryptionAlgorithm",
          "DryRun"
        ],
        "total_optional": 4,
        "output_fields": {
          "CiphertextBlob": {
            "type": "string",
            "description": "CiphertextBlob details",
            "compliance_category": "general",
            "operators": [
              "equals",
              "not_equals",
              "contains"
            ]
          },
          "KeyId": {
            "type": "string",
            "description": "KeyId details",
            "compliance_category": "identity",
            "operators": [
              "equals",
              "not_equals",
              "contains",
              "in",
              "exists"
            ],
            "security_impact": "high"
          },
          "EncryptionAlgorithm": {
            "type": "string",
            "description": "EncryptionAlgorithm details",
            "compliance_category": "general",
            "operators": [
              "equals",
              "not_equals",
              "contains"
            ]
          }
        },
        "main_output_field": "CiphertextBlob",
        "item_fields": []
      },
      {
        "operation": "GenerateDataKey",
        "python_method": "generate_data_key",
        "yaml_action": "generate_data_key",
        "required_params": [
          "KeyId"
        ],
        "optional_params": [
          "EncryptionContext",
          "NumberOfBytes",
          "KeySpec",
          "GrantTokens",
          "Recipient"
        ],
        "total_optional": 6,
        "output_fields": {
          "CiphertextBlob": {
            "type": "string",
            "description": "CiphertextBlob details",
            "compliance_category": "general",
            "operators": [
              "equals",
              "not_equals",
              "contains"
            ]
          },
          "Plaintext": {
            "type": "string",
            "description": "Plaintext details",
            "compliance_category": "general",
            "operators": [
              "equals",
              "not_equals",
              "contains"
            ]
          },
          "KeyId": {
            "type": "string",
            "description": "KeyId details",
            "compliance_category": "identity",
            "operators": [
              "equals",
              "not_equals",
              "contains",
              "in",
              "exists"
            ],
            "security_impact": "high"
          },
          "CiphertextForRecipient": {
            "type": "string",
            "description": "CiphertextForRecipient details",
            "compliance_category": "general",
            "operators": [
              "equals",
              "not_equals",
              "contains"
            ]
          },
          "KeyMaterialId": {
            "type": "string",
            "description": "KeyMaterialId details",
            "compliance_category": "identity",
            "format": "date-time",
            "operators": [
              "equals",
              "not_equals",
              "contains",
              "in",
              "exists"
            ],
            "security_impact": "high"
          }
        },
        "main_output_field": "CiphertextBlob",
        "item_fields": []
      },
      {
        "operation": "GenerateDataKeyPair",
        "python_method": "generate_data_key_pair",
        "yaml_action": "generate_data_key_pair",
        "required_params": [
          "KeyId",
          "KeyPairSpec"
        ],
        "optional_params": [
          "EncryptionContext",
          "GrantTokens",
          "Recipient",
          "DryRun"
        ],
        "total_optional": 4,
        "output_fields": {
          "PrivateKeyCiphertextBlob": {
            "type": "string",
            "description": "PrivateKeyCiphertextBlob details",
            "compliance_category": "general",
            "format": "date-time",
            "operators": [
              "equals",
              "not_equals",
              "contains"
            ],
            "security_impact": "high"
          },
          "PrivateKeyPlaintext": {
            "type": "string",
            "description": "PrivateKeyPlaintext details",
            "compliance_category": "general",
            "format": "date-time",
            "operators": [
              "equals",
              "not_equals",
              "contains"
            ],
            "security_impact": "high"
          },
          "PublicKey": {
            "type": "boolean",
            "description": "PublicKey details",
            "compliance_category": "security",
            "operators": [
              "equals",
              "not_equals",
              "in",
              "exists"
            ],
            "security_impact": "high"
          },
          "KeyId": {
            "type": "string",
            "description": "KeyId details",
            "compliance_category": "identity",
            "operators": [
              "equals",
              "not_equals",
              "contains",
              "in",
              "exists"
            ],
            "security_impact": "high"
          },
          "KeyPairSpec": {
            "type": "string",
            "description": "KeyPairSpec details",
            "compliance_category": "general",
            "operators": [
              "equals",
              "not_equals",
              "contains"
            ],
            "security_impact": "high"
          },
          "CiphertextForRecipient": {
            "type": "string",
            "description": "CiphertextForRecipient details",
            "compliance_category": "general",
            "operators": [
              "equals",
              "not_equals",
              "contains"
            ]
          },
          "KeyMaterialId": {
            "type": "string",
            "description": "KeyMaterialId details",
            "compliance_category": "identity",
            "format": "date-time",
            "operators": [
              "equals",
              "not_equals",
              "contains",
              "in",
              "exists"
            ],
            "security_impact": "high"
          }
        },
        "main_output_field": "PrivateKeyCiphertextBlob",
        "item_fields": []
      },
      {
        "operation": "GenerateDataKeyPairWithoutPlaintext",
        "python_method": "generate_data_key_pair_without_plaintext",
        "yaml_action": "generate_data_key_pair_without_plaintext",
        "required_params": [
          "KeyId",
          "KeyPairSpec"
        ],
        "optional_params": [
          "EncryptionContext",
          "GrantTokens",
          "DryRun"
        ],
        "total_optional": 3,
        "output_fields": {
          "PrivateKeyCiphertextBlob": {
            "type": "string",
            "description": "PrivateKeyCiphertextBlob details",
            "compliance_category": "general",
            "format": "date-time",
            "operators": [
              "equals",
              "not_equals",
              "contains"
            ],
            "security_impact": "high"
          },
          "PublicKey": {
            "type": "boolean",
            "description": "PublicKey details",
            "compliance_category": "security",
            "operators": [
              "equals",
              "not_equals",
              "in",
              "exists"
            ],
            "security_impact": "high"
          },
          "KeyId": {
            "type": "string",
            "description": "KeyId details",
            "compliance_category": "identity",
            "operators": [
              "equals",
              "not_equals",
              "contains",
              "in",
              "exists"
            ],
            "security_impact": "high"
          },
          "KeyPairSpec": {
            "type": "string",
            "description": "KeyPairSpec details",
            "compliance_category": "general",
            "operators": [
              "equals",
              "not_equals",
              "contains"
            ],
            "security_impact": "high"
          },
          "KeyMaterialId": {
            "type": "string",
            "description": "KeyMaterialId details",
            "compliance_category": "identity",
            "format": "date-time",
            "operators": [
              "equals",
              "not_equals",
              "contains",
              "in",
              "exists"
            ],
            "security_impact": "high"
          }
        },
        "main_output_field": "PrivateKeyCiphertextBlob",
        "item_fields": []
      },
      {
        "operation": "GenerateDataKeyWithoutPlaintext",
        "python_method": "generate_data_key_without_plaintext",
        "yaml_action": "generate_data_key_without_plaintext",
        "required_params": [
          "KeyId"
        ],
        "optional_params": [
          "EncryptionContext",
          "KeySpec",
          "NumberOfBytes",
          "GrantTokens",
          "DryRun"
        ],
        "total_optional": 5,
        "output_fields": {
          "CiphertextBlob": {
            "type": "string",
            "description": "CiphertextBlob details",
            "compliance_category": "general",
            "operators": [
              "equals",
              "not_equals",
              "contains"
            ]
          },
          "KeyId": {
            "type": "string",
            "description": "KeyId details",
            "compliance_category": "identity",
            "operators": [
              "equals",
              "not_equals",
              "contains",
              "in",
              "exists"
            ],
            "security_impact": "high"
          },
          "KeyMaterialId": {
            "type": "string",
            "description": "KeyMaterialId details",
            "compliance_category": "identity",
            "format": "date-time",
            "operators": [
              "equals",
              "not_equals",
              "contains",
              "in",
              "exists"
            ],
            "security_impact": "high"
          }
        },
        "main_output_field": "CiphertextBlob",
        "item_fields": []
      },
      {
        "operation": "GenerateMac",
        "python_method": "generate_mac",
        "yaml_action": "generate_mac",
        "required_params": [
          "Message",
          "KeyId",
          "MacAlgorithm"
        ],
        "optional_params": [
          "GrantTokens",
          "DryRun"
        ],
        "total_optional": 2,
        "output_fields": {
          "Mac": {
            "type": "string",
            "description": "Mac details",
            "compliance_category": "general",
            "operators": [
              "equals",
              "not_equals",
              "contains"
            ]
          },
          "MacAlgorithm": {
            "type": "string",
            "description": "MacAlgorithm details",
            "compliance_category": "general",
            "operators": [
              "equals",
              "not_equals",
              "contains"
            ]
          },
          "KeyId": {
            "type": "string",
            "description": "KeyId details",
            "compliance_category": "identity",
            "operators": [
              "equals",
              "not_equals",
              "contains",
              "in",
              "exists"
            ],
            "security_impact": "high"
          }
        },
        "main_output_field": "Mac",
        "item_fields": []
      },
      {
        "operation": "GetKeyPolicy",
        "python_method": "get_key_policy",
        "yaml_action": "get_key_policy",
        "required_params": [
          "KeyId"
        ],
        "optional_params": [
          "PolicyName"
        ],
        "total_optional": 1,
        "output_fields": {
          "Policy": {
            "type": "string",
            "description": "Policy details",
            "compliance_category": "security",
            "operators": [
              "equals",
              "not_equals",
              "in",
              "exists"
            ]
          },
          "PolicyName": {
            "type": "string",
            "description": "PolicyName details",
            "compliance_category": "identity",
            "operators": [
              "equals",
              "not_equals",
              "contains",
              "in",
              "exists"
            ]
          }
        },
        "main_output_field": "Policy",
        "item_fields": []
      },
      {
        "operation": "GetKeyRotationStatus",
        "python_method": "get_key_rotation_status",
        "yaml_action": "get_key_rotation_status",
        "required_params": [
          "KeyId"
        ],
        "optional_params": [],
        "total_optional": 0,
        "output_fields": {
          "KeyRotationEnabled": {
            "type": "boolean",
            "description": "KeyRotationEnabled details",
            "compliance_category": "general",
            "operators": [
              "equals",
              "not_equals",
              "contains"
            ],
            "security_impact": "high"
          },
          "KeyId": {
            "type": "string",
            "description": "KeyId details",
            "compliance_category": "identity",
            "operators": [
              "equals",
              "not_equals",
              "contains",
              "in",
              "exists"
            ],
            "security_impact": "high"
          },
          "RotationPeriodInDays": {
            "type": "string",
            "description": "RotationPeriodInDays details",
            "compliance_category": "general",
            "format": "date-time",
            "operators": [
              "equals",
              "not_equals",
              "contains"
            ]
          },
          "NextRotationDate": {
            "type": "string",
            "description": "NextRotationDate details",
            "compliance_category": "general",
            "format": "date-time",
            "operators": [
              "equals",
              "not_equals",
              "contains"
            ]
          },
          "OnDemandRotationStartDate": {
            "type": "string",
            "description": "OnDemandRotationStartDate details",
            "compliance_category": "general",
            "format": "date-time",
            "operators": [
              "equals",
              "not_equals",
              "contains"
            ]
          }
        },
        "main_output_field": "KeyRotationEnabled",
        "item_fields": []
      },
      {
        "operation": "GetParametersForImport",
        "python_method": "get_parameters_for_import",
        "yaml_action": "get_parameters_for_import",
        "required_params": [
          "KeyId",
          "WrappingAlgorithm",
          "WrappingKeySpec"
        ],
        "optional_params": [],
        "total_optional": 0,
        "output_fields": {
          "KeyId": {
            "type": "string",
            "description": "KeyId details",
            "compliance_category": "identity",
            "operators": [
              "equals",
              "not_equals",
              "contains",
              "in",
              "exists"
            ],
            "security_impact": "high"
          },
          "ImportToken": {
            "type": "string",
            "description": "ImportToken details",
            "compliance_category": "general",
            "operators": [
              "equals",
              "not_equals",
              "contains"
            ],
            "security_impact": "high"
          },
          "PublicKey": {
            "type": "boolean",
            "description": "PublicKey details",
            "compliance_category": "security",
            "operators": [
              "equals",
              "not_equals",
              "in",
              "exists"
            ],
            "security_impact": "high"
          },
          "ParametersValidTo": {
            "type": "string",
            "description": "ParametersValidTo details",
            "compliance_category": "identity",
            "operators": [
              "equals",
              "not_equals",
              "contains",
              "in",
              "exists"
            ]
          }
        },
        "main_output_field": "KeyId",
        "item_fields": []
      },
      {
        "operation": "GetPublicKey",
        "python_method": "get_public_key",
        "yaml_action": "get_public_key",
        "required_params": [
          "KeyId"
        ],
        "optional_params": [
          "GrantTokens"
        ],
        "total_optional": 1,
        "output_fields": {
          "KeyId": {
            "type": "string",
            "description": "KeyId details",
            "compliance_category": "identity",
            "operators": [
              "equals",
              "not_equals",
              "contains",
              "in",
              "exists"
            ],
            "security_impact": "high"
          },
          "PublicKey": {
            "type": "boolean",
            "description": "PublicKey details",
            "compliance_category": "security",
            "operators": [
              "equals",
              "not_equals",
              "in",
              "exists"
            ],
            "security_impact": "high"
          },
          "CustomerMasterKeySpec": {
            "type": "string",
            "description": "CustomerMasterKeySpec details",
            "compliance_category": "general",
            "operators": [
              "equals",
              "not_equals",
              "contains"
            ],
            "security_impact": "high"
          },
          "KeySpec": {
            "type": "string",
            "description": "KeySpec details",
            "compliance_category": "general",
            "operators": [
              "equals",
              "not_equals",
              "contains"
            ],
            "security_impact": "high"
          },
          "KeyUsage": {
            "type": "string",
            "description": "KeyUsage details",
            "compliance_category": "general",
            "operators": [
              "equals",
              "not_equals",
              "contains"
            ],
            "security_impact": "high"
          },
          "EncryptionAlgorithms": {
            "type": "string",
            "description": "EncryptionAlgorithms details",
            "compliance_category": "general",
            "operators": [
              "equals",
              "not_equals",
              "contains"
            ]
          },
          "SigningAlgorithms": {
            "type": "string",
            "description": "SigningAlgorithms details",
            "compliance_category": "general",
            "operators": [
              "equals",
              "not_equals",
              "contains"
            ]
          },
          "KeyAgreementAlgorithms": {
            "type": "string",
            "description": "KeyAgreementAlgorithms details",
            "compliance_category": "general",
            "operators": [
              "equals",
              "not_equals",
              "contains"
            ],
            "security_impact": "high"
          }
        },
        "main_output_field": "EncryptionAlgorithms",
        "item_fields": []
      },
      {
        "operation": "ImportKeyMaterial",
        "python_method": "import_key_material",
        "yaml_action": "import_key_material",
        "required_params": [
          "KeyId",
          "ImportToken",
          "EncryptedKeyMaterial"
        ],
        "optional_params": [
          "ValidTo",
          "ExpirationModel",
          "ImportType",
          "KeyMaterialDescription",
          "KeyMaterialId"
        ],
        "total_optional": 5,
        "output_fields": {
          "KeyId": {
            "type": "string",
            "description": "KeyId details",
            "compliance_category": "identity",
            "operators": [
              "equals",
              "not_equals",
              "contains",
              "in",
              "exists"
            ],
            "security_impact": "high"
          },
          "KeyMaterialId": {
            "type": "string",
            "description": "KeyMaterialId details",
            "compliance_category": "identity",
            "format": "date-time",
            "operators": [
              "equals",
              "not_equals",
              "contains",
              "in",
              "exists"
            ],
            "security_impact": "high"
          }
        },
        "main_output_field": "KeyId",
        "item_fields": []
      },
      {
        "operation": "ListGrants",
        "python_method": "list_grants",
        "yaml_action": "list_grants",
        "required_params": [
          "KeyId"
        ],
        "optional_params": [
          "Limit",
          "Marker",
          "GrantId",
          "GranteePrincipal"
        ],
        "total_optional": 4,
        "output_fields": {
          "Grants": {
            "type": "string",
            "description": "Grants details",
            "compliance_category": "general",
            "operators": [
              "equals",
              "not_equals",
              "contains"
            ]
          },
          "NextMarker": {
            "type": "string",
            "description": "NextMarker details",
            "compliance_category": "general",
            "operators": [
              "equals",
              "not_equals",
              "contains"
            ]
          },
          "Truncated": {
            "type": "string",
            "description": "Truncated details",
            "compliance_category": "general",
            "format": "date-time",
            "operators": [
              "equals",
              "not_equals",
              "contains"
            ]
          }
        },
        "main_output_field": "Grants",
        "item_fields": {
          "KeyId": {
            "type": "string",
            "description": "Key id",
            "compliance_category": "identity",
            "operators": [
              "equals",
              "not_equals",
              "in",
              "exists"
            ]
          },
          "GrantId": {
            "type": "string",
            "description": "Grant id",
            "compliance_category": "identity",
            "operators": [
              "equals",
              "not_equals",
              "in",
              "exists"
            ]
          },
          "Name": {
            "type": "string",
            "description": "Name",
            "compliance_category": "general"
          },
          "CreationDate": {
            "type": "string",
            "description": "Creation date",
            "compliance_category": "general",
            "format": "date-time"
          },
          "GranteePrincipal": {
            "type": "string",
            "description": "Grantee principal",
            "compliance_category": "general"
          },
          "RetiringPrincipal": {
            "type": "string",
            "description": "Retiring principal",
            "compliance_category": "general"
          },
          "IssuingAccount": {
            "type": "integer",
            "description": "Issuing account",
            "compliance_category": "general"
          },
          "Operations": {
            "type": "string",
            "description": "Operations",
            "compliance_category": "general",
            "format": "date-time"
          },
          "Constraints": {
            "type": "string",
            "description": "Constraints",
            "compliance_category": "general",
            "format": "date-time"
          }
        }
      },
      {
        "operation": "ListKeyPolicies",
        "python_method": "list_key_policies",
        "yaml_action": "list_key_policies",
        "required_params": [
          "KeyId"
        ],
        "optional_params": [
          "Limit",
          "Marker"
        ],
        "total_optional": 2,
        "output_fields": {
          "PolicyNames": {
            "type": "string",
            "description": "PolicyNames details",
            "compliance_category": "identity",
            "operators": [
              "equals",
              "not_equals",
              "contains",
              "in",
              "exists"
            ]
          },
          "NextMarker": {
            "type": "string",
            "description": "NextMarker details",
            "compliance_category": "general",
            "operators": [
              "equals",
              "not_equals",
              "contains"
            ]
          },
          "Truncated": {
            "type": "string",
            "description": "Truncated details",
            "compliance_category": "general",
            "format": "date-time",
            "operators": [
              "equals",
              "not_equals",
              "contains"
            ]
          }
        },
        "main_output_field": "PolicyNames",
        "item_fields": []
      },
      {
        "operation": "ListKeyRotations",
        "python_method": "list_key_rotations",
        "yaml_action": "list_key_rotations",
        "required_params": [
          "KeyId"
        ],
        "optional_params": [
          "IncludeKeyMaterial",
          "Limit",
          "Marker"
        ],
        "total_optional": 3,
        "output_fields": {
          "Rotations": {
            "type": "string",
            "description": "Rotations details",
            "compliance_category": "general",
            "format": "date-time",
            "operators": [
              "equals",
              "not_equals",
              "contains"
            ]
          },
          "NextMarker": {
            "type": "string",
            "description": "NextMarker details",
            "compliance_category": "general",
            "operators": [
              "equals",
              "not_equals",
              "contains"
            ]
          },
          "Truncated": {
            "type": "string",
            "description": "Truncated details",
            "compliance_category": "general",
            "format": "date-time",
            "operators": [
              "equals",
              "not_equals",
              "contains"
            ]
          }
        },
        "main_output_field": "Rotations",
        "item_fields": {
          "KeyId": {
            "type": "string",
            "description": "Key id",
            "compliance_category": "identity",
            "operators": [
              "equals",
              "not_equals",
              "in",
              "exists"
            ]
          },
          "KeyMaterialId": {
            "type": "string",
            "description": "Key material id",
            "compliance_category": "identity",
            "operators": [
              "equals",
              "not_equals",
              "in",
              "exists"
            ]
          },
          "KeyMaterialDescription": {
            "type": "string",
            "description": "Key material description",
            "compliance_category": "general",
            "format": "date-time"
          },
          "ImportState": {
            "type": "string",
            "description": "Import state",
            "compliance_category": "general",
            "format": "date-time"
          },
          "KeyMaterialState": {
            "type": "string",
            "description": "Key material state",
            "compliance_category": "general",
            "format": "date-time"
          },
          "ExpirationModel": {
            "type": "string",
            "description": "Expiration model",
            "compliance_category": "general",
            "format": "date-time"
          },
          "ValidTo": {
            "type": "string",
            "description": "Valid to",
            "compliance_category": "identity",
            "operators": [
              "equals",
              "not_equals",
              "in",
              "exists"
            ]
          },
          "RotationDate": {
            "type": "string",
            "description": "Rotation date",
            "compliance_category": "general",
            "format": "date-time"
          },
          "RotationType": {
            "type": "string",
            "description": "Rotation type",
            "compliance_category": "general",
            "format": "date-time"
          }
        }
      },
      {
        "operation": "ListResourceTags",
        "python_method": "list_resource_tags",
        "yaml_action": "list_resource_tags",
        "required_params": [
          "KeyId"
        ],
        "optional_params": [
          "Limit",
          "Marker"
        ],
        "total_optional": 2,
        "output_fields": {
          "Tags": {
            "type": "string",
            "description": "Tags details",
            "compliance_category": "general",
            "operators": [
              "equals",
              "not_equals",
              "contains"
            ]
          },
          "NextMarker": {
            "type": "string",
            "description": "NextMarker details",
            "compliance_category": "general",
            "operators": [
              "equals",
              "not_equals",
              "contains"
            ]
          },
          "Truncated": {
            "type": "string",
            "description": "Truncated details",
            "compliance_category": "general",
            "format": "date-time",
            "operators": [
              "equals",
              "not_equals",
              "contains"
            ]
          }
        },
        "main_output_field": "Tags",
        "item_fields": {
          "TagKey": {
            "type": "string",
            "description": "Tag key",
            "compliance_category": "security",
            "security_impact": "high"
          },
          "TagValue": {
            "type": "array",
            "description": "Tag value",
            "compliance_category": "general",
            "operators": [
              "exists",
              "not_empty",
              "contains"
            ]
          }
        }
      },
      {
        "operation": "ListRetirableGrants",
        "python_method": "list_retirable_grants",
        "yaml_action": "list_retirable_grants",
        "required_params": [
          "RetiringPrincipal"
        ],
        "optional_params": [
          "Limit",
          "Marker"
        ],
        "total_optional": 2,
        "output_fields": {
          "Grants": {
            "type": "string",
            "description": "Grants details",
            "compliance_category": "general",
            "operators": [
              "equals",
              "not_equals",
              "contains"
            ]
          },
          "NextMarker": {
            "type": "string",
            "description": "NextMarker details",
            "compliance_category": "general",
            "operators": [
              "equals",
              "not_equals",
              "contains"
            ]
          },
          "Truncated": {
            "type": "string",
            "description": "Truncated details",
            "compliance_category": "general",
            "format": "date-time",
            "operators": [
              "equals",
              "not_equals",
              "contains"
            ]
          }
        },
        "main_output_field": "Grants",
        "item_fields": {
          "KeyId": {
            "type": "string",
            "description": "Key id",
            "compliance_category": "identity",
            "operators": [
              "equals",
              "not_equals",
              "in",
              "exists"
            ]
          },
          "GrantId": {
            "type": "string",
            "description": "Grant id",
            "compliance_category": "identity",
            "operators": [
              "equals",
              "not_equals",
              "in",
              "exists"
            ]
          },
          "Name": {
            "type": "string",
            "description": "Name",
            "compliance_category": "general"
          },
          "CreationDate": {
            "type": "string",
            "description": "Creation date",
            "compliance_category": "general",
            "format": "date-time"
          },
          "GranteePrincipal": {
            "type": "string",
            "description": "Grantee principal",
            "compliance_category": "general"
          },
          "RetiringPrincipal": {
            "type": "string",
            "description": "Retiring principal",
            "compliance_category": "general"
          },
          "IssuingAccount": {
            "type": "integer",
            "description": "Issuing account",
            "compliance_category": "general"
          },
          "Operations": {
            "type": "string",
            "description": "Operations",
            "compliance_category": "general",
            "format": "date-time"
          },
          "Constraints": {
            "type": "string",
            "description": "Constraints",
            "compliance_category": "general",
            "format": "date-time"
          }
        }
      },
      {
        "operation": "PutKeyPolicy",
        "python_method": "put_key_policy",
        "yaml_action": "put_key_policy",
        "required_params": [
          "KeyId",
          "Policy"
        ],
        "optional_params": [
          "PolicyName",
          "BypassPolicyLockoutSafetyCheck"
        ],
        "total_optional": 2,
        "output_fields": {},
        "main_output_field": null,
        "item_fields": []
      },
      {
        "operation": "ReEncrypt",
        "python_method": "re_encrypt",
        "yaml_action": "re_encrypt",
        "required_params": [
          "CiphertextBlob",
          "DestinationKeyId"
        ],
        "optional_params": [
          "SourceEncryptionContext",
          "SourceKeyId",
          "DestinationEncryptionContext",
          "SourceEncryptionAlgorithm",
          "DestinationEncryptionAlgorithm"
        ],
        "total_optional": 7,
        "output_fields": {
          "CiphertextBlob": {
            "type": "string",
            "description": "CiphertextBlob details",
            "compliance_category": "general",
            "operators": [
              "equals",
              "not_equals",
              "contains"
            ]
          },
          "SourceKeyId": {
            "type": "string",
            "description": "SourceKeyId details",
            "compliance_category": "identity",
            "operators": [
              "equals",
              "not_equals",
              "contains",
              "in",
              "exists"
            ],
            "security_impact": "high"
          },
          "KeyId": {
            "type": "string",
            "description": "KeyId details",
            "compliance_category": "identity",
            "operators": [
              "equals",
              "not_equals",
              "contains",
              "in",
              "exists"
            ],
            "security_impact": "high"
          },
          "SourceEncryptionAlgorithm": {
            "type": "string",
            "description": "SourceEncryptionAlgorithm details",
            "compliance_category": "general",
            "operators": [
              "equals",
              "not_equals",
              "contains"
            ]
          },
          "DestinationEncryptionAlgorithm": {
            "type": "string",
            "description": "DestinationEncryptionAlgorithm details",
            "compliance_category": "general",
            "format": "date-time",
            "operators": [
              "equals",
              "not_equals",
              "contains"
            ]
          },
          "SourceKeyMaterialId": {
            "type": "string",
            "description": "SourceKeyMaterialId details",
            "compliance_category": "identity",
            "format": "date-time",
            "operators": [
              "equals",
              "not_equals",
              "contains",
              "in",
              "exists"
            ],
            "security_impact": "high"
          },
          "DestinationKeyMaterialId": {
            "type": "string",
            "description": "DestinationKeyMaterialId details",
            "compliance_category": "identity",
            "format": "date-time",
            "operators": [
              "equals",
              "not_equals",
              "contains",
              "in",
              "exists"
            ],
            "security_impact": "high"
          }
        },
        "main_output_field": "CiphertextBlob",
        "item_fields": []
      },
      {
        "operation": "ReplicateKey",
        "python_method": "replicate_key",
        "yaml_action": "replicate_key",
        "required_params": [
          "KeyId",
          "ReplicaRegion"
        ],
        "optional_params": [
          "Policy",
          "BypassPolicyLockoutSafetyCheck",
          "Description",
          "Tags"
        ],
        "total_optional": 4,
        "output_fields": {
          "ReplicaKeyMetadata": {
            "type": "string",
            "description": "ReplicaKeyMetadata details",
            "compliance_category": "general",
            "format": "date-time",
            "operators": [
              "equals",
              "not_equals",
              "contains"
            ],
            "security_impact": "high"
          },
          "ReplicaPolicy": {
            "type": "string",
            "description": "ReplicaPolicy details",
            "compliance_category": "security",
            "operators": [
              "equals",
              "not_equals",
              "in",
              "exists"
            ]
          },
          "ReplicaTags": {
            "type": "string",
            "description": "ReplicaTags details",
            "compliance_category": "general",
            "format": "date-time",
            "operators": [
              "equals",
              "not_equals",
              "contains"
            ]
          }
        },
        "main_output_field": "ReplicaTags",
        "item_fields": {
          "TagKey": {
            "type": "string",
            "description": "Tag key",
            "compliance_category": "security",
            "security_impact": "high"
          },
          "TagValue": {
            "type": "array",
            "description": "Tag value",
            "compliance_category": "general",
            "operators": [
              "exists",
              "not_empty",
              "contains"
            ]
          }
        }
      },
      {
        "operation": "RevokeGrant",
        "python_method": "revoke_grant",
        "yaml_action": "revoke_grant",
        "required_params": [
          "KeyId",
          "GrantId"
        ],
        "optional_params": [
          "DryRun"
        ],
        "total_optional": 1,
        "output_fields": {},
        "main_output_field": null,
        "item_fields": []
      },
      {
        "operation": "RotateKeyOnDemand",
        "python_method": "rotate_key_on_demand",
        "yaml_action": "rotate_key_on_demand",
        "required_params": [
          "KeyId"
        ],
        "optional_params": [],
        "total_optional": 0,
        "output_fields": {
          "KeyId": {
            "type": "string",
            "description": "KeyId details",
            "compliance_category": "identity",
            "operators": [
              "equals",
              "not_equals",
              "contains",
              "in",
              "exists"
            ],
            "security_impact": "high"
          }
        },
        "main_output_field": "KeyId",
        "item_fields": []
      },
      {
        "operation": "ScheduleKeyDeletion",
        "python_method": "schedule_key_deletion",
        "yaml_action": "schedule_key_deletion",
        "required_params": [
          "KeyId"
        ],
        "optional_params": [
          "PendingWindowInDays"
        ],
        "total_optional": 1,
        "output_fields": {
          "KeyId": {
            "type": "string",
            "description": "KeyId details",
            "compliance_category": "identity",
            "operators": [
              "equals",
              "not_equals",
              "contains",
              "in",
              "exists"
            ],
            "security_impact": "high"
          },
          "DeletionDate": {
            "type": "string",
            "description": "DeletionDate details",
            "compliance_category": "general",
            "format": "date-time",
            "operators": [
              "equals",
              "not_equals",
              "contains"
            ]
          },
          "KeyState": {
            "type": "string",
            "description": "KeyState details",
            "compliance_category": "general",
            "format": "date-time",
            "operators": [
              "equals",
              "not_equals",
              "contains"
            ],
            "security_impact": "high"
          },
          "PendingWindowInDays": {
            "type": "string",
            "description": "PendingWindowInDays details",
            "compliance_category": "general",
            "operators": [
              "equals",
              "not_equals",
              "contains"
            ]
          }
        },
        "main_output_field": "KeyId",
        "item_fields": []
      },
      {
        "operation": "Sign",
        "python_method": "sign",
        "yaml_action": "sign",
        "required_params": [
          "KeyId",
          "Message",
          "SigningAlgorithm"
        ],
        "optional_params": [
          "MessageType",
          "GrantTokens",
          "DryRun"
        ],
        "total_optional": 3,
        "output_fields": {
          "KeyId": {
            "type": "string",
            "description": "KeyId details",
            "compliance_category": "identity",
            "operators": [
              "equals",
              "not_equals",
              "contains",
              "in",
              "exists"
            ],
            "security_impact": "high"
          },
          "Signature": {
            "type": "string",
            "description": "Signature details",
            "compliance_category": "general",
            "format": "date-time",
            "operators": [
              "equals",
              "not_equals",
              "contains"
            ]
          },
          "SigningAlgorithm": {
            "type": "string",
            "description": "SigningAlgorithm details",
            "compliance_category": "general",
            "operators": [
              "equals",
              "not_equals",
              "contains"
            ]
          }
        },
        "main_output_field": "KeyId",
        "item_fields": []
      },
      {
        "operation": "TagResource",
        "python_method": "tag_resource",
        "yaml_action": "tag_resource",
        "required_params": [
          "KeyId",
          "Tags"
        ],
        "optional_params": [],
        "total_optional": 0,
        "output_fields": {},
        "main_output_field": null,
        "item_fields": []
      },
      {
        "operation": "UntagResource",
        "python_method": "untag_resource",
        "yaml_action": "untag_resource",
        "required_params": [
          "KeyId",
          "TagKeys"
        ],
        "optional_params": [],
        "total_optional": 0,
        "output_fields": {},
        "main_output_field": null,
        "item_fields": []
      },
      {
        "operation": "UpdateAlias",
        "python_method": "update_alias",
        "yaml_action": "update_alias",
        "required_params": [
          "AliasName",
          "TargetKeyId"
        ],
        "optional_params": [],
        "total_optional": 0,
        "output_fields": {},
        "main_output_field": null,
        "item_fields": []
      },
      {
        "operation": "UpdateCustomKeyStore",
        "python_method": "update_custom_key_store",
        "yaml_action": "update_custom_key_store",
        "required_params": [
          "CustomKeyStoreId"
        ],
        "optional_params": [
          "NewCustomKeyStoreName",
          "KeyStorePassword",
          "CloudHsmClusterId",
          "XksProxyUriEndpoint",
          "XksProxyUriPath"
        ],
        "total_optional": 9,
        "output_fields": {},
        "main_output_field": null,
        "item_fields": []
      },
      {
        "operation": "UpdateKeyDescription",
        "python_method": "update_key_description",
        "yaml_action": "update_key_description",
        "required_params": [
          "KeyId",
          "Description"
        ],
        "optional_params": [],
        "total_optional": 0,
        "output_fields": {},
        "main_output_field": null,
        "item_fields": []
      },
      {
        "operation": "UpdatePrimaryRegion",
        "python_method": "update_primary_region",
        "yaml_action": "update_primary_region",
        "required_params": [
          "KeyId",
          "PrimaryRegion"
        ],
        "optional_params": [],
        "total_optional": 0,
        "output_fields": {},
        "main_output_field": null,
        "item_fields": []
      },
      {
        "operation": "Verify",
        "python_method": "verify",
        "yaml_action": "verify",
        "required_params": [
          "KeyId",
          "Message",
          "Signature",
          "SigningAlgorithm"
        ],
        "optional_params": [
          "MessageType",
          "GrantTokens",
          "DryRun"
        ],
        "total_optional": 3,
        "output_fields": {
          "KeyId": {
            "type": "string",
            "description": "KeyId details",
            "compliance_category": "identity",
            "operators": [
              "equals",
              "not_equals",
              "contains",
              "in",
              "exists"
            ],
            "security_impact": "high"
          },
          "SignatureValid": {
            "type": "string",
            "description": "SignatureValid details",
            "compliance_category": "identity",
            "format": "date-time",
            "operators": [
              "equals",
              "not_equals",
              "contains",
              "in",
              "exists"
            ]
          },
          "SigningAlgorithm": {
            "type": "string",
            "description": "SigningAlgorithm details",
            "compliance_category": "general",
            "operators": [
              "equals",
              "not_equals",
              "contains"
            ]
          }
        },
        "main_output_field": "KeyId",
        "item_fields": []
      },
      {
        "operation": "VerifyMac",
        "python_method": "verify_mac",
        "yaml_action": "verify_mac",
        "required_params": [
          "Message",
          "KeyId",
          "MacAlgorithm",
          "Mac"
        ],
        "optional_params": [
          "GrantTokens",
          "DryRun"
        ],
        "total_optional": 2,
        "output_fields": {
          "KeyId": {
            "type": "string",
            "description": "KeyId details",
            "compliance_category": "identity",
            "operators": [
              "equals",
              "not_equals",
              "contains",
              "in",
              "exists"
            ],
            "security_impact": "high"
          },
          "MacValid": {
            "type": "string",
            "description": "MacValid details",
            "compliance_category": "identity",
            "operators": [
              "equals",
              "not_equals",
              "contains",
              "in",
              "exists"
            ]
          },
          "MacAlgorithm": {
            "type": "string",
            "description": "MacAlgorithm details",
            "compliance_category": "general",
            "operators": [
              "equals",
              "not_equals",
              "contains"
            ]
          }
        },
        "main_output_field": "KeyId",
        "item_fields": []
      }
    ],
    "independent_count": 6,
    "dependent_count": 47
  }
}