{
  "service": "kms",
  "seed_from_list": [
    "AliasArn",
    "AliasName",
    "Constraints",
    "CreationDate",
    "ExpirationModel",
    "GrantId",
    "GranteePrincipal",
    "ImportState",
    "IssuingAccount",
    "KeyArn",
    "KeyId",
    "KeyMaterialDescription",
    "KeyMaterialId",
    "KeyMaterialState",
    "LastUpdatedDate",
    "Name",
    "Operations",
    "RetiringPrincipal",
    "RotationDate",
    "RotationType",
    "TagKey",
    "TagValue",
    "TargetKeyId",
    "ValidTo"
  ],
  "enriched_from_get_describe": [
    "AWSAccountId",
    "Arn",
    "CloudHsmClusterId",
    "ConnectionErrorCode",
    "ConnectionState",
    "CreationDate",
    "CurrentKeyMaterialId",
    "CustomKeyStoreId",
    "CustomKeyStoreName",
    "CustomKeyStoreType",
    "CustomKeyStores",
    "CustomerMasterKeySpec",
    "DeletionDate",
    "Description",
    "Enabled",
    "EncryptionAlgorithms",
    "ExpirationModel",
    "ImportToken",
    "KeyAgreementAlgorithms",
    "KeyId",
    "KeyManager",
    "KeyMetadata",
    "KeyRotationEnabled",
    "KeySpec",
    "KeyState",
    "KeyUsage",
    "MacAlgorithms",
    "MultiRegion",
    "MultiRegionConfiguration",
    "NextMarker",
    "NextRotationDate",
    "OnDemandRotationStartDate",
    "Origin",
    "ParametersValidTo",
    "PendingDeletionWindowInDays",
    "Policy",
    "PolicyName",
    "PublicKey",
    "RotationPeriodInDays",
    "SigningAlgorithms",
    "Truncated",
    "TrustAnchorCertificate",
    "ValidTo",
    "XksKeyConfiguration",
    "XksProxyConfiguration"
  ],
  "final_union": [
    "AWSAccountId",
    "AliasArn",
    "AliasName",
    "Arn",
    "CloudHsmClusterId",
    "ConnectionErrorCode",
    "ConnectionState",
    "Constraints",
    "CreationDate",
    "CurrentKeyMaterialId",
    "CustomKeyStoreId",
    "CustomKeyStoreName",
    "CustomKeyStoreType",
    "CustomKeyStores",
    "CustomerMasterKeySpec",
    "DeletionDate",
    "Description",
    "Enabled",
    "EncryptionAlgorithms",
    "ExpirationModel",
    "GrantId",
    "GranteePrincipal",
    "ImportState",
    "ImportToken",
    "IssuingAccount",
    "KeyAgreementAlgorithms",
    "KeyArn",
    "KeyId",
    "KeyManager",
    "KeyMaterialDescription",
    "KeyMaterialId",
    "KeyMaterialState",
    "KeyMetadata",
    "KeyRotationEnabled",
    "KeySpec",
    "KeyState",
    "KeyUsage",
    "LastUpdatedDate",
    "MacAlgorithms",
    "MultiRegion",
    "MultiRegionConfiguration",
    "Name",
    "NextMarker",
    "NextRotationDate",
    "OnDemandRotationStartDate",
    "Operations",
    "Origin",
    "ParametersValidTo",
    "PendingDeletionWindowInDays",
    "Policy",
    "PolicyName",
    "PublicKey",
    "RetiringPrincipal",
    "RotationDate",
    "RotationPeriodInDays",
    "RotationType",
    "SigningAlgorithms",
    "TagKey",
    "TagValue",
    "TargetKeyId",
    "Truncated",
    "TrustAnchorCertificate",
    "ValidTo",
    "XksKeyConfiguration",
    "XksProxyConfiguration"
  ],
  "source": {
    "operation_registry": "services/kms/operation_registry.json",
    "read_ops_rule": "operation name startswith List/Get/Describe/Search/Lookup",
    "excluded_keys": [
      "nextToken",
      "maxResults"
    ]
  }
}