{
  "service": "kms",
  "issues": {
    "generic_entities": {},
    "ambiguous_tokens": {},
    "unresolved_consumes": [],
    "suspicious_paths": []
  },
  "alias_candidates_not_applied": [],
  "suggested_overrides": [
    {
      "operation": "CreateGrant",
      "type": "produces",
      "key": "GrantId",
      "suggested_entity": "kms.key_id",
      "confidence": "MEDIUM",
      "reason": "Param 'KeyId' and output field 'GrantId' match but map to different entities. Suggest unifying to consume entity."
    },
    {
      "operation": "DeleteImportedKeyMaterial",
      "type": "produces",
      "key": "KeyMaterialId",
      "suggested_entity": "kms.key_id",
      "confidence": "MEDIUM",
      "reason": "Param 'KeyId' and output field 'KeyMaterialId' match but map to different entities. Suggest unifying to consume entity."
    },
    {
      "operation": "DescribeKey",
      "type": "produces",
      "key": "KeyMetadata.AWSAccountId",
      "suggested_entity": "kms.key_id",
      "confidence": "MEDIUM",
      "reason": "Param 'KeyId' and output field 'AWSAccountId' match but map to different entities. Suggest unifying to consume entity."
    },
    {
      "operation": "DescribeKey",
      "type": "produces",
      "key": "KeyMetadata.CustomKeyStoreId",
      "suggested_entity": "kms.key_id",
      "confidence": "MEDIUM",
      "reason": "Param 'KeyId' and output field 'CustomKeyStoreId' match but map to different entities. Suggest unifying to consume entity."
    },
    {
      "operation": "DescribeKey",
      "type": "produces",
      "key": "KeyMetadata.CloudHsmClusterId",
      "suggested_entity": "kms.key_id",
      "confidence": "MEDIUM",
      "reason": "Param 'KeyId' and output field 'CloudHsmClusterId' match but map to different entities. Suggest unifying to consume entity."
    },
    {
      "operation": "DescribeKey",
      "type": "produces",
      "key": "KeyMetadata.CurrentKeyMaterialId",
      "suggested_entity": "kms.key_id",
      "confidence": "MEDIUM",
      "reason": "Param 'KeyId' and output field 'CurrentKeyMaterialId' match but map to different entities. Suggest unifying to consume entity."
    },
    {
      "operation": "GenerateDataKey",
      "type": "produces",
      "key": "KeyMaterialId",
      "suggested_entity": "kms.key_id",
      "confidence": "MEDIUM",
      "reason": "Param 'KeyId' and output field 'KeyMaterialId' match but map to different entities. Suggest unifying to consume entity."
    },
    {
      "operation": "GenerateDataKeyPair",
      "type": "produces",
      "key": "KeyMaterialId",
      "suggested_entity": "kms.key_id",
      "confidence": "MEDIUM",
      "reason": "Param 'KeyId' and output field 'KeyMaterialId' match but map to different entities. Suggest unifying to consume entity."
    },
    {
      "operation": "GenerateDataKeyPairWithoutPlaintext",
      "type": "produces",
      "key": "KeyMaterialId",
      "suggested_entity": "kms.key_id",
      "confidence": "MEDIUM",
      "reason": "Param 'KeyId' and output field 'KeyMaterialId' match but map to different entities. Suggest unifying to consume entity."
    },
    {
      "operation": "GenerateDataKeyWithoutPlaintext",
      "type": "produces",
      "key": "KeyMaterialId",
      "suggested_entity": "kms.key_id",
      "confidence": "MEDIUM",
      "reason": "Param 'KeyId' and output field 'KeyMaterialId' match but map to different entities. Suggest unifying to consume entity."
    },
    {
      "operation": "ImportKeyMaterial",
      "type": "produces",
      "key": "KeyMaterialId",
      "suggested_entity": "kms.key_id",
      "confidence": "MEDIUM",
      "reason": "Param 'KeyId' and output field 'KeyMaterialId' match but map to different entities. Suggest unifying to consume entity."
    },
    {
      "operation": "ListGrants",
      "type": "produces",
      "key": "Grants[].GrantId",
      "suggested_entity": "kms.key_id",
      "confidence": "MEDIUM",
      "reason": "Param 'KeyId' and output field 'GrantId' match but map to different entities. Suggest unifying to consume entity."
    },
    {
      "operation": "ListKeyRotations",
      "type": "produces",
      "key": "Rotations[].KeyMaterialId",
      "suggested_entity": "kms.key_id",
      "confidence": "MEDIUM",
      "reason": "Param 'KeyId' and output field 'KeyMaterialId' match but map to different entities. Suggest unifying to consume entity."
    },
    {
      "operation": "ListRetirableGrants",
      "type": "produces",
      "key": "Grants[].RetiringPrincipal",
      "suggested_entity": "kms.retiring_principal",
      "confidence": "MEDIUM",
      "reason": "Param 'RetiringPrincipal' and output field 'RetiringPrincipal' match but map to different entities. Suggest unifying to consume entity."
    },
    {
      "operation": "ReEncrypt",
      "type": "produces",
      "key": "SourceKeyId",
      "suggested_entity": "kms.destinationkey_id",
      "confidence": "MEDIUM",
      "reason": "Param 'DestinationKeyId' and output field 'SourceKeyId' match but map to different entities. Suggest unifying to consume entity."
    },
    {
      "operation": "ReEncrypt",
      "type": "produces",
      "key": "KeyId",
      "suggested_entity": "kms.destinationkey_id",
      "confidence": "MEDIUM",
      "reason": "Param 'DestinationKeyId' and output field 'KeyId' match but map to different entities. Suggest unifying to consume entity."
    },
    {
      "operation": "ReEncrypt",
      "type": "produces",
      "key": "SourceKeyMaterialId",
      "suggested_entity": "kms.destinationkey_id",
      "confidence": "MEDIUM",
      "reason": "Param 'DestinationKeyId' and output field 'SourceKeyMaterialId' match but map to different entities. Suggest unifying to consume entity."
    },
    {
      "operation": "ReEncrypt",
      "type": "produces",
      "key": "DestinationKeyMaterialId",
      "suggested_entity": "kms.destinationkey_id",
      "confidence": "MEDIUM",
      "reason": "Param 'DestinationKeyId' and output field 'DestinationKeyMaterialId' match but map to different entities. Suggest unifying to consume entity."
    },
    {
      "operation": "Verify",
      "type": "produces",
      "key": "SignatureValid",
      "suggested_entity": "kms.key_id",
      "confidence": "MEDIUM",
      "reason": "Param 'KeyId' and output field 'SignatureValid' match but map to different entities. Suggest unifying to consume entity."
    },
    {
      "operation": "VerifyMac",
      "type": "produces",
      "key": "MacValid",
      "suggested_entity": "kms.key_id",
      "confidence": "MEDIUM",
      "reason": "Param 'KeyId' and output field 'MacValid' match but map to different entities. Suggest unifying to consume entity."
    }
  ]
}