{
  "service": "kinesis-video-signaling",
  "op_consumes": {
    "GetIceServerConfig": ["kinesis-video-signaling.channel_arn"],
    "SendAlexaOfferToMaster": ["kinesis-video-signaling.senderclient_id", "kinesis-video-signaling.message_payload", "kinesis-video-signaling.channel_arn"]
  },
  "op_produces": {
    "GetIceServerConfig": ["kinesis-video-signaling.ice_server_list", "kinesis-video-signaling.ice_server_password", "kinesis-video-signaling.ice_server_username", "kinesis-video-signaling.ice_server_ttl", "kinesis-video-signaling.ice_server_uris"],
    "SendAlexaOfferToMaster": ["kinesis-video-signaling.answer"]
  },
  "entity_producers": {
    "kinesis-video-signaling.ice_server_list": ["GetIceServerConfig"],
    "kinesis-video-signaling.ice_server_uris": ["GetIceServerConfig"],
    "kinesis-video-signaling.ice_server_username": ["GetIceServerConfig"],
    "kinesis-video-signaling.ice_server_password": ["GetIceServerConfig"],
    "kinesis-video-signaling.ice_server_ttl": ["GetIceServerConfig"],
    "kinesis-video-signaling.answer": ["SendAlexaOfferToMaster"]
  },
  "entity_consumers": {
    "kinesis-video-signaling.channel_arn": ["SendAlexaOfferToMaster", "GetIceServerConfig"],
    "kinesis-video-signaling.senderclient_id": ["SendAlexaOfferToMaster"],
    "kinesis-video-signaling.message_payload": ["SendAlexaOfferToMaster"]
  },
  "external_entities": ["kinesis-video-signaling.channel_arn", "kinesis-video-signaling.message_payload", "kinesis-video-signaling.senderclient_id"]
}