{
  "service": "kinesis-video-signaling",
  "seed_from_list": [],
  "enriched_from_get_describe": [
    "IceServerList",
    "Password",
    "Ttl",
    "Uris",
    "Username"
  ],
  "final_union": [
    "IceServerList",
    "Password",
    "Ttl",
    "Uris",
    "Username"
  ],
  "source": {
    "operation_registry": "services/kinesis-video-signaling/operation_registry.json",
    "read_ops_rule": "operation name startswith List/Get/Describe/Search/Lookup",
    "excluded_keys": [
      "nextToken",
      "maxResults"
    ]
  }
}