{
  "service": "kinesis-video-signaling",
  "version": "1.0",
  "kind_rules": {
    "read_list": ["List"],
    "read_get": ["Get", "Describe"],
    "write_create": ["Create", "Start", "Generate", "Import", "Enable", "Register"],
    "write_update": ["Update", "Modify", "Put", "Set", "Change", "Reset", "Patch"],
    "write_delete": ["Delete", "Remove", "Terminate", "Destroy", "Disable", "Detach", "Disassociate", "Untag", "Revoke"],
    "write_apply": ["Apply", "Attach", "Associate", "Add", "Tag", "Authorize", "Unauthorize", "Grant"],
    "other": ["default"]
  },
  "entity_aliases": {},
  "overrides": {},
  "operations": {
    "GetIceServerConfig": {
      "kind": "read_get",
      "side_effect": false,
      "sdk": {"client": "kinesis-video-signaling", "method": "get_ice_server_config"},
      "consumes": [{"entity": "kinesis-video-signaling.channel_arn", "param": "ChannelARN", "required": true, "source": "external"}],
      "produces": [{"entity": "kinesis-video-signaling.ice_server_list", "source": "output", "path": "IceServerList"}, {"entity": "kinesis-video-signaling.ice_server_uris", "source": "item", "path": "IceServerList.Uris"}, {"entity": "kinesis-video-signaling.ice_server_username", "source": "item", "path": "IceServerList.Username"}, {"entity": "kinesis-video-signaling.ice_server_password", "source": "item", "path": "IceServerList.Password"}, {"entity": "kinesis-video-signaling.ice_server_ttl", "source": "item", "path": "IceServerList.Ttl"}],
      "notes": ""
    },
    "SendAlexaOfferToMaster": {
      "kind": "other",
      "side_effect": true,
      "sdk": {"client": "kinesis-video-signaling", "method": "send_alexa_offer_to_master"},
      "consumes": [{"entity": "kinesis-video-signaling.channel_arn", "param": "ChannelARN", "required": true, "source": "external"}, {"entity": "kinesis-video-signaling.senderclient_id", "param": "SenderClientId", "required": true, "source": "external"}, {"entity": "kinesis-video-signaling.message_payload", "param": "MessagePayload", "required": true, "source": "external"}],
      "produces": [{"entity": "kinesis-video-signaling.answer", "source": "output", "path": "Answer"}],
      "notes": ""
    }
  }
}