{
  "mwaa": {
    "service": "mwaa",
    "total_operations": 12,
    "independent": [
      {
        "operation": "ListEnvironments",
        "python_method": "list_environments",
        "yaml_action": "list_environments",
        "required_params": [],
        "optional_params": [
          "NextToken",
          "MaxResults"
        ],
        "total_optional": 2,
        "output_fields": {
          "Environments": {
            "type": "string",
            "description": "Environments details",
            "compliance_category": "general",
            "operators": [
              "equals",
              "not_equals",
              "contains"
            ]
          },
          "NextToken": {
            "type": "string",
            "description": "NextToken details",
            "compliance_category": "general",
            "operators": [
              "equals",
              "not_equals",
              "contains"
            ],
            "security_impact": "high"
          }
        },
        "main_output_field": "Environments",
        "item_fields": []
      }
    ],
    "dependent": [
      {
        "operation": "CreateCliToken",
        "python_method": "create_cli_token",
        "yaml_action": "create_cli_token",
        "required_params": [
          "Name"
        ],
        "optional_params": [],
        "total_optional": 0,
        "output_fields": {
          "CliToken": {
            "type": "string",
            "description": "CliToken details",
            "compliance_category": "general",
            "operators": [
              "equals",
              "not_equals",
              "contains"
            ],
            "security_impact": "high"
          },
          "WebServerHostname": {
            "type": "string",
            "description": "WebServerHostname details",
            "compliance_category": "identity",
            "operators": [
              "equals",
              "not_equals",
              "contains",
              "in",
              "exists"
            ]
          }
        },
        "main_output_field": "CliToken",
        "item_fields": []
      },
      {
        "operation": "CreateEnvironment",
        "python_method": "create_environment",
        "yaml_action": "create_environment",
        "required_params": [
          "Name",
          "ExecutionRoleArn",
          "SourceBucketArn",
          "DagS3Path",
          "NetworkConfiguration"
        ],
        "optional_params": [
          "PluginsS3Path",
          "PluginsS3ObjectVersion",
          "RequirementsS3Path",
          "RequirementsS3ObjectVersion",
          "StartupScriptS3Path"
        ],
        "total_optional": 20,
        "output_fields": {
          "Arn": {
            "type": "string",
            "description": "Arn details",
            "compliance_category": "identity",
            "operators": [
              "equals",
              "not_equals",
              "contains",
              "in",
              "exists"
            ]
          }
        },
        "main_output_field": "Arn",
        "item_fields": []
      },
      {
        "operation": "CreateWebLoginToken",
        "python_method": "create_web_login_token",
        "yaml_action": "create_web_login_token",
        "required_params": [
          "Name"
        ],
        "optional_params": [],
        "total_optional": 0,
        "output_fields": {
          "WebToken": {
            "type": "string",
            "description": "WebToken details",
            "compliance_category": "general",
            "operators": [
              "equals",
              "not_equals",
              "contains"
            ],
            "security_impact": "high"
          },
          "WebServerHostname": {
            "type": "string",
            "description": "WebServerHostname details",
            "compliance_category": "identity",
            "operators": [
              "equals",
              "not_equals",
              "contains",
              "in",
              "exists"
            ]
          },
          "IamIdentity": {
            "type": "string",
            "description": "IamIdentity details",
            "compliance_category": "identity",
            "operators": [
              "equals",
              "not_equals",
              "contains",
              "in",
              "exists"
            ]
          },
          "AirflowIdentity": {
            "type": "string",
            "description": "AirflowIdentity details",
            "compliance_category": "identity",
            "operators": [
              "equals",
              "not_equals",
              "contains",
              "in",
              "exists"
            ]
          }
        },
        "main_output_field": "WebToken",
        "item_fields": []
      },
      {
        "operation": "DeleteEnvironment",
        "python_method": "delete_environment",
        "yaml_action": "delete_environment",
        "required_params": [
          "Name"
        ],
        "optional_params": [],
        "total_optional": 0,
        "output_fields": {},
        "main_output_field": null,
        "item_fields": []
      },
      {
        "operation": "GetEnvironment",
        "python_method": "get_environment",
        "yaml_action": "get_environment",
        "required_params": [
          "Name"
        ],
        "optional_params": [],
        "total_optional": 0,
        "output_fields": {
          "Environment": {
            "type": "string",
            "description": "Environment details",
            "compliance_category": "general",
            "operators": [
              "equals",
              "not_equals",
              "contains"
            ]
          }
        },
        "main_output_field": "Environment",
        "item_fields": {
          "Name": {
            "type": "string",
            "description": "Name",
            "compliance_category": "general"
          },
          "Status": {
            "type": "string",
            "description": "Status",
            "compliance_category": "general",
            "format": "date-time"
          },
          "Arn": {
            "type": "string",
            "description": "Arn",
            "compliance_category": "identity",
            "operators": [
              "equals",
              "not_equals",
              "contains",
              "in",
              "exists"
            ]
          },
          "CreatedAt": {
            "type": "string",
            "description": "Created at",
            "compliance_category": "general",
            "format": "date-time"
          },
          "WebserverUrl": {
            "type": "string",
            "description": "Webserver url",
            "compliance_category": "general"
          },
          "ExecutionRoleArn": {
            "type": "string",
            "description": "Execution role arn",
            "compliance_category": "identity",
            "operators": [
              "equals",
              "not_equals",
              "contains",
              "in",
              "exists"
            ]
          },
          "ServiceRoleArn": {
            "type": "string",
            "description": "Service role arn",
            "compliance_category": "identity",
            "operators": [
              "equals",
              "not_equals",
              "contains",
              "in",
              "exists"
            ]
          },
          "KmsKey": {
            "type": "string",
            "description": "Kms key",
            "compliance_category": "security",
            "security_impact": "high"
          },
          "AirflowVersion": {
            "type": "string",
            "description": "Airflow version",
            "compliance_category": "general",
            "format": "date-time"
          },
          "SourceBucketArn": {
            "type": "string",
            "description": "Source bucket arn",
            "compliance_category": "identity",
            "operators": [
              "equals",
              "not_equals",
              "contains",
              "in",
              "exists"
            ]
          },
          "DagS3Path": {
            "type": "string",
            "description": "Dag path",
            "compliance_category": "general",
            "format": "date-time"
          },
          "PluginsS3Path": {
            "type": "string",
            "description": "Plugins path",
            "compliance_category": "general",
            "format": "date-time"
          },
          "PluginsS3ObjectVersion": {
            "type": "string",
            "description": "Plugins object version",
            "compliance_category": "general",
            "format": "date-time"
          },
          "RequirementsS3Path": {
            "type": "string",
            "description": "Requirements path",
            "compliance_category": "general",
            "format": "date-time"
          },
          "RequirementsS3ObjectVersion": {
            "type": "string",
            "description": "Requirements object version",
            "compliance_category": "general",
            "format": "date-time"
          },
          "StartupScriptS3Path": {
            "type": "string",
            "description": "Startup script path",
            "compliance_category": "general",
            "format": "date-time"
          },
          "StartupScriptS3ObjectVersion": {
            "type": "string",
            "description": "Startup script object version",
            "compliance_category": "general",
            "format": "date-time"
          },
          "AirflowConfigurationOptions": {
            "type": "string",
            "description": "Airflow configuration options",
            "compliance_category": "general",
            "format": "date-time"
          },
          "EnvironmentClass": {
            "type": "string",
            "description": "Environment class",
            "compliance_category": "general",
            "format": "date-time"
          },
          "MaxWorkers": {
            "type": "string",
            "description": "Max workers",
            "compliance_category": "general"
          },
          "NetworkConfiguration": {
            "type": "string",
            "description": "Network configuration",
            "compliance_category": "general",
            "format": "date-time"
          },
          "LoggingConfiguration": {
            "type": "string",
            "description": "Logging configuration",
            "compliance_category": "general",
            "format": "date-time"
          },
          "LastUpdate": {
            "type": "string",
            "description": "Last update",
            "compliance_category": "general",
            "format": "date-time"
          },
          "WeeklyMaintenanceWindowStart": {
            "type": "string",
            "description": "Weekly maintenance window start",
            "compliance_category": "general"
          },
          "Tags": {
            "type": "array",
            "description": "Tags",
            "compliance_category": "general",
            "operators": [
              "exists",
              "not_empty",
              "contains"
            ]
          },
          "WebserverAccessMode": {
            "type": "string",
            "description": "Webserver access mode",
            "compliance_category": "security",
            "security_impact": "medium"
          },
          "MinWorkers": {
            "type": "string",
            "description": "Min workers",
            "compliance_category": "general"
          },
          "Schedulers": {
            "type": "string",
            "description": "Schedulers",
            "compliance_category": "general"
          },
          "WebserverVpcEndpointService": {
            "type": "string",
            "description": "Webserver vpc endpoint service",
            "compliance_category": "general"
          },
          "DatabaseVpcEndpointService": {
            "type": "string",
            "description": "Database vpc endpoint service",
            "compliance_category": "general",
            "format": "date-time"
          },
          "CeleryExecutorQueue": {
            "type": "string",
            "description": "Celery executor queue",
            "compliance_category": "general"
          },
          "EndpointManagement": {
            "type": "string",
            "description": "Endpoint management",
            "compliance_category": "general"
          },
          "MinWebservers": {
            "type": "string",
            "description": "Min webservers",
            "compliance_category": "general"
          },
          "MaxWebservers": {
            "type": "string",
            "description": "Max webservers",
            "compliance_category": "general"
          }
        }
      },
      {
        "operation": "InvokeRestApi",
        "python_method": "invoke_rest_api",
        "yaml_action": "invoke_rest_api",
        "required_params": [
          "Name",
          "Path",
          "Method"
        ],
        "optional_params": [
          "QueryParameters",
          "Body"
        ],
        "total_optional": 2,
        "output_fields": {
          "RestApiStatusCode": {
            "type": "boolean",
            "description": "RestApiStatusCode details",
            "compliance_category": "general",
            "operators": [
              "equals",
              "not_equals",
              "contains"
            ]
          },
          "RestApiResponse": {
            "type": "string",
            "description": "RestApiResponse details",
            "compliance_category": "general",
            "operators": [
              "equals",
              "not_equals",
              "contains"
            ]
          }
        },
        "main_output_field": "RestApiResponse",
        "item_fields": []
      },
      {
        "operation": "ListTagsForResource",
        "python_method": "list_tags_for_resource",
        "yaml_action": "list_tags_for_resource",
        "required_params": [
          "ResourceArn"
        ],
        "optional_params": [],
        "total_optional": 0,
        "output_fields": {
          "Tags": {
            "type": "string",
            "description": "Tags details",
            "compliance_category": "general",
            "operators": [
              "equals",
              "not_equals",
              "contains"
            ]
          }
        },
        "main_output_field": "Tags",
        "item_fields": []
      },
      {
        "operation": "PublishMetrics",
        "python_method": "publish_metrics",
        "yaml_action": "publish_metrics",
        "required_params": [
          "EnvironmentName",
          "MetricData"
        ],
        "optional_params": [],
        "total_optional": 0,
        "output_fields": {},
        "main_output_field": null,
        "item_fields": []
      },
      {
        "operation": "TagResource",
        "python_method": "tag_resource",
        "yaml_action": "tag_resource",
        "required_params": [
          "ResourceArn",
          "Tags"
        ],
        "optional_params": [],
        "total_optional": 0,
        "output_fields": {},
        "main_output_field": null,
        "item_fields": []
      },
      {
        "operation": "UntagResource",
        "python_method": "untag_resource",
        "yaml_action": "untag_resource",
        "required_params": [
          "ResourceArn",
          "tagKeys"
        ],
        "optional_params": [],
        "total_optional": 0,
        "output_fields": {},
        "main_output_field": null,
        "item_fields": []
      },
      {
        "operation": "UpdateEnvironment",
        "python_method": "update_environment",
        "yaml_action": "update_environment",
        "required_params": [
          "Name"
        ],
        "optional_params": [
          "ExecutionRoleArn",
          "AirflowConfigurationOptions",
          "AirflowVersion",
          "DagS3Path",
          "EnvironmentClass"
        ],
        "total_optional": 22,
        "output_fields": {
          "Arn": {
            "type": "string",
            "description": "Arn details",
            "compliance_category": "identity",
            "operators": [
              "equals",
              "not_equals",
              "contains",
              "in",
              "exists"
            ]
          }
        },
        "main_output_field": "Arn",
        "item_fields": []
      }
    ],
    "independent_count": 1,
    "dependent_count": 11
  }
}