{
  "service": "mwaa",
  "seed_from_list": [],
  "enriched_from_get_describe": [
    "AirflowConfigurationOptions",
    "AirflowVersion",
    "Arn",
    "CeleryExecutorQueue",
    "CreatedAt",
    "DagS3Path",
    "DatabaseVpcEndpointService",
    "EndpointManagement",
    "Environment",
    "EnvironmentClass",
    "ExecutionRoleArn",
    "KmsKey",
    "LastUpdate",
    "LoggingConfiguration",
    "MaxWebservers",
    "MaxWorkers",
    "MinWebservers",
    "MinWorkers",
    "Name",
    "NetworkConfiguration",
    "PluginsS3ObjectVersion",
    "PluginsS3Path",
    "RequirementsS3ObjectVersion",
    "RequirementsS3Path",
    "Schedulers",
    "ServiceRoleArn",
    "SourceBucketArn",
    "StartupScriptS3ObjectVersion",
    "StartupScriptS3Path",
    "Status",
    "Tags",
    "WebserverAccessMode",
    "WebserverUrl",
    "WebserverVpcEndpointService",
    "WeeklyMaintenanceWindowStart"
  ],
  "final_union": [
    "AirflowConfigurationOptions",
    "AirflowVersion",
    "Arn",
    "CeleryExecutorQueue",
    "CreatedAt",
    "DagS3Path",
    "DatabaseVpcEndpointService",
    "EndpointManagement",
    "Environment",
    "EnvironmentClass",
    "ExecutionRoleArn",
    "KmsKey",
    "LastUpdate",
    "LoggingConfiguration",
    "MaxWebservers",
    "MaxWorkers",
    "MinWebservers",
    "MinWorkers",
    "Name",
    "NetworkConfiguration",
    "PluginsS3ObjectVersion",
    "PluginsS3Path",
    "RequirementsS3ObjectVersion",
    "RequirementsS3Path",
    "Schedulers",
    "ServiceRoleArn",
    "SourceBucketArn",
    "StartupScriptS3ObjectVersion",
    "StartupScriptS3Path",
    "Status",
    "Tags",
    "WebserverAccessMode",
    "WebserverUrl",
    "WebserverVpcEndpointService",
    "WeeklyMaintenanceWindowStart"
  ],
  "source": {
    "operation_registry": "services/mwaa/operation_registry.json",
    "read_ops_rule": "operation name startswith List/Get/Describe/Search/Lookup",
    "excluded_keys": [
      "nextToken",
      "maxResults"
    ]
  }
}