{
  "service": "mwaa",
  "version": "1.0",
  "kind_rules": {
    "read_list": ["List"],
    "read_get": ["Get", "Describe"],
    "write_create": ["Create", "Start", "Generate", "Import", "Enable", "Register"],
    "write_update": ["Update", "Modify", "Put", "Set", "Change", "Reset", "Patch"],
    "write_delete": ["Delete", "Remove", "Terminate", "Destroy", "Disable", "Detach", "Disassociate", "Untag", "Revoke"],
    "write_apply": ["Apply", "Attach", "Associate", "Add", "Tag", "Authorize", "Unauthorize", "Grant"],
    "other": ["default"]
  },
  "entity_aliases": {},
  "overrides": {},
  "operations": {
    "ListEnvironments": {
      "kind": "read_list",
      "side_effect": false,
      "sdk": {"client": "mwaa", "method": "list_environments"},
      "consumes": [],
      "produces": [{"entity": "mwaa.environments", "source": "output", "path": "Environments"}, {"entity": "mwaa.next_token", "source": "output", "path": "NextToken"}],
      "notes": ""
    },
    "CreateCliToken": {
      "kind": "write_create",
      "side_effect": true,
      "sdk": {"client": "mwaa", "method": "create_cli_token"},
      "consumes": [{"entity": "mwaa.cli_token_name", "param": "Name", "required": true, "source": "external"}],
      "produces": [{"entity": "mwaa.cli_token", "source": "output", "path": "CliToken"}, {"entity": "mwaa.web_server_hostname", "source": "output", "path": "WebServerHostname"}],
      "notes": ""
    },
    "CreateEnvironment": {
      "kind": "write_create",
      "side_effect": true,
      "sdk": {"client": "mwaa", "method": "create_environment"},
      "consumes": [{"entity": "mwaa.environment_name", "param": "Name", "required": true, "source": "internal"}, {"entity": "mwaa.executionrole_arn", "param": "ExecutionRoleArn", "required": true, "source": "external"}, {"entity": "mwaa.sourcebucket_arn", "param": "SourceBucketArn", "required": true, "source": "external"}, {"entity": "mwaa.dag_s3_path", "param": "DagS3Path", "required": true, "source": "external"}, {"entity": "mwaa.network_configuration", "param": "NetworkConfiguration", "required": true, "source": "external"}],
      "produces": [{"entity": "mwaa.environment_arn", "source": "output", "path": "Arn"}],
      "notes": ""
    },
    "CreateWebLoginToken": {
      "kind": "write_create",
      "side_effect": true,
      "sdk": {"client": "mwaa", "method": "create_web_login_token"},
      "consumes": [{"entity": "mwaa.web_token_name", "param": "Name", "required": true, "source": "external"}],
      "produces": [{"entity": "mwaa.web_token", "source": "output", "path": "WebToken"}, {"entity": "mwaa.web_server_hostname", "source": "output", "path": "WebServerHostname"}, {"entity": "mwaa.iam_identity", "source": "output", "path": "IamIdentity"}, {"entity": "mwaa.airflow_identity", "source": "output", "path": "AirflowIdentity"}],
      "notes": ""
    },
    "DeleteEnvironment": {
      "kind": "write_delete",
      "side_effect": true,
      "sdk": {"client": "mwaa", "method": "delete_environment"},
      "consumes": [{"entity": "mwaa.environment_name", "param": "Name", "required": true, "source": "internal"}],
      "produces": [],
      "notes": ""
    },
    "GetEnvironment": {
      "kind": "read_get",
      "side_effect": false,
      "sdk": {"client": "mwaa", "method": "get_environment"},
      "consumes": [{"entity": "mwaa.environment_name", "param": "Name", "required": true, "source": "internal"}],
      "produces": [{"entity": "mwaa.environment", "source": "output", "path": "Environment"}, {"entity": "mwaa.environment_name", "source": "item", "path": "Environment.Name"}, {"entity": "mwaa.environment_status", "source": "item", "path": "Environment.Status"}, {"entity": "mwaa.environment_arn", "source": "item", "path": "Environment.Arn"}, {"entity": "mwaa.environment_created_at", "source": "item", "path": "Environment.CreatedAt"}, {"entity": "mwaa.environment_webserver_url", "source": "item", "path": "Environment.WebserverUrl"}, {"entity": "mwaa.environment_execution_role_arn", "source": "item", "path": "Environment.ExecutionRoleArn"}, {"entity": "mwaa.environment_service_role_arn", "source": "item", "path": "Environment.ServiceRoleArn"}, {"entity": "mwaa.environment_kms_key", "source": "item", "path": "Environment.KmsKey"}, {"entity": "mwaa.environment_airflow_version", "source": "item", "path": "Environment.AirflowVersion"}, {"entity": "mwaa.environment_source_bucket_arn", "source": "item", "path": "Environment.SourceBucketArn"}, {"entity": "mwaa.environment_dag_s3_path", "source": "item", "path": "Environment.DagS3Path"}, {"entity": "mwaa.environment_plugins_s3_path", "source": "item", "path": "Environment.PluginsS3Path"}, {"entity": "mwaa.environment_plugins_s3_object_version", "source": "item", "path": "Environment.PluginsS3ObjectVersion"}, {"entity": "mwaa.environment_requirements_s3_path", "source": "item", "path": "Environment.RequirementsS3Path"}, {"entity": "mwaa.environment_requirements_s3_object_version", "source": "item", "path": "Environment.RequirementsS3ObjectVersion"}, {"entity": "mwaa.environment_startup_script_s3_path", "source": "item", "path": "Environment.StartupScriptS3Path"}, {"entity": "mwaa.environment_startup_script_s3_object_version", "source": "item", "path": "Environment.StartupScriptS3ObjectVersion"}, {"entity": "mwaa.environment_airflow_configuration_options", "source": "item", "path": "Environment.AirflowConfigurationOptions"}, {"entity": "mwaa.environment_class", "source": "item", "path": "Environment.EnvironmentClass"}, {"entity": "mwaa.environment_max_workers", "source": "item", "path": "Environment.MaxWorkers"}, {"entity": "mwaa.environment_network_configuration", "source": "item", "path": "Environment.NetworkConfiguration"}, {"entity": "mwaa.environment_logging_configuration", "source": "item", "path": "Environment.LoggingConfiguration"}, {"entity": "mwaa.environment_last_update", "source": "item", "path": "Environment.LastUpdate"}, {"entity": "mwaa.environment_weekly_maintenance_window_start", "source": "item", "path": "Environment.WeeklyMaintenanceWindowStart"}, {"entity": "mwaa.environment_tags", "source": "item", "path": "Environment.Tags"}, {"entity": "mwaa.environment_webserver_access_mode", "source": "item", "path": "Environment.WebserverAccessMode"}, {"entity": "mwaa.environment_min_workers", "source": "item", "path": "Environment.MinWorkers"}, {"entity": "mwaa.environment_schedulers", "source": "item", "path": "Environment.Schedulers"}, {"entity": "mwaa.environment_webserver_vpc_endpoint_service", "source": "item", "path": "Environment.WebserverVpcEndpointService"}, {"entity": "mwaa.environment_database_vpc_endpoint_service", "source": "item", "path": "Environment.DatabaseVpcEndpointService"}, {"entity": "mwaa.environment_celery_executor_queue", "source": "item", "path": "Environment.CeleryExecutorQueue"}, {"entity": "mwaa.environment_endpoint_management", "source": "item", "path": "Environment.EndpointManagement"}, {"entity": "mwaa.environment_min_webservers", "source": "item", "path": "Environment.MinWebservers"}, {"entity": "mwaa.environment_max_webservers", "source": "item", "path": "Environment.MaxWebservers"}],
      "notes": ""
    },
    "InvokeRestApi": {
      "kind": "other",
      "side_effect": true,
      "sdk": {"client": "mwaa", "method": "invoke_rest_api"},
      "consumes": [{"entity": "mwaa.rest_api_response_name", "param": "Name", "required": true, "source": "external"}, {"entity": "mwaa.path", "param": "Path", "required": true, "source": "external"}, {"entity": "mwaa.method", "param": "Method", "required": true, "source": "external"}],
      "produces": [{"entity": "mwaa.rest_api_status_code", "source": "output", "path": "RestApiStatusCode"}, {"entity": "mwaa.rest_api_response", "source": "output", "path": "RestApiResponse"}],
      "notes": ""
    },
    "ListTagsForResource": {
      "kind": "read_list",
      "side_effect": false,
      "sdk": {"client": "mwaa", "method": "list_tags_for_resource"},
      "consumes": [{"entity": "mwaa.resource_arn", "param": "ResourceArn", "required": true, "source": "external"}],
      "produces": [{"entity": "mwaa.tags", "source": "output", "path": "Tags"}],
      "notes": ""
    },
    "PublishMetrics": {
      "kind": "other",
      "side_effect": true,
      "sdk": {"client": "mwaa", "method": "publish_metrics"},
      "consumes": [{"entity": "mwaa.environment_name", "param": "EnvironmentName", "required": true, "source": "internal"}, {"entity": "mwaa.metric_data", "param": "MetricData", "required": true, "source": "external"}],
      "produces": [],
      "notes": ""
    },
    "TagResource": {
      "kind": "write_apply",
      "side_effect": true,
      "sdk": {"client": "mwaa", "method": "tag_resource"},
      "consumes": [{"entity": "mwaa.resource_arn", "param": "ResourceArn", "required": true, "source": "external"}, {"entity": "mwaa.tags", "param": "Tags", "required": true, "source": "internal"}],
      "produces": [],
      "notes": ""
    },
    "UntagResource": {
      "kind": "write_delete",
      "side_effect": true,
      "sdk": {"client": "mwaa", "method": "untag_resource"},
      "consumes": [{"entity": "mwaa.resource_arn", "param": "ResourceArn", "required": true, "source": "external"}, {"entity": "mwaa.tag_keys", "param": "tagKeys", "required": true, "source": "external"}],
      "produces": [],
      "notes": ""
    },
    "UpdateEnvironment": {
      "kind": "write_update",
      "side_effect": true,
      "sdk": {"client": "mwaa", "method": "update_environment"},
      "consumes": [{"entity": "mwaa.environment_name", "param": "Name", "required": true, "source": "internal"}],
      "produces": [{"entity": "mwaa.environment_arn", "source": "output", "path": "Arn"}],
      "notes": ""
    }
  }
}