{
  "service": "iotdeviceadvisor",
  "op_consumes": {
    "GetEndpoint": [],
    "ListSuiteDefinitions": [],
    "ListSuiteRuns": [],
    "CreateSuiteDefinition": ["iotdeviceadvisor.suite_definition_configuration"],
    "DeleteSuiteDefinition": ["iotdeviceadvisor.suitedefinition_id"],
    "GetSuiteDefinition": ["iotdeviceadvisor.suitedefinition_id"],
    "GetSuiteRun": ["iotdeviceadvisor.suitedefinition_id", "iotdeviceadvisor.suiterun_id"],
    "GetSuiteRunReport": ["iotdeviceadvisor.suitedefinition_id", "iotdeviceadvisor.suiterun_id"],
    "ListTagsForResource": ["iotdeviceadvisor.resource_arn"],
    "StartSuiteRun": ["iotdeviceadvisor.suitedefinition_id", "iotdeviceadvisor.suite_run_configuration"],
    "StopSuiteRun": ["iotdeviceadvisor.suitedefinition_id", "iotdeviceadvisor.suiterun_id"],
    "TagResource": ["iotdeviceadvisor.resource_arn", "iotdeviceadvisor.tags"],
    "UntagResource": ["iotdeviceadvisor.resource_arn", "iotdeviceadvisor.tag_keys"],
    "UpdateSuiteDefinition": ["iotdeviceadvisor.suite_definition_configuration", "iotdeviceadvisor.suitedefinition_id"]
  },
  "op_produces": {
    "GetEndpoint": ["iotdeviceadvisor.endpoint"],
    "ListSuiteDefinitions": ["iotdeviceadvisor.suite_definition_name", "iotdeviceadvisor.suite_definition_information_is_long_duration_test", "iotdeviceadvisor.suite_definition_information_intended_for_qualification", "iotdeviceadvisor.suite_definition_information_list", "iotdeviceadvisor.suite_definition_information_created_at", "iotdeviceadvisor.next_token", "iotdeviceadvisor.suite_definition_id", "iotdeviceadvisor.suite_definition_information_default_devices", "iotdeviceadvisor.suite_definition_information_protocol"],
    "ListSuiteRuns": ["iotdeviceadvisor.suite_runs_list", "iotdeviceadvisor.suite_runs_end_at", "iotdeviceadvisor.suite_definition_name", "iotdeviceadvisor.suite_runs_suite_definition_version", "iotdeviceadvisor.suite_runs_passed", "iotdeviceadvisor.suite_runs_created_at", "iotdeviceadvisor.next_token", "iotdeviceadvisor.suite_runs_status", "iotdeviceadvisor.suite_definition_id", "iotdeviceadvisor.suite_runs_failed", "iotdeviceadvisor.suite_runs_started_at", "iotdeviceadvisor.suite_run_id"],
    "CreateSuiteDefinition": ["iotdeviceadvisor.suite_definition_name", "iotdeviceadvisor.created_at", "iotdeviceadvisor.suite_definition_arn", "iotdeviceadvisor.suite_definition_id"],
    "DeleteSuiteDefinition": [],
    "GetSuiteDefinition": ["iotdeviceadvisor.suite_definition_name", "iotdeviceadvisor.suite_definition_version", "iotdeviceadvisor.suite_definition_configuration_root_group", "iotdeviceadvisor.suite_definition_configuration_device_permission_role_arn", "iotdeviceadvisor.latest_version", "iotdeviceadvisor.created_at", "iotdeviceadvisor.last_modified_at", "iotdeviceadvisor.suite_definition_configuration_intended_for_qualification", "iotdeviceadvisor.suite_definition_arn", "iotdeviceadvisor.suite_definition_configuration_devices", "iotdeviceadvisor.suite_definition_id", "iotdeviceadvisor.suite_definition_configuration", "iotdeviceadvisor.suite_definition_configuration_is_long_duration_test", "iotdeviceadvisor.tags", "iotdeviceadvisor.suite_definition_configuration_protocol"],
    "GetSuiteRun": ["iotdeviceadvisor.suite_run_configuration_primary_device", "iotdeviceadvisor.start_time", "iotdeviceadvisor.suite_definition_version", "iotdeviceadvisor.suite_run_arn", "iotdeviceadvisor.suite_run_configuration_parallel_run", "iotdeviceadvisor.error_reason", "iotdeviceadvisor.suite_run_configuration", "iotdeviceadvisor.end_time", "iotdeviceadvisor.suite_run_configuration_selected_test_list", "iotdeviceadvisor.suite_definition_id", "iotdeviceadvisor.tags", "iotdeviceadvisor.suite_run_status", "iotdeviceadvisor.test_result", "iotdeviceadvisor.suite_run_id"],
    "GetSuiteRunReport": ["iotdeviceadvisor.qualification_report_download_url"],
    "ListTagsForResource": ["iotdeviceadvisor.tags"],
    "StartSuiteRun": ["iotdeviceadvisor.endpoint", "iotdeviceadvisor.created_at", "iotdeviceadvisor.suite_run_arn", "iotdeviceadvisor.suite_run_id"],
    "StopSuiteRun": [],
    "TagResource": [],
    "UntagResource": [],
    "UpdateSuiteDefinition": ["iotdeviceadvisor.suite_definition_name", "iotdeviceadvisor.suite_definition_version", "iotdeviceadvisor.created_at", "iotdeviceadvisor.last_updated_at", "iotdeviceadvisor.suite_definition_arn", "iotdeviceadvisor.suite_definition_id"]
  },
  "entity_producers": {
    "iotdeviceadvisor.endpoint": ["GetEndpoint", "StartSuiteRun"],
    "iotdeviceadvisor.suite_definition_information_list": ["ListSuiteDefinitions"],
    "iotdeviceadvisor.next_token": ["ListSuiteDefinitions", "ListSuiteRuns"],
    "iotdeviceadvisor.suite_definition_id": ["GetSuiteRun", "ListSuiteRuns", "UpdateSuiteDefinition", "CreateSuiteDefinition", "GetSuiteDefinition", "ListSuiteDefinitions"],
    "iotdeviceadvisor.suite_definition_name": ["ListSuiteRuns", "UpdateSuiteDefinition", "CreateSuiteDefinition", "GetSuiteDefinition", "ListSuiteDefinitions"],
    "iotdeviceadvisor.suite_definition_information_default_devices": ["ListSuiteDefinitions"],
    "iotdeviceadvisor.suite_definition_information_intended_for_qualification": ["ListSuiteDefinitions"],
    "iotdeviceadvisor.suite_definition_information_is_long_duration_test": ["ListSuiteDefinitions"],
    "iotdeviceadvisor.suite_definition_information_protocol": ["ListSuiteDefinitions"],
    "iotdeviceadvisor.suite_definition_information_created_at": ["ListSuiteDefinitions"],
    "iotdeviceadvisor.suite_runs_list": ["ListSuiteRuns"],
    "iotdeviceadvisor.suite_runs_suite_definition_version": ["ListSuiteRuns"],
    "iotdeviceadvisor.suite_run_id": ["GetSuiteRun", "ListSuiteRuns", "StartSuiteRun"],
    "iotdeviceadvisor.suite_runs_created_at": ["ListSuiteRuns"],
    "iotdeviceadvisor.suite_runs_started_at": ["ListSuiteRuns"],
    "iotdeviceadvisor.suite_runs_end_at": ["ListSuiteRuns"],
    "iotdeviceadvisor.suite_runs_status": ["ListSuiteRuns"],
    "iotdeviceadvisor.suite_runs_passed": ["ListSuiteRuns"],
    "iotdeviceadvisor.suite_runs_failed": ["ListSuiteRuns"],
    "iotdeviceadvisor.suite_definition_arn": ["UpdateSuiteDefinition", "CreateSuiteDefinition", "GetSuiteDefinition"],
    "iotdeviceadvisor.created_at": ["StartSuiteRun", "UpdateSuiteDefinition", "CreateSuiteDefinition", "GetSuiteDefinition"],
    "iotdeviceadvisor.suite_definition_version": ["GetSuiteRun", "UpdateSuiteDefinition", "GetSuiteDefinition"],
    "iotdeviceadvisor.latest_version": ["GetSuiteDefinition"],
    "iotdeviceadvisor.suite_definition_configuration": ["GetSuiteDefinition"],
    "iotdeviceadvisor.last_modified_at": ["GetSuiteDefinition"],
    "iotdeviceadvisor.tags": ["GetSuiteRun", "ListTagsForResource", "GetSuiteDefinition"],
    "iotdeviceadvisor.suite_definition_configuration_devices": ["GetSuiteDefinition"],
    "iotdeviceadvisor.suite_definition_configuration_intended_for_qualification": ["GetSuiteDefinition"],
    "iotdeviceadvisor.suite_definition_configuration_is_long_duration_test": ["GetSuiteDefinition"],
    "iotdeviceadvisor.suite_definition_configuration_root_group": ["GetSuiteDefinition"],
    "iotdeviceadvisor.suite_definition_configuration_device_permission_role_arn": ["GetSuiteDefinition"],
    "iotdeviceadvisor.suite_definition_configuration_protocol": ["GetSuiteDefinition"],
    "iotdeviceadvisor.suite_run_arn": ["GetSuiteRun", "StartSuiteRun"],
    "iotdeviceadvisor.suite_run_configuration": ["GetSuiteRun"],
    "iotdeviceadvisor.test_result": ["GetSuiteRun"],
    "iotdeviceadvisor.start_time": ["GetSuiteRun"],
    "iotdeviceadvisor.end_time": ["GetSuiteRun"],
    "iotdeviceadvisor.suite_run_status": ["GetSuiteRun"],
    "iotdeviceadvisor.error_reason": ["GetSuiteRun"],
    "iotdeviceadvisor.suite_run_configuration_primary_device": ["GetSuiteRun"],
    "iotdeviceadvisor.suite_run_configuration_selected_test_list": ["GetSuiteRun"],
    "iotdeviceadvisor.suite_run_configuration_parallel_run": ["GetSuiteRun"],
    "iotdeviceadvisor.qualification_report_download_url": ["GetSuiteRunReport"],
    "iotdeviceadvisor.last_updated_at": ["UpdateSuiteDefinition"]
  },
  "entity_consumers": {
    "iotdeviceadvisor.suite_definition_configuration": ["UpdateSuiteDefinition", "CreateSuiteDefinition"],
    "iotdeviceadvisor.suitedefinition_id": ["GetSuiteRun", "GetSuiteRunReport", "UpdateSuiteDefinition", "StartSuiteRun", "GetSuiteDefinition", "DeleteSuiteDefinition", "StopSuiteRun"],
    "iotdeviceadvisor.suiterun_id": ["GetSuiteRun", "StopSuiteRun", "GetSuiteRunReport"],
    "iotdeviceadvisor.resource_arn": ["UntagResource", "TagResource", "ListTagsForResource"],
    "iotdeviceadvisor.suite_run_configuration": ["StartSuiteRun"],
    "iotdeviceadvisor.tags": ["TagResource"],
    "iotdeviceadvisor.tag_keys": ["UntagResource"]
  },
  "external_entities": ["iotdeviceadvisor.resource_arn", "iotdeviceadvisor.suitedefinition_id", "iotdeviceadvisor.suiterun_id", "iotdeviceadvisor.tag_keys"]
}