{
  "service": "iotdeviceadvisor",
  "seed_from_list": [
    "createdAt",
    "defaultDevices",
    "endAt",
    "failed",
    "intendedForQualification",
    "isLongDurationTest",
    "passed",
    "protocol",
    "startedAt",
    "status",
    "suiteDefinitionId",
    "suiteDefinitionName",
    "suiteDefinitionVersion",
    "suiteRunId"
  ],
  "enriched_from_get_describe": [
    "createdAt",
    "devicePermissionRoleArn",
    "devices",
    "endTime",
    "endpoint",
    "errorReason",
    "intendedForQualification",
    "isLongDurationTest",
    "lastModifiedAt",
    "latestVersion",
    "parallelRun",
    "primaryDevice",
    "protocol",
    "qualificationReportDownloadUrl",
    "rootGroup",
    "selectedTestList",
    "startTime",
    "status",
    "suiteDefinitionArn",
    "suiteDefinitionConfiguration",
    "suiteDefinitionId",
    "suiteDefinitionName",
    "suiteDefinitionVersion",
    "suiteRunArn",
    "suiteRunConfiguration",
    "suiteRunId",
    "tags",
    "testResult"
  ],
  "final_union": [
    "createdAt",
    "defaultDevices",
    "devicePermissionRoleArn",
    "devices",
    "endAt",
    "endTime",
    "endpoint",
    "errorReason",
    "failed",
    "intendedForQualification",
    "isLongDurationTest",
    "lastModifiedAt",
    "latestVersion",
    "parallelRun",
    "passed",
    "primaryDevice",
    "protocol",
    "qualificationReportDownloadUrl",
    "rootGroup",
    "selectedTestList",
    "startTime",
    "startedAt",
    "status",
    "suiteDefinitionArn",
    "suiteDefinitionConfiguration",
    "suiteDefinitionId",
    "suiteDefinitionName",
    "suiteDefinitionVersion",
    "suiteRunArn",
    "suiteRunConfiguration",
    "suiteRunId",
    "tags",
    "testResult"
  ],
  "source": {
    "operation_registry": "services/iotdeviceadvisor/operation_registry.json",
    "read_ops_rule": "operation name startswith List/Get/Describe/Search/Lookup",
    "excluded_keys": [
      "nextToken",
      "maxResults"
    ]
  }
}