{
  "service": "iotdeviceadvisor",
  "version": "1.0",
  "kind_rules": {
    "read_list": ["List"],
    "read_get": ["Get", "Describe"],
    "write_create": ["Create", "Start", "Generate", "Import", "Enable", "Register"],
    "write_update": ["Update", "Modify", "Put", "Set", "Change", "Reset", "Patch"],
    "write_delete": ["Delete", "Remove", "Terminate", "Destroy", "Disable", "Detach", "Disassociate", "Untag", "Revoke"],
    "write_apply": ["Apply", "Attach", "Associate", "Add", "Tag", "Authorize", "Unauthorize", "Grant"],
    "other": ["default"]
  },
  "entity_aliases": {
    "iotdeviceadvisor.suite_definition_configuration_suite_definition_name": "iotdeviceadvisor.suite_definition_name",
    "iotdeviceadvisor.suite_definition_information_suite_definition_name": "iotdeviceadvisor.suite_definition_name",
    "iotdeviceadvisor.suite_definition_information_suite_definition_id": "iotdeviceadvisor.suite_definition_id",
    "iotdeviceadvisor.suite_runs_suite_run_id": "iotdeviceadvisor.suite_run_id",
    "iotdeviceadvisor.suite_runs_suite_definition_id": "iotdeviceadvisor.suite_definition_id",
    "iotdeviceadvisor.suite_runs_suite_definition_name": "iotdeviceadvisor.suite_definition_name"
  },
  "overrides": {},
  "operations": {
    "GetEndpoint": {
      "kind": "read_get",
      "side_effect": false,
      "sdk": {"client": "iotdeviceadvisor", "method": "get_endpoint"},
      "consumes": [],
      "produces": [{"entity": "iotdeviceadvisor.endpoint", "source": "output", "path": "endpoint"}],
      "notes": ""
    },
    "ListSuiteDefinitions": {
      "kind": "read_list",
      "side_effect": false,
      "sdk": {"client": "iotdeviceadvisor", "method": "list_suite_definitions"},
      "consumes": [],
      "produces": [{"entity": "iotdeviceadvisor.suite_definition_information_list", "source": "output", "path": "suiteDefinitionInformationList"}, {"entity": "iotdeviceadvisor.next_token", "source": "output", "path": "nextToken"}, {"entity": "iotdeviceadvisor.suite_definition_id", "source": "item", "path": "suiteDefinitionInformationList[].suiteDefinitionId"}, {"entity": "iotdeviceadvisor.suite_definition_name", "source": "item", "path": "suiteDefinitionInformationList[].suiteDefinitionName"}, {"entity": "iotdeviceadvisor.suite_definition_information_default_devices", "source": "item", "path": "suiteDefinitionInformationList[].defaultDevices"}, {"entity": "iotdeviceadvisor.suite_definition_information_intended_for_qualification", "source": "item", "path": "suiteDefinitionInformationList[].intendedForQualification"}, {"entity": "iotdeviceadvisor.suite_definition_information_is_long_duration_test", "source": "item", "path": "suiteDefinitionInformationList[].isLongDurationTest"}, {"entity": "iotdeviceadvisor.suite_definition_information_protocol", "source": "item", "path": "suiteDefinitionInformationList[].protocol"}, {"entity": "iotdeviceadvisor.suite_definition_information_created_at", "source": "item", "path": "suiteDefinitionInformationList[].createdAt"}],
      "notes": ""
    },
    "ListSuiteRuns": {
      "kind": "read_list",
      "side_effect": false,
      "sdk": {"client": "iotdeviceadvisor", "method": "list_suite_runs"},
      "consumes": [],
      "produces": [{"entity": "iotdeviceadvisor.suite_runs_list", "source": "output", "path": "suiteRunsList"}, {"entity": "iotdeviceadvisor.next_token", "source": "output", "path": "nextToken"}, {"entity": "iotdeviceadvisor.suite_definition_id", "source": "item", "path": "suiteRunsList[].suiteDefinitionId"}, {"entity": "iotdeviceadvisor.suite_runs_suite_definition_version", "source": "item", "path": "suiteRunsList[].suiteDefinitionVersion"}, {"entity": "iotdeviceadvisor.suite_definition_name", "source": "item", "path": "suiteRunsList[].suiteDefinitionName"}, {"entity": "iotdeviceadvisor.suite_run_id", "source": "item", "path": "suiteRunsList[].suiteRunId"}, {"entity": "iotdeviceadvisor.suite_runs_created_at", "source": "item", "path": "suiteRunsList[].createdAt"}, {"entity": "iotdeviceadvisor.suite_runs_started_at", "source": "item", "path": "suiteRunsList[].startedAt"}, {"entity": "iotdeviceadvisor.suite_runs_end_at", "source": "item", "path": "suiteRunsList[].endAt"}, {"entity": "iotdeviceadvisor.suite_runs_status", "source": "item", "path": "suiteRunsList[].status"}, {"entity": "iotdeviceadvisor.suite_runs_passed", "source": "item", "path": "suiteRunsList[].passed"}, {"entity": "iotdeviceadvisor.suite_runs_failed", "source": "item", "path": "suiteRunsList[].failed"}],
      "notes": ""
    },
    "CreateSuiteDefinition": {
      "kind": "write_create",
      "side_effect": true,
      "sdk": {"client": "iotdeviceadvisor", "method": "create_suite_definition"},
      "consumes": [{"entity": "iotdeviceadvisor.suite_definition_configuration", "param": "suiteDefinitionConfiguration", "required": true, "source": "internal"}],
      "produces": [{"entity": "iotdeviceadvisor.suite_definition_id", "source": "output", "path": "suiteDefinitionId"}, {"entity": "iotdeviceadvisor.suite_definition_arn", "source": "output", "path": "suiteDefinitionArn"}, {"entity": "iotdeviceadvisor.suite_definition_name", "source": "output", "path": "suiteDefinitionName"}, {"entity": "iotdeviceadvisor.created_at", "source": "output", "path": "createdAt"}],
      "notes": ""
    },
    "DeleteSuiteDefinition": {
      "kind": "write_delete",
      "side_effect": true,
      "sdk": {"client": "iotdeviceadvisor", "method": "delete_suite_definition"},
      "consumes": [{"entity": "iotdeviceadvisor.suitedefinition_id", "param": "suiteDefinitionId", "required": true, "source": "external"}],
      "produces": [],
      "notes": ""
    },
    "GetSuiteDefinition": {
      "kind": "read_get",
      "side_effect": false,
      "sdk": {"client": "iotdeviceadvisor", "method": "get_suite_definition"},
      "consumes": [{"entity": "iotdeviceadvisor.suitedefinition_id", "param": "suiteDefinitionId", "required": true, "source": "external"}],
      "produces": [{"entity": "iotdeviceadvisor.suite_definition_id", "source": "output", "path": "suiteDefinitionId"}, {"entity": "iotdeviceadvisor.suite_definition_arn", "source": "output", "path": "suiteDefinitionArn"}, {"entity": "iotdeviceadvisor.suite_definition_version", "source": "output", "path": "suiteDefinitionVersion"}, {"entity": "iotdeviceadvisor.latest_version", "source": "output", "path": "latestVersion"}, {"entity": "iotdeviceadvisor.suite_definition_configuration", "source": "output", "path": "suiteDefinitionConfiguration"}, {"entity": "iotdeviceadvisor.created_at", "source": "output", "path": "createdAt"}, {"entity": "iotdeviceadvisor.last_modified_at", "source": "output", "path": "lastModifiedAt"}, {"entity": "iotdeviceadvisor.tags", "source": "output", "path": "tags"}, {"entity": "iotdeviceadvisor.suite_definition_name", "source": "item", "path": "suiteDefinitionConfiguration.suiteDefinitionName"}, {"entity": "iotdeviceadvisor.suite_definition_configuration_devices", "source": "item", "path": "suiteDefinitionConfiguration.devices"}, {"entity": "iotdeviceadvisor.suite_definition_configuration_intended_for_qualification", "source": "item", "path": "suiteDefinitionConfiguration.intendedForQualification"}, {"entity": "iotdeviceadvisor.suite_definition_configuration_is_long_duration_test", "source": "item", "path": "suiteDefinitionConfiguration.isLongDurationTest"}, {"entity": "iotdeviceadvisor.suite_definition_configuration_root_group", "source": "item", "path": "suiteDefinitionConfiguration.rootGroup"}, {"entity": "iotdeviceadvisor.suite_definition_configuration_device_permission_role_arn", "source": "item", "path": "suiteDefinitionConfiguration.devicePermissionRoleArn"}, {"entity": "iotdeviceadvisor.suite_definition_configuration_protocol", "source": "item", "path": "suiteDefinitionConfiguration.protocol"}],
      "notes": ""
    },
    "GetSuiteRun": {
      "kind": "read_get",
      "side_effect": false,
      "sdk": {"client": "iotdeviceadvisor", "method": "get_suite_run"},
      "consumes": [{"entity": "iotdeviceadvisor.suitedefinition_id", "param": "suiteDefinitionId", "required": true, "source": "external"}, {"entity": "iotdeviceadvisor.suiterun_id", "param": "suiteRunId", "required": true, "source": "external"}],
      "produces": [{"entity": "iotdeviceadvisor.suite_definition_id", "source": "output", "path": "suiteDefinitionId"}, {"entity": "iotdeviceadvisor.suite_definition_version", "source": "output", "path": "suiteDefinitionVersion"}, {"entity": "iotdeviceadvisor.suite_run_id", "source": "output", "path": "suiteRunId"}, {"entity": "iotdeviceadvisor.suite_run_arn", "source": "output", "path": "suiteRunArn"}, {"entity": "iotdeviceadvisor.suite_run_configuration", "source": "output", "path": "suiteRunConfiguration"}, {"entity": "iotdeviceadvisor.test_result", "source": "output", "path": "testResult"}, {"entity": "iotdeviceadvisor.start_time", "source": "output", "path": "startTime"}, {"entity": "iotdeviceadvisor.end_time", "source": "output", "path": "endTime"}, {"entity": "iotdeviceadvisor.suite_run_status", "source": "output", "path": "status"}, {"entity": "iotdeviceadvisor.error_reason", "source": "output", "path": "errorReason"}, {"entity": "iotdeviceadvisor.tags", "source": "output", "path": "tags"}, {"entity": "iotdeviceadvisor.suite_run_configuration_primary_device", "source": "item", "path": "suiteRunConfiguration.primaryDevice"}, {"entity": "iotdeviceadvisor.suite_run_configuration_selected_test_list", "source": "item", "path": "suiteRunConfiguration.selectedTestList"}, {"entity": "iotdeviceadvisor.suite_run_configuration_parallel_run", "source": "item", "path": "suiteRunConfiguration.parallelRun"}],
      "notes": ""
    },
    "GetSuiteRunReport": {
      "kind": "read_get",
      "side_effect": false,
      "sdk": {"client": "iotdeviceadvisor", "method": "get_suite_run_report"},
      "consumes": [{"entity": "iotdeviceadvisor.suitedefinition_id", "param": "suiteDefinitionId", "required": true, "source": "external"}, {"entity": "iotdeviceadvisor.suiterun_id", "param": "suiteRunId", "required": true, "source": "external"}],
      "produces": [{"entity": "iotdeviceadvisor.qualification_report_download_url", "source": "output", "path": "qualificationReportDownloadUrl"}],
      "notes": ""
    },
    "ListTagsForResource": {
      "kind": "read_list",
      "side_effect": false,
      "sdk": {"client": "iotdeviceadvisor", "method": "list_tags_for_resource"},
      "consumes": [{"entity": "iotdeviceadvisor.resource_arn", "param": "resourceArn", "required": true, "source": "external"}],
      "produces": [{"entity": "iotdeviceadvisor.tags", "source": "output", "path": "tags"}],
      "notes": ""
    },
    "StartSuiteRun": {
      "kind": "write_create",
      "side_effect": true,
      "sdk": {"client": "iotdeviceadvisor", "method": "start_suite_run"},
      "consumes": [{"entity": "iotdeviceadvisor.suitedefinition_id", "param": "suiteDefinitionId", "required": true, "source": "external"}, {"entity": "iotdeviceadvisor.suite_run_configuration", "param": "suiteRunConfiguration", "required": true, "source": "internal"}],
      "produces": [{"entity": "iotdeviceadvisor.suite_run_id", "source": "output", "path": "suiteRunId"}, {"entity": "iotdeviceadvisor.suite_run_arn", "source": "output", "path": "suiteRunArn"}, {"entity": "iotdeviceadvisor.created_at", "source": "output", "path": "createdAt"}, {"entity": "iotdeviceadvisor.endpoint", "source": "output", "path": "endpoint"}],
      "notes": ""
    },
    "StopSuiteRun": {
      "kind": "other",
      "side_effect": true,
      "sdk": {"client": "iotdeviceadvisor", "method": "stop_suite_run"},
      "consumes": [{"entity": "iotdeviceadvisor.suitedefinition_id", "param": "suiteDefinitionId", "required": true, "source": "external"}, {"entity": "iotdeviceadvisor.suiterun_id", "param": "suiteRunId", "required": true, "source": "external"}],
      "produces": [],
      "notes": ""
    },
    "TagResource": {
      "kind": "write_apply",
      "side_effect": true,
      "sdk": {"client": "iotdeviceadvisor", "method": "tag_resource"},
      "consumes": [{"entity": "iotdeviceadvisor.resource_arn", "param": "resourceArn", "required": true, "source": "external"}, {"entity": "iotdeviceadvisor.tags", "param": "tags", "required": true, "source": "internal"}],
      "produces": [],
      "notes": ""
    },
    "UntagResource": {
      "kind": "write_delete",
      "side_effect": true,
      "sdk": {"client": "iotdeviceadvisor", "method": "untag_resource"},
      "consumes": [{"entity": "iotdeviceadvisor.resource_arn", "param": "resourceArn", "required": true, "source": "external"}, {"entity": "iotdeviceadvisor.tag_keys", "param": "tagKeys", "required": true, "source": "external"}],
      "produces": [],
      "notes": ""
    },
    "UpdateSuiteDefinition": {
      "kind": "write_update",
      "side_effect": true,
      "sdk": {"client": "iotdeviceadvisor", "method": "update_suite_definition"},
      "consumes": [{"entity": "iotdeviceadvisor.suitedefinition_id", "param": "suiteDefinitionId", "required": true, "source": "external"}, {"entity": "iotdeviceadvisor.suite_definition_configuration", "param": "suiteDefinitionConfiguration", "required": true, "source": "internal"}],
      "produces": [{"entity": "iotdeviceadvisor.suite_definition_id", "source": "output", "path": "suiteDefinitionId"}, {"entity": "iotdeviceadvisor.suite_definition_arn", "source": "output", "path": "suiteDefinitionArn"}, {"entity": "iotdeviceadvisor.suite_definition_name", "source": "output", "path": "suiteDefinitionName"}, {"entity": "iotdeviceadvisor.suite_definition_version", "source": "output", "path": "suiteDefinitionVersion"}, {"entity": "iotdeviceadvisor.created_at", "source": "output", "path": "createdAt"}, {"entity": "iotdeviceadvisor.last_updated_at", "source": "output", "path": "lastUpdatedAt"}],
      "notes": ""
    }
  }
}