{
  "service": "cognito-idp",
  "fixes": [
    {
      "rule_id": "1",
      "suggested_check": {
        "var": "UserMFASettingList.Name",
        "op": "equals",
        "value": "true",
        "derived": "has_findings",
        "derive_key": "cognito-idp.user_mfa_setting_name"
      },
      "suggested_aliases": {
        "entity_aliases": {
          "alias": "user_mfa_setting_name"
        },
        "param_aliases": {
          "param": [
            "UserMFASettingList.Name"
          ]
        }
      },
      "confidence": 0.85,
      "reason": "The mapping directly relates to user MFA settings, which are critical for security."
    },
    {
      "rule_id": "2",
      "suggested_check": {
        "var": "pool_name",
        "op": "equals",
        "value": "true",
        "derived": "has_findings",
        "derive_key": "cognito-idp.pool_name"
      },
      "suggested_aliases": {
        "entity_aliases": {
          "alias": "pool_name"
        },
        "param_aliases": {
          "param": [
            "UserPool.Name"
          ]
        }
      },
      "confidence": 0.9,
      "reason": "The user pool name is essential for identifying user pools in Cognito."
    },
    {
      "rule_id": "3",
      "suggested_check": {
        "var": "resource_server_name",
        "op": "equals",
        "value": "true",
        "derived": "has_findings",
        "derive_key": "cognito-idp.resource_server_name"
      },
      "suggested_aliases": {
        "entity_aliases": {
          "alias": "resource_server_name"
        },
        "param_aliases": {
          "param": [
            "ResourceServer.Name"
          ]
        }
      },
      "confidence": 0.88,
      "reason": "Resource server names are crucial for managing access to resources."
    }
  ],
  "summary": {
    "total_fixes": 3,
    "remaining_unresolved": 21
  }
}