{
  "service": "cognito-idp",
  "issues": {
    "generic_entities": {},
    "ambiguous_tokens": {
      "name": [
        {
          "mapping": "AdminGetUser.UserMFASettingList.Name -> cognito-idp.user_mfa_setting_name",
          "evidence": "AdminGetUser.UserMFASettingList.Name",
          "entity": "cognito-idp.user_mfa_setting_name"
        },
        {
          "mapping": "CreateResourceServer.Name -> cognito-idp.resource_server_name",
          "evidence": "CreateResourceServer.Name",
          "entity": "cognito-idp.resource_server_name"
        },
        {
          "mapping": "CreateResourceServer.ResourceServer.Name -> cognito-idp.resource_server_name",
          "evidence": "CreateResourceServer.ResourceServer.Name",
          "entity": "cognito-idp.resource_server_name"
        },
        {
          "mapping": "CreateUserPool.UserPool.Name -> cognito-idp.pool_name",
          "evidence": "CreateUserPool.UserPool.Name",
          "entity": "cognito-idp.pool_name"
        },
        {
          "mapping": "DescribeResourceServer.ResourceServer.Name -> cognito-idp.resource_server_name",
          "evidence": "DescribeResourceServer.ResourceServer.Name",
          "entity": "cognito-idp.resource_server_name"
        },
        {
          "mapping": "DescribeUserPool.UserPool.Name -> cognito-idp.pool_name",
          "evidence": "DescribeUserPool.UserPool.Name",
          "entity": "cognito-idp.pool_name"
        },
        {
          "mapping": "GetUser.UserMFASettingList.Name -> cognito-idp.user_mfa_setting_name",
          "evidence": "GetUser.UserMFASettingList.Name",
          "entity": "cognito-idp.user_mfa_setting_name"
        },
        {
          "mapping": "ListResourceServers.ResourceServers[].Name -> cognito-idp.resource_server_name",
          "evidence": "ListResourceServers.ResourceServers[].Name",
          "entity": "cognito-idp.resource_server_name"
        },
        {
          "mapping": "ListUserPools.UserPools[].Name -> cognito-idp.pool_name",
          "evidence": "ListUserPools.UserPools[].Name",
          "entity": "cognito-idp.pool_name"
        },
        {
          "mapping": "UpdateResourceServer.Name -> cognito-idp.resource_server_name",
          "evidence": "UpdateResourceServer.Name",
          "entity": "cognito-idp.resource_server_name"
        },
        {
          "mapping": "UpdateResourceServer.ResourceServer.Name -> cognito-idp.resource_server_name",
          "evidence": "UpdateResourceServer.ResourceServer.Name",
          "entity": "cognito-idp.resource_server_name"
        }
      ],
      "status": [
        {
          "mapping": "CreateUserImportJob.UserImportJob.Status -> cognito-idp.user_import_job_status",
          "evidence": "CreateUserImportJob.UserImportJob.Status",
          "entity": "cognito-idp.user_import_job_status"
        },
        {
          "mapping": "CreateUserPool.UserPool.Status -> cognito-idp.user_pool_status",
          "evidence": "CreateUserPool.UserPool.Status",
          "entity": "cognito-idp.user_pool_status"
        },
        {
          "mapping": "DescribeUserImportJob.UserImportJob.Status -> cognito-idp.user_import_job_status",
          "evidence": "DescribeUserImportJob.UserImportJob.Status",
          "entity": "cognito-idp.user_import_job_status"
        },
        {
          "mapping": "DescribeUserPool.UserPool.Status -> cognito-idp.user_pool_status",
          "evidence": "DescribeUserPool.UserPool.Status",
          "entity": "cognito-idp.user_pool_status"
        },
        {
          "mapping": "DescribeUserPoolDomain.DomainDescription.Status -> cognito-idp.domain_description_status",
          "evidence": "DescribeUserPoolDomain.DomainDescription.Status",
          "entity": "cognito-idp.domain_description_status"
        },
        {
          "mapping": "ListUserImportJobs.UserImportJobs[].Status -> cognito-idp.user_import_job_status",
          "evidence": "ListUserImportJobs.UserImportJobs[].Status",
          "entity": "cognito-idp.user_import_job_status"
        },
        {
          "mapping": "ListUserPools.UserPools[].Status -> cognito-idp.user_pool_status",
          "evidence": "ListUserPools.UserPools[].Status",
          "entity": "cognito-idp.user_pool_status"
        },
        {
          "mapping": "StartUserImportJob.UserImportJob.Status -> cognito-idp.user_import_job_status",
          "evidence": "StartUserImportJob.UserImportJob.Status",
          "entity": "cognito-idp.user_import_job_status"
        },
        {
          "mapping": "StopUserImportJob.UserImportJob.Status -> cognito-idp.user_import_job_status",
          "evidence": "StopUserImportJob.UserImportJob.Status",
          "entity": "cognito-idp.user_import_job_status"
        },
        {
          "mapping": "VerifySoftwareToken.Status -> cognito-idp.verify_software_token_status",
          "evidence": "VerifySoftwareToken.Status",
          "entity": "cognito-idp.verify_software_token_status"
        }
      ]
    },
    "unresolved_consumes": [],
    "suspicious_paths": []
  },
  "alias_candidates_not_applied": [],
  "suggested_overrides": [
    {
      "operation": "AdminCreateUser",
      "type": "produces",
      "key": "User.Username",
      "suggested_entity": "cognito-idp.user_name",
      "confidence": "MEDIUM",
      "reason": "Param 'Username' and output field 'Username' match but map to different entities. Suggest unifying to consume entity."
    },
    {
      "operation": "AdminGetUser",
      "type": "produces",
      "key": "Username",
      "suggested_entity": "cognito-idp.user_name",
      "confidence": "MEDIUM",
      "reason": "Param 'Username' and output field 'Username' match but map to different entities. Suggest unifying to consume entity."
    },
    {
      "operation": "AdminListGroupsForUser",
      "type": "produces",
      "key": "Groups.UserPoolId",
      "suggested_entity": "cognito-idp.userpool_id",
      "confidence": "MEDIUM",
      "reason": "Param 'UserPoolId' and output field 'UserPoolId' match but map to different entities. Suggest unifying to consume entity."
    },
    {
      "operation": "AdminListUserAuthEvents",
      "type": "produces",
      "key": "AuthEvents.EventId",
      "suggested_entity": "cognito-idp.userpool_id",
      "confidence": "MEDIUM",
      "reason": "Param 'UserPoolId' and output field 'EventId' match but map to different entities. Suggest unifying to consume entity."
    },
    {
      "operation": "CreateGroup",
      "type": "produces",
      "key": "Group.UserPoolId",
      "suggested_entity": "cognito-idp.userpool_id",
      "confidence": "MEDIUM",
      "reason": "Param 'UserPoolId' and output field 'UserPoolId' match but map to different entities. Suggest unifying to consume entity."
    },
    {
      "operation": "CreateIdentityProvider",
      "type": "produces",
      "key": "IdentityProvider.UserPoolId",
      "suggested_entity": "cognito-idp.userpool_id",
      "confidence": "MEDIUM",
      "reason": "Param 'UserPoolId' and output field 'UserPoolId' match but map to different entities. Suggest unifying to consume entity."
    },
    {
      "operation": "CreateIdentityProvider",
      "type": "produces",
      "key": "IdentityProvider.ProviderType",
      "suggested_entity": "cognito-idp.provider_type",
      "confidence": "MEDIUM",
      "reason": "Param 'ProviderType' and output field 'ProviderType' match but map to different entities. Suggest unifying to consume entity."
    },
    {
      "operation": "CreateIdentityProvider",
      "type": "produces",
      "key": "IdentityProvider.ProviderDetails",
      "suggested_entity": "cognito-idp.provider_details",
      "confidence": "MEDIUM",
      "reason": "Param 'ProviderDetails' and output field 'ProviderDetails' match but map to different entities. Suggest unifying to consume entity."
    },
    {
      "operation": "CreateManagedLoginBranding",
      "type": "produces",
      "key": "ManagedLoginBranding.ManagedLoginBrandingId",
      "suggested_entity": "cognito-idp.userpool_id",
      "confidence": "MEDIUM",
      "reason": "Param 'UserPoolId' and output field 'ManagedLoginBrandingId' match but map to different entities. Suggest unifying to consume entity."
    },
    {
      "operation": "CreateManagedLoginBranding",
      "type": "produces",
      "key": "ManagedLoginBranding.UserPoolId",
      "suggested_entity": "cognito-idp.userpool_id",
      "confidence": "MEDIUM",
      "reason": "Param 'UserPoolId' and output field 'UserPoolId' match but map to different entities. Suggest unifying to consume entity."
    },
    {
      "operation": "CreateManagedLoginBranding",
      "type": "produces",
      "key": "ManagedLoginBranding.ManagedLoginBrandingId",
      "suggested_entity": "cognito-idp.client_id",
      "confidence": "MEDIUM",
      "reason": "Param 'ClientId' and output field 'ManagedLoginBrandingId' match but map to different entities. Suggest unifying to consume entity."
    },
    {
      "operation": "CreateManagedLoginBranding",
      "type": "produces",
      "key": "ManagedLoginBranding.UserPoolId",
      "suggested_entity": "cognito-idp.client_id",
      "confidence": "MEDIUM",
      "reason": "Param 'ClientId' and output field 'UserPoolId' match but map to different entities. Suggest unifying to consume entity."
    },
    {
      "operation": "CreateResourceServer",
      "type": "produces",
      "key": "ResourceServer.UserPoolId",
      "suggested_entity": "cognito-idp.userpool_id",
      "confidence": "MEDIUM",
      "reason": "Param 'UserPoolId' and output field 'UserPoolId' match but map to different entities. Suggest unifying to consume entity."
    },
    {
      "operation": "CreateResourceServer",
      "type": "produces",
      "key": "ResourceServer.Identifier",
      "suggested_entity": "cognito-idp.identifier",
      "confidence": "MEDIUM",
      "reason": "Param 'Identifier' and output field 'Identifier' match but map to different entities. Suggest unifying to consume entity."
    },
    {
      "operation": "CreateTerms",
      "type": "produces",
      "key": "Terms.TermsId",
      "suggested_entity": "cognito-idp.userpool_id",
      "confidence": "MEDIUM",
      "reason": "Param 'UserPoolId' and output field 'TermsId' match but map to different entities. Suggest unifying to consume entity."
    },
    {
      "operation": "CreateTerms",
      "type": "produces",
      "key": "Terms.UserPoolId",
      "suggested_entity": "cognito-idp.userpool_id",
      "confidence": "MEDIUM",
      "reason": "Param 'UserPoolId' and output field 'UserPoolId' match but map to different entities. Suggest unifying to consume entity."
    },
    {
      "operation": "CreateTerms",
      "type": "produces",
      "key": "Terms.ClientId",
      "suggested_entity": "cognito-idp.userpool_id",
      "confidence": "MEDIUM",
      "reason": "Param 'UserPoolId' and output field 'ClientId' match but map to different entities. Suggest unifying to consume entity."
    },
    {
      "operation": "CreateTerms",
      "type": "produces",
      "key": "Terms.TermsId",
      "suggested_entity": "cognito-idp.client_id",
      "confidence": "MEDIUM",
      "reason": "Param 'ClientId' and output field 'TermsId' match but map to different entities. Suggest unifying to consume entity."
    },
    {
      "operation": "CreateTerms",
      "type": "produces",
      "key": "Terms.UserPoolId",
      "suggested_entity": "cognito-idp.client_id",
      "confidence": "MEDIUM",
      "reason": "Param 'ClientId' and output field 'UserPoolId' match but map to different entities. Suggest unifying to consume entity."
    },
    {
      "operation": "CreateTerms",
      "type": "produces",
      "key": "Terms.TermsSource",
      "suggested_entity": "cognito-idp.terms_source",
      "confidence": "MEDIUM",
      "reason": "Param 'TermsSource' and output field 'TermsSource' match but map to different entities. Suggest unifying to consume entity."
    }
  ],
  "unresolved_items": [
    {
      "mapping": "AdminGetUser.UserMFASettingList.Name -> cognito-idp.user_mfa_setting_name",
      "evidence": "AdminGetUser.UserMFASettingList.Name",
      "entity": "cognito-idp.user_mfa_setting_name"
    },
    {
      "mapping": "CreateResourceServer.Name -> cognito-idp.resource_server_name",
      "evidence": "CreateResourceServer.Name",
      "entity": "cognito-idp.resource_server_name"
    },
    {
      "mapping": "CreateResourceServer.ResourceServer.Name -> cognito-idp.resource_server_name",
      "evidence": "CreateResourceServer.ResourceServer.Name",
      "entity": "cognito-idp.resource_server_name"
    },
    {
      "mapping": "CreateUserPool.UserPool.Name -> cognito-idp.pool_name",
      "evidence": "CreateUserPool.UserPool.Name",
      "entity": "cognito-idp.pool_name"
    },
    {
      "mapping": "DescribeResourceServer.ResourceServer.Name -> cognito-idp.resource_server_name",
      "evidence": "DescribeResourceServer.ResourceServer.Name",
      "entity": "cognito-idp.resource_server_name"
    },
    {
      "mapping": "DescribeUserPool.UserPool.Name -> cognito-idp.pool_name",
      "evidence": "DescribeUserPool.UserPool.Name",
      "entity": "cognito-idp.pool_name"
    },
    {
      "mapping": "GetUser.UserMFASettingList.Name -> cognito-idp.user_mfa_setting_name",
      "evidence": "GetUser.UserMFASettingList.Name",
      "entity": "cognito-idp.user_mfa_setting_name"
    },
    {
      "mapping": "ListResourceServers.ResourceServers[].Name -> cognito-idp.resource_server_name",
      "evidence": "ListResourceServers.ResourceServers[].Name",
      "entity": "cognito-idp.resource_server_name"
    },
    {
      "mapping": "ListUserPools.UserPools[].Name -> cognito-idp.pool_name",
      "evidence": "ListUserPools.UserPools[].Name",
      "entity": "cognito-idp.pool_name"
    },
    {
      "mapping": "UpdateResourceServer.Name -> cognito-idp.resource_server_name",
      "evidence": "UpdateResourceServer.Name",
      "entity": "cognito-idp.resource_server_name"
    },
    {
      "mapping": "UpdateResourceServer.ResourceServer.Name -> cognito-idp.resource_server_name",
      "evidence": "UpdateResourceServer.ResourceServer.Name",
      "entity": "cognito-idp.resource_server_name"
    },
    {
      "mapping": "CreateUserImportJob.UserImportJob.Status -> cognito-idp.user_import_job_status",
      "evidence": "CreateUserImportJob.UserImportJob.Status",
      "entity": "cognito-idp.user_import_job_status"
    },
    {
      "mapping": "CreateUserPool.UserPool.Status -> cognito-idp.user_pool_status",
      "evidence": "CreateUserPool.UserPool.Status",
      "entity": "cognito-idp.user_pool_status"
    },
    {
      "mapping": "DescribeUserImportJob.UserImportJob.Status -> cognito-idp.user_import_job_status",
      "evidence": "DescribeUserImportJob.UserImportJob.Status",
      "entity": "cognito-idp.user_import_job_status"
    },
    {
      "mapping": "DescribeUserPool.UserPool.Status -> cognito-idp.user_pool_status",
      "evidence": "DescribeUserPool.UserPool.Status",
      "entity": "cognito-idp.user_pool_status"
    },
    {
      "mapping": "DescribeUserPoolDomain.DomainDescription.Status -> cognito-idp.domain_description_status",
      "evidence": "DescribeUserPoolDomain.DomainDescription.Status",
      "entity": "cognito-idp.domain_description_status"
    },
    {
      "mapping": "ListUserImportJobs.UserImportJobs[].Status -> cognito-idp.user_import_job_status",
      "evidence": "ListUserImportJobs.UserImportJobs[].Status",
      "entity": "cognito-idp.user_import_job_status"
    },
    {
      "mapping": "ListUserPools.UserPools[].Status -> cognito-idp.user_pool_status",
      "evidence": "ListUserPools.UserPools[].Status",
      "entity": "cognito-idp.user_pool_status"
    },
    {
      "mapping": "StartUserImportJob.UserImportJob.Status -> cognito-idp.user_import_job_status",
      "evidence": "StartUserImportJob.UserImportJob.Status",
      "entity": "cognito-idp.user_import_job_status"
    },
    {
      "mapping": "StopUserImportJob.UserImportJob.Status -> cognito-idp.user_import_job_status",
      "evidence": "StopUserImportJob.UserImportJob.Status",
      "entity": "cognito-idp.user_import_job_status"
    },
    {
      "mapping": "VerifySoftwareToken.Status -> cognito-idp.verify_software_token_status",
      "evidence": "VerifySoftwareToken.Status",
      "entity": "cognito-idp.verify_software_token_status"
    }
  ]
}