{
  "service": "evs",
  "op_consumes": {
    "ListEnvironments": [],
    "AssociateEipToVlan": ["evs.environment_id", "evs.allocation_id", "evs.vlan_name"],
    "CreateEnvironment": ["evs.vcf_hostnames", "evs.license_info", "evs.connectivity_info", "evs.vcf_version", "evs.serviceaccesssubnet_id", "evs.vpc_id", "evs.terms_accepted", "evs.initial_vlans", "evs.site_id", "evs.hosts"],
    "CreateEnvironmentHost": ["evs.host", "evs.environment_id"],
    "DeleteEnvironment": ["evs.environment_id"],
    "DeleteEnvironmentHost": ["evs.environment_id", "evs.host_name"],
    "DisassociateEipFromVlan": ["evs.environment_id", "evs.vlan_name", "evs.association_id"],
    "GetEnvironment": ["evs.environment_id"],
    "ListEnvironmentHosts": ["evs.environment_id"],
    "ListEnvironmentVlans": ["evs.environment_id"],
    "ListTagsForResource": ["evs.resource_arn"],
    "TagResource": ["evs.resource_arn", "evs.tags"],
    "UntagResource": ["evs.resource_arn", "evs.tag_keys"]
  },
  "op_produces": {
    "ListEnvironments": ["evs.environment_modified_at", "evs.environment_arn", "evs.environment_summaries", "evs.environment_vcf_version", "evs.environment_id", "evs.environment_state", "evs.environment_created_at", "evs.next_token", "evs.environment_name", "evs.environment_status"],
    "AssociateEipToVlan": ["evs.vlan_network_acl_id", "evs.vlan_state", "evs.vlan_created_at", "evs.vlan_cidr", "evs.vlan_function_name", "evs.vlan", "evs.vlan_eip_associations", "evs.vlan_subnet_id", "evs.vlan_id", "evs.vlan_modified_at", "evs.vlan_availability_zone", "evs.vlan_is_public"],
    "CreateEnvironment": ["evs.environment_vcf_version", "evs.environment_state", "evs.environment", "evs.environment_modified_at", "evs.environment_vcf_hostnames", "evs.environment_arn", "evs.environment_license_info", "evs.environment_name", "evs.environment_status", "evs.environment_credentials", "evs.site_id", "evs.vpc_id", "evs.environment_service_access_security_groups", "evs.environment_connectivity_info", "evs.environment_created_at", "evs.environment_service_access_subnet_id", "evs.environment_terms_accepted", "evs.environment_kms_key_id", "evs.environment_id", "evs.environment_checks"],
    "CreateEnvironmentHost": ["evs.environment_name", "evs.environment_modified_at", "evs.environment_arn", "evs.environment_vcf_version", "evs.host", "evs.environment_id", "evs.environment_state", "evs.environment_created_at", "evs.environment", "evs.environment_status"],
    "DeleteEnvironment": ["evs.environment_vcf_version", "evs.environment_state", "evs.environment", "evs.environment_modified_at", "evs.environment_vcf_hostnames", "evs.environment_arn", "evs.environment_license_info", "evs.environment_name", "evs.environment_status", "evs.environment_credentials", "evs.site_id", "evs.vpc_id", "evs.environment_service_access_security_groups", "evs.environment_connectivity_info", "evs.environment_created_at", "evs.environment_service_access_subnet_id", "evs.environment_terms_accepted", "evs.environment_kms_key_id", "evs.environment_id", "evs.environment_checks"],
    "DeleteEnvironmentHost": ["evs.environment_name", "evs.environment_modified_at", "evs.environment_arn", "evs.environment_vcf_version", "evs.host", "evs.environment_id", "evs.environment_state", "evs.environment_created_at", "evs.environment", "evs.environment_status"],
    "DisassociateEipFromVlan": ["evs.vlan_network_acl_id", "evs.vlan_state", "evs.vlan_created_at", "evs.vlan_cidr", "evs.vlan_function_name", "evs.vlan", "evs.vlan_eip_associations", "evs.vlan_subnet_id", "evs.vlan_id", "evs.vlan_modified_at", "evs.vlan_availability_zone", "evs.vlan_is_public"],
    "GetEnvironment": ["evs.environment_vcf_version", "evs.environment_state", "evs.environment", "evs.environment_modified_at", "evs.environment_vcf_hostnames", "evs.environment_arn", "evs.environment_license_info", "evs.environment_name", "evs.environment_status", "evs.environment_credentials", "evs.site_id", "evs.vpc_id", "evs.environment_service_access_security_groups", "evs.environment_connectivity_info", "evs.environment_created_at", "evs.environment_service_access_subnet_id", "evs.environment_terms_accepted", "evs.environment_kms_key_id", "evs.environment_id", "evs.environment_checks"],
    "ListEnvironmentHosts": ["evs.environment_host_placement_group_id", "evs.host_name", "evs.environment_host_modified_at", "evs.environment_host_instance_type", "evs.environment_host_state_details", "evs.environment_host_ec2_instance_id", "evs.environment_host_key_name", "evs.environment_host_created_at", "evs.environment_host_dedicated_host_id", "evs.environment_host_host_state", "evs.environment_hosts", "evs.environment_host_network_interfaces", "evs.next_token", "evs.environment_host_ip_address"],
    "ListEnvironmentVlans": ["evs.vlan_network_acl_id", "evs.environment_vlan_cidr", "evs.environment_vlan_is_public", "evs.environment_vlan_eip_associations", "evs.environment_vlan_modified_at", "evs.environment_vlan_vlan_state", "evs.environment_vlans", "evs.vlan_function_name", "evs.vlan_id", "evs.environment_vlan_state_details", "evs.environment_vlan_availability_zone", "evs.next_token", "evs.vlan_subnet_id", "evs.environment_vlan_created_at"],
    "ListTagsForResource": ["evs.tags"],
    "TagResource": [],
    "UntagResource": []
  },
  "entity_producers": {
    "evs.next_token": ["ListEnvironments", "ListEnvironmentHosts", "ListEnvironmentVlans"],
    "evs.environment_summaries": ["ListEnvironments"],
    "evs.environment_id": ["ListEnvironments", "CreateEnvironment", "GetEnvironment", "DeleteEnvironment", "CreateEnvironmentHost", "DeleteEnvironmentHost"],
    "evs.environment_name": ["ListEnvironments", "CreateEnvironment", "GetEnvironment", "DeleteEnvironment", "CreateEnvironmentHost", "DeleteEnvironmentHost"],
    "evs.environment_vcf_version": ["ListEnvironments", "CreateEnvironment", "GetEnvironment", "DeleteEnvironment", "CreateEnvironmentHost", "DeleteEnvironmentHost"],
    "evs.environment_status": ["ListEnvironments", "CreateEnvironment", "GetEnvironment", "DeleteEnvironment", "CreateEnvironmentHost", "DeleteEnvironmentHost"],
    "evs.environment_state": ["ListEnvironments", "CreateEnvironment", "GetEnvironment", "DeleteEnvironment", "CreateEnvironmentHost", "DeleteEnvironmentHost"],
    "evs.environment_created_at": ["ListEnvironments", "CreateEnvironment", "GetEnvironment", "DeleteEnvironment", "CreateEnvironmentHost", "DeleteEnvironmentHost"],
    "evs.environment_modified_at": ["ListEnvironments", "CreateEnvironment", "GetEnvironment", "DeleteEnvironment", "CreateEnvironmentHost", "DeleteEnvironmentHost"],
    "evs.environment_arn": ["ListEnvironments", "CreateEnvironment", "GetEnvironment", "DeleteEnvironment", "CreateEnvironmentHost", "DeleteEnvironmentHost"],
    "evs.vlan": ["DisassociateEipFromVlan", "AssociateEipToVlan"],
    "evs.vlan_id": ["DisassociateEipFromVlan", "ListEnvironmentVlans", "AssociateEipToVlan"],
    "evs.vlan_cidr": ["DisassociateEipFromVlan", "AssociateEipToVlan"],
    "evs.vlan_availability_zone": ["DisassociateEipFromVlan", "AssociateEipToVlan"],
    "evs.vlan_function_name": ["DisassociateEipFromVlan", "ListEnvironmentVlans", "AssociateEipToVlan"],
    "evs.vlan_subnet_id": ["DisassociateEipFromVlan", "ListEnvironmentVlans", "AssociateEipToVlan"],
    "evs.vlan_created_at": ["DisassociateEipFromVlan", "AssociateEipToVlan"],
    "evs.vlan_modified_at": ["DisassociateEipFromVlan", "AssociateEipToVlan"],
    "evs.vlan_state": ["DisassociateEipFromVlan", "AssociateEipToVlan"],
    "evs.vlan_eip_associations": ["DisassociateEipFromVlan", "AssociateEipToVlan"],
    "evs.vlan_is_public": ["DisassociateEipFromVlan", "AssociateEipToVlan"],
    "evs.vlan_network_acl_id": ["DisassociateEipFromVlan", "ListEnvironmentVlans", "AssociateEipToVlan"],
    "evs.environment": ["CreateEnvironment", "GetEnvironment", "DeleteEnvironment", "CreateEnvironmentHost", "DeleteEnvironmentHost"],
    "evs.vpc_id": ["GetEnvironment", "DeleteEnvironment", "CreateEnvironment"],
    "evs.environment_service_access_subnet_id": ["GetEnvironment", "DeleteEnvironment", "CreateEnvironment"],
    "evs.environment_terms_accepted": ["GetEnvironment", "DeleteEnvironment", "CreateEnvironment"],
    "evs.environment_license_info": ["GetEnvironment", "DeleteEnvironment", "CreateEnvironment"],
    "evs.site_id": ["GetEnvironment", "DeleteEnvironment", "CreateEnvironment"],
    "evs.environment_checks": ["GetEnvironment", "DeleteEnvironment", "CreateEnvironment"],
    "evs.environment_connectivity_info": ["GetEnvironment", "DeleteEnvironment", "CreateEnvironment"],
    "evs.environment_vcf_hostnames": ["GetEnvironment", "DeleteEnvironment", "CreateEnvironment"],
    "evs.environment_kms_key_id": ["GetEnvironment", "DeleteEnvironment", "CreateEnvironment"],
    "evs.environment_service_access_security_groups": ["GetEnvironment", "DeleteEnvironment", "CreateEnvironment"],
    "evs.environment_credentials": ["GetEnvironment", "DeleteEnvironment", "CreateEnvironment"],
    "evs.host": ["DeleteEnvironmentHost", "CreateEnvironmentHost"],
    "evs.environment_hosts": ["ListEnvironmentHosts"],
    "evs.host_name": ["ListEnvironmentHosts"],
    "evs.environment_host_ip_address": ["ListEnvironmentHosts"],
    "evs.environment_host_key_name": ["ListEnvironmentHosts"],
    "evs.environment_host_instance_type": ["ListEnvironmentHosts"],
    "evs.environment_host_placement_group_id": ["ListEnvironmentHosts"],
    "evs.environment_host_dedicated_host_id": ["ListEnvironmentHosts"],
    "evs.environment_host_created_at": ["ListEnvironmentHosts"],
    "evs.environment_host_modified_at": ["ListEnvironmentHosts"],
    "evs.environment_host_host_state": ["ListEnvironmentHosts"],
    "evs.environment_host_state_details": ["ListEnvironmentHosts"],
    "evs.environment_host_ec2_instance_id": ["ListEnvironmentHosts"],
    "evs.environment_host_network_interfaces": ["ListEnvironmentHosts"],
    "evs.environment_vlans": ["ListEnvironmentVlans"],
    "evs.environment_vlan_cidr": ["ListEnvironmentVlans"],
    "evs.environment_vlan_availability_zone": ["ListEnvironmentVlans"],
    "evs.environment_vlan_created_at": ["ListEnvironmentVlans"],
    "evs.environment_vlan_modified_at": ["ListEnvironmentVlans"],
    "evs.environment_vlan_vlan_state": ["ListEnvironmentVlans"],
    "evs.environment_vlan_state_details": ["ListEnvironmentVlans"],
    "evs.environment_vlan_eip_associations": ["ListEnvironmentVlans"],
    "evs.environment_vlan_is_public": ["ListEnvironmentVlans"],
    "evs.tags": ["ListTagsForResource"]
  },
  "entity_consumers": {
    "evs.environment_id": ["DisassociateEipFromVlan", "ListEnvironmentHosts", "AssociateEipToVlan", "GetEnvironment", "DeleteEnvironment", "CreateEnvironmentHost", "DeleteEnvironmentHost", "ListEnvironmentVlans"],
    "evs.vlan_name": ["DisassociateEipFromVlan", "AssociateEipToVlan"],
    "evs.allocation_id": ["AssociateEipToVlan"],
    "evs.vpc_id": ["CreateEnvironment"],
    "evs.serviceaccesssubnet_id": ["CreateEnvironment"],
    "evs.vcf_version": ["CreateEnvironment"],
    "evs.terms_accepted": ["CreateEnvironment"],
    "evs.license_info": ["CreateEnvironment"],
    "evs.initial_vlans": ["CreateEnvironment"],
    "evs.hosts": ["CreateEnvironment"],
    "evs.connectivity_info": ["CreateEnvironment"],
    "evs.vcf_hostnames": ["CreateEnvironment"],
    "evs.site_id": ["CreateEnvironment"],
    "evs.host": ["CreateEnvironmentHost"],
    "evs.host_name": ["DeleteEnvironmentHost"],
    "evs.association_id": ["DisassociateEipFromVlan"],
    "evs.resource_arn": ["UntagResource", "TagResource", "ListTagsForResource"],
    "evs.tags": ["TagResource"],
    "evs.tag_keys": ["UntagResource"]
  },
  "external_entities": ["evs.allocation_id", "evs.association_id", "evs.connectivity_info", "evs.hosts", "evs.initial_vlans", "evs.license_info", "evs.resource_arn", "evs.serviceaccesssubnet_id", "evs.tag_keys", "evs.terms_accepted", "evs.vcf_hostnames", "evs.vcf_version", "evs.vlan_name"]
}