{
  "service": "evs",
  "seed_from_list": [
    "availabilityZone",
    "cidr",
    "createdAt",
    "dedicatedHostId",
    "ec2InstanceId",
    "eipAssociations",
    "environmentArn",
    "environmentId",
    "environmentName",
    "environmentState",
    "environmentStatus",
    "functionName",
    "hostName",
    "hostState",
    "instanceType",
    "ipAddress",
    "isPublic",
    "keyName",
    "modifiedAt",
    "networkAclId",
    "networkInterfaces",
    "placementGroupId",
    "stateDetails",
    "subnetId",
    "vcfVersion",
    "vlanId",
    "vlanState"
  ],
  "enriched_from_get_describe": [
    "checks",
    "connectivityInfo",
    "createdAt",
    "credentials",
    "environment",
    "environmentArn",
    "environmentId",
    "environmentName",
    "environmentState",
    "environmentStatus",
    "kmsKeyId",
    "licenseInfo",
    "modifiedAt",
    "serviceAccessSecurityGroups",
    "serviceAccessSubnetId",
    "siteId",
    "stateDetails",
    "termsAccepted",
    "vcfHostnames",
    "vcfVersion",
    "vpcId"
  ],
  "final_union": [
    "availabilityZone",
    "checks",
    "cidr",
    "connectivityInfo",
    "createdAt",
    "credentials",
    "dedicatedHostId",
    "ec2InstanceId",
    "eipAssociations",
    "environment",
    "environmentArn",
    "environmentId",
    "environmentName",
    "environmentState",
    "environmentStatus",
    "functionName",
    "hostName",
    "hostState",
    "instanceType",
    "ipAddress",
    "isPublic",
    "keyName",
    "kmsKeyId",
    "licenseInfo",
    "modifiedAt",
    "networkAclId",
    "networkInterfaces",
    "placementGroupId",
    "serviceAccessSecurityGroups",
    "serviceAccessSubnetId",
    "siteId",
    "stateDetails",
    "subnetId",
    "termsAccepted",
    "vcfHostnames",
    "vcfVersion",
    "vlanId",
    "vlanState",
    "vpcId"
  ],
  "source": {
    "operation_registry": "services/evs/operation_registry.json",
    "read_ops_rule": "operation name startswith List/Get/Describe/Search/Lookup",
    "excluded_keys": [
      "nextToken",
      "maxResults"
    ]
  }
}