{
  "service": "mediaconvert",
  "op_consumes": {
    "DeletePolicy": [],
    "DescribeEndpoints": [],
    "GetPolicy": [],
    "ListJobTemplates": [],
    "ListJobs": [],
    "ListPresets": [],
    "ListQueues": [],
    "ListVersions": [],
    "Probe": [],
    "SearchJobs": [],
    "StartJobsQuery": [],
    "AssociateCertificate": ["mediaconvert.certificate_arn"],
    "CancelJob": ["mediaconvert.job_id"],
    "CreateJob": ["mediaconvert.settings", "mediaconvert.role"],
    "CreateJobTemplate": ["mediaconvert.settings", "mediaconvert.job_template_name"],
    "CreatePreset": ["mediaconvert.settings", "mediaconvert.preset_name"],
    "CreateQueue": ["mediaconvert.queue_name"],
    "CreateResourceShare": ["mediaconvert.job_id", "mediaconvert.supportcase_id"],
    "DeleteJobTemplate": ["mediaconvert.job_template_name"],
    "DeletePreset": ["mediaconvert.preset_name"],
    "DeleteQueue": ["mediaconvert.queue_name"],
    "DisassociateCertificate": ["mediaconvert.certificate_arn"],
    "GetJob": ["mediaconvert.job_id"],
    "GetJobTemplate": ["mediaconvert.job_template_name"],
    "GetJobsQueryResults": ["mediaconvert.job_id"],
    "GetPreset": ["mediaconvert.preset_name"],
    "GetQueue": ["mediaconvert.queue_name"],
    "ListTagsForResource": ["mediaconvert.resource_tag_arn"],
    "PutPolicy": ["mediaconvert.policy"],
    "TagResource": ["mediaconvert.tags", "mediaconvert.resource_arn"],
    "UntagResource": ["mediaconvert.resource_arn"],
    "UpdateJobTemplate": ["mediaconvert.job_template_name"],
    "UpdatePreset": ["mediaconvert.preset_name"],
    "UpdateQueue": ["mediaconvert.queue_name"]
  },
  "op_produces": {
    "DeletePolicy": [],
    "DescribeEndpoints": ["mediaconvert.endpoints", "mediaconvert.endpoint_url", "mediaconvert.next_token"],
    "GetPolicy": ["mediaconvert.policy_s3_inputs", "mediaconvert.policy_http_inputs", "mediaconvert.policy", "mediaconvert.policy_https_inputs"],
    "ListJobTemplates": ["mediaconvert.job_templat_status_update_interval", "mediaconvert.job_templates", "mediaconvert.job_templat_created_at", "mediaconvert.job_templat_acceleration_settings", "mediaconvert.job_templat_last_updated", "mediaconvert.job_templat_type", "mediaconvert.job_templat_category", "mediaconvert.job_templat_arn", "mediaconvert.job_templat_hop_destinations", "mediaconvert.job_templat_name", "mediaconvert.job_templat_queue", "mediaconvert.job_templat_priority", "mediaconvert.job_templat_description", "mediaconvert.job_templat_settings", "mediaconvert.next_token"],
    "ListJobs": ["mediaconvert.job_template", "mediaconvert.job_last_share_details", "mediaconvert.job_settings", "mediaconvert.job_simulate_reserved_queue", "mediaconvert.job_status", "mediaconvert.job_arn", "mediaconvert.job_created_at", "mediaconvert.job_acceleration_status", "mediaconvert.job_user_metadata", "mediaconvert.job_hop_destinations", "mediaconvert.job_engine_version_used", "mediaconvert.job_client_request_token", "mediaconvert.job_error_code", "mediaconvert.job_error_message", "mediaconvert.job_queue", "mediaconvert.job_timing", "mediaconvert.next_token", "mediaconvert.job_billing_tags_source", "mediaconvert.job_priority", "mediaconvert.job_percent_complete", "mediaconvert.job_share_status", "mediaconvert.job_engine_version_requested", "mediaconvert.job_warnings", "mediaconvert.job_role", "mediaconvert.job_messages", "mediaconvert.jobs", "mediaconvert.job_current_phase", "mediaconvert.job_queue_transitions", "mediaconvert.job_acceleration_settings", "mediaconvert.job_status_update_interval", "mediaconvert.job_output_group_details", "mediaconvert.job_retry_count", "mediaconvert.job_id"],
    "ListPresets": ["mediaconvert.preset_name", "mediaconvert.presets", "mediaconvert.preset_created_at", "mediaconvert.preset_settings", "mediaconvert.preset_last_updated", "mediaconvert.preset_arn", "mediaconvert.preset_type", "mediaconvert.preset_description", "mediaconvert.next_token", "mediaconvert.preset_category"],
    "ListQueues": ["mediaconvert.queu_concurrent_jobs", "mediaconvert.total_concurrent_jobs", "mediaconvert.queu_last_updated", "mediaconvert.queu_created_at", "mediaconvert.queu_pricing_plan", "mediaconvert.queu_progressing_jobs_count", "mediaconvert.queu_name", "mediaconvert.queu_type", "mediaconvert.queues", "mediaconvert.unallocated_concurrent_jobs", "mediaconvert.queu_arn", "mediaconvert.queu_service_overrides", "mediaconvert.queu_description", "mediaconvert.queu_status", "mediaconvert.queu_reservation_plan", "mediaconvert.queu_submitted_jobs_count", "mediaconvert.next_token"],
    "ListVersions": ["mediaconvert.versions", "mediaconvert.version_expiration_date", "mediaconvert.next_token", "mediaconvert.version_version"],
    "Probe": ["mediaconvert.probe_result_metadata", "mediaconvert.probe_results", "mediaconvert.probe_result_track_mappings", "mediaconvert.probe_result_container"],
    "SearchJobs": ["mediaconvert.job_template", "mediaconvert.job_last_share_details", "mediaconvert.job_settings", "mediaconvert.job_simulate_reserved_queue", "mediaconvert.job_status", "mediaconvert.job_arn", "mediaconvert.job_created_at", "mediaconvert.job_acceleration_status", "mediaconvert.job_user_metadata", "mediaconvert.job_hop_destinations", "mediaconvert.job_engine_version_used", "mediaconvert.job_client_request_token", "mediaconvert.job_error_code", "mediaconvert.job_error_message", "mediaconvert.job_queue", "mediaconvert.job_timing", "mediaconvert.next_token", "mediaconvert.job_billing_tags_source", "mediaconvert.job_priority", "mediaconvert.job_percent_complete", "mediaconvert.job_share_status", "mediaconvert.job_engine_version_requested", "mediaconvert.job_warnings", "mediaconvert.job_role", "mediaconvert.job_messages", "mediaconvert.jobs", "mediaconvert.job_current_phase", "mediaconvert.job_queue_transitions", "mediaconvert.job_acceleration_settings", "mediaconvert.job_status_update_interval", "mediaconvert.job_output_group_details", "mediaconvert.job_retry_count", "mediaconvert.job_id"],
    "StartJobsQuery": ["mediaconvert.jobs_query_id"],
    "AssociateCertificate": [],
    "CancelJob": [],
    "CreateJob": ["mediaconvert.job_template", "mediaconvert.job_last_share_details", "mediaconvert.job_settings", "mediaconvert.job_simulate_reserved_queue", "mediaconvert.job_status", "mediaconvert.job_arn", "mediaconvert.job_created_at", "mediaconvert.job_acceleration_status", "mediaconvert.job_user_metadata", "mediaconvert.job_hop_destinations", "mediaconvert.job_engine_version_used", "mediaconvert.job_client_request_token", "mediaconvert.job_error_code", "mediaconvert.job_error_message", "mediaconvert.job_queue", "mediaconvert.job_timing", "mediaconvert.job_billing_tags_source", "mediaconvert.job_priority", "mediaconvert.job_percent_complete", "mediaconvert.job", "mediaconvert.job_share_status", "mediaconvert.job_engine_version_requested", "mediaconvert.job_warnings", "mediaconvert.job_role", "mediaconvert.job_messages", "mediaconvert.job_current_phase", "mediaconvert.job_queue_transitions", "mediaconvert.job_acceleration_settings", "mediaconvert.job_status_update_interval", "mediaconvert.job_output_group_details", "mediaconvert.job_retry_count", "mediaconvert.job_id"],
    "CreateJobTemplate": ["mediaconvert.job_template", "mediaconvert.job_template_type", "mediaconvert.job_template_priority", "mediaconvert.job_template_hop_destinations", "mediaconvert.job_template_settings", "mediaconvert.job_template_acceleration_settings", "mediaconvert.job_template_arn", "mediaconvert.job_template_created_at", "mediaconvert.job_template_queue", "mediaconvert.job_template_status_update_interval", "mediaconvert.job_template_last_updated", "mediaconvert.job_template_name", "mediaconvert.job_template_category", "mediaconvert.job_template_description"],
    "CreatePreset": ["mediaconvert.preset", "mediaconvert.preset_name", "mediaconvert.preset_created_at", "mediaconvert.preset_settings", "mediaconvert.preset_last_updated", "mediaconvert.preset_arn", "mediaconvert.preset_type", "mediaconvert.preset_description", "mediaconvert.preset_category"],
    "CreateQueue": ["mediaconvert.queue_submitted_jobs_count", "mediaconvert.queue_progressing_jobs_count", "mediaconvert.queue", "mediaconvert.queue_description", "mediaconvert.queue_pricing_plan", "mediaconvert.queue_name", "mediaconvert.queue_arn", "mediaconvert.queue_reservation_plan", "mediaconvert.queue_service_overrides", "mediaconvert.queue_status", "mediaconvert.queue_last_updated", "mediaconvert.queue_type", "mediaconvert.queue_concurrent_jobs", "mediaconvert.queue_created_at"],
    "CreateResourceShare": [],
    "DeleteJobTemplate": [],
    "DeletePreset": [],
    "DeleteQueue": [],
    "DisassociateCertificate": [],
    "GetJob": ["mediaconvert.job_template", "mediaconvert.job_last_share_details", "mediaconvert.job_settings", "mediaconvert.job_simulate_reserved_queue", "mediaconvert.job_status", "mediaconvert.job_arn", "mediaconvert.job_created_at", "mediaconvert.job_acceleration_status", "mediaconvert.job_user_metadata", "mediaconvert.job_hop_destinations", "mediaconvert.job_engine_version_used", "mediaconvert.job_client_request_token", "mediaconvert.job_error_code", "mediaconvert.job_error_message", "mediaconvert.job_queue", "mediaconvert.job_timing", "mediaconvert.job_billing_tags_source", "mediaconvert.job_priority", "mediaconvert.job_percent_complete", "mediaconvert.job", "mediaconvert.job_share_status", "mediaconvert.job_engine_version_requested", "mediaconvert.job_warnings", "mediaconvert.job_role", "mediaconvert.job_messages", "mediaconvert.job_current_phase", "mediaconvert.job_queue_transitions", "mediaconvert.job_acceleration_settings", "mediaconvert.job_status_update_interval", "mediaconvert.job_output_group_details", "mediaconvert.job_retry_count", "mediaconvert.job_id"],
    "GetJobTemplate": ["mediaconvert.job_template", "mediaconvert.job_template_type", "mediaconvert.job_template_priority", "mediaconvert.job_template_hop_destinations", "mediaconvert.job_template_settings", "mediaconvert.job_template_acceleration_settings", "mediaconvert.job_template_arn", "mediaconvert.job_template_created_at", "mediaconvert.job_template_queue", "mediaconvert.job_template_status_update_interval", "mediaconvert.job_template_last_updated", "mediaconvert.job_template_name", "mediaconvert.job_template_category", "mediaconvert.job_template_description"],
    "GetJobsQueryResults": ["mediaconvert.job_template", "mediaconvert.job_last_share_details", "mediaconvert.job_settings", "mediaconvert.job_simulate_reserved_queue", "mediaconvert.job_status", "mediaconvert.job_arn", "mediaconvert.job_created_at", "mediaconvert.job_acceleration_status", "mediaconvert.job_user_metadata", "mediaconvert.job_hop_destinations", "mediaconvert.job_engine_version_used", "mediaconvert.job_client_request_token", "mediaconvert.job_error_code", "mediaconvert.job_error_message", "mediaconvert.job_queue", "mediaconvert.job_timing", "mediaconvert.next_token", "mediaconvert.job_billing_tags_source", "mediaconvert.job_priority", "mediaconvert.job_percent_complete", "mediaconvert.job_share_status", "mediaconvert.job_engine_version_requested", "mediaconvert.job_warnings", "mediaconvert.job_role", "mediaconvert.job_messages", "mediaconvert.jobs", "mediaconvert.job_current_phase", "mediaconvert.job_queue_transitions", "mediaconvert.job_acceleration_settings", "mediaconvert.job_status_update_interval", "mediaconvert.job_output_group_details", "mediaconvert.job_retry_count", "mediaconvert.jobs_query_result_status", "mediaconvert.job_id"],
    "GetPreset": ["mediaconvert.preset", "mediaconvert.preset_name", "mediaconvert.preset_created_at", "mediaconvert.preset_settings", "mediaconvert.preset_last_updated", "mediaconvert.preset_arn", "mediaconvert.preset_type", "mediaconvert.preset_description", "mediaconvert.preset_category"],
    "GetQueue": ["mediaconvert.queue_submitted_jobs_count", "mediaconvert.queue_progressing_jobs_count", "mediaconvert.queue", "mediaconvert.queue_description", "mediaconvert.queue_pricing_plan", "mediaconvert.queue_name", "mediaconvert.queue_arn", "mediaconvert.queue_reservation_plan", "mediaconvert.queue_service_overrides", "mediaconvert.queue_status", "mediaconvert.queue_last_updated", "mediaconvert.queue_type", "mediaconvert.queue_concurrent_jobs", "mediaconvert.queue_created_at"],
    "ListTagsForResource": ["mediaconvert.resource_tags", "mediaconvert.resource_tag_tags", "mediaconvert.resource_tag_arn"],
    "PutPolicy": ["mediaconvert.policy_s3_inputs", "mediaconvert.policy_http_inputs", "mediaconvert.policy", "mediaconvert.policy_https_inputs"],
    "TagResource": [],
    "UntagResource": [],
    "UpdateJobTemplate": ["mediaconvert.job_template", "mediaconvert.job_template_type", "mediaconvert.job_template_priority", "mediaconvert.job_template_hop_destinations", "mediaconvert.job_template_settings", "mediaconvert.job_template_acceleration_settings", "mediaconvert.job_template_arn", "mediaconvert.job_template_created_at", "mediaconvert.job_template_queue", "mediaconvert.job_template_status_update_interval", "mediaconvert.job_template_last_updated", "mediaconvert.job_template_name", "mediaconvert.job_template_category", "mediaconvert.job_template_description"],
    "UpdatePreset": ["mediaconvert.preset", "mediaconvert.preset_name", "mediaconvert.preset_created_at", "mediaconvert.preset_settings", "mediaconvert.preset_last_updated", "mediaconvert.preset_arn", "mediaconvert.preset_type", "mediaconvert.preset_description", "mediaconvert.preset_category"],
    "UpdateQueue": ["mediaconvert.queue_submitted_jobs_count", "mediaconvert.queue_progressing_jobs_count", "mediaconvert.queue", "mediaconvert.queue_description", "mediaconvert.queue_pricing_plan", "mediaconvert.queue_name", "mediaconvert.queue_arn", "mediaconvert.queue_reservation_plan", "mediaconvert.queue_service_overrides", "mediaconvert.queue_status", "mediaconvert.queue_last_updated", "mediaconvert.queue_type", "mediaconvert.queue_concurrent_jobs", "mediaconvert.queue_created_at"]
  },
  "entity_producers": {
    "mediaconvert.endpoints": ["DescribeEndpoints"],
    "mediaconvert.next_token": ["ListJobTemplates", "ListQueues", "SearchJobs", "ListPresets", "GetJobsQueryResults", "DescribeEndpoints", "ListVersions", "ListJobs"],
    "mediaconvert.endpoint_url": ["DescribeEndpoints"],
    "mediaconvert.policy": ["GetPolicy", "PutPolicy"],
    "mediaconvert.policy_http_inputs": ["GetPolicy", "PutPolicy"],
    "mediaconvert.policy_https_inputs": ["GetPolicy", "PutPolicy"],
    "mediaconvert.policy_s3_inputs": ["GetPolicy", "PutPolicy"],
    "mediaconvert.job_templates": ["ListJobTemplates"],
    "mediaconvert.job_templat_acceleration_settings": ["ListJobTemplates"],
    "mediaconvert.job_templat_arn": ["ListJobTemplates"],
    "mediaconvert.job_templat_category": ["ListJobTemplates"],
    "mediaconvert.job_templat_created_at": ["ListJobTemplates"],
    "mediaconvert.job_templat_description": ["ListJobTemplates"],
    "mediaconvert.job_templat_hop_destinations": ["ListJobTemplates"],
    "mediaconvert.job_templat_last_updated": ["ListJobTemplates"],
    "mediaconvert.job_templat_name": ["ListJobTemplates"],
    "mediaconvert.job_templat_priority": ["ListJobTemplates"],
    "mediaconvert.job_templat_queue": ["ListJobTemplates"],
    "mediaconvert.job_templat_settings": ["ListJobTemplates"],
    "mediaconvert.job_templat_status_update_interval": ["ListJobTemplates"],
    "mediaconvert.job_templat_type": ["ListJobTemplates"],
    "mediaconvert.jobs": ["SearchJobs", "ListJobs", "GetJobsQueryResults"],
    "mediaconvert.job_acceleration_settings": ["SearchJobs", "GetJobsQueryResults", "GetJob", "CreateJob", "ListJobs"],
    "mediaconvert.job_acceleration_status": ["SearchJobs", "GetJobsQueryResults", "GetJob", "CreateJob", "ListJobs"],
    "mediaconvert.job_arn": ["SearchJobs", "GetJobsQueryResults", "GetJob", "CreateJob", "ListJobs"],
    "mediaconvert.job_billing_tags_source": ["SearchJobs", "GetJobsQueryResults", "GetJob", "CreateJob", "ListJobs"],
    "mediaconvert.job_client_request_token": ["SearchJobs", "GetJobsQueryResults", "GetJob", "CreateJob", "ListJobs"],
    "mediaconvert.job_created_at": ["SearchJobs", "GetJobsQueryResults", "GetJob", "CreateJob", "ListJobs"],
    "mediaconvert.job_current_phase": ["SearchJobs", "GetJobsQueryResults", "GetJob", "CreateJob", "ListJobs"],
    "mediaconvert.job_error_code": ["SearchJobs", "GetJobsQueryResults", "GetJob", "CreateJob", "ListJobs"],
    "mediaconvert.job_error_message": ["SearchJobs", "GetJobsQueryResults", "GetJob", "CreateJob", "ListJobs"],
    "mediaconvert.job_hop_destinations": ["SearchJobs", "GetJobsQueryResults", "GetJob", "CreateJob", "ListJobs"],
    "mediaconvert.job_id": ["SearchJobs", "GetJobsQueryResults", "GetJob", "CreateJob", "ListJobs"],
    "mediaconvert.job_engine_version_requested": ["SearchJobs", "GetJobsQueryResults", "GetJob", "CreateJob", "ListJobs"],
    "mediaconvert.job_engine_version_used": ["SearchJobs", "GetJobsQueryResults", "GetJob", "CreateJob", "ListJobs"],
    "mediaconvert.job_percent_complete": ["SearchJobs", "GetJobsQueryResults", "GetJob", "CreateJob", "ListJobs"],
    "mediaconvert.job_template": ["CreateJobTemplate", "SearchJobs", "UpdateJobTemplate", "GetJobsQueryResults", "GetJob", "CreateJob", "GetJobTemplate", "ListJobs"],
    "mediaconvert.job_last_share_details": ["SearchJobs", "GetJobsQueryResults", "GetJob", "CreateJob", "ListJobs"],
    "mediaconvert.job_messages": ["SearchJobs", "GetJobsQueryResults", "GetJob", "CreateJob", "ListJobs"],
    "mediaconvert.job_output_group_details": ["SearchJobs", "GetJobsQueryResults", "GetJob", "CreateJob", "ListJobs"],
    "mediaconvert.job_priority": ["SearchJobs", "GetJobsQueryResults", "GetJob", "CreateJob", "ListJobs"],
    "mediaconvert.job_queue": ["SearchJobs", "GetJobsQueryResults", "GetJob", "CreateJob", "ListJobs"],
    "mediaconvert.job_queue_transitions": ["SearchJobs", "GetJobsQueryResults", "GetJob", "CreateJob", "ListJobs"],
    "mediaconvert.job_retry_count": ["SearchJobs", "GetJobsQueryResults", "GetJob", "CreateJob", "ListJobs"],
    "mediaconvert.job_role": ["SearchJobs", "GetJobsQueryResults", "GetJob", "CreateJob", "ListJobs"],
    "mediaconvert.job_settings": ["SearchJobs", "GetJobsQueryResults", "GetJob", "CreateJob", "ListJobs"],
    "mediaconvert.job_share_status": ["SearchJobs", "GetJobsQueryResults", "GetJob", "CreateJob", "ListJobs"],
    "mediaconvert.job_simulate_reserved_queue": ["SearchJobs", "GetJobsQueryResults", "GetJob", "CreateJob", "ListJobs"],
    "mediaconvert.job_status": ["SearchJobs", "GetJobsQueryResults", "GetJob", "CreateJob", "ListJobs"],
    "mediaconvert.job_status_update_interval": ["SearchJobs", "GetJobsQueryResults", "GetJob", "CreateJob", "ListJobs"],
    "mediaconvert.job_timing": ["SearchJobs", "GetJobsQueryResults", "GetJob", "CreateJob", "ListJobs"],
    "mediaconvert.job_user_metadata": ["SearchJobs", "GetJobsQueryResults", "GetJob", "CreateJob", "ListJobs"],
    "mediaconvert.job_warnings": ["SearchJobs", "GetJobsQueryResults", "GetJob", "CreateJob", "ListJobs"],
    "mediaconvert.presets": ["ListPresets"],
    "mediaconvert.preset_arn": ["UpdatePreset", "CreatePreset", "GetPreset", "ListPresets"],
    "mediaconvert.preset_category": ["UpdatePreset", "CreatePreset", "GetPreset", "ListPresets"],
    "mediaconvert.preset_created_at": ["UpdatePreset", "CreatePreset", "GetPreset", "ListPresets"],
    "mediaconvert.preset_description": ["UpdatePreset", "CreatePreset", "GetPreset", "ListPresets"],
    "mediaconvert.preset_last_updated": ["UpdatePreset", "CreatePreset", "GetPreset", "ListPresets"],
    "mediaconvert.preset_name": ["UpdatePreset", "CreatePreset", "GetPreset", "ListPresets"],
    "mediaconvert.preset_settings": ["UpdatePreset", "CreatePreset", "GetPreset", "ListPresets"],
    "mediaconvert.preset_type": ["UpdatePreset", "CreatePreset", "GetPreset", "ListPresets"],
    "mediaconvert.queues": ["ListQueues"],
    "mediaconvert.total_concurrent_jobs": ["ListQueues"],
    "mediaconvert.unallocated_concurrent_jobs": ["ListQueues"],
    "mediaconvert.queu_arn": ["ListQueues"],
    "mediaconvert.queu_concurrent_jobs": ["ListQueues"],
    "mediaconvert.queu_created_at": ["ListQueues"],
    "mediaconvert.queu_description": ["ListQueues"],
    "mediaconvert.queu_last_updated": ["ListQueues"],
    "mediaconvert.queu_name": ["ListQueues"],
    "mediaconvert.queu_pricing_plan": ["ListQueues"],
    "mediaconvert.queu_progressing_jobs_count": ["ListQueues"],
    "mediaconvert.queu_reservation_plan": ["ListQueues"],
    "mediaconvert.queu_service_overrides": ["ListQueues"],
    "mediaconvert.queu_status": ["ListQueues"],
    "mediaconvert.queu_submitted_jobs_count": ["ListQueues"],
    "mediaconvert.queu_type": ["ListQueues"],
    "mediaconvert.versions": ["ListVersions"],
    "mediaconvert.version_expiration_date": ["ListVersions"],
    "mediaconvert.version_version": ["ListVersions"],
    "mediaconvert.probe_results": ["Probe"],
    "mediaconvert.probe_result_container": ["Probe"],
    "mediaconvert.probe_result_metadata": ["Probe"],
    "mediaconvert.probe_result_track_mappings": ["Probe"],
    "mediaconvert.jobs_query_id": ["StartJobsQuery"],
    "mediaconvert.job": ["GetJob", "CreateJob"],
    "mediaconvert.job_template_acceleration_settings": ["UpdateJobTemplate", "GetJobTemplate", "CreateJobTemplate"],
    "mediaconvert.job_template_arn": ["UpdateJobTemplate", "GetJobTemplate", "CreateJobTemplate"],
    "mediaconvert.job_template_category": ["UpdateJobTemplate", "GetJobTemplate", "CreateJobTemplate"],
    "mediaconvert.job_template_created_at": ["UpdateJobTemplate", "GetJobTemplate", "CreateJobTemplate"],
    "mediaconvert.job_template_description": ["UpdateJobTemplate", "GetJobTemplate", "CreateJobTemplate"],
    "mediaconvert.job_template_hop_destinations": ["UpdateJobTemplate", "GetJobTemplate", "CreateJobTemplate"],
    "mediaconvert.job_template_last_updated": ["UpdateJobTemplate", "GetJobTemplate", "CreateJobTemplate"],
    "mediaconvert.job_template_name": ["UpdateJobTemplate", "GetJobTemplate", "CreateJobTemplate"],
    "mediaconvert.job_template_priority": ["UpdateJobTemplate", "GetJobTemplate", "CreateJobTemplate"],
    "mediaconvert.job_template_queue": ["UpdateJobTemplate", "GetJobTemplate", "CreateJobTemplate"],
    "mediaconvert.job_template_settings": ["UpdateJobTemplate", "GetJobTemplate", "CreateJobTemplate"],
    "mediaconvert.job_template_status_update_interval": ["UpdateJobTemplate", "GetJobTemplate", "CreateJobTemplate"],
    "mediaconvert.job_template_type": ["UpdateJobTemplate", "GetJobTemplate", "CreateJobTemplate"],
    "mediaconvert.preset": ["UpdatePreset", "GetPreset", "CreatePreset"],
    "mediaconvert.queue": ["GetQueue", "UpdateQueue", "CreateQueue"],
    "mediaconvert.queue_arn": ["GetQueue", "UpdateQueue", "CreateQueue"],
    "mediaconvert.queue_concurrent_jobs": ["GetQueue", "UpdateQueue", "CreateQueue"],
    "mediaconvert.queue_created_at": ["GetQueue", "UpdateQueue", "CreateQueue"],
    "mediaconvert.queue_description": ["GetQueue", "UpdateQueue", "CreateQueue"],
    "mediaconvert.queue_last_updated": ["GetQueue", "UpdateQueue", "CreateQueue"],
    "mediaconvert.queue_name": ["GetQueue", "UpdateQueue", "CreateQueue"],
    "mediaconvert.queue_pricing_plan": ["GetQueue", "UpdateQueue", "CreateQueue"],
    "mediaconvert.queue_progressing_jobs_count": ["GetQueue", "UpdateQueue", "CreateQueue"],
    "mediaconvert.queue_reservation_plan": ["GetQueue", "UpdateQueue", "CreateQueue"],
    "mediaconvert.queue_service_overrides": ["GetQueue", "UpdateQueue", "CreateQueue"],
    "mediaconvert.queue_status": ["GetQueue", "UpdateQueue", "CreateQueue"],
    "mediaconvert.queue_submitted_jobs_count": ["GetQueue", "UpdateQueue", "CreateQueue"],
    "mediaconvert.queue_type": ["GetQueue", "UpdateQueue", "CreateQueue"],
    "mediaconvert.jobs_query_result_status": ["GetJobsQueryResults"],
    "mediaconvert.resource_tags": ["ListTagsForResource"],
    "mediaconvert.resource_tag_arn": ["ListTagsForResource"],
    "mediaconvert.resource_tag_tags": ["ListTagsForResource"]
  },
  "entity_consumers": {
    "mediaconvert.certificate_arn": ["DisassociateCertificate", "AssociateCertificate"],
    "mediaconvert.job_id": ["GetJob", "CancelJob", "CreateResourceShare", "GetJobsQueryResults"],
    "mediaconvert.role": ["CreateJob"],
    "mediaconvert.settings": ["CreatePreset", "CreateJob", "CreateJobTemplate"],
    "mediaconvert.job_template_name": ["GetJobTemplate", "UpdateJobTemplate", "DeleteJobTemplate", "CreateJobTemplate"],
    "mediaconvert.preset_name": ["UpdatePreset", "DeletePreset", "GetPreset", "CreatePreset"],
    "mediaconvert.queue_name": ["GetQueue", "UpdateQueue", "CreateQueue", "DeleteQueue"],
    "mediaconvert.supportcase_id": ["CreateResourceShare"],
    "mediaconvert.resource_tag_arn": ["ListTagsForResource"],
    "mediaconvert.policy": ["PutPolicy"],
    "mediaconvert.resource_arn": ["UntagResource", "TagResource"],
    "mediaconvert.tags": ["TagResource"]
  },
  "external_entities": ["mediaconvert.certificate_arn", "mediaconvert.resource_arn", "mediaconvert.role", "mediaconvert.settings", "mediaconvert.supportcase_id", "mediaconvert.tags"]
}