{
  "service": "mediaconvert",
  "seed_from_list": [
    "AccelerationSettings",
    "AccelerationStatus",
    "Arn",
    "BillingTagsSource",
    "Category",
    "ClientRequestToken",
    "ConcurrentJobs",
    "CreatedAt",
    "CurrentPhase",
    "Description",
    "ErrorCode",
    "ErrorMessage",
    "ExpirationDate",
    "HopDestinations",
    "Id",
    "JobEngineVersionRequested",
    "JobEngineVersionUsed",
    "JobPercentComplete",
    "JobTemplate",
    "LastShareDetails",
    "LastUpdated",
    "Messages",
    "Name",
    "OutputGroupDetails",
    "PricingPlan",
    "Priority",
    "ProgressingJobsCount",
    "Queue",
    "QueueTransitions",
    "ReservationPlan",
    "RetryCount",
    "Role",
    "ServiceOverrides",
    "Settings",
    "ShareStatus",
    "SimulateReservedQueue",
    "Status",
    "StatusUpdateInterval",
    "SubmittedJobsCount",
    "Tags",
    "Timing",
    "Type",
    "UserMetadata",
    "Version",
    "Warnings"
  ],
  "enriched_from_get_describe": [
    "AccelerationSettings",
    "AccelerationStatus",
    "Arn",
    "BillingTagsSource",
    "Category",
    "ClientRequestToken",
    "ConcurrentJobs",
    "CreatedAt",
    "CurrentPhase",
    "Description",
    "Endpoints",
    "ErrorCode",
    "ErrorMessage",
    "HopDestinations",
    "HttpInputs",
    "HttpsInputs",
    "Id",
    "Job",
    "JobEngineVersionRequested",
    "JobEngineVersionUsed",
    "JobPercentComplete",
    "JobTemplate",
    "Jobs",
    "LastShareDetails",
    "LastUpdated",
    "Messages",
    "Name",
    "NextToken",
    "OutputGroupDetails",
    "Policy",
    "Preset",
    "PricingPlan",
    "Priority",
    "ProgressingJobsCount",
    "Queue",
    "QueueTransitions",
    "ReservationPlan",
    "RetryCount",
    "Role",
    "S3Inputs",
    "ServiceOverrides",
    "Settings",
    "ShareStatus",
    "SimulateReservedQueue",
    "Status",
    "StatusUpdateInterval",
    "SubmittedJobsCount",
    "Timing",
    "Type",
    "Url",
    "UserMetadata",
    "Warnings"
  ],
  "final_union": [
    "AccelerationSettings",
    "AccelerationStatus",
    "Arn",
    "BillingTagsSource",
    "Category",
    "ClientRequestToken",
    "ConcurrentJobs",
    "CreatedAt",
    "CurrentPhase",
    "Description",
    "Endpoints",
    "ErrorCode",
    "ErrorMessage",
    "ExpirationDate",
    "HopDestinations",
    "HttpInputs",
    "HttpsInputs",
    "Id",
    "Job",
    "JobEngineVersionRequested",
    "JobEngineVersionUsed",
    "JobPercentComplete",
    "JobTemplate",
    "Jobs",
    "LastShareDetails",
    "LastUpdated",
    "Messages",
    "Name",
    "NextToken",
    "OutputGroupDetails",
    "Policy",
    "Preset",
    "PricingPlan",
    "Priority",
    "ProgressingJobsCount",
    "Queue",
    "QueueTransitions",
    "ReservationPlan",
    "RetryCount",
    "Role",
    "S3Inputs",
    "ServiceOverrides",
    "Settings",
    "ShareStatus",
    "SimulateReservedQueue",
    "Status",
    "StatusUpdateInterval",
    "SubmittedJobsCount",
    "Tags",
    "Timing",
    "Type",
    "Url",
    "UserMetadata",
    "Version",
    "Warnings"
  ],
  "source": {
    "operation_registry": "services/mediaconvert/operation_registry.json",
    "read_ops_rule": "operation name startswith List/Get/Describe/Search/Lookup",
    "excluded_keys": [
      "nextToken",
      "maxResults"
    ]
  }
}