{
  "service": "mediaconvert",
  "fixes": [
    {
      "rule_id": "1",
      "suggested_check": {
        "var": "Arn",
        "op": "equals",
        "value": "true",
        "derived": null,
        "derive_key": null
      },
      "suggested_aliases": {
        "entity_aliases": {
          "mediaconvert.job_templat_arn": "mediaconvert.job_template_arn"
        },
        "param_aliases": {
          "param": []
        }
      },
      "confidence": 0.9,
      "reason": "The direct variable 'Arn' matches the expected ARN format for job templates."
    },
    {
      "rule_id": "2",
      "suggested_check": {
        "var": "Arn",
        "op": "equals",
        "value": "true",
        "derived": null,
        "derive_key": null
      },
      "suggested_aliases": {
        "entity_aliases": {
          "mediaconvert.job_arn": "mediaconvert.job_arn"
        },
        "param_aliases": {
          "param": []
        }
      },
      "confidence": 0.9,
      "reason": "The direct variable 'Arn' matches the expected ARN format for jobs."
    },
    {
      "rule_id": "3",
      "suggested_check": {
        "var": "Arn",
        "op": "equals",
        "value": "true",
        "derived": null,
        "derive_key": null
      },
      "suggested_aliases": {
        "entity_aliases": {
          "mediaconvert.preset_arn": "mediaconvert.preset_arn"
        },
        "param_aliases": {
          "param": []
        }
      },
      "confidence": 0.9,
      "reason": "The direct variable 'Arn' matches the expected ARN format for presets."
    },
    {
      "rule_id": "4",
      "suggested_check": {
        "var": "Arn",
        "op": "equals",
        "value": "true",
        "derived": null,
        "derive_key": null
      },
      "suggested_aliases": {
        "entity_aliases": {
          "mediaconvert.queu_arn": "mediaconvert.queue_arn"
        },
        "param_aliases": {
          "param": []
        }
      },
      "confidence": 0.9,
      "reason": "The direct variable 'Arn' matches the expected ARN format for queues."
    },
    {
      "rule_id": "5",
      "suggested_check": {
        "var": "Arn",
        "op": "equals",
        "value": "true",
        "derived": null,
        "derive_key": null
      },
      "suggested_aliases": {
        "entity_aliases": {
          "mediaconvert.certificate_arn": "mediaconvert.certificate_arn"
        },
        "param_aliases": {
          "param": []
        }
      },
      "confidence": 0.9,
      "reason": "The direct variable 'Arn' matches the expected ARN format for certificates."
    },
    {
      "type": "llm_fix",
      "original": "1",
      "fix": {
        "var": "Arn",
        "op": "equals",
        "value": "true",
        "derived": null,
        "derive_key": null
      },
      "confidence": 0.9,
      "reason": "The direct variable 'Arn' matches the expected ARN format for job templates.",
      "aliases": {
        "entity_aliases": {
          "mediaconvert.job_templat_arn": "mediaconvert.job_template_arn"
        },
        "param_aliases": {
          "param": []
        }
      }
    },
    {
      "type": "llm_fix",
      "original": "2",
      "fix": {
        "var": "Arn",
        "op": "equals",
        "value": "true",
        "derived": null,
        "derive_key": null
      },
      "confidence": 0.9,
      "reason": "The direct variable 'Arn' matches the expected ARN format for jobs.",
      "aliases": {
        "entity_aliases": {
          "mediaconvert.job_arn": "mediaconvert.job_arn"
        },
        "param_aliases": {
          "param": []
        }
      }
    },
    {
      "type": "llm_fix",
      "original": "3",
      "fix": {
        "var": "Arn",
        "op": "equals",
        "value": "true",
        "derived": null,
        "derive_key": null
      },
      "confidence": 0.9,
      "reason": "The direct variable 'Arn' matches the expected ARN format for presets.",
      "aliases": {
        "entity_aliases": {
          "mediaconvert.preset_arn": "mediaconvert.preset_arn"
        },
        "param_aliases": {
          "param": []
        }
      }
    },
    {
      "type": "llm_fix",
      "original": "4",
      "fix": {
        "var": "Arn",
        "op": "equals",
        "value": "true",
        "derived": null,
        "derive_key": null
      },
      "confidence": 0.9,
      "reason": "The direct variable 'Arn' matches the expected ARN format for queues.",
      "aliases": {
        "entity_aliases": {
          "mediaconvert.queu_arn": "mediaconvert.queue_arn"
        },
        "param_aliases": {
          "param": []
        }
      }
    },
    {
      "type": "llm_fix",
      "original": "5",
      "fix": {
        "var": "Arn",
        "op": "equals",
        "value": "true",
        "derived": null,
        "derive_key": null
      },
      "confidence": 0.9,
      "reason": "The direct variable 'Arn' matches the expected ARN format for certificates.",
      "aliases": {
        "entity_aliases": {
          "mediaconvert.certificate_arn": "mediaconvert.certificate_arn"
        },
        "param_aliases": {
          "param": []
        }
      }
    }
  ],
  "summary": {
    "total_fixes": 10,
    "remaining_unresolved": 59
  }
}