{
  "service": "mediaconvert",
  "version": "1.0",
  "kind_rules": {
    "read_list": ["List"],
    "read_get": ["Get", "Describe"],
    "write_create": ["Create", "Start", "Generate", "Import", "Enable", "Register"],
    "write_update": ["Update", "Modify", "Put", "Set", "Change", "Reset", "Patch"],
    "write_delete": ["Delete", "Remove", "Terminate", "Destroy", "Disable", "Detach", "Disassociate", "Untag", "Revoke"],
    "write_apply": ["Apply", "Attach", "Associate", "Add", "Tag", "Authorize", "Unauthorize", "Grant"],
    "other": ["default"]
  },
  "entity_aliases": {},
  "overrides": {},
  "operations": {
    "DeletePolicy": {
      "kind": "write_delete",
      "side_effect": true,
      "sdk": {"client": "mediaconvert", "method": "delete_policy"},
      "consumes": [],
      "produces": [],
      "notes": ""
    },
    "DescribeEndpoints": {
      "kind": "read_get",
      "side_effect": false,
      "sdk": {"client": "mediaconvert", "method": "describe_endpoints"},
      "consumes": [],
      "produces": [{"entity": "mediaconvert.endpoints", "source": "output", "path": "Endpoints"}, {"entity": "mediaconvert.next_token", "source": "output", "path": "NextToken"}, {"entity": "mediaconvert.endpoint_url", "source": "item", "path": "Endpoints.Url"}],
      "notes": ""
    },
    "GetPolicy": {
      "kind": "read_get",
      "side_effect": false,
      "sdk": {"client": "mediaconvert", "method": "get_policy"},
      "consumes": [],
      "produces": [{"entity": "mediaconvert.policy", "source": "output", "path": "Policy"}, {"entity": "mediaconvert.policy_http_inputs", "source": "item", "path": "Policy.HttpInputs"}, {"entity": "mediaconvert.policy_https_inputs", "source": "item", "path": "Policy.HttpsInputs"}, {"entity": "mediaconvert.policy_s3_inputs", "source": "item", "path": "Policy.S3Inputs"}],
      "notes": ""
    },
    "ListJobTemplates": {
      "kind": "read_list",
      "side_effect": false,
      "sdk": {"client": "mediaconvert", "method": "list_job_templates"},
      "consumes": [],
      "produces": [{"entity": "mediaconvert.job_templates", "source": "output", "path": "JobTemplates"}, {"entity": "mediaconvert.next_token", "source": "output", "path": "NextToken"}, {"entity": "mediaconvert.job_templat_acceleration_settings", "source": "item", "path": "JobTemplates[].AccelerationSettings"}, {"entity": "mediaconvert.job_templat_arn", "source": "item", "path": "JobTemplates[].Arn"}, {"entity": "mediaconvert.job_templat_category", "source": "item", "path": "JobTemplates[].Category"}, {"entity": "mediaconvert.job_templat_created_at", "source": "item", "path": "JobTemplates[].CreatedAt"}, {"entity": "mediaconvert.job_templat_description", "source": "item", "path": "JobTemplates[].Description"}, {"entity": "mediaconvert.job_templat_hop_destinations", "source": "item", "path": "JobTemplates[].HopDestinations"}, {"entity": "mediaconvert.job_templat_last_updated", "source": "item", "path": "JobTemplates[].LastUpdated"}, {"entity": "mediaconvert.job_templat_name", "source": "item", "path": "JobTemplates[].Name"}, {"entity": "mediaconvert.job_templat_priority", "source": "item", "path": "JobTemplates[].Priority"}, {"entity": "mediaconvert.job_templat_queue", "source": "item", "path": "JobTemplates[].Queue"}, {"entity": "mediaconvert.job_templat_settings", "source": "item", "path": "JobTemplates[].Settings"}, {"entity": "mediaconvert.job_templat_status_update_interval", "source": "item", "path": "JobTemplates[].StatusUpdateInterval"}, {"entity": "mediaconvert.job_templat_type", "source": "item", "path": "JobTemplates[].Type"}],
      "notes": ""
    },
    "ListJobs": {
      "kind": "read_list",
      "side_effect": false,
      "sdk": {"client": "mediaconvert", "method": "list_jobs"},
      "consumes": [],
      "produces": [{"entity": "mediaconvert.jobs", "source": "output", "path": "Jobs"}, {"entity": "mediaconvert.next_token", "source": "output", "path": "NextToken"}, {"entity": "mediaconvert.job_acceleration_settings", "source": "item", "path": "Jobs[].AccelerationSettings"}, {"entity": "mediaconvert.job_acceleration_status", "source": "item", "path": "Jobs[].AccelerationStatus"}, {"entity": "mediaconvert.job_arn", "source": "item", "path": "Jobs[].Arn"}, {"entity": "mediaconvert.job_billing_tags_source", "source": "item", "path": "Jobs[].BillingTagsSource"}, {"entity": "mediaconvert.job_client_request_token", "source": "item", "path": "Jobs[].ClientRequestToken"}, {"entity": "mediaconvert.job_created_at", "source": "item", "path": "Jobs[].CreatedAt"}, {"entity": "mediaconvert.job_current_phase", "source": "item", "path": "Jobs[].CurrentPhase"}, {"entity": "mediaconvert.job_error_code", "source": "item", "path": "Jobs[].ErrorCode"}, {"entity": "mediaconvert.job_error_message", "source": "item", "path": "Jobs[].ErrorMessage"}, {"entity": "mediaconvert.job_hop_destinations", "source": "item", "path": "Jobs[].HopDestinations"}, {"entity": "mediaconvert.job_id", "source": "item", "path": "Jobs[].Id"}, {"entity": "mediaconvert.job_engine_version_requested", "source": "item", "path": "Jobs[].JobEngineVersionRequested"}, {"entity": "mediaconvert.job_engine_version_used", "source": "item", "path": "Jobs[].JobEngineVersionUsed"}, {"entity": "mediaconvert.job_percent_complete", "source": "item", "path": "Jobs[].JobPercentComplete"}, {"entity": "mediaconvert.job_template", "source": "item", "path": "Jobs[].JobTemplate"}, {"entity": "mediaconvert.job_last_share_details", "source": "item", "path": "Jobs[].LastShareDetails"}, {"entity": "mediaconvert.job_messages", "source": "item", "path": "Jobs[].Messages"}, {"entity": "mediaconvert.job_output_group_details", "source": "item", "path": "Jobs[].OutputGroupDetails"}, {"entity": "mediaconvert.job_priority", "source": "item", "path": "Jobs[].Priority"}, {"entity": "mediaconvert.job_queue", "source": "item", "path": "Jobs[].Queue"}, {"entity": "mediaconvert.job_queue_transitions", "source": "item", "path": "Jobs[].QueueTransitions"}, {"entity": "mediaconvert.job_retry_count", "source": "item", "path": "Jobs[].RetryCount"}, {"entity": "mediaconvert.job_role", "source": "item", "path": "Jobs[].Role"}, {"entity": "mediaconvert.job_settings", "source": "item", "path": "Jobs[].Settings"}, {"entity": "mediaconvert.job_share_status", "source": "item", "path": "Jobs[].ShareStatus"}, {"entity": "mediaconvert.job_simulate_reserved_queue", "source": "item", "path": "Jobs[].SimulateReservedQueue"}, {"entity": "mediaconvert.job_status", "source": "item", "path": "Jobs[].Status"}, {"entity": "mediaconvert.job_status_update_interval", "source": "item", "path": "Jobs[].StatusUpdateInterval"}, {"entity": "mediaconvert.job_timing", "source": "item", "path": "Jobs[].Timing"}, {"entity": "mediaconvert.job_user_metadata", "source": "item", "path": "Jobs[].UserMetadata"}, {"entity": "mediaconvert.job_warnings", "source": "item", "path": "Jobs[].Warnings"}],
      "notes": ""
    },
    "ListPresets": {
      "kind": "read_list",
      "side_effect": false,
      "sdk": {"client": "mediaconvert", "method": "list_presets"},
      "consumes": [],
      "produces": [{"entity": "mediaconvert.next_token", "source": "output", "path": "NextToken"}, {"entity": "mediaconvert.presets", "source": "output", "path": "Presets"}, {"entity": "mediaconvert.preset_arn", "source": "item", "path": "Presets[].Arn"}, {"entity": "mediaconvert.preset_category", "source": "item", "path": "Presets[].Category"}, {"entity": "mediaconvert.preset_created_at", "source": "item", "path": "Presets[].CreatedAt"}, {"entity": "mediaconvert.preset_description", "source": "item", "path": "Presets[].Description"}, {"entity": "mediaconvert.preset_last_updated", "source": "item", "path": "Presets[].LastUpdated"}, {"entity": "mediaconvert.preset_name", "source": "item", "path": "Presets[].Name"}, {"entity": "mediaconvert.preset_settings", "source": "item", "path": "Presets[].Settings"}, {"entity": "mediaconvert.preset_type", "source": "item", "path": "Presets[].Type"}],
      "notes": ""
    },
    "ListQueues": {
      "kind": "read_list",
      "side_effect": false,
      "sdk": {"client": "mediaconvert", "method": "list_queues"},
      "consumes": [],
      "produces": [{"entity": "mediaconvert.next_token", "source": "output", "path": "NextToken"}, {"entity": "mediaconvert.queues", "source": "output", "path": "Queues"}, {"entity": "mediaconvert.total_concurrent_jobs", "source": "output", "path": "TotalConcurrentJobs"}, {"entity": "mediaconvert.unallocated_concurrent_jobs", "source": "output", "path": "UnallocatedConcurrentJobs"}, {"entity": "mediaconvert.queu_arn", "source": "item", "path": "Queues[].Arn"}, {"entity": "mediaconvert.queu_concurrent_jobs", "source": "item", "path": "Queues[].ConcurrentJobs"}, {"entity": "mediaconvert.queu_created_at", "source": "item", "path": "Queues[].CreatedAt"}, {"entity": "mediaconvert.queu_description", "source": "item", "path": "Queues[].Description"}, {"entity": "mediaconvert.queu_last_updated", "source": "item", "path": "Queues[].LastUpdated"}, {"entity": "mediaconvert.queu_name", "source": "item", "path": "Queues[].Name"}, {"entity": "mediaconvert.queu_pricing_plan", "source": "item", "path": "Queues[].PricingPlan"}, {"entity": "mediaconvert.queu_progressing_jobs_count", "source": "item", "path": "Queues[].ProgressingJobsCount"}, {"entity": "mediaconvert.queu_reservation_plan", "source": "item", "path": "Queues[].ReservationPlan"}, {"entity": "mediaconvert.queu_service_overrides", "source": "item", "path": "Queues[].ServiceOverrides"}, {"entity": "mediaconvert.queu_status", "source": "item", "path": "Queues[].Status"}, {"entity": "mediaconvert.queu_submitted_jobs_count", "source": "item", "path": "Queues[].SubmittedJobsCount"}, {"entity": "mediaconvert.queu_type", "source": "item", "path": "Queues[].Type"}],
      "notes": ""
    },
    "ListVersions": {
      "kind": "read_list",
      "side_effect": false,
      "sdk": {"client": "mediaconvert", "method": "list_versions"},
      "consumes": [],
      "produces": [{"entity": "mediaconvert.next_token", "source": "output", "path": "NextToken"}, {"entity": "mediaconvert.versions", "source": "output", "path": "Versions"}, {"entity": "mediaconvert.version_expiration_date", "source": "item", "path": "Versions[].ExpirationDate"}, {"entity": "mediaconvert.version_version", "source": "item", "path": "Versions[].Version"}],
      "notes": ""
    },
    "Probe": {
      "kind": "other",
      "side_effect": true,
      "sdk": {"client": "mediaconvert", "method": "probe"},
      "consumes": [],
      "produces": [{"entity": "mediaconvert.probe_results", "source": "output", "path": "ProbeResults"}, {"entity": "mediaconvert.probe_result_container", "source": "item", "path": "ProbeResults.Container"}, {"entity": "mediaconvert.probe_result_metadata", "source": "item", "path": "ProbeResults.Metadata"}, {"entity": "mediaconvert.probe_result_track_mappings", "source": "item", "path": "ProbeResults.TrackMappings"}],
      "notes": ""
    },
    "SearchJobs": {
      "kind": "other",
      "side_effect": true,
      "sdk": {"client": "mediaconvert", "method": "search_jobs"},
      "consumes": [],
      "produces": [{"entity": "mediaconvert.jobs", "source": "output", "path": "Jobs"}, {"entity": "mediaconvert.next_token", "source": "output", "path": "NextToken"}, {"entity": "mediaconvert.job_acceleration_settings", "source": "item", "path": "Jobs.AccelerationSettings"}, {"entity": "mediaconvert.job_acceleration_status", "source": "item", "path": "Jobs.AccelerationStatus"}, {"entity": "mediaconvert.job_arn", "source": "item", "path": "Jobs.Arn"}, {"entity": "mediaconvert.job_billing_tags_source", "source": "item", "path": "Jobs.BillingTagsSource"}, {"entity": "mediaconvert.job_client_request_token", "source": "item", "path": "Jobs.ClientRequestToken"}, {"entity": "mediaconvert.job_created_at", "source": "item", "path": "Jobs.CreatedAt"}, {"entity": "mediaconvert.job_current_phase", "source": "item", "path": "Jobs.CurrentPhase"}, {"entity": "mediaconvert.job_error_code", "source": "item", "path": "Jobs.ErrorCode"}, {"entity": "mediaconvert.job_error_message", "source": "item", "path": "Jobs.ErrorMessage"}, {"entity": "mediaconvert.job_hop_destinations", "source": "item", "path": "Jobs.HopDestinations"}, {"entity": "mediaconvert.job_id", "source": "item", "path": "Jobs.Id"}, {"entity": "mediaconvert.job_engine_version_requested", "source": "item", "path": "Jobs.JobEngineVersionRequested"}, {"entity": "mediaconvert.job_engine_version_used", "source": "item", "path": "Jobs.JobEngineVersionUsed"}, {"entity": "mediaconvert.job_percent_complete", "source": "item", "path": "Jobs.JobPercentComplete"}, {"entity": "mediaconvert.job_template", "source": "item", "path": "Jobs.JobTemplate"}, {"entity": "mediaconvert.job_last_share_details", "source": "item", "path": "Jobs.LastShareDetails"}, {"entity": "mediaconvert.job_messages", "source": "item", "path": "Jobs.Messages"}, {"entity": "mediaconvert.job_output_group_details", "source": "item", "path": "Jobs.OutputGroupDetails"}, {"entity": "mediaconvert.job_priority", "source": "item", "path": "Jobs.Priority"}, {"entity": "mediaconvert.job_queue", "source": "item", "path": "Jobs.Queue"}, {"entity": "mediaconvert.job_queue_transitions", "source": "item", "path": "Jobs.QueueTransitions"}, {"entity": "mediaconvert.job_retry_count", "source": "item", "path": "Jobs.RetryCount"}, {"entity": "mediaconvert.job_role", "source": "item", "path": "Jobs.Role"}, {"entity": "mediaconvert.job_settings", "source": "item", "path": "Jobs.Settings"}, {"entity": "mediaconvert.job_share_status", "source": "item", "path": "Jobs.ShareStatus"}, {"entity": "mediaconvert.job_simulate_reserved_queue", "source": "item", "path": "Jobs.SimulateReservedQueue"}, {"entity": "mediaconvert.job_status", "source": "item", "path": "Jobs.Status"}, {"entity": "mediaconvert.job_status_update_interval", "source": "item", "path": "Jobs.StatusUpdateInterval"}, {"entity": "mediaconvert.job_timing", "source": "item", "path": "Jobs.Timing"}, {"entity": "mediaconvert.job_user_metadata", "source": "item", "path": "Jobs.UserMetadata"}, {"entity": "mediaconvert.job_warnings", "source": "item", "path": "Jobs.Warnings"}],
      "notes": ""
    },
    "StartJobsQuery": {
      "kind": "write_create",
      "side_effect": true,
      "sdk": {"client": "mediaconvert", "method": "start_jobs_query"},
      "consumes": [],
      "produces": [{"entity": "mediaconvert.jobs_query_id", "source": "output", "path": "Id"}],
      "notes": ""
    },
    "AssociateCertificate": {
      "kind": "write_apply",
      "side_effect": true,
      "sdk": {"client": "mediaconvert", "method": "associate_certificate"},
      "consumes": [{"entity": "mediaconvert.certificate_arn", "param": "Arn", "required": true, "source": "external"}],
      "produces": [],
      "notes": ""
    },
    "CancelJob": {
      "kind": "other",
      "side_effect": true,
      "sdk": {"client": "mediaconvert", "method": "cancel_job"},
      "consumes": [{"entity": "mediaconvert.job_id", "param": "Id", "required": true, "source": "internal"}],
      "produces": [],
      "notes": ""
    },
    "CreateJob": {
      "kind": "write_create",
      "side_effect": true,
      "sdk": {"client": "mediaconvert", "method": "create_job"},
      "consumes": [{"entity": "mediaconvert.role", "param": "Role", "required": true, "source": "external"}, {"entity": "mediaconvert.settings", "param": "Settings", "required": true, "source": "external"}],
      "produces": [{"entity": "mediaconvert.job", "source": "output", "path": "Job"}, {"entity": "mediaconvert.job_acceleration_settings", "source": "item", "path": "Job.AccelerationSettings"}, {"entity": "mediaconvert.job_acceleration_status", "source": "item", "path": "Job.AccelerationStatus"}, {"entity": "mediaconvert.job_arn", "source": "item", "path": "Job.Arn"}, {"entity": "mediaconvert.job_billing_tags_source", "source": "item", "path": "Job.BillingTagsSource"}, {"entity": "mediaconvert.job_client_request_token", "source": "item", "path": "Job.ClientRequestToken"}, {"entity": "mediaconvert.job_created_at", "source": "item", "path": "Job.CreatedAt"}, {"entity": "mediaconvert.job_current_phase", "source": "item", "path": "Job.CurrentPhase"}, {"entity": "mediaconvert.job_error_code", "source": "item", "path": "Job.ErrorCode"}, {"entity": "mediaconvert.job_error_message", "source": "item", "path": "Job.ErrorMessage"}, {"entity": "mediaconvert.job_hop_destinations", "source": "item", "path": "Job.HopDestinations"}, {"entity": "mediaconvert.job_id", "source": "item", "path": "Job.Id"}, {"entity": "mediaconvert.job_engine_version_requested", "source": "item", "path": "Job.JobEngineVersionRequested"}, {"entity": "mediaconvert.job_engine_version_used", "source": "item", "path": "Job.JobEngineVersionUsed"}, {"entity": "mediaconvert.job_percent_complete", "source": "item", "path": "Job.JobPercentComplete"}, {"entity": "mediaconvert.job_template", "source": "item", "path": "Job.JobTemplate"}, {"entity": "mediaconvert.job_last_share_details", "source": "item", "path": "Job.LastShareDetails"}, {"entity": "mediaconvert.job_messages", "source": "item", "path": "Job.Messages"}, {"entity": "mediaconvert.job_output_group_details", "source": "item", "path": "Job.OutputGroupDetails"}, {"entity": "mediaconvert.job_priority", "source": "item", "path": "Job.Priority"}, {"entity": "mediaconvert.job_queue", "source": "item", "path": "Job.Queue"}, {"entity": "mediaconvert.job_queue_transitions", "source": "item", "path": "Job.QueueTransitions"}, {"entity": "mediaconvert.job_retry_count", "source": "item", "path": "Job.RetryCount"}, {"entity": "mediaconvert.job_role", "source": "item", "path": "Job.Role"}, {"entity": "mediaconvert.job_settings", "source": "item", "path": "Job.Settings"}, {"entity": "mediaconvert.job_share_status", "source": "item", "path": "Job.ShareStatus"}, {"entity": "mediaconvert.job_simulate_reserved_queue", "source": "item", "path": "Job.SimulateReservedQueue"}, {"entity": "mediaconvert.job_status", "source": "item", "path": "Job.Status"}, {"entity": "mediaconvert.job_status_update_interval", "source": "item", "path": "Job.StatusUpdateInterval"}, {"entity": "mediaconvert.job_timing", "source": "item", "path": "Job.Timing"}, {"entity": "mediaconvert.job_user_metadata", "source": "item", "path": "Job.UserMetadata"}, {"entity": "mediaconvert.job_warnings", "source": "item", "path": "Job.Warnings"}],
      "notes": ""
    },
    "CreateJobTemplate": {
      "kind": "write_create",
      "side_effect": true,
      "sdk": {"client": "mediaconvert", "method": "create_job_template"},
      "consumes": [{"entity": "mediaconvert.settings", "param": "Settings", "required": true, "source": "external"}, {"entity": "mediaconvert.job_template_name", "param": "Name", "required": true, "source": "internal"}],
      "produces": [{"entity": "mediaconvert.job_template", "source": "output", "path": "JobTemplate"}, {"entity": "mediaconvert.job_template_acceleration_settings", "source": "item", "path": "JobTemplate.AccelerationSettings"}, {"entity": "mediaconvert.job_template_arn", "source": "item", "path": "JobTemplate.Arn"}, {"entity": "mediaconvert.job_template_category", "source": "item", "path": "JobTemplate.Category"}, {"entity": "mediaconvert.job_template_created_at", "source": "item", "path": "JobTemplate.CreatedAt"}, {"entity": "mediaconvert.job_template_description", "source": "item", "path": "JobTemplate.Description"}, {"entity": "mediaconvert.job_template_hop_destinations", "source": "item", "path": "JobTemplate.HopDestinations"}, {"entity": "mediaconvert.job_template_last_updated", "source": "item", "path": "JobTemplate.LastUpdated"}, {"entity": "mediaconvert.job_template_name", "source": "item", "path": "JobTemplate.Name"}, {"entity": "mediaconvert.job_template_priority", "source": "item", "path": "JobTemplate.Priority"}, {"entity": "mediaconvert.job_template_queue", "source": "item", "path": "JobTemplate.Queue"}, {"entity": "mediaconvert.job_template_settings", "source": "item", "path": "JobTemplate.Settings"}, {"entity": "mediaconvert.job_template_status_update_interval", "source": "item", "path": "JobTemplate.StatusUpdateInterval"}, {"entity": "mediaconvert.job_template_type", "source": "item", "path": "JobTemplate.Type"}],
      "notes": ""
    },
    "CreatePreset": {
      "kind": "write_create",
      "side_effect": true,
      "sdk": {"client": "mediaconvert", "method": "create_preset"},
      "consumes": [{"entity": "mediaconvert.settings", "param": "Settings", "required": true, "source": "external"}, {"entity": "mediaconvert.preset_name", "param": "Name", "required": true, "source": "internal"}],
      "produces": [{"entity": "mediaconvert.preset", "source": "output", "path": "Preset"}, {"entity": "mediaconvert.preset_arn", "source": "item", "path": "Preset.Arn"}, {"entity": "mediaconvert.preset_category", "source": "item", "path": "Preset.Category"}, {"entity": "mediaconvert.preset_created_at", "source": "item", "path": "Preset.CreatedAt"}, {"entity": "mediaconvert.preset_description", "source": "item", "path": "Preset.Description"}, {"entity": "mediaconvert.preset_last_updated", "source": "item", "path": "Preset.LastUpdated"}, {"entity": "mediaconvert.preset_name", "source": "item", "path": "Preset.Name"}, {"entity": "mediaconvert.preset_settings", "source": "item", "path": "Preset.Settings"}, {"entity": "mediaconvert.preset_type", "source": "item", "path": "Preset.Type"}],
      "notes": ""
    },
    "CreateQueue": {
      "kind": "write_create",
      "side_effect": true,
      "sdk": {"client": "mediaconvert", "method": "create_queue"},
      "consumes": [{"entity": "mediaconvert.queue_name", "param": "Name", "required": true, "source": "internal"}],
      "produces": [{"entity": "mediaconvert.queue", "source": "output", "path": "Queue"}, {"entity": "mediaconvert.queue_arn", "source": "item", "path": "Queue.Arn"}, {"entity": "mediaconvert.queue_concurrent_jobs", "source": "item", "path": "Queue.ConcurrentJobs"}, {"entity": "mediaconvert.queue_created_at", "source": "item", "path": "Queue.CreatedAt"}, {"entity": "mediaconvert.queue_description", "source": "item", "path": "Queue.Description"}, {"entity": "mediaconvert.queue_last_updated", "source": "item", "path": "Queue.LastUpdated"}, {"entity": "mediaconvert.queue_name", "source": "item", "path": "Queue.Name"}, {"entity": "mediaconvert.queue_pricing_plan", "source": "item", "path": "Queue.PricingPlan"}, {"entity": "mediaconvert.queue_progressing_jobs_count", "source": "item", "path": "Queue.ProgressingJobsCount"}, {"entity": "mediaconvert.queue_reservation_plan", "source": "item", "path": "Queue.ReservationPlan"}, {"entity": "mediaconvert.queue_service_overrides", "source": "item", "path": "Queue.ServiceOverrides"}, {"entity": "mediaconvert.queue_status", "source": "item", "path": "Queue.Status"}, {"entity": "mediaconvert.queue_submitted_jobs_count", "source": "item", "path": "Queue.SubmittedJobsCount"}, {"entity": "mediaconvert.queue_type", "source": "item", "path": "Queue.Type"}],
      "notes": ""
    },
    "CreateResourceShare": {
      "kind": "write_create",
      "side_effect": true,
      "sdk": {"client": "mediaconvert", "method": "create_resource_share"},
      "consumes": [{"entity": "mediaconvert.supportcase_id", "param": "SupportCaseId", "required": true, "source": "external"}, {"entity": "mediaconvert.job_id", "param": "JobId", "required": true, "source": "internal"}],
      "produces": [],
      "notes": ""
    },
    "DeleteJobTemplate": {
      "kind": "write_delete",
      "side_effect": true,
      "sdk": {"client": "mediaconvert", "method": "delete_job_template"},
      "consumes": [{"entity": "mediaconvert.job_template_name", "param": "Name", "required": true, "source": "internal"}],
      "produces": [],
      "notes": ""
    },
    "DeletePreset": {
      "kind": "write_delete",
      "side_effect": true,
      "sdk": {"client": "mediaconvert", "method": "delete_preset"},
      "consumes": [{"entity": "mediaconvert.preset_name", "param": "Name", "required": true, "source": "internal"}],
      "produces": [],
      "notes": ""
    },
    "DeleteQueue": {
      "kind": "write_delete",
      "side_effect": true,
      "sdk": {"client": "mediaconvert", "method": "delete_queue"},
      "consumes": [{"entity": "mediaconvert.queue_name", "param": "Name", "required": true, "source": "internal"}],
      "produces": [],
      "notes": ""
    },
    "DisassociateCertificate": {
      "kind": "write_delete",
      "side_effect": true,
      "sdk": {"client": "mediaconvert", "method": "disassociate_certificate"},
      "consumes": [{"entity": "mediaconvert.certificate_arn", "param": "Arn", "required": true, "source": "external"}],
      "produces": [],
      "notes": ""
    },
    "GetJob": {
      "kind": "read_get",
      "side_effect": false,
      "sdk": {"client": "mediaconvert", "method": "get_job"},
      "consumes": [{"entity": "mediaconvert.job_id", "param": "Id", "required": true, "source": "internal"}],
      "produces": [{"entity": "mediaconvert.job", "source": "output", "path": "Job"}, {"entity": "mediaconvert.job_acceleration_settings", "source": "item", "path": "Job.AccelerationSettings"}, {"entity": "mediaconvert.job_acceleration_status", "source": "item", "path": "Job.AccelerationStatus"}, {"entity": "mediaconvert.job_arn", "source": "item", "path": "Job.Arn"}, {"entity": "mediaconvert.job_billing_tags_source", "source": "item", "path": "Job.BillingTagsSource"}, {"entity": "mediaconvert.job_client_request_token", "source": "item", "path": "Job.ClientRequestToken"}, {"entity": "mediaconvert.job_created_at", "source": "item", "path": "Job.CreatedAt"}, {"entity": "mediaconvert.job_current_phase", "source": "item", "path": "Job.CurrentPhase"}, {"entity": "mediaconvert.job_error_code", "source": "item", "path": "Job.ErrorCode"}, {"entity": "mediaconvert.job_error_message", "source": "item", "path": "Job.ErrorMessage"}, {"entity": "mediaconvert.job_hop_destinations", "source": "item", "path": "Job.HopDestinations"}, {"entity": "mediaconvert.job_id", "source": "item", "path": "Job.Id"}, {"entity": "mediaconvert.job_engine_version_requested", "source": "item", "path": "Job.JobEngineVersionRequested"}, {"entity": "mediaconvert.job_engine_version_used", "source": "item", "path": "Job.JobEngineVersionUsed"}, {"entity": "mediaconvert.job_percent_complete", "source": "item", "path": "Job.JobPercentComplete"}, {"entity": "mediaconvert.job_template", "source": "item", "path": "Job.JobTemplate"}, {"entity": "mediaconvert.job_last_share_details", "source": "item", "path": "Job.LastShareDetails"}, {"entity": "mediaconvert.job_messages", "source": "item", "path": "Job.Messages"}, {"entity": "mediaconvert.job_output_group_details", "source": "item", "path": "Job.OutputGroupDetails"}, {"entity": "mediaconvert.job_priority", "source": "item", "path": "Job.Priority"}, {"entity": "mediaconvert.job_queue", "source": "item", "path": "Job.Queue"}, {"entity": "mediaconvert.job_queue_transitions", "source": "item", "path": "Job.QueueTransitions"}, {"entity": "mediaconvert.job_retry_count", "source": "item", "path": "Job.RetryCount"}, {"entity": "mediaconvert.job_role", "source": "item", "path": "Job.Role"}, {"entity": "mediaconvert.job_settings", "source": "item", "path": "Job.Settings"}, {"entity": "mediaconvert.job_share_status", "source": "item", "path": "Job.ShareStatus"}, {"entity": "mediaconvert.job_simulate_reserved_queue", "source": "item", "path": "Job.SimulateReservedQueue"}, {"entity": "mediaconvert.job_status", "source": "item", "path": "Job.Status"}, {"entity": "mediaconvert.job_status_update_interval", "source": "item", "path": "Job.StatusUpdateInterval"}, {"entity": "mediaconvert.job_timing", "source": "item", "path": "Job.Timing"}, {"entity": "mediaconvert.job_user_metadata", "source": "item", "path": "Job.UserMetadata"}, {"entity": "mediaconvert.job_warnings", "source": "item", "path": "Job.Warnings"}],
      "notes": ""
    },
    "GetJobTemplate": {
      "kind": "read_get",
      "side_effect": false,
      "sdk": {"client": "mediaconvert", "method": "get_job_template"},
      "consumes": [{"entity": "mediaconvert.job_template_name", "param": "Name", "required": true, "source": "internal"}],
      "produces": [{"entity": "mediaconvert.job_template", "source": "output", "path": "JobTemplate"}, {"entity": "mediaconvert.job_template_acceleration_settings", "source": "item", "path": "JobTemplate.AccelerationSettings"}, {"entity": "mediaconvert.job_template_arn", "source": "item", "path": "JobTemplate.Arn"}, {"entity": "mediaconvert.job_template_category", "source": "item", "path": "JobTemplate.Category"}, {"entity": "mediaconvert.job_template_created_at", "source": "item", "path": "JobTemplate.CreatedAt"}, {"entity": "mediaconvert.job_template_description", "source": "item", "path": "JobTemplate.Description"}, {"entity": "mediaconvert.job_template_hop_destinations", "source": "item", "path": "JobTemplate.HopDestinations"}, {"entity": "mediaconvert.job_template_last_updated", "source": "item", "path": "JobTemplate.LastUpdated"}, {"entity": "mediaconvert.job_template_name", "source": "item", "path": "JobTemplate.Name"}, {"entity": "mediaconvert.job_template_priority", "source": "item", "path": "JobTemplate.Priority"}, {"entity": "mediaconvert.job_template_queue", "source": "item", "path": "JobTemplate.Queue"}, {"entity": "mediaconvert.job_template_settings", "source": "item", "path": "JobTemplate.Settings"}, {"entity": "mediaconvert.job_template_status_update_interval", "source": "item", "path": "JobTemplate.StatusUpdateInterval"}, {"entity": "mediaconvert.job_template_type", "source": "item", "path": "JobTemplate.Type"}],
      "notes": ""
    },
    "GetJobsQueryResults": {
      "kind": "read_get",
      "side_effect": false,
      "sdk": {"client": "mediaconvert", "method": "get_jobs_query_results"},
      "consumes": [{"entity": "mediaconvert.job_id", "param": "Id", "required": true, "source": "internal"}],
      "produces": [{"entity": "mediaconvert.jobs", "source": "output", "path": "Jobs"}, {"entity": "mediaconvert.next_token", "source": "output", "path": "NextToken"}, {"entity": "mediaconvert.jobs_query_result_status", "source": "output", "path": "Status"}, {"entity": "mediaconvert.job_acceleration_settings", "source": "item", "path": "Jobs.AccelerationSettings"}, {"entity": "mediaconvert.job_acceleration_status", "source": "item", "path": "Jobs.AccelerationStatus"}, {"entity": "mediaconvert.job_arn", "source": "item", "path": "Jobs.Arn"}, {"entity": "mediaconvert.job_billing_tags_source", "source": "item", "path": "Jobs.BillingTagsSource"}, {"entity": "mediaconvert.job_client_request_token", "source": "item", "path": "Jobs.ClientRequestToken"}, {"entity": "mediaconvert.job_created_at", "source": "item", "path": "Jobs.CreatedAt"}, {"entity": "mediaconvert.job_current_phase", "source": "item", "path": "Jobs.CurrentPhase"}, {"entity": "mediaconvert.job_error_code", "source": "item", "path": "Jobs.ErrorCode"}, {"entity": "mediaconvert.job_error_message", "source": "item", "path": "Jobs.ErrorMessage"}, {"entity": "mediaconvert.job_hop_destinations", "source": "item", "path": "Jobs.HopDestinations"}, {"entity": "mediaconvert.job_id", "source": "item", "path": "Jobs.Id"}, {"entity": "mediaconvert.job_engine_version_requested", "source": "item", "path": "Jobs.JobEngineVersionRequested"}, {"entity": "mediaconvert.job_engine_version_used", "source": "item", "path": "Jobs.JobEngineVersionUsed"}, {"entity": "mediaconvert.job_percent_complete", "source": "item", "path": "Jobs.JobPercentComplete"}, {"entity": "mediaconvert.job_template", "source": "item", "path": "Jobs.JobTemplate"}, {"entity": "mediaconvert.job_last_share_details", "source": "item", "path": "Jobs.LastShareDetails"}, {"entity": "mediaconvert.job_messages", "source": "item", "path": "Jobs.Messages"}, {"entity": "mediaconvert.job_output_group_details", "source": "item", "path": "Jobs.OutputGroupDetails"}, {"entity": "mediaconvert.job_priority", "source": "item", "path": "Jobs.Priority"}, {"entity": "mediaconvert.job_queue", "source": "item", "path": "Jobs.Queue"}, {"entity": "mediaconvert.job_queue_transitions", "source": "item", "path": "Jobs.QueueTransitions"}, {"entity": "mediaconvert.job_retry_count", "source": "item", "path": "Jobs.RetryCount"}, {"entity": "mediaconvert.job_role", "source": "item", "path": "Jobs.Role"}, {"entity": "mediaconvert.job_settings", "source": "item", "path": "Jobs.Settings"}, {"entity": "mediaconvert.job_share_status", "source": "item", "path": "Jobs.ShareStatus"}, {"entity": "mediaconvert.job_simulate_reserved_queue", "source": "item", "path": "Jobs.SimulateReservedQueue"}, {"entity": "mediaconvert.job_status", "source": "item", "path": "Jobs.Status"}, {"entity": "mediaconvert.job_status_update_interval", "source": "item", "path": "Jobs.StatusUpdateInterval"}, {"entity": "mediaconvert.job_timing", "source": "item", "path": "Jobs.Timing"}, {"entity": "mediaconvert.job_user_metadata", "source": "item", "path": "Jobs.UserMetadata"}, {"entity": "mediaconvert.job_warnings", "source": "item", "path": "Jobs.Warnings"}],
      "notes": ""
    },
    "GetPreset": {
      "kind": "read_get",
      "side_effect": false,
      "sdk": {"client": "mediaconvert", "method": "get_preset"},
      "consumes": [{"entity": "mediaconvert.preset_name", "param": "Name", "required": true, "source": "internal"}],
      "produces": [{"entity": "mediaconvert.preset", "source": "output", "path": "Preset"}, {"entity": "mediaconvert.preset_arn", "source": "item", "path": "Preset.Arn"}, {"entity": "mediaconvert.preset_category", "source": "item", "path": "Preset.Category"}, {"entity": "mediaconvert.preset_created_at", "source": "item", "path": "Preset.CreatedAt"}, {"entity": "mediaconvert.preset_description", "source": "item", "path": "Preset.Description"}, {"entity": "mediaconvert.preset_last_updated", "source": "item", "path": "Preset.LastUpdated"}, {"entity": "mediaconvert.preset_name", "source": "item", "path": "Preset.Name"}, {"entity": "mediaconvert.preset_settings", "source": "item", "path": "Preset.Settings"}, {"entity": "mediaconvert.preset_type", "source": "item", "path": "Preset.Type"}],
      "notes": ""
    },
    "GetQueue": {
      "kind": "read_get",
      "side_effect": false,
      "sdk": {"client": "mediaconvert", "method": "get_queue"},
      "consumes": [{"entity": "mediaconvert.queue_name", "param": "Name", "required": true, "source": "internal"}],
      "produces": [{"entity": "mediaconvert.queue", "source": "output", "path": "Queue"}, {"entity": "mediaconvert.queue_arn", "source": "item", "path": "Queue.Arn"}, {"entity": "mediaconvert.queue_concurrent_jobs", "source": "item", "path": "Queue.ConcurrentJobs"}, {"entity": "mediaconvert.queue_created_at", "source": "item", "path": "Queue.CreatedAt"}, {"entity": "mediaconvert.queue_description", "source": "item", "path": "Queue.Description"}, {"entity": "mediaconvert.queue_last_updated", "source": "item", "path": "Queue.LastUpdated"}, {"entity": "mediaconvert.queue_name", "source": "item", "path": "Queue.Name"}, {"entity": "mediaconvert.queue_pricing_plan", "source": "item", "path": "Queue.PricingPlan"}, {"entity": "mediaconvert.queue_progressing_jobs_count", "source": "item", "path": "Queue.ProgressingJobsCount"}, {"entity": "mediaconvert.queue_reservation_plan", "source": "item", "path": "Queue.ReservationPlan"}, {"entity": "mediaconvert.queue_service_overrides", "source": "item", "path": "Queue.ServiceOverrides"}, {"entity": "mediaconvert.queue_status", "source": "item", "path": "Queue.Status"}, {"entity": "mediaconvert.queue_submitted_jobs_count", "source": "item", "path": "Queue.SubmittedJobsCount"}, {"entity": "mediaconvert.queue_type", "source": "item", "path": "Queue.Type"}],
      "notes": ""
    },
    "ListTagsForResource": {
      "kind": "read_list",
      "side_effect": false,
      "sdk": {"client": "mediaconvert", "method": "list_tags_for_resource"},
      "consumes": [{"entity": "mediaconvert.resource_tag_arn", "param": "Arn", "required": true, "source": "internal"}],
      "produces": [{"entity": "mediaconvert.resource_tags", "source": "output", "path": "ResourceTags"}, {"entity": "mediaconvert.resource_tag_arn", "source": "item", "path": "ResourceTags[].Arn"}, {"entity": "mediaconvert.resource_tag_tags", "source": "item", "path": "ResourceTags[].Tags"}],
      "notes": ""
    },
    "PutPolicy": {
      "kind": "write_update",
      "side_effect": true,
      "sdk": {"client": "mediaconvert", "method": "put_policy"},
      "consumes": [{"entity": "mediaconvert.policy", "param": "Policy", "required": true, "source": "internal"}],
      "produces": [{"entity": "mediaconvert.policy", "source": "output", "path": "Policy"}, {"entity": "mediaconvert.policy_http_inputs", "source": "item", "path": "Policy.HttpInputs"}, {"entity": "mediaconvert.policy_https_inputs", "source": "item", "path": "Policy.HttpsInputs"}, {"entity": "mediaconvert.policy_s3_inputs", "source": "item", "path": "Policy.S3Inputs"}],
      "notes": ""
    },
    "TagResource": {
      "kind": "write_apply",
      "side_effect": true,
      "sdk": {"client": "mediaconvert", "method": "tag_resource"},
      "consumes": [{"entity": "mediaconvert.resource_arn", "param": "Arn", "required": true, "source": "external"}, {"entity": "mediaconvert.tags", "param": "Tags", "required": true, "source": "external"}],
      "produces": [],
      "notes": ""
    },
    "UntagResource": {
      "kind": "write_delete",
      "side_effect": true,
      "sdk": {"client": "mediaconvert", "method": "untag_resource"},
      "consumes": [{"entity": "mediaconvert.resource_arn", "param": "Arn", "required": true, "source": "external"}],
      "produces": [],
      "notes": ""
    },
    "UpdateJobTemplate": {
      "kind": "write_update",
      "side_effect": true,
      "sdk": {"client": "mediaconvert", "method": "update_job_template"},
      "consumes": [{"entity": "mediaconvert.job_template_name", "param": "Name", "required": true, "source": "internal"}],
      "produces": [{"entity": "mediaconvert.job_template", "source": "output", "path": "JobTemplate"}, {"entity": "mediaconvert.job_template_acceleration_settings", "source": "item", "path": "JobTemplate.AccelerationSettings"}, {"entity": "mediaconvert.job_template_arn", "source": "item", "path": "JobTemplate.Arn"}, {"entity": "mediaconvert.job_template_category", "source": "item", "path": "JobTemplate.Category"}, {"entity": "mediaconvert.job_template_created_at", "source": "item", "path": "JobTemplate.CreatedAt"}, {"entity": "mediaconvert.job_template_description", "source": "item", "path": "JobTemplate.Description"}, {"entity": "mediaconvert.job_template_hop_destinations", "source": "item", "path": "JobTemplate.HopDestinations"}, {"entity": "mediaconvert.job_template_last_updated", "source": "item", "path": "JobTemplate.LastUpdated"}, {"entity": "mediaconvert.job_template_name", "source": "item", "path": "JobTemplate.Name"}, {"entity": "mediaconvert.job_template_priority", "source": "item", "path": "JobTemplate.Priority"}, {"entity": "mediaconvert.job_template_queue", "source": "item", "path": "JobTemplate.Queue"}, {"entity": "mediaconvert.job_template_settings", "source": "item", "path": "JobTemplate.Settings"}, {"entity": "mediaconvert.job_template_status_update_interval", "source": "item", "path": "JobTemplate.StatusUpdateInterval"}, {"entity": "mediaconvert.job_template_type", "source": "item", "path": "JobTemplate.Type"}],
      "notes": ""
    },
    "UpdatePreset": {
      "kind": "write_update",
      "side_effect": true,
      "sdk": {"client": "mediaconvert", "method": "update_preset"},
      "consumes": [{"entity": "mediaconvert.preset_name", "param": "Name", "required": true, "source": "internal"}],
      "produces": [{"entity": "mediaconvert.preset", "source": "output", "path": "Preset"}, {"entity": "mediaconvert.preset_arn", "source": "item", "path": "Preset.Arn"}, {"entity": "mediaconvert.preset_category", "source": "item", "path": "Preset.Category"}, {"entity": "mediaconvert.preset_created_at", "source": "item", "path": "Preset.CreatedAt"}, {"entity": "mediaconvert.preset_description", "source": "item", "path": "Preset.Description"}, {"entity": "mediaconvert.preset_last_updated", "source": "item", "path": "Preset.LastUpdated"}, {"entity": "mediaconvert.preset_name", "source": "item", "path": "Preset.Name"}, {"entity": "mediaconvert.preset_settings", "source": "item", "path": "Preset.Settings"}, {"entity": "mediaconvert.preset_type", "source": "item", "path": "Preset.Type"}],
      "notes": ""
    },
    "UpdateQueue": {
      "kind": "write_update",
      "side_effect": true,
      "sdk": {"client": "mediaconvert", "method": "update_queue"},
      "consumes": [{"entity": "mediaconvert.queue_name", "param": "Name", "required": true, "source": "internal"}],
      "produces": [{"entity": "mediaconvert.queue", "source": "output", "path": "Queue"}, {"entity": "mediaconvert.queue_arn", "source": "item", "path": "Queue.Arn"}, {"entity": "mediaconvert.queue_concurrent_jobs", "source": "item", "path": "Queue.ConcurrentJobs"}, {"entity": "mediaconvert.queue_created_at", "source": "item", "path": "Queue.CreatedAt"}, {"entity": "mediaconvert.queue_description", "source": "item", "path": "Queue.Description"}, {"entity": "mediaconvert.queue_last_updated", "source": "item", "path": "Queue.LastUpdated"}, {"entity": "mediaconvert.queue_name", "source": "item", "path": "Queue.Name"}, {"entity": "mediaconvert.queue_pricing_plan", "source": "item", "path": "Queue.PricingPlan"}, {"entity": "mediaconvert.queue_progressing_jobs_count", "source": "item", "path": "Queue.ProgressingJobsCount"}, {"entity": "mediaconvert.queue_reservation_plan", "source": "item", "path": "Queue.ReservationPlan"}, {"entity": "mediaconvert.queue_service_overrides", "source": "item", "path": "Queue.ServiceOverrides"}, {"entity": "mediaconvert.queue_status", "source": "item", "path": "Queue.Status"}, {"entity": "mediaconvert.queue_submitted_jobs_count", "source": "item", "path": "Queue.SubmittedJobsCount"}, {"entity": "mediaconvert.queue_type", "source": "item", "path": "Queue.Type"}],
      "notes": ""
    }
  }
}