{
  "service": "securitylake",
  "op_consumes": {
    "CreateDataLakeOrganizationConfiguration": [],
    "DeleteDataLakeExceptionSubscription": [],
    "DeleteDataLakeOrganizationConfiguration": [],
    "DeregisterDataLakeDelegatedAdministrator": [],
    "GetDataLakeExceptionSubscription": [],
    "GetDataLakeOrganizationConfiguration": [],
    "GetDataLakeSources": [],
    "ListDataLakeExceptions": [],
    "ListDataLakes": [],
    "ListLogSources": [],
    "ListSubscribers": [],
    "CreateAwsLogSource": ["securitylake.sources"],
    "CreateCustomLogSource": ["securitylake.configuration", "securitylake.source_name"],
    "CreateDataLake": ["securitylake.metastoremanagerrole_arn", "securitylake.configurations"],
    "CreateDataLakeExceptionSubscription": ["securitylake.notification_endpoint", "securitylake.subscription_protocol"],
    "CreateSubscriber": ["securitylake.sources", "securitylake.subscriber_identity", "securitylake.subscriber_name"],
    "CreateSubscriberNotification": ["securitylake.subscriber_id", "securitylake.configuration"],
    "DeleteAwsLogSource": ["securitylake.sources"],
    "DeleteCustomLogSource": ["securitylake.source_name"],
    "DeleteDataLake": ["securitylake.regions"],
    "DeleteSubscriber": ["securitylake.subscriber_id"],
    "DeleteSubscriberNotification": ["securitylake.subscriber_id"],
    "GetSubscriber": ["securitylake.subscriber_id"],
    "ListTagsForResource": ["securitylake.resource_arn"],
    "RegisterDataLakeDelegatedAdministrator": ["securitylake.account_id"],
    "TagResource": ["securitylake.tags", "securitylake.resource_arn"],
    "UntagResource": ["securitylake.tag_keys", "securitylake.resource_arn"],
    "UpdateDataLake": ["securitylake.configurations"],
    "UpdateDataLakeExceptionSubscription": ["securitylake.notification_endpoint", "securitylake.subscription_protocol"],
    "UpdateSubscriber": ["securitylake.subscriber_id"],
    "UpdateSubscriberNotification": ["securitylake.subscriber_id", "securitylake.configuration"]
  },
  "op_produces": {
    "CreateDataLakeOrganizationConfiguration": [],
    "DeleteDataLakeExceptionSubscription": [],
    "DeleteDataLakeOrganizationConfiguration": [],
    "DeregisterDataLakeDelegatedAdministrator": [],
    "GetDataLakeExceptionSubscription": ["securitylake.exception_time_to_live", "securitylake.notification_endpoint", "securitylake.subscription_protocol"],
    "GetDataLakeOrganizationConfiguration": ["securitylake.auto_enable_new_account", "securitylake.auto_enable_new_account_sources", "securitylake.auto_enable_new_account_region"],
    "GetDataLakeSources": ["securitylake.next_token", "securitylake.data_lake_sourc_source_statuses", "securitylake.source_name", "securitylake.data_lake_sourc_event_classes", "securitylake.data_lake_sourc_account", "securitylake.data_lake_arn", "securitylake.data_lake_sources"],
    "ListDataLakeExceptions": ["securitylake.next_token", "securitylake.exception_region", "securitylake.exception_remediation", "securitylake.exceptions", "securitylake.exception_timestamp", "securitylake.exception_exception"],
    "ListDataLakes": ["securitylake.data_lak_create_status", "securitylake.data_lak_data_lake_arn", "securitylake.data_lak_s3_bucket_arn", "securitylake.data_lak_region", "securitylake.data_lak_encryption_configuration", "securitylake.data_lak_lifecycle_configuration", "securitylake.data_lak_update_status", "securitylake.data_lak_replication_configuration", "securitylake.data_lakes"],
    "ListLogSources": ["securitylake.next_token", "securitylake.sourc_region", "securitylake.sourc_sources", "securitylake.sourc_account", "securitylake.sources"],
    "ListSubscribers": ["securitylake.next_token", "securitylake.subscriber_access_types", "securitylake.subscriber_created_at", "securitylake.subscriber_endpoint", "securitylake.subscriber_arn", "securitylake.subscriber_description", "securitylake.subscribers", "securitylake.subscriber_role_arn", "securitylake.subscriber_resource_share_arn", "securitylake.subscriber_name", "securitylake.subscriber_status", "securitylake.subscriber_id", "securitylake.subscriber_sources", "securitylake.subscriber_s3_bucket_arn", "securitylake.subscriber_resource_share_name", "securitylake.subscriber_identity", "securitylake.subscriber_updated_at"],
    "CreateAwsLogSource": ["securitylake.failed"],
    "CreateCustomLogSource": ["securitylake.source_name", "securitylake.source_attributes", "securitylake.source", "securitylake.source_version", "securitylake.source_provider"],
    "CreateDataLake": ["securitylake.data_lak_create_status", "securitylake.data_lak_data_lake_arn", "securitylake.data_lak_s3_bucket_arn", "securitylake.data_lak_region", "securitylake.data_lak_encryption_configuration", "securitylake.data_lak_lifecycle_configuration", "securitylake.data_lak_update_status", "securitylake.data_lak_replication_configuration", "securitylake.data_lakes"],
    "CreateDataLakeExceptionSubscription": [],
    "CreateSubscriber": ["securitylake.subscriber_access_types", "securitylake.subscriber_created_at", "securitylake.subscriber_endpoint", "securitylake.subscriber_arn", "securitylake.subscriber_description", "securitylake.subscriber_name", "securitylake.subscriber_role_arn", "securitylake.subscriber_resource_share_arn", "securitylake.subscriber_status", "securitylake.subscriber_id", "securitylake.subscriber", "securitylake.subscriber_sources", "securitylake.subscriber_s3_bucket_arn", "securitylake.subscriber_resource_share_name", "securitylake.subscriber_identity", "securitylake.subscriber_updated_at"],
    "CreateSubscriberNotification": ["securitylake.subscriber_endpoint"],
    "DeleteAwsLogSource": ["securitylake.failed"],
    "DeleteCustomLogSource": [],
    "DeleteDataLake": [],
    "DeleteSubscriber": [],
    "DeleteSubscriberNotification": [],
    "GetSubscriber": ["securitylake.subscriber_access_types", "securitylake.subscriber_created_at", "securitylake.subscriber_endpoint", "securitylake.subscriber_arn", "securitylake.subscriber_description", "securitylake.subscriber_name", "securitylake.subscriber_role_arn", "securitylake.subscriber_resource_share_arn", "securitylake.subscriber_status", "securitylake.subscriber_id", "securitylake.subscriber", "securitylake.subscriber_sources", "securitylake.subscriber_s3_bucket_arn", "securitylake.subscriber_resource_share_name", "securitylake.subscriber_identity", "securitylake.subscriber_updated_at"],
    "ListTagsForResource": ["securitylake.tag_value", "securitylake.tags", "securitylake.tag_key"],
    "RegisterDataLakeDelegatedAdministrator": [],
    "TagResource": [],
    "UntagResource": [],
    "UpdateDataLake": ["securitylake.data_lak_create_status", "securitylake.data_lak_data_lake_arn", "securitylake.data_lak_s3_bucket_arn", "securitylake.data_lak_region", "securitylake.data_lak_encryption_configuration", "securitylake.data_lak_lifecycle_configuration", "securitylake.data_lak_update_status", "securitylake.data_lak_replication_configuration", "securitylake.data_lakes"],
    "UpdateDataLakeExceptionSubscription": [],
    "UpdateSubscriber": ["securitylake.subscriber_access_types", "securitylake.subscriber_created_at", "securitylake.subscriber_endpoint", "securitylake.subscriber_arn", "securitylake.subscriber_description", "securitylake.subscriber_name", "securitylake.subscriber_role_arn", "securitylake.subscriber_resource_share_arn", "securitylake.subscriber_status", "securitylake.subscriber_id", "securitylake.subscriber", "securitylake.subscriber_sources", "securitylake.subscriber_s3_bucket_arn", "securitylake.subscriber_resource_share_name", "securitylake.subscriber_identity", "securitylake.subscriber_updated_at"],
    "UpdateSubscriberNotification": ["securitylake.subscriber_endpoint"]
  },
  "entity_producers": {
    "securitylake.exception_time_to_live": ["GetDataLakeExceptionSubscription"],
    "securitylake.notification_endpoint": ["GetDataLakeExceptionSubscription"],
    "securitylake.subscription_protocol": ["GetDataLakeExceptionSubscription"],
    "securitylake.auto_enable_new_account": ["GetDataLakeOrganizationConfiguration"],
    "securitylake.auto_enable_new_account_region": ["GetDataLakeOrganizationConfiguration"],
    "securitylake.auto_enable_new_account_sources": ["GetDataLakeOrganizationConfiguration"],
    "securitylake.data_lake_arn": ["GetDataLakeSources"],
    "securitylake.data_lake_sources": ["GetDataLakeSources"],
    "securitylake.next_token": ["GetDataLakeSources", "ListLogSources", "ListDataLakeExceptions", "ListSubscribers"],
    "securitylake.data_lake_sourc_account": ["GetDataLakeSources"],
    "securitylake.data_lake_sourc_event_classes": ["GetDataLakeSources"],
    "securitylake.source_name": ["GetDataLakeSources", "CreateCustomLogSource"],
    "securitylake.data_lake_sourc_source_statuses": ["GetDataLakeSources"],
    "securitylake.exceptions": ["ListDataLakeExceptions"],
    "securitylake.exception_exception": ["ListDataLakeExceptions"],
    "securitylake.exception_region": ["ListDataLakeExceptions"],
    "securitylake.exception_remediation": ["ListDataLakeExceptions"],
    "securitylake.exception_timestamp": ["ListDataLakeExceptions"],
    "securitylake.data_lakes": ["UpdateDataLake", "ListDataLakes", "CreateDataLake"],
    "securitylake.data_lak_create_status": ["UpdateDataLake", "ListDataLakes", "CreateDataLake"],
    "securitylake.data_lak_data_lake_arn": ["UpdateDataLake", "ListDataLakes", "CreateDataLake"],
    "securitylake.data_lak_encryption_configuration": ["UpdateDataLake", "ListDataLakes", "CreateDataLake"],
    "securitylake.data_lak_lifecycle_configuration": ["UpdateDataLake", "ListDataLakes", "CreateDataLake"],
    "securitylake.data_lak_region": ["UpdateDataLake", "ListDataLakes", "CreateDataLake"],
    "securitylake.data_lak_replication_configuration": ["UpdateDataLake", "ListDataLakes", "CreateDataLake"],
    "securitylake.data_lak_s3_bucket_arn": ["UpdateDataLake", "ListDataLakes", "CreateDataLake"],
    "securitylake.data_lak_update_status": ["UpdateDataLake", "ListDataLakes", "CreateDataLake"],
    "securitylake.sources": ["ListLogSources"],
    "securitylake.sourc_account": ["ListLogSources"],
    "securitylake.sourc_region": ["ListLogSources"],
    "securitylake.sourc_sources": ["ListLogSources"],
    "securitylake.subscribers": ["ListSubscribers"],
    "securitylake.subscriber_access_types": ["CreateSubscriber", "GetSubscriber", "UpdateSubscriber", "ListSubscribers"],
    "securitylake.subscriber_created_at": ["CreateSubscriber", "GetSubscriber", "UpdateSubscriber", "ListSubscribers"],
    "securitylake.subscriber_resource_share_arn": ["CreateSubscriber", "GetSubscriber", "UpdateSubscriber", "ListSubscribers"],
    "securitylake.subscriber_resource_share_name": ["CreateSubscriber", "GetSubscriber", "UpdateSubscriber", "ListSubscribers"],
    "securitylake.subscriber_role_arn": ["CreateSubscriber", "GetSubscriber", "UpdateSubscriber", "ListSubscribers"],
    "securitylake.subscriber_s3_bucket_arn": ["CreateSubscriber", "GetSubscriber", "UpdateSubscriber", "ListSubscribers"],
    "securitylake.subscriber_sources": ["CreateSubscriber", "GetSubscriber", "UpdateSubscriber", "ListSubscribers"],
    "securitylake.subscriber_arn": ["CreateSubscriber", "GetSubscriber", "UpdateSubscriber", "ListSubscribers"],
    "securitylake.subscriber_description": ["CreateSubscriber", "GetSubscriber", "UpdateSubscriber", "ListSubscribers"],
    "securitylake.subscriber_endpoint": ["CreateSubscriber", "UpdateSubscriberNotification", "CreateSubscriberNotification", "GetSubscriber", "UpdateSubscriber", "ListSubscribers"],
    "securitylake.subscriber_id": ["CreateSubscriber", "GetSubscriber", "UpdateSubscriber", "ListSubscribers"],
    "securitylake.subscriber_identity": ["CreateSubscriber", "GetSubscriber", "UpdateSubscriber", "ListSubscribers"],
    "securitylake.subscriber_name": ["CreateSubscriber", "GetSubscriber", "UpdateSubscriber", "ListSubscribers"],
    "securitylake.subscriber_status": ["CreateSubscriber", "GetSubscriber", "UpdateSubscriber", "ListSubscribers"],
    "securitylake.subscriber_updated_at": ["CreateSubscriber", "GetSubscriber", "UpdateSubscriber", "ListSubscribers"],
    "securitylake.failed": ["DeleteAwsLogSource", "CreateAwsLogSource"],
    "securitylake.source": ["CreateCustomLogSource"],
    "securitylake.source_attributes": ["CreateCustomLogSource"],
    "securitylake.source_provider": ["CreateCustomLogSource"],
    "securitylake.source_version": ["CreateCustomLogSource"],
    "securitylake.subscriber": ["CreateSubscriber", "GetSubscriber", "UpdateSubscriber"],
    "securitylake.tags": ["ListTagsForResource"],
    "securitylake.tag_key": ["ListTagsForResource"],
    "securitylake.tag_value": ["ListTagsForResource"]
  },
  "entity_consumers": {
    "securitylake.sources": ["CreateSubscriber", "DeleteAwsLogSource", "CreateAwsLogSource"],
    "securitylake.configuration": ["UpdateSubscriberNotification", "CreateSubscriberNotification", "CreateCustomLogSource"],
    "securitylake.source_name": ["DeleteCustomLogSource", "CreateCustomLogSource"],
    "securitylake.configurations": ["UpdateDataLake", "CreateDataLake"],
    "securitylake.metastoremanagerrole_arn": ["CreateDataLake"],
    "securitylake.notification_endpoint": ["CreateDataLakeExceptionSubscription", "UpdateDataLakeExceptionSubscription"],
    "securitylake.subscription_protocol": ["CreateDataLakeExceptionSubscription", "UpdateDataLakeExceptionSubscription"],
    "securitylake.subscriber_identity": ["CreateSubscriber"],
    "securitylake.subscriber_name": ["CreateSubscriber"],
    "securitylake.subscriber_id": ["UpdateSubscriberNotification", "CreateSubscriberNotification", "GetSubscriber", "DeleteSubscriberNotification", "DeleteSubscriber", "UpdateSubscriber"],
    "securitylake.regions": ["DeleteDataLake"],
    "securitylake.resource_arn": ["UntagResource", "TagResource", "ListTagsForResource"],
    "securitylake.account_id": ["RegisterDataLakeDelegatedAdministrator"],
    "securitylake.tags": ["TagResource"],
    "securitylake.tag_keys": ["UntagResource"]
  },
  "external_entities": ["securitylake.account_id", "securitylake.configuration", "securitylake.configurations", "securitylake.metastoremanagerrole_arn", "securitylake.regions", "securitylake.resource_arn", "securitylake.tag_keys"]
}