{
  "securitylake": {
    "service": "securitylake",
    "total_operations": 31,
    "independent": [
      {
        "operation": "CreateDataLakeOrganizationConfiguration",
        "python_method": "create_data_lake_organization_configuration",
        "yaml_action": "create_data_lake_organization_configuration",
        "required_params": [],
        "optional_params": [
          "autoEnableNewAccount"
        ],
        "total_optional": 1,
        "output_fields": {},
        "main_output_field": null,
        "item_fields": []
      },
      {
        "operation": "DeleteDataLakeExceptionSubscription",
        "python_method": "delete_data_lake_exception_subscription",
        "yaml_action": "delete_data_lake_exception_subscription",
        "required_params": [],
        "optional_params": [],
        "total_optional": 0,
        "output_fields": {},
        "main_output_field": null,
        "item_fields": []
      },
      {
        "operation": "DeleteDataLakeOrganizationConfiguration",
        "python_method": "delete_data_lake_organization_configuration",
        "yaml_action": "delete_data_lake_organization_configuration",
        "required_params": [],
        "optional_params": [
          "autoEnableNewAccount"
        ],
        "total_optional": 1,
        "output_fields": {},
        "main_output_field": null,
        "item_fields": []
      },
      {
        "operation": "DeregisterDataLakeDelegatedAdministrator",
        "python_method": "deregister_data_lake_delegated_administrator",
        "yaml_action": "deregister_data_lake_delegated_administrator",
        "required_params": [],
        "optional_params": [],
        "total_optional": 0,
        "output_fields": {},
        "main_output_field": null,
        "item_fields": []
      },
      {
        "operation": "GetDataLakeExceptionSubscription",
        "python_method": "get_data_lake_exception_subscription",
        "yaml_action": "get_data_lake_exception_subscription",
        "required_params": [],
        "optional_params": [],
        "total_optional": 0,
        "output_fields": {
          "exceptionTimeToLive": {
            "type": "string",
            "description": "exceptionTimeToLive details",
            "compliance_category": "general",
            "format": "date-time",
            "operators": [
              "equals",
              "not_equals",
              "contains"
            ]
          },
          "notificationEndpoint": {
            "type": "string",
            "description": "notificationEndpoint details",
            "compliance_category": "general",
            "format": "date-time",
            "operators": [
              "equals",
              "not_equals",
              "contains"
            ]
          },
          "subscriptionProtocol": {
            "type": "string",
            "description": "subscriptionProtocol details",
            "compliance_category": "general",
            "operators": [
              "equals",
              "not_equals",
              "contains"
            ]
          }
        },
        "main_output_field": "exceptionTimeToLive",
        "item_fields": []
      },
      {
        "operation": "GetDataLakeOrganizationConfiguration",
        "python_method": "get_data_lake_organization_configuration",
        "yaml_action": "get_data_lake_organization_configuration",
        "required_params": [],
        "optional_params": [],
        "total_optional": 0,
        "output_fields": {
          "autoEnableNewAccount": {
            "type": "integer",
            "description": "autoEnableNewAccount details",
            "compliance_category": "identity",
            "operators": [
              "equals",
              "not_equals",
              "contains",
              "in",
              "exists"
            ]
          }
        },
        "main_output_field": "autoEnableNewAccount",
        "item_fields": {
          "region": {
            "type": "string",
            "description": "AWS region",
            "compliance_category": "availability",
            "operators": [
              "equals",
              "in"
            ]
          },
          "sources": {
            "type": "string",
            "description": "Sources",
            "compliance_category": "general"
          }
        }
      },
      {
        "operation": "GetDataLakeSources",
        "python_method": "get_data_lake_sources",
        "yaml_action": "get_data_lake_sources",
        "required_params": [],
        "optional_params": [
          "accounts",
          "maxResults",
          "nextToken"
        ],
        "total_optional": 3,
        "output_fields": {
          "dataLakeArn": {
            "type": "string",
            "description": "dataLakeArn details",
            "compliance_category": "identity",
            "format": "date-time",
            "operators": [
              "equals",
              "not_equals",
              "contains",
              "in",
              "exists"
            ]
          },
          "dataLakeSources": {
            "type": "string",
            "description": "dataLakeSources details",
            "compliance_category": "general",
            "format": "date-time",
            "operators": [
              "equals",
              "not_equals",
              "contains"
            ]
          },
          "nextToken": {
            "type": "string",
            "description": "Pagination token for next results",
            "compliance_category": "general",
            "operators": [
              "equals",
              "not_equals",
              "contains"
            ],
            "security_impact": "high"
          }
        },
        "main_output_field": "dataLakeSources",
        "item_fields": {
          "account": {
            "type": "integer",
            "description": "Account",
            "compliance_category": "general"
          },
          "eventClasses": {
            "type": "string",
            "description": "Event classes",
            "compliance_category": "general"
          },
          "sourceName": {
            "type": "string",
            "description": "Source name",
            "compliance_category": "general"
          },
          "sourceStatuses": {
            "type": "string",
            "description": "Source statuses",
            "compliance_category": "general",
            "format": "date-time"
          }
        }
      },
      {
        "operation": "ListDataLakeExceptions",
        "python_method": "list_data_lake_exceptions",
        "yaml_action": "list_data_lake_exceptions",
        "required_params": [],
        "optional_params": [
          "maxResults",
          "nextToken",
          "regions"
        ],
        "total_optional": 3,
        "output_fields": {
          "exceptions": {
            "type": "string",
            "description": "exceptions details",
            "compliance_category": "general",
            "operators": [
              "equals",
              "not_equals",
              "contains"
            ]
          },
          "nextToken": {
            "type": "string",
            "description": "Pagination token for next results",
            "compliance_category": "general",
            "operators": [
              "equals",
              "not_equals",
              "contains"
            ],
            "security_impact": "high"
          }
        },
        "main_output_field": "exceptions",
        "item_fields": {
          "exception": {
            "type": "string",
            "description": "Exception",
            "compliance_category": "general",
            "format": "date-time"
          },
          "region": {
            "type": "string",
            "description": "AWS region",
            "compliance_category": "availability",
            "operators": [
              "equals",
              "in"
            ]
          },
          "remediation": {
            "type": "string",
            "description": "Remediation",
            "compliance_category": "general",
            "format": "date-time"
          },
          "timestamp": {
            "type": "string",
            "description": "Timestamp",
            "compliance_category": "general",
            "format": "date-time"
          }
        }
      },
      {
        "operation": "ListDataLakes",
        "python_method": "list_data_lakes",
        "yaml_action": "list_data_lakes",
        "required_params": [],
        "optional_params": [
          "regions"
        ],
        "total_optional": 1,
        "output_fields": {
          "dataLakes": {
            "type": "string",
            "description": "dataLakes details",
            "compliance_category": "general",
            "format": "date-time",
            "operators": [
              "equals",
              "not_equals",
              "contains"
            ]
          }
        },
        "main_output_field": "dataLakes",
        "item_fields": {
          "createStatus": {
            "type": "string",
            "description": "Create status",
            "compliance_category": "general",
            "format": "date-time"
          },
          "dataLakeArn": {
            "type": "string",
            "description": "Data lake arn",
            "compliance_category": "identity",
            "operators": [
              "equals",
              "not_equals",
              "contains",
              "in",
              "exists"
            ]
          },
          "encryptionConfiguration": {
            "type": "string",
            "description": "Encryption configuration",
            "compliance_category": "general",
            "format": "date-time"
          },
          "lifecycleConfiguration": {
            "type": "string",
            "description": "Lifecycle configuration",
            "compliance_category": "general",
            "format": "date-time"
          },
          "region": {
            "type": "string",
            "description": "AWS region",
            "compliance_category": "availability",
            "operators": [
              "equals",
              "in"
            ]
          },
          "replicationConfiguration": {
            "type": "string",
            "description": "Replication configuration",
            "compliance_category": "general",
            "format": "date-time"
          },
          "s3BucketArn": {
            "type": "string",
            "description": "S bucket arn",
            "compliance_category": "identity",
            "operators": [
              "equals",
              "not_equals",
              "contains",
              "in",
              "exists"
            ]
          },
          "updateStatus": {
            "type": "string",
            "description": "Update status",
            "compliance_category": "general",
            "format": "date-time"
          }
        }
      },
      {
        "operation": "ListLogSources",
        "python_method": "list_log_sources",
        "yaml_action": "list_log_sources",
        "required_params": [],
        "optional_params": [
          "accounts",
          "maxResults",
          "nextToken",
          "regions",
          "sources"
        ],
        "total_optional": 5,
        "output_fields": {
          "nextToken": {
            "type": "string",
            "description": "Pagination token for next results",
            "compliance_category": "general",
            "operators": [
              "equals",
              "not_equals",
              "contains"
            ],
            "security_impact": "high"
          },
          "sources": {
            "type": "string",
            "description": "sources details",
            "compliance_category": "general",
            "operators": [
              "equals",
              "not_equals",
              "contains"
            ]
          }
        },
        "main_output_field": "sources",
        "item_fields": {
          "account": {
            "type": "integer",
            "description": "Account",
            "compliance_category": "general"
          },
          "region": {
            "type": "string",
            "description": "AWS region",
            "compliance_category": "availability",
            "operators": [
              "equals",
              "in"
            ]
          },
          "sources": {
            "type": "string",
            "description": "Sources",
            "compliance_category": "general"
          }
        }
      },
      {
        "operation": "ListSubscribers",
        "python_method": "list_subscribers",
        "yaml_action": "list_subscribers",
        "required_params": [],
        "optional_params": [
          "maxResults",
          "nextToken"
        ],
        "total_optional": 2,
        "output_fields": {
          "nextToken": {
            "type": "string",
            "description": "Pagination token for next results",
            "compliance_category": "general",
            "operators": [
              "equals",
              "not_equals",
              "contains"
            ],
            "security_impact": "high"
          },
          "subscribers": {
            "type": "string",
            "description": "subscribers details",
            "compliance_category": "general",
            "operators": [
              "equals",
              "not_equals",
              "contains"
            ]
          }
        },
        "main_output_field": "subscribers",
        "item_fields": {
          "accessTypes": {
            "type": "string",
            "description": "Access types",
            "compliance_category": "security",
            "security_impact": "medium"
          },
          "createdAt": {
            "type": "string",
            "format": "date-time",
            "description": "Creation timestamp",
            "compliance_category": "general"
          },
          "resourceShareArn": {
            "type": "string",
            "description": "Resource share arn",
            "compliance_category": "identity",
            "operators": [
              "equals",
              "not_equals",
              "contains",
              "in",
              "exists"
            ]
          },
          "resourceShareName": {
            "type": "string",
            "description": "Resource share name",
            "compliance_category": "general"
          },
          "roleArn": {
            "type": "string",
            "description": "Role arn",
            "compliance_category": "identity",
            "operators": [
              "equals",
              "not_equals",
              "contains",
              "in",
              "exists"
            ]
          },
          "s3BucketArn": {
            "type": "string",
            "description": "S bucket arn",
            "compliance_category": "identity",
            "operators": [
              "equals",
              "not_equals",
              "contains",
              "in",
              "exists"
            ]
          },
          "sources": {
            "type": "string",
            "description": "Sources",
            "compliance_category": "general"
          },
          "subscriberArn": {
            "type": "string",
            "description": "Subscriber arn",
            "compliance_category": "identity",
            "operators": [
              "equals",
              "not_equals",
              "contains",
              "in",
              "exists"
            ]
          },
          "subscriberDescription": {
            "type": "string",
            "description": "Subscriber description",
            "compliance_category": "general",
            "format": "date-time"
          },
          "subscriberEndpoint": {
            "type": "string",
            "description": "Subscriber endpoint",
            "compliance_category": "general"
          },
          "subscriberId": {
            "type": "string",
            "description": "Subscriber id",
            "compliance_category": "identity",
            "operators": [
              "equals",
              "not_equals",
              "in",
              "exists"
            ]
          },
          "subscriberIdentity": {
            "type": "string",
            "description": "Subscriber identity",
            "compliance_category": "identity",
            "operators": [
              "equals",
              "not_equals",
              "in",
              "exists"
            ]
          },
          "subscriberName": {
            "type": "string",
            "description": "Subscriber name",
            "compliance_category": "general"
          },
          "subscriberStatus": {
            "type": "string",
            "description": "Subscriber status",
            "compliance_category": "general",
            "format": "date-time"
          },
          "updatedAt": {
            "type": "string",
            "format": "date-time",
            "description": "Last update timestamp",
            "compliance_category": "general"
          }
        }
      }
    ],
    "dependent": [
      {
        "operation": "CreateAwsLogSource",
        "python_method": "create_aws_log_source",
        "yaml_action": "create_aws_log_source",
        "required_params": [
          "sources"
        ],
        "optional_params": [],
        "total_optional": 0,
        "output_fields": {
          "failed": {
            "type": "string",
            "description": "failed details",
            "compliance_category": "general",
            "operators": [
              "equals",
              "not_equals",
              "contains"
            ]
          }
        },
        "main_output_field": "failed",
        "item_fields": []
      },
      {
        "operation": "CreateCustomLogSource",
        "python_method": "create_custom_log_source",
        "yaml_action": "create_custom_log_source",
        "required_params": [
          "configuration",
          "sourceName"
        ],
        "optional_params": [
          "eventClasses",
          "sourceVersion"
        ],
        "total_optional": 2,
        "output_fields": {
          "source": {
            "type": "string",
            "description": "source details",
            "compliance_category": "general",
            "operators": [
              "equals",
              "not_equals",
              "contains"
            ]
          }
        },
        "main_output_field": "source",
        "item_fields": {
          "attributes": {
            "type": "string",
            "description": "Attributes",
            "compliance_category": "general",
            "format": "date-time"
          },
          "provider": {
            "type": "string",
            "description": "Provider",
            "compliance_category": "identity",
            "operators": [
              "equals",
              "not_equals",
              "in",
              "exists"
            ]
          },
          "sourceName": {
            "type": "string",
            "description": "Source name",
            "compliance_category": "general"
          },
          "sourceVersion": {
            "type": "string",
            "description": "Source version",
            "compliance_category": "general",
            "format": "date-time"
          }
        }
      },
      {
        "operation": "CreateDataLake",
        "python_method": "create_data_lake",
        "yaml_action": "create_data_lake",
        "required_params": [
          "configurations",
          "metaStoreManagerRoleArn"
        ],
        "optional_params": [
          "tags"
        ],
        "total_optional": 1,
        "output_fields": {
          "dataLakes": {
            "type": "string",
            "description": "dataLakes details",
            "compliance_category": "general",
            "format": "date-time",
            "operators": [
              "equals",
              "not_equals",
              "contains"
            ]
          }
        },
        "main_output_field": "dataLakes",
        "item_fields": {
          "createStatus": {
            "type": "string",
            "description": "Create status",
            "compliance_category": "general",
            "format": "date-time"
          },
          "dataLakeArn": {
            "type": "string",
            "description": "Data lake arn",
            "compliance_category": "identity",
            "operators": [
              "equals",
              "not_equals",
              "contains",
              "in",
              "exists"
            ]
          },
          "encryptionConfiguration": {
            "type": "string",
            "description": "Encryption configuration",
            "compliance_category": "general",
            "format": "date-time"
          },
          "lifecycleConfiguration": {
            "type": "string",
            "description": "Lifecycle configuration",
            "compliance_category": "general",
            "format": "date-time"
          },
          "region": {
            "type": "string",
            "description": "AWS region",
            "compliance_category": "availability",
            "operators": [
              "equals",
              "in"
            ]
          },
          "replicationConfiguration": {
            "type": "string",
            "description": "Replication configuration",
            "compliance_category": "general",
            "format": "date-time"
          },
          "s3BucketArn": {
            "type": "string",
            "description": "S bucket arn",
            "compliance_category": "identity",
            "operators": [
              "equals",
              "not_equals",
              "contains",
              "in",
              "exists"
            ]
          },
          "updateStatus": {
            "type": "string",
            "description": "Update status",
            "compliance_category": "general",
            "format": "date-time"
          }
        }
      },
      {
        "operation": "CreateDataLakeExceptionSubscription",
        "python_method": "create_data_lake_exception_subscription",
        "yaml_action": "create_data_lake_exception_subscription",
        "required_params": [
          "notificationEndpoint",
          "subscriptionProtocol"
        ],
        "optional_params": [
          "exceptionTimeToLive"
        ],
        "total_optional": 1,
        "output_fields": {},
        "main_output_field": null,
        "item_fields": []
      },
      {
        "operation": "CreateSubscriber",
        "python_method": "create_subscriber",
        "yaml_action": "create_subscriber",
        "required_params": [
          "sources",
          "subscriberIdentity",
          "subscriberName"
        ],
        "optional_params": [
          "accessTypes",
          "subscriberDescription",
          "tags"
        ],
        "total_optional": 3,
        "output_fields": {
          "subscriber": {
            "type": "string",
            "description": "subscriber details",
            "compliance_category": "general",
            "operators": [
              "equals",
              "not_equals",
              "contains"
            ]
          }
        },
        "main_output_field": "subscriber",
        "item_fields": {
          "accessTypes": {
            "type": "string",
            "description": "Access types",
            "compliance_category": "security",
            "security_impact": "medium"
          },
          "createdAt": {
            "type": "string",
            "format": "date-time",
            "description": "Creation timestamp",
            "compliance_category": "general"
          },
          "resourceShareArn": {
            "type": "string",
            "description": "Resource share arn",
            "compliance_category": "identity",
            "operators": [
              "equals",
              "not_equals",
              "contains",
              "in",
              "exists"
            ]
          },
          "resourceShareName": {
            "type": "string",
            "description": "Resource share name",
            "compliance_category": "general"
          },
          "roleArn": {
            "type": "string",
            "description": "Role arn",
            "compliance_category": "identity",
            "operators": [
              "equals",
              "not_equals",
              "contains",
              "in",
              "exists"
            ]
          },
          "s3BucketArn": {
            "type": "string",
            "description": "S bucket arn",
            "compliance_category": "identity",
            "operators": [
              "equals",
              "not_equals",
              "contains",
              "in",
              "exists"
            ]
          },
          "sources": {
            "type": "string",
            "description": "Sources",
            "compliance_category": "general"
          },
          "subscriberArn": {
            "type": "string",
            "description": "Subscriber arn",
            "compliance_category": "identity",
            "operators": [
              "equals",
              "not_equals",
              "contains",
              "in",
              "exists"
            ]
          },
          "subscriberDescription": {
            "type": "string",
            "description": "Subscriber description",
            "compliance_category": "general",
            "format": "date-time"
          },
          "subscriberEndpoint": {
            "type": "string",
            "description": "Subscriber endpoint",
            "compliance_category": "general"
          },
          "subscriberId": {
            "type": "string",
            "description": "Subscriber id",
            "compliance_category": "identity",
            "operators": [
              "equals",
              "not_equals",
              "in",
              "exists"
            ]
          },
          "subscriberIdentity": {
            "type": "string",
            "description": "Subscriber identity",
            "compliance_category": "identity",
            "operators": [
              "equals",
              "not_equals",
              "in",
              "exists"
            ]
          },
          "subscriberName": {
            "type": "string",
            "description": "Subscriber name",
            "compliance_category": "general"
          },
          "subscriberStatus": {
            "type": "string",
            "description": "Subscriber status",
            "compliance_category": "general",
            "format": "date-time"
          },
          "updatedAt": {
            "type": "string",
            "format": "date-time",
            "description": "Last update timestamp",
            "compliance_category": "general"
          }
        }
      },
      {
        "operation": "CreateSubscriberNotification",
        "python_method": "create_subscriber_notification",
        "yaml_action": "create_subscriber_notification",
        "required_params": [
          "configuration",
          "subscriberId"
        ],
        "optional_params": [],
        "total_optional": 0,
        "output_fields": {
          "subscriberEndpoint": {
            "type": "string",
            "description": "subscriberEndpoint details",
            "compliance_category": "general",
            "operators": [
              "equals",
              "not_equals",
              "contains"
            ]
          }
        },
        "main_output_field": "subscriberEndpoint",
        "item_fields": []
      },
      {
        "operation": "DeleteAwsLogSource",
        "python_method": "delete_aws_log_source",
        "yaml_action": "delete_aws_log_source",
        "required_params": [
          "sources"
        ],
        "optional_params": [],
        "total_optional": 0,
        "output_fields": {
          "failed": {
            "type": "string",
            "description": "failed details",
            "compliance_category": "general",
            "operators": [
              "equals",
              "not_equals",
              "contains"
            ]
          }
        },
        "main_output_field": "failed",
        "item_fields": []
      },
      {
        "operation": "DeleteCustomLogSource",
        "python_method": "delete_custom_log_source",
        "yaml_action": "delete_custom_log_source",
        "required_params": [
          "sourceName"
        ],
        "optional_params": [
          "sourceVersion"
        ],
        "total_optional": 1,
        "output_fields": {},
        "main_output_field": null,
        "item_fields": []
      },
      {
        "operation": "DeleteDataLake",
        "python_method": "delete_data_lake",
        "yaml_action": "delete_data_lake",
        "required_params": [
          "regions"
        ],
        "optional_params": [],
        "total_optional": 0,
        "output_fields": {},
        "main_output_field": null,
        "item_fields": []
      },
      {
        "operation": "DeleteSubscriber",
        "python_method": "delete_subscriber",
        "yaml_action": "delete_subscriber",
        "required_params": [
          "subscriberId"
        ],
        "optional_params": [],
        "total_optional": 0,
        "output_fields": {},
        "main_output_field": null,
        "item_fields": []
      },
      {
        "operation": "DeleteSubscriberNotification",
        "python_method": "delete_subscriber_notification",
        "yaml_action": "delete_subscriber_notification",
        "required_params": [
          "subscriberId"
        ],
        "optional_params": [],
        "total_optional": 0,
        "output_fields": {},
        "main_output_field": null,
        "item_fields": []
      },
      {
        "operation": "GetSubscriber",
        "python_method": "get_subscriber",
        "yaml_action": "get_subscriber",
        "required_params": [
          "subscriberId"
        ],
        "optional_params": [],
        "total_optional": 0,
        "output_fields": {
          "subscriber": {
            "type": "string",
            "description": "subscriber details",
            "compliance_category": "general",
            "operators": [
              "equals",
              "not_equals",
              "contains"
            ]
          }
        },
        "main_output_field": "subscriber",
        "item_fields": {
          "accessTypes": {
            "type": "string",
            "description": "Access types",
            "compliance_category": "security",
            "security_impact": "medium"
          },
          "createdAt": {
            "type": "string",
            "format": "date-time",
            "description": "Creation timestamp",
            "compliance_category": "general"
          },
          "resourceShareArn": {
            "type": "string",
            "description": "Resource share arn",
            "compliance_category": "identity",
            "operators": [
              "equals",
              "not_equals",
              "contains",
              "in",
              "exists"
            ]
          },
          "resourceShareName": {
            "type": "string",
            "description": "Resource share name",
            "compliance_category": "general"
          },
          "roleArn": {
            "type": "string",
            "description": "Role arn",
            "compliance_category": "identity",
            "operators": [
              "equals",
              "not_equals",
              "contains",
              "in",
              "exists"
            ]
          },
          "s3BucketArn": {
            "type": "string",
            "description": "S bucket arn",
            "compliance_category": "identity",
            "operators": [
              "equals",
              "not_equals",
              "contains",
              "in",
              "exists"
            ]
          },
          "sources": {
            "type": "string",
            "description": "Sources",
            "compliance_category": "general"
          },
          "subscriberArn": {
            "type": "string",
            "description": "Subscriber arn",
            "compliance_category": "identity",
            "operators": [
              "equals",
              "not_equals",
              "contains",
              "in",
              "exists"
            ]
          },
          "subscriberDescription": {
            "type": "string",
            "description": "Subscriber description",
            "compliance_category": "general",
            "format": "date-time"
          },
          "subscriberEndpoint": {
            "type": "string",
            "description": "Subscriber endpoint",
            "compliance_category": "general"
          },
          "subscriberId": {
            "type": "string",
            "description": "Subscriber id",
            "compliance_category": "identity",
            "operators": [
              "equals",
              "not_equals",
              "in",
              "exists"
            ]
          },
          "subscriberIdentity": {
            "type": "string",
            "description": "Subscriber identity",
            "compliance_category": "identity",
            "operators": [
              "equals",
              "not_equals",
              "in",
              "exists"
            ]
          },
          "subscriberName": {
            "type": "string",
            "description": "Subscriber name",
            "compliance_category": "general"
          },
          "subscriberStatus": {
            "type": "string",
            "description": "Subscriber status",
            "compliance_category": "general",
            "format": "date-time"
          },
          "updatedAt": {
            "type": "string",
            "format": "date-time",
            "description": "Last update timestamp",
            "compliance_category": "general"
          }
        }
      },
      {
        "operation": "ListTagsForResource",
        "python_method": "list_tags_for_resource",
        "yaml_action": "list_tags_for_resource",
        "required_params": [
          "resourceArn"
        ],
        "optional_params": [],
        "total_optional": 0,
        "output_fields": {
          "tags": {
            "type": "string",
            "description": "Resource tags (key-value pairs)",
            "compliance_category": "general",
            "operators": [
              "equals",
              "not_equals",
              "contains"
            ]
          }
        },
        "main_output_field": "tags",
        "item_fields": {
          "key": {
            "type": "string",
            "description": "Key",
            "compliance_category": "security",
            "security_impact": "high"
          },
          "value": {
            "type": "string",
            "description": "Value",
            "compliance_category": "general"
          }
        }
      },
      {
        "operation": "RegisterDataLakeDelegatedAdministrator",
        "python_method": "register_data_lake_delegated_administrator",
        "yaml_action": "register_data_lake_delegated_administrator",
        "required_params": [
          "accountId"
        ],
        "optional_params": [],
        "total_optional": 0,
        "output_fields": {},
        "main_output_field": null,
        "item_fields": []
      },
      {
        "operation": "TagResource",
        "python_method": "tag_resource",
        "yaml_action": "tag_resource",
        "required_params": [
          "resourceArn",
          "tags"
        ],
        "optional_params": [],
        "total_optional": 0,
        "output_fields": {},
        "main_output_field": null,
        "item_fields": []
      },
      {
        "operation": "UntagResource",
        "python_method": "untag_resource",
        "yaml_action": "untag_resource",
        "required_params": [
          "resourceArn",
          "tagKeys"
        ],
        "optional_params": [],
        "total_optional": 0,
        "output_fields": {},
        "main_output_field": null,
        "item_fields": []
      },
      {
        "operation": "UpdateDataLake",
        "python_method": "update_data_lake",
        "yaml_action": "update_data_lake",
        "required_params": [
          "configurations"
        ],
        "optional_params": [
          "metaStoreManagerRoleArn"
        ],
        "total_optional": 1,
        "output_fields": {
          "dataLakes": {
            "type": "string",
            "description": "dataLakes details",
            "compliance_category": "general",
            "format": "date-time",
            "operators": [
              "equals",
              "not_equals",
              "contains"
            ]
          }
        },
        "main_output_field": "dataLakes",
        "item_fields": {
          "createStatus": {
            "type": "string",
            "description": "Create status",
            "compliance_category": "general",
            "format": "date-time"
          },
          "dataLakeArn": {
            "type": "string",
            "description": "Data lake arn",
            "compliance_category": "identity",
            "operators": [
              "equals",
              "not_equals",
              "contains",
              "in",
              "exists"
            ]
          },
          "encryptionConfiguration": {
            "type": "string",
            "description": "Encryption configuration",
            "compliance_category": "general",
            "format": "date-time"
          },
          "lifecycleConfiguration": {
            "type": "string",
            "description": "Lifecycle configuration",
            "compliance_category": "general",
            "format": "date-time"
          },
          "region": {
            "type": "string",
            "description": "AWS region",
            "compliance_category": "availability",
            "operators": [
              "equals",
              "in"
            ]
          },
          "replicationConfiguration": {
            "type": "string",
            "description": "Replication configuration",
            "compliance_category": "general",
            "format": "date-time"
          },
          "s3BucketArn": {
            "type": "string",
            "description": "S bucket arn",
            "compliance_category": "identity",
            "operators": [
              "equals",
              "not_equals",
              "contains",
              "in",
              "exists"
            ]
          },
          "updateStatus": {
            "type": "string",
            "description": "Update status",
            "compliance_category": "general",
            "format": "date-time"
          }
        }
      },
      {
        "operation": "UpdateDataLakeExceptionSubscription",
        "python_method": "update_data_lake_exception_subscription",
        "yaml_action": "update_data_lake_exception_subscription",
        "required_params": [
          "notificationEndpoint",
          "subscriptionProtocol"
        ],
        "optional_params": [
          "exceptionTimeToLive"
        ],
        "total_optional": 1,
        "output_fields": {},
        "main_output_field": null,
        "item_fields": []
      },
      {
        "operation": "UpdateSubscriber",
        "python_method": "update_subscriber",
        "yaml_action": "update_subscriber",
        "required_params": [
          "subscriberId"
        ],
        "optional_params": [
          "sources",
          "subscriberDescription",
          "subscriberIdentity",
          "subscriberName"
        ],
        "total_optional": 4,
        "output_fields": {
          "subscriber": {
            "type": "string",
            "description": "subscriber details",
            "compliance_category": "general",
            "operators": [
              "equals",
              "not_equals",
              "contains"
            ]
          }
        },
        "main_output_field": "subscriber",
        "item_fields": {
          "accessTypes": {
            "type": "string",
            "description": "Access types",
            "compliance_category": "security",
            "security_impact": "medium"
          },
          "createdAt": {
            "type": "string",
            "format": "date-time",
            "description": "Creation timestamp",
            "compliance_category": "general"
          },
          "resourceShareArn": {
            "type": "string",
            "description": "Resource share arn",
            "compliance_category": "identity",
            "operators": [
              "equals",
              "not_equals",
              "contains",
              "in",
              "exists"
            ]
          },
          "resourceShareName": {
            "type": "string",
            "description": "Resource share name",
            "compliance_category": "general"
          },
          "roleArn": {
            "type": "string",
            "description": "Role arn",
            "compliance_category": "identity",
            "operators": [
              "equals",
              "not_equals",
              "contains",
              "in",
              "exists"
            ]
          },
          "s3BucketArn": {
            "type": "string",
            "description": "S bucket arn",
            "compliance_category": "identity",
            "operators": [
              "equals",
              "not_equals",
              "contains",
              "in",
              "exists"
            ]
          },
          "sources": {
            "type": "string",
            "description": "Sources",
            "compliance_category": "general"
          },
          "subscriberArn": {
            "type": "string",
            "description": "Subscriber arn",
            "compliance_category": "identity",
            "operators": [
              "equals",
              "not_equals",
              "contains",
              "in",
              "exists"
            ]
          },
          "subscriberDescription": {
            "type": "string",
            "description": "Subscriber description",
            "compliance_category": "general",
            "format": "date-time"
          },
          "subscriberEndpoint": {
            "type": "string",
            "description": "Subscriber endpoint",
            "compliance_category": "general"
          },
          "subscriberId": {
            "type": "string",
            "description": "Subscriber id",
            "compliance_category": "identity",
            "operators": [
              "equals",
              "not_equals",
              "in",
              "exists"
            ]
          },
          "subscriberIdentity": {
            "type": "string",
            "description": "Subscriber identity",
            "compliance_category": "identity",
            "operators": [
              "equals",
              "not_equals",
              "in",
              "exists"
            ]
          },
          "subscriberName": {
            "type": "string",
            "description": "Subscriber name",
            "compliance_category": "general"
          },
          "subscriberStatus": {
            "type": "string",
            "description": "Subscriber status",
            "compliance_category": "general",
            "format": "date-time"
          },
          "updatedAt": {
            "type": "string",
            "format": "date-time",
            "description": "Last update timestamp",
            "compliance_category": "general"
          }
        }
      },
      {
        "operation": "UpdateSubscriberNotification",
        "python_method": "update_subscriber_notification",
        "yaml_action": "update_subscriber_notification",
        "required_params": [
          "configuration",
          "subscriberId"
        ],
        "optional_params": [],
        "total_optional": 0,
        "output_fields": {
          "subscriberEndpoint": {
            "type": "string",
            "description": "subscriberEndpoint details",
            "compliance_category": "general",
            "operators": [
              "equals",
              "not_equals",
              "contains"
            ]
          }
        },
        "main_output_field": "subscriberEndpoint",
        "item_fields": []
      }
    ],
    "independent_count": 11,
    "dependent_count": 20
  }
}