{
  "service": "securitylake",
  "seed_from_list": [
    "accessTypes",
    "account",
    "createStatus",
    "createdAt",
    "dataLakeArn",
    "encryptionConfiguration",
    "exception",
    "key",
    "lifecycleConfiguration",
    "region",
    "remediation",
    "replicationConfiguration",
    "resourceShareArn",
    "resourceShareName",
    "roleArn",
    "s3BucketArn",
    "sources",
    "subscriberArn",
    "subscriberDescription",
    "subscriberEndpoint",
    "subscriberId",
    "subscriberIdentity",
    "subscriberName",
    "subscriberStatus",
    "timestamp",
    "updateStatus",
    "updatedAt",
    "value"
  ],
  "enriched_from_get_describe": [
    "accessTypes",
    "account",
    "autoEnableNewAccount",
    "createdAt",
    "dataLakeArn",
    "dataLakeSources",
    "eventClasses",
    "exceptionTimeToLive",
    "nextToken",
    "notificationEndpoint",
    "region",
    "resourceShareArn",
    "resourceShareName",
    "roleArn",
    "s3BucketArn",
    "sourceName",
    "sourceStatuses",
    "sources",
    "subscriber",
    "subscriberArn",
    "subscriberDescription",
    "subscriberEndpoint",
    "subscriberId",
    "subscriberIdentity",
    "subscriberName",
    "subscriberStatus",
    "subscriptionProtocol",
    "updatedAt"
  ],
  "final_union": [
    "accessTypes",
    "account",
    "autoEnableNewAccount",
    "createStatus",
    "createdAt",
    "dataLakeArn",
    "dataLakeSources",
    "encryptionConfiguration",
    "eventClasses",
    "exception",
    "exceptionTimeToLive",
    "key",
    "lifecycleConfiguration",
    "nextToken",
    "notificationEndpoint",
    "region",
    "remediation",
    "replicationConfiguration",
    "resourceShareArn",
    "resourceShareName",
    "roleArn",
    "s3BucketArn",
    "sourceName",
    "sourceStatuses",
    "sources",
    "subscriber",
    "subscriberArn",
    "subscriberDescription",
    "subscriberEndpoint",
    "subscriberId",
    "subscriberIdentity",
    "subscriberName",
    "subscriberStatus",
    "subscriptionProtocol",
    "timestamp",
    "updateStatus",
    "updatedAt",
    "value"
  ],
  "source": {
    "operation_registry": "services/securitylake/operation_registry.json",
    "read_ops_rule": "operation name startswith List/Get/Describe/Search/Lookup",
    "excluded_keys": [
      "nextToken",
      "maxResults"
    ]
  }
}