{
  "service": "securitylake",
  "version": "1.0",
  "kind_rules": {
    "read_list": ["List"],
    "read_get": ["Get", "Describe"],
    "write_create": ["Create", "Start", "Generate", "Import", "Enable", "Register"],
    "write_update": ["Update", "Modify", "Put", "Set", "Change", "Reset", "Patch"],
    "write_delete": ["Delete", "Remove", "Terminate", "Destroy", "Disable", "Detach", "Disassociate", "Untag", "Revoke"],
    "write_apply": ["Apply", "Attach", "Associate", "Add", "Tag", "Authorize", "Unauthorize", "Grant"],
    "other": ["default"]
  },
  "entity_aliases": {"securitylake.data_lake_sourc_source_name": "securitylake.source_name"},
  "overrides": {},
  "operations": {
    "CreateDataLakeOrganizationConfiguration": {
      "kind": "write_create",
      "side_effect": true,
      "sdk": {"client": "securitylake", "method": "create_data_lake_organization_configuration"},
      "consumes": [],
      "produces": [],
      "notes": ""
    },
    "DeleteDataLakeExceptionSubscription": {
      "kind": "write_delete",
      "side_effect": true,
      "sdk": {"client": "securitylake", "method": "delete_data_lake_exception_subscription"},
      "consumes": [],
      "produces": [],
      "notes": ""
    },
    "DeleteDataLakeOrganizationConfiguration": {
      "kind": "write_delete",
      "side_effect": true,
      "sdk": {"client": "securitylake", "method": "delete_data_lake_organization_configuration"},
      "consumes": [],
      "produces": [],
      "notes": ""
    },
    "DeregisterDataLakeDelegatedAdministrator": {
      "kind": "other",
      "side_effect": true,
      "sdk": {"client": "securitylake", "method": "deregister_data_lake_delegated_administrator"},
      "consumes": [],
      "produces": [],
      "notes": ""
    },
    "GetDataLakeExceptionSubscription": {
      "kind": "read_get",
      "side_effect": false,
      "sdk": {"client": "securitylake", "method": "get_data_lake_exception_subscription"},
      "consumes": [],
      "produces": [{"entity": "securitylake.exception_time_to_live", "source": "output", "path": "exceptionTimeToLive"}, {"entity": "securitylake.notification_endpoint", "source": "output", "path": "notificationEndpoint"}, {"entity": "securitylake.subscription_protocol", "source": "output", "path": "subscriptionProtocol"}],
      "notes": ""
    },
    "GetDataLakeOrganizationConfiguration": {
      "kind": "read_get",
      "side_effect": false,
      "sdk": {"client": "securitylake", "method": "get_data_lake_organization_configuration"},
      "consumes": [],
      "produces": [{"entity": "securitylake.auto_enable_new_account", "source": "output", "path": "autoEnableNewAccount"}, {"entity": "securitylake.auto_enable_new_account_region", "source": "item", "path": "autoEnableNewAccount.region"}, {"entity": "securitylake.auto_enable_new_account_sources", "source": "item", "path": "autoEnableNewAccount.sources"}],
      "notes": ""
    },
    "GetDataLakeSources": {
      "kind": "read_get",
      "side_effect": false,
      "sdk": {"client": "securitylake", "method": "get_data_lake_sources"},
      "consumes": [],
      "produces": [{"entity": "securitylake.data_lake_arn", "source": "output", "path": "dataLakeArn"}, {"entity": "securitylake.data_lake_sources", "source": "output", "path": "dataLakeSources"}, {"entity": "securitylake.next_token", "source": "output", "path": "nextToken"}, {"entity": "securitylake.data_lake_sourc_account", "source": "item", "path": "dataLakeSources.account"}, {"entity": "securitylake.data_lake_sourc_event_classes", "source": "item", "path": "dataLakeSources.eventClasses"}, {"entity": "securitylake.source_name", "source": "item", "path": "dataLakeSources.sourceName"}, {"entity": "securitylake.data_lake_sourc_source_statuses", "source": "item", "path": "dataLakeSources.sourceStatuses"}],
      "notes": ""
    },
    "ListDataLakeExceptions": {
      "kind": "read_list",
      "side_effect": false,
      "sdk": {"client": "securitylake", "method": "list_data_lake_exceptions"},
      "consumes": [],
      "produces": [{"entity": "securitylake.exceptions", "source": "output", "path": "exceptions"}, {"entity": "securitylake.next_token", "source": "output", "path": "nextToken"}, {"entity": "securitylake.exception_exception", "source": "item", "path": "exceptions[].exception"}, {"entity": "securitylake.exception_region", "source": "item", "path": "exceptions[].region"}, {"entity": "securitylake.exception_remediation", "source": "item", "path": "exceptions[].remediation"}, {"entity": "securitylake.exception_timestamp", "source": "item", "path": "exceptions[].timestamp"}],
      "notes": ""
    },
    "ListDataLakes": {
      "kind": "read_list",
      "side_effect": false,
      "sdk": {"client": "securitylake", "method": "list_data_lakes"},
      "consumes": [],
      "produces": [{"entity": "securitylake.data_lakes", "source": "output", "path": "dataLakes"}, {"entity": "securitylake.data_lak_create_status", "source": "item", "path": "dataLakes[].createStatus"}, {"entity": "securitylake.data_lak_data_lake_arn", "source": "item", "path": "dataLakes[].dataLakeArn"}, {"entity": "securitylake.data_lak_encryption_configuration", "source": "item", "path": "dataLakes[].encryptionConfiguration"}, {"entity": "securitylake.data_lak_lifecycle_configuration", "source": "item", "path": "dataLakes[].lifecycleConfiguration"}, {"entity": "securitylake.data_lak_region", "source": "item", "path": "dataLakes[].region"}, {"entity": "securitylake.data_lak_replication_configuration", "source": "item", "path": "dataLakes[].replicationConfiguration"}, {"entity": "securitylake.data_lak_s3_bucket_arn", "source": "item", "path": "dataLakes[].s3BucketArn"}, {"entity": "securitylake.data_lak_update_status", "source": "item", "path": "dataLakes[].updateStatus"}],
      "notes": ""
    },
    "ListLogSources": {
      "kind": "read_list",
      "side_effect": false,
      "sdk": {"client": "securitylake", "method": "list_log_sources"},
      "consumes": [],
      "produces": [{"entity": "securitylake.next_token", "source": "output", "path": "nextToken"}, {"entity": "securitylake.sources", "source": "output", "path": "sources"}, {"entity": "securitylake.sourc_account", "source": "item", "path": "sources[].account"}, {"entity": "securitylake.sourc_region", "source": "item", "path": "sources[].region"}, {"entity": "securitylake.sourc_sources", "source": "item", "path": "sources[].sources"}],
      "notes": ""
    },
    "ListSubscribers": {
      "kind": "read_list",
      "side_effect": false,
      "sdk": {"client": "securitylake", "method": "list_subscribers"},
      "consumes": [],
      "produces": [{"entity": "securitylake.next_token", "source": "output", "path": "nextToken"}, {"entity": "securitylake.subscribers", "source": "output", "path": "subscribers"}, {"entity": "securitylake.subscriber_access_types", "source": "item", "path": "subscribers[].accessTypes"}, {"entity": "securitylake.subscriber_created_at", "source": "item", "path": "subscribers[].createdAt"}, {"entity": "securitylake.subscriber_resource_share_arn", "source": "item", "path": "subscribers[].resourceShareArn"}, {"entity": "securitylake.subscriber_resource_share_name", "source": "item", "path": "subscribers[].resourceShareName"}, {"entity": "securitylake.subscriber_role_arn", "source": "item", "path": "subscribers[].roleArn"}, {"entity": "securitylake.subscriber_s3_bucket_arn", "source": "item", "path": "subscribers[].s3BucketArn"}, {"entity": "securitylake.subscriber_sources", "source": "item", "path": "subscribers[].sources"}, {"entity": "securitylake.subscriber_arn", "source": "item", "path": "subscribers[].subscriberArn"}, {"entity": "securitylake.subscriber_description", "source": "item", "path": "subscribers[].subscriberDescription"}, {"entity": "securitylake.subscriber_endpoint", "source": "item", "path": "subscribers[].subscriberEndpoint"}, {"entity": "securitylake.subscriber_id", "source": "item", "path": "subscribers[].subscriberId"}, {"entity": "securitylake.subscriber_identity", "source": "item", "path": "subscribers[].subscriberIdentity"}, {"entity": "securitylake.subscriber_name", "source": "item", "path": "subscribers[].subscriberName"}, {"entity": "securitylake.subscriber_status", "source": "item", "path": "subscribers[].subscriberStatus"}, {"entity": "securitylake.subscriber_updated_at", "source": "item", "path": "subscribers[].updatedAt"}],
      "notes": ""
    },
    "CreateAwsLogSource": {
      "kind": "write_create",
      "side_effect": true,
      "sdk": {"client": "securitylake", "method": "create_aws_log_source"},
      "consumes": [{"entity": "securitylake.sources", "param": "sources", "required": true, "source": "internal"}],
      "produces": [{"entity": "securitylake.failed", "source": "output", "path": "failed"}],
      "notes": ""
    },
    "CreateCustomLogSource": {
      "kind": "write_create",
      "side_effect": true,
      "sdk": {"client": "securitylake", "method": "create_custom_log_source"},
      "consumes": [{"entity": "securitylake.configuration", "param": "configuration", "required": true, "source": "external"}, {"entity": "securitylake.source_name", "param": "sourceName", "required": true, "source": "internal"}],
      "produces": [{"entity": "securitylake.source", "source": "output", "path": "source"}, {"entity": "securitylake.source_attributes", "source": "item", "path": "source.attributes"}, {"entity": "securitylake.source_provider", "source": "item", "path": "source.provider"}, {"entity": "securitylake.source_name", "source": "item", "path": "source.sourceName"}, {"entity": "securitylake.source_version", "source": "item", "path": "source.sourceVersion"}],
      "notes": ""
    },
    "CreateDataLake": {
      "kind": "write_create",
      "side_effect": true,
      "sdk": {"client": "securitylake", "method": "create_data_lake"},
      "consumes": [{"entity": "securitylake.configurations", "param": "configurations", "required": true, "source": "external"}, {"entity": "securitylake.metastoremanagerrole_arn", "param": "metaStoreManagerRoleArn", "required": true, "source": "external"}],
      "produces": [{"entity": "securitylake.data_lakes", "source": "output", "path": "dataLakes"}, {"entity": "securitylake.data_lak_create_status", "source": "item", "path": "dataLakes.createStatus"}, {"entity": "securitylake.data_lak_data_lake_arn", "source": "item", "path": "dataLakes.dataLakeArn"}, {"entity": "securitylake.data_lak_encryption_configuration", "source": "item", "path": "dataLakes.encryptionConfiguration"}, {"entity": "securitylake.data_lak_lifecycle_configuration", "source": "item", "path": "dataLakes.lifecycleConfiguration"}, {"entity": "securitylake.data_lak_region", "source": "item", "path": "dataLakes.region"}, {"entity": "securitylake.data_lak_replication_configuration", "source": "item", "path": "dataLakes.replicationConfiguration"}, {"entity": "securitylake.data_lak_s3_bucket_arn", "source": "item", "path": "dataLakes.s3BucketArn"}, {"entity": "securitylake.data_lak_update_status", "source": "item", "path": "dataLakes.updateStatus"}],
      "notes": ""
    },
    "CreateDataLakeExceptionSubscription": {
      "kind": "write_create",
      "side_effect": true,
      "sdk": {"client": "securitylake", "method": "create_data_lake_exception_subscription"},
      "consumes": [{"entity": "securitylake.notification_endpoint", "param": "notificationEndpoint", "required": true, "source": "internal"}, {"entity": "securitylake.subscription_protocol", "param": "subscriptionProtocol", "required": true, "source": "internal"}],
      "produces": [],
      "notes": ""
    },
    "CreateSubscriber": {
      "kind": "write_create",
      "side_effect": true,
      "sdk": {"client": "securitylake", "method": "create_subscriber"},
      "consumes": [{"entity": "securitylake.sources", "param": "sources", "required": true, "source": "internal"}, {"entity": "securitylake.subscriber_identity", "param": "subscriberIdentity", "required": true, "source": "internal"}, {"entity": "securitylake.subscriber_name", "param": "subscriberName", "required": true, "source": "internal"}],
      "produces": [{"entity": "securitylake.subscriber", "source": "output", "path": "subscriber"}, {"entity": "securitylake.subscriber_access_types", "source": "item", "path": "subscriber.accessTypes"}, {"entity": "securitylake.subscriber_created_at", "source": "item", "path": "subscriber.createdAt"}, {"entity": "securitylake.subscriber_resource_share_arn", "source": "item", "path": "subscriber.resourceShareArn"}, {"entity": "securitylake.subscriber_resource_share_name", "source": "item", "path": "subscriber.resourceShareName"}, {"entity": "securitylake.subscriber_role_arn", "source": "item", "path": "subscriber.roleArn"}, {"entity": "securitylake.subscriber_s3_bucket_arn", "source": "item", "path": "subscriber.s3BucketArn"}, {"entity": "securitylake.subscriber_sources", "source": "item", "path": "subscriber.sources"}, {"entity": "securitylake.subscriber_arn", "source": "item", "path": "subscriber.subscriberArn"}, {"entity": "securitylake.subscriber_description", "source": "item", "path": "subscriber.subscriberDescription"}, {"entity": "securitylake.subscriber_endpoint", "source": "item", "path": "subscriber.subscriberEndpoint"}, {"entity": "securitylake.subscriber_id", "source": "item", "path": "subscriber.subscriberId"}, {"entity": "securitylake.subscriber_identity", "source": "item", "path": "subscriber.subscriberIdentity"}, {"entity": "securitylake.subscriber_name", "source": "item", "path": "subscriber.subscriberName"}, {"entity": "securitylake.subscriber_status", "source": "item", "path": "subscriber.subscriberStatus"}, {"entity": "securitylake.subscriber_updated_at", "source": "item", "path": "subscriber.updatedAt"}],
      "notes": ""
    },
    "CreateSubscriberNotification": {
      "kind": "write_create",
      "side_effect": true,
      "sdk": {"client": "securitylake", "method": "create_subscriber_notification"},
      "consumes": [{"entity": "securitylake.configuration", "param": "configuration", "required": true, "source": "external"}, {"entity": "securitylake.subscriber_id", "param": "subscriberId", "required": true, "source": "internal"}],
      "produces": [{"entity": "securitylake.subscriber_endpoint", "source": "output", "path": "subscriberEndpoint"}],
      "notes": ""
    },
    "DeleteAwsLogSource": {
      "kind": "write_delete",
      "side_effect": true,
      "sdk": {"client": "securitylake", "method": "delete_aws_log_source"},
      "consumes": [{"entity": "securitylake.sources", "param": "sources", "required": true, "source": "internal"}],
      "produces": [{"entity": "securitylake.failed", "source": "output", "path": "failed"}],
      "notes": ""
    },
    "DeleteCustomLogSource": {
      "kind": "write_delete",
      "side_effect": true,
      "sdk": {"client": "securitylake", "method": "delete_custom_log_source"},
      "consumes": [{"entity": "securitylake.source_name", "param": "sourceName", "required": true, "source": "internal"}],
      "produces": [],
      "notes": ""
    },
    "DeleteDataLake": {
      "kind": "write_delete",
      "side_effect": true,
      "sdk": {"client": "securitylake", "method": "delete_data_lake"},
      "consumes": [{"entity": "securitylake.regions", "param": "regions", "required": true, "source": "external"}],
      "produces": [],
      "notes": ""
    },
    "DeleteSubscriber": {
      "kind": "write_delete",
      "side_effect": true,
      "sdk": {"client": "securitylake", "method": "delete_subscriber"},
      "consumes": [{"entity": "securitylake.subscriber_id", "param": "subscriberId", "required": true, "source": "internal"}],
      "produces": [],
      "notes": ""
    },
    "DeleteSubscriberNotification": {
      "kind": "write_delete",
      "side_effect": true,
      "sdk": {"client": "securitylake", "method": "delete_subscriber_notification"},
      "consumes": [{"entity": "securitylake.subscriber_id", "param": "subscriberId", "required": true, "source": "internal"}],
      "produces": [],
      "notes": ""
    },
    "GetSubscriber": {
      "kind": "read_get",
      "side_effect": false,
      "sdk": {"client": "securitylake", "method": "get_subscriber"},
      "consumes": [{"entity": "securitylake.subscriber_id", "param": "subscriberId", "required": true, "source": "internal"}],
      "produces": [{"entity": "securitylake.subscriber", "source": "output", "path": "subscriber"}, {"entity": "securitylake.subscriber_access_types", "source": "item", "path": "subscriber.accessTypes"}, {"entity": "securitylake.subscriber_created_at", "source": "item", "path": "subscriber.createdAt"}, {"entity": "securitylake.subscriber_resource_share_arn", "source": "item", "path": "subscriber.resourceShareArn"}, {"entity": "securitylake.subscriber_resource_share_name", "source": "item", "path": "subscriber.resourceShareName"}, {"entity": "securitylake.subscriber_role_arn", "source": "item", "path": "subscriber.roleArn"}, {"entity": "securitylake.subscriber_s3_bucket_arn", "source": "item", "path": "subscriber.s3BucketArn"}, {"entity": "securitylake.subscriber_sources", "source": "item", "path": "subscriber.sources"}, {"entity": "securitylake.subscriber_arn", "source": "item", "path": "subscriber.subscriberArn"}, {"entity": "securitylake.subscriber_description", "source": "item", "path": "subscriber.subscriberDescription"}, {"entity": "securitylake.subscriber_endpoint", "source": "item", "path": "subscriber.subscriberEndpoint"}, {"entity": "securitylake.subscriber_id", "source": "item", "path": "subscriber.subscriberId"}, {"entity": "securitylake.subscriber_identity", "source": "item", "path": "subscriber.subscriberIdentity"}, {"entity": "securitylake.subscriber_name", "source": "item", "path": "subscriber.subscriberName"}, {"entity": "securitylake.subscriber_status", "source": "item", "path": "subscriber.subscriberStatus"}, {"entity": "securitylake.subscriber_updated_at", "source": "item", "path": "subscriber.updatedAt"}],
      "notes": ""
    },
    "ListTagsForResource": {
      "kind": "read_list",
      "side_effect": false,
      "sdk": {"client": "securitylake", "method": "list_tags_for_resource"},
      "consumes": [{"entity": "securitylake.resource_arn", "param": "resourceArn", "required": true, "source": "external"}],
      "produces": [{"entity": "securitylake.tags", "source": "output", "path": "tags"}, {"entity": "securitylake.tag_key", "source": "item", "path": "tags[].key"}, {"entity": "securitylake.tag_value", "source": "item", "path": "tags[].value"}],
      "notes": ""
    },
    "RegisterDataLakeDelegatedAdministrator": {
      "kind": "write_create",
      "side_effect": true,
      "sdk": {"client": "securitylake", "method": "register_data_lake_delegated_administrator"},
      "consumes": [{"entity": "securitylake.account_id", "param": "accountId", "required": true, "source": "external"}],
      "produces": [],
      "notes": ""
    },
    "TagResource": {
      "kind": "write_apply",
      "side_effect": true,
      "sdk": {"client": "securitylake", "method": "tag_resource"},
      "consumes": [{"entity": "securitylake.resource_arn", "param": "resourceArn", "required": true, "source": "external"}, {"entity": "securitylake.tags", "param": "tags", "required": true, "source": "internal"}],
      "produces": [],
      "notes": ""
    },
    "UntagResource": {
      "kind": "write_delete",
      "side_effect": true,
      "sdk": {"client": "securitylake", "method": "untag_resource"},
      "consumes": [{"entity": "securitylake.resource_arn", "param": "resourceArn", "required": true, "source": "external"}, {"entity": "securitylake.tag_keys", "param": "tagKeys", "required": true, "source": "external"}],
      "produces": [],
      "notes": ""
    },
    "UpdateDataLake": {
      "kind": "write_update",
      "side_effect": true,
      "sdk": {"client": "securitylake", "method": "update_data_lake"},
      "consumes": [{"entity": "securitylake.configurations", "param": "configurations", "required": true, "source": "external"}],
      "produces": [{"entity": "securitylake.data_lakes", "source": "output", "path": "dataLakes"}, {"entity": "securitylake.data_lak_create_status", "source": "item", "path": "dataLakes.createStatus"}, {"entity": "securitylake.data_lak_data_lake_arn", "source": "item", "path": "dataLakes.dataLakeArn"}, {"entity": "securitylake.data_lak_encryption_configuration", "source": "item", "path": "dataLakes.encryptionConfiguration"}, {"entity": "securitylake.data_lak_lifecycle_configuration", "source": "item", "path": "dataLakes.lifecycleConfiguration"}, {"entity": "securitylake.data_lak_region", "source": "item", "path": "dataLakes.region"}, {"entity": "securitylake.data_lak_replication_configuration", "source": "item", "path": "dataLakes.replicationConfiguration"}, {"entity": "securitylake.data_lak_s3_bucket_arn", "source": "item", "path": "dataLakes.s3BucketArn"}, {"entity": "securitylake.data_lak_update_status", "source": "item", "path": "dataLakes.updateStatus"}],
      "notes": ""
    },
    "UpdateDataLakeExceptionSubscription": {
      "kind": "write_update",
      "side_effect": true,
      "sdk": {"client": "securitylake", "method": "update_data_lake_exception_subscription"},
      "consumes": [{"entity": "securitylake.notification_endpoint", "param": "notificationEndpoint", "required": true, "source": "internal"}, {"entity": "securitylake.subscription_protocol", "param": "subscriptionProtocol", "required": true, "source": "internal"}],
      "produces": [],
      "notes": ""
    },
    "UpdateSubscriber": {
      "kind": "write_update",
      "side_effect": true,
      "sdk": {"client": "securitylake", "method": "update_subscriber"},
      "consumes": [{"entity": "securitylake.subscriber_id", "param": "subscriberId", "required": true, "source": "internal"}],
      "produces": [{"entity": "securitylake.subscriber", "source": "output", "path": "subscriber"}, {"entity": "securitylake.subscriber_access_types", "source": "item", "path": "subscriber.accessTypes"}, {"entity": "securitylake.subscriber_created_at", "source": "item", "path": "subscriber.createdAt"}, {"entity": "securitylake.subscriber_resource_share_arn", "source": "item", "path": "subscriber.resourceShareArn"}, {"entity": "securitylake.subscriber_resource_share_name", "source": "item", "path": "subscriber.resourceShareName"}, {"entity": "securitylake.subscriber_role_arn", "source": "item", "path": "subscriber.roleArn"}, {"entity": "securitylake.subscriber_s3_bucket_arn", "source": "item", "path": "subscriber.s3BucketArn"}, {"entity": "securitylake.subscriber_sources", "source": "item", "path": "subscriber.sources"}, {"entity": "securitylake.subscriber_arn", "source": "item", "path": "subscriber.subscriberArn"}, {"entity": "securitylake.subscriber_description", "source": "item", "path": "subscriber.subscriberDescription"}, {"entity": "securitylake.subscriber_endpoint", "source": "item", "path": "subscriber.subscriberEndpoint"}, {"entity": "securitylake.subscriber_id", "source": "item", "path": "subscriber.subscriberId"}, {"entity": "securitylake.subscriber_identity", "source": "item", "path": "subscriber.subscriberIdentity"}, {"entity": "securitylake.subscriber_name", "source": "item", "path": "subscriber.subscriberName"}, {"entity": "securitylake.subscriber_status", "source": "item", "path": "subscriber.subscriberStatus"}, {"entity": "securitylake.subscriber_updated_at", "source": "item", "path": "subscriber.updatedAt"}],
      "notes": ""
    },
    "UpdateSubscriberNotification": {
      "kind": "write_update",
      "side_effect": true,
      "sdk": {"client": "securitylake", "method": "update_subscriber_notification"},
      "consumes": [{"entity": "securitylake.configuration", "param": "configuration", "required": true, "source": "external"}, {"entity": "securitylake.subscriber_id", "param": "subscriberId", "required": true, "source": "internal"}],
      "produces": [{"entity": "securitylake.subscriber_endpoint", "source": "output", "path": "subscriberEndpoint"}],
      "notes": ""
    }
  }
}