{
  "service": "codeguruprofiler",
  "fixes": [
    {
      "rule_id": "1",
      "suggested_check": {
        "var": "reportSummaries.id",
        "op": "equals",
        "value": "codeguruprofiler.report_id",
        "derived": "has_findings",
        "derive_key": "codeguruprofiler.findings_report_id"
      },
      "suggested_aliases": {
        "entity_aliases": {
          "alias": "report_id"
        },
        "param_aliases": {
          "param": [
            "report_summaries_id"
          ]
        }
      },
      "confidence": 0.85,
      "reason": "The direct variable 'reportSummaries.id' matches the expected entity 'codeguruprofiler.report_id' with high confidence."
    },
    {
      "rule_id": "2",
      "suggested_check": {
        "var": "findingsReportSummaries[].id",
        "op": "equals",
        "value": "codeguruprofiler.findings_report_id",
        "derived": "has_findings",
        "derive_key": "codeguruprofiler.findings_report_id"
      },
      "suggested_aliases": {
        "entity_aliases": {
          "alias": "findings_report_id"
        },
        "param_aliases": {
          "param": [
            "findings_report_summaries_id"
          ]
        }
      },
      "confidence": 0.9,
      "reason": "The direct variable 'findingsReportSummaries[].id' aligns with the entity 'codeguruprofiler.findings_report_id', indicating a strong match."
    }
  ],
  "summary": {
    "total_fixes": 2,
    "remaining_unresolved": 2
  }
}