{
  "geo-places": {
    "service": "geo-places",
    "total_operations": 7,
    "independent": [
      {
        "operation": "Geocode",
        "python_method": "geocode",
        "yaml_action": "geocode",
        "required_params": [],
        "optional_params": [
          "QueryText",
          "QueryComponents",
          "MaxResults",
          "BiasPosition",
          "Filter"
        ],
        "total_optional": 10,
        "output_fields": {
          "PricingBucket": {
            "type": "string",
            "description": "PricingBucket details",
            "compliance_category": "general",
            "operators": [
              "equals",
              "not_equals",
              "contains"
            ]
          },
          "ResultItems": {
            "type": "string",
            "description": "ResultItems details",
            "compliance_category": "general",
            "operators": [
              "equals",
              "not_equals",
              "contains"
            ]
          }
        },
        "main_output_field": "ResultItems",
        "item_fields": {
          "PlaceId": {
            "type": "string",
            "description": "Place id",
            "compliance_category": "identity",
            "operators": [
              "equals",
              "not_equals",
              "in",
              "exists"
            ]
          },
          "PlaceType": {
            "type": "string",
            "description": "Place type",
            "compliance_category": "general"
          },
          "Title": {
            "type": "string",
            "description": "Title",
            "compliance_category": "general"
          },
          "Address": {
            "type": "string",
            "description": "Address",
            "compliance_category": "general"
          },
          "AddressNumberCorrected": {
            "type": "integer",
            "description": "Address number corrected",
            "compliance_category": "general"
          },
          "PostalCodeDetails": {
            "type": "string",
            "description": "Postal code details",
            "compliance_category": "general"
          },
          "Position": {
            "type": "string",
            "description": "Position",
            "compliance_category": "general",
            "format": "date-time"
          },
          "Distance": {
            "type": "boolean",
            "description": "Distance",
            "compliance_category": "general"
          },
          "MapView": {
            "type": "string",
            "description": "Map view",
            "compliance_category": "general"
          },
          "Categories": {
            "type": "string",
            "description": "Categories",
            "compliance_category": "general",
            "format": "date-time"
          },
          "FoodTypes": {
            "type": "string",
            "description": "Food types",
            "compliance_category": "general"
          },
          "AccessPoints": {
            "type": "string",
            "description": "Access points",
            "compliance_category": "security",
            "security_impact": "medium"
          },
          "TimeZone": {
            "type": "string",
            "description": "Time zone",
            "compliance_category": "general",
            "format": "date-time"
          },
          "PoliticalView": {
            "type": "string",
            "description": "Political view",
            "compliance_category": "general"
          },
          "MatchScores": {
            "type": "string",
            "description": "Match scores",
            "compliance_category": "general",
            "format": "date-time"
          },
          "ParsedQuery": {
            "type": "string",
            "description": "Parsed query",
            "compliance_category": "general"
          },
          "Intersections": {
            "type": "string",
            "description": "Intersections",
            "compliance_category": "general",
            "format": "date-time"
          },
          "MainAddress": {
            "type": "string",
            "description": "Main address",
            "compliance_category": "general"
          },
          "SecondaryAddresses": {
            "type": "string",
            "description": "Secondary addresses",
            "compliance_category": "general",
            "format": "date-time"
          }
        }
      },
      {
        "operation": "SearchText",
        "python_method": "search_text",
        "yaml_action": "search_text",
        "required_params": [],
        "optional_params": [
          "QueryText",
          "QueryId",
          "MaxResults",
          "BiasPosition",
          "Filter"
        ],
        "total_optional": 11,
        "output_fields": {
          "PricingBucket": {
            "type": "string",
            "description": "PricingBucket details",
            "compliance_category": "general",
            "operators": [
              "equals",
              "not_equals",
              "contains"
            ]
          },
          "ResultItems": {
            "type": "string",
            "description": "ResultItems details",
            "compliance_category": "general",
            "operators": [
              "equals",
              "not_equals",
              "contains"
            ]
          },
          "NextToken": {
            "type": "string",
            "description": "NextToken details",
            "compliance_category": "general",
            "operators": [
              "equals",
              "not_equals",
              "contains"
            ],
            "security_impact": "high"
          }
        },
        "main_output_field": "ResultItems",
        "item_fields": {
          "PlaceId": {
            "type": "string",
            "description": "Place id",
            "compliance_category": "identity",
            "operators": [
              "equals",
              "not_equals",
              "in",
              "exists"
            ]
          },
          "PlaceType": {
            "type": "string",
            "description": "Place type",
            "compliance_category": "general"
          },
          "Title": {
            "type": "string",
            "description": "Title",
            "compliance_category": "general"
          },
          "Address": {
            "type": "string",
            "description": "Address",
            "compliance_category": "general"
          },
          "AddressNumberCorrected": {
            "type": "integer",
            "description": "Address number corrected",
            "compliance_category": "general"
          },
          "Position": {
            "type": "string",
            "description": "Position",
            "compliance_category": "general",
            "format": "date-time"
          },
          "Distance": {
            "type": "boolean",
            "description": "Distance",
            "compliance_category": "general"
          },
          "MapView": {
            "type": "string",
            "description": "Map view",
            "compliance_category": "general"
          },
          "Categories": {
            "type": "string",
            "description": "Categories",
            "compliance_category": "general",
            "format": "date-time"
          },
          "FoodTypes": {
            "type": "string",
            "description": "Food types",
            "compliance_category": "general"
          },
          "BusinessChains": {
            "type": "string",
            "description": "Business chains",
            "compliance_category": "general"
          },
          "Contacts": {
            "type": "string",
            "description": "Contacts",
            "compliance_category": "general",
            "format": "date-time"
          },
          "OpeningHours": {
            "type": "string",
            "description": "Opening hours",
            "compliance_category": "general"
          },
          "AccessPoints": {
            "type": "string",
            "description": "Access points",
            "compliance_category": "security",
            "security_impact": "medium"
          },
          "AccessRestrictions": {
            "type": "string",
            "description": "Access restrictions",
            "compliance_category": "general",
            "format": "date-time"
          },
          "TimeZone": {
            "type": "string",
            "description": "Time zone",
            "compliance_category": "general",
            "format": "date-time"
          },
          "PoliticalView": {
            "type": "string",
            "description": "Political view",
            "compliance_category": "general"
          },
          "Phonemes": {
            "type": "string",
            "description": "Phonemes",
            "compliance_category": "general",
            "format": "date-time"
          }
        }
      }
    ],
    "dependent": [
      {
        "operation": "Autocomplete",
        "python_method": "autocomplete",
        "yaml_action": "autocomplete",
        "required_params": [
          "QueryText"
        ],
        "optional_params": [
          "MaxResults",
          "BiasPosition",
          "Filter",
          "PostalCodeMode",
          "AdditionalFeatures"
        ],
        "total_optional": 9,
        "output_fields": {
          "PricingBucket": {
            "type": "string",
            "description": "PricingBucket details",
            "compliance_category": "general",
            "operators": [
              "equals",
              "not_equals",
              "contains"
            ]
          },
          "ResultItems": {
            "type": "string",
            "description": "ResultItems details",
            "compliance_category": "general",
            "operators": [
              "equals",
              "not_equals",
              "contains"
            ]
          }
        },
        "main_output_field": "ResultItems",
        "item_fields": {
          "PlaceId": {
            "type": "string",
            "description": "Place id",
            "compliance_category": "identity",
            "operators": [
              "equals",
              "not_equals",
              "in",
              "exists"
            ]
          },
          "PlaceType": {
            "type": "string",
            "description": "Place type",
            "compliance_category": "general"
          },
          "Title": {
            "type": "string",
            "description": "Title",
            "compliance_category": "general"
          },
          "Address": {
            "type": "string",
            "description": "Address",
            "compliance_category": "general"
          },
          "Distance": {
            "type": "boolean",
            "description": "Distance",
            "compliance_category": "general"
          },
          "Language": {
            "type": "string",
            "description": "Language",
            "compliance_category": "general"
          },
          "PoliticalView": {
            "type": "string",
            "description": "Political view",
            "compliance_category": "general"
          },
          "Highlights": {
            "type": "string",
            "description": "Highlights",
            "compliance_category": "general"
          }
        }
      },
      {
        "operation": "GetPlace",
        "python_method": "get_place",
        "yaml_action": "get_place",
        "required_params": [
          "PlaceId"
        ],
        "optional_params": [
          "AdditionalFeatures",
          "Language",
          "PoliticalView",
          "IntendedUse",
          "Key"
        ],
        "total_optional": 5,
        "output_fields": {
          "PlaceId": {
            "type": "string",
            "description": "PlaceId details",
            "compliance_category": "identity",
            "operators": [
              "equals",
              "not_equals",
              "contains",
              "in",
              "exists"
            ]
          },
          "PlaceType": {
            "type": "string",
            "description": "PlaceType details",
            "compliance_category": "general",
            "operators": [
              "equals",
              "not_equals",
              "contains"
            ]
          },
          "Title": {
            "type": "string",
            "description": "Title details",
            "compliance_category": "general",
            "operators": [
              "equals",
              "not_equals",
              "contains"
            ]
          },
          "PricingBucket": {
            "type": "string",
            "description": "PricingBucket details",
            "compliance_category": "general",
            "operators": [
              "equals",
              "not_equals",
              "contains"
            ]
          },
          "Address": {
            "type": "string",
            "description": "Address details",
            "compliance_category": "general",
            "operators": [
              "equals",
              "not_equals",
              "contains"
            ]
          },
          "AddressNumberCorrected": {
            "type": "integer",
            "description": "AddressNumberCorrected details",
            "compliance_category": "general",
            "operators": [
              "equals",
              "not_equals",
              "contains"
            ]
          },
          "PostalCodeDetails": {
            "type": "string",
            "description": "PostalCodeDetails details",
            "compliance_category": "general",
            "operators": [
              "equals",
              "not_equals",
              "contains"
            ]
          },
          "Position": {
            "type": "string",
            "description": "Position details",
            "compliance_category": "general",
            "operators": [
              "equals",
              "not_equals",
              "contains"
            ]
          },
          "MapView": {
            "type": "string",
            "description": "MapView details",
            "compliance_category": "general",
            "operators": [
              "equals",
              "not_equals",
              "contains"
            ]
          },
          "Categories": {
            "type": "string",
            "description": "Categories details",
            "compliance_category": "general",
            "format": "date-time",
            "operators": [
              "equals",
              "not_equals",
              "contains"
            ]
          },
          "FoodTypes": {
            "type": "string",
            "description": "FoodTypes details",
            "compliance_category": "general",
            "operators": [
              "equals",
              "not_equals",
              "contains"
            ]
          },
          "BusinessChains": {
            "type": "string",
            "description": "BusinessChains details",
            "compliance_category": "general",
            "operators": [
              "equals",
              "not_equals",
              "contains"
            ]
          },
          "Contacts": {
            "type": "string",
            "description": "Contacts details",
            "compliance_category": "general",
            "operators": [
              "equals",
              "not_equals",
              "contains"
            ]
          },
          "OpeningHours": {
            "type": "string",
            "description": "OpeningHours details",
            "compliance_category": "general",
            "operators": [
              "equals",
              "not_equals",
              "contains"
            ]
          },
          "AccessPoints": {
            "type": "string",
            "description": "AccessPoints details",
            "compliance_category": "security",
            "operators": [
              "equals",
              "not_equals",
              "in",
              "exists"
            ],
            "security_impact": "medium"
          },
          "AccessRestrictions": {
            "type": "string",
            "description": "AccessRestrictions details",
            "compliance_category": "security",
            "operators": [
              "equals",
              "not_equals",
              "in",
              "exists"
            ],
            "security_impact": "medium"
          },
          "TimeZone": {
            "type": "string",
            "description": "TimeZone details",
            "compliance_category": "general",
            "format": "date-time",
            "operators": [
              "equals",
              "not_equals",
              "contains"
            ]
          },
          "PoliticalView": {
            "type": "string",
            "description": "PoliticalView details",
            "compliance_category": "general",
            "operators": [
              "equals",
              "not_equals",
              "contains"
            ]
          },
          "Phonemes": {
            "type": "string",
            "description": "Phonemes details",
            "compliance_category": "general",
            "operators": [
              "equals",
              "not_equals",
              "contains"
            ]
          },
          "MainAddress": {
            "type": "string",
            "description": "MainAddress details",
            "compliance_category": "general",
            "operators": [
              "equals",
              "not_equals",
              "contains"
            ]
          },
          "SecondaryAddresses": {
            "type": "string",
            "description": "SecondaryAddresses details",
            "compliance_category": "general",
            "operators": [
              "equals",
              "not_equals",
              "contains"
            ]
          }
        },
        "main_output_field": "PostalCodeDetails",
        "item_fields": {
          "PostalCode": {
            "type": "string",
            "description": "Postal code",
            "compliance_category": "general"
          },
          "PostalAuthority": {
            "type": "string",
            "description": "Postal authority",
            "compliance_category": "general"
          },
          "PostalCodeType": {
            "type": "string",
            "description": "Postal code type",
            "compliance_category": "general"
          },
          "UspsZip": {
            "type": "string",
            "description": "Usps zip",
            "compliance_category": "general"
          },
          "UspsZipPlus4": {
            "type": "string",
            "description": "Usps zip plus",
            "compliance_category": "general"
          }
        }
      },
      {
        "operation": "ReverseGeocode",
        "python_method": "reverse_geocode",
        "yaml_action": "reverse_geocode",
        "required_params": [
          "QueryPosition"
        ],
        "optional_params": [
          "QueryRadius",
          "MaxResults",
          "Filter",
          "AdditionalFeatures",
          "Language"
        ],
        "total_optional": 8,
        "output_fields": {
          "PricingBucket": {
            "type": "string",
            "description": "PricingBucket details",
            "compliance_category": "general",
            "operators": [
              "equals",
              "not_equals",
              "contains"
            ]
          },
          "ResultItems": {
            "type": "string",
            "description": "ResultItems details",
            "compliance_category": "general",
            "operators": [
              "equals",
              "not_equals",
              "contains"
            ]
          }
        },
        "main_output_field": "ResultItems",
        "item_fields": {
          "PlaceId": {
            "type": "string",
            "description": "Place id",
            "compliance_category": "identity",
            "operators": [
              "equals",
              "not_equals",
              "in",
              "exists"
            ]
          },
          "PlaceType": {
            "type": "string",
            "description": "Place type",
            "compliance_category": "general"
          },
          "Title": {
            "type": "string",
            "description": "Title",
            "compliance_category": "general"
          },
          "Address": {
            "type": "string",
            "description": "Address",
            "compliance_category": "general"
          },
          "AddressNumberCorrected": {
            "type": "integer",
            "description": "Address number corrected",
            "compliance_category": "general"
          },
          "PostalCodeDetails": {
            "type": "string",
            "description": "Postal code details",
            "compliance_category": "general"
          },
          "Position": {
            "type": "string",
            "description": "Position",
            "compliance_category": "general",
            "format": "date-time"
          },
          "Distance": {
            "type": "boolean",
            "description": "Distance",
            "compliance_category": "general"
          },
          "MapView": {
            "type": "string",
            "description": "Map view",
            "compliance_category": "general"
          },
          "Categories": {
            "type": "string",
            "description": "Categories",
            "compliance_category": "general",
            "format": "date-time"
          },
          "FoodTypes": {
            "type": "string",
            "description": "Food types",
            "compliance_category": "general"
          },
          "AccessPoints": {
            "type": "string",
            "description": "Access points",
            "compliance_category": "security",
            "security_impact": "medium"
          },
          "TimeZone": {
            "type": "string",
            "description": "Time zone",
            "compliance_category": "general",
            "format": "date-time"
          },
          "PoliticalView": {
            "type": "string",
            "description": "Political view",
            "compliance_category": "general"
          },
          "Intersections": {
            "type": "string",
            "description": "Intersections",
            "compliance_category": "general",
            "format": "date-time"
          }
        }
      },
      {
        "operation": "SearchNearby",
        "python_method": "search_nearby",
        "yaml_action": "search_nearby",
        "required_params": [
          "QueryPosition"
        ],
        "optional_params": [
          "QueryRadius",
          "MaxResults",
          "Filter",
          "AdditionalFeatures",
          "Language"
        ],
        "total_optional": 9,
        "output_fields": {
          "PricingBucket": {
            "type": "string",
            "description": "PricingBucket details",
            "compliance_category": "general",
            "operators": [
              "equals",
              "not_equals",
              "contains"
            ]
          },
          "ResultItems": {
            "type": "string",
            "description": "ResultItems details",
            "compliance_category": "general",
            "operators": [
              "equals",
              "not_equals",
              "contains"
            ]
          },
          "NextToken": {
            "type": "string",
            "description": "NextToken details",
            "compliance_category": "general",
            "operators": [
              "equals",
              "not_equals",
              "contains"
            ],
            "security_impact": "high"
          }
        },
        "main_output_field": "ResultItems",
        "item_fields": {
          "PlaceId": {
            "type": "string",
            "description": "Place id",
            "compliance_category": "identity",
            "operators": [
              "equals",
              "not_equals",
              "in",
              "exists"
            ]
          },
          "PlaceType": {
            "type": "string",
            "description": "Place type",
            "compliance_category": "general"
          },
          "Title": {
            "type": "string",
            "description": "Title",
            "compliance_category": "general"
          },
          "Address": {
            "type": "string",
            "description": "Address",
            "compliance_category": "general"
          },
          "AddressNumberCorrected": {
            "type": "integer",
            "description": "Address number corrected",
            "compliance_category": "general"
          },
          "Position": {
            "type": "string",
            "description": "Position",
            "compliance_category": "general",
            "format": "date-time"
          },
          "Distance": {
            "type": "boolean",
            "description": "Distance",
            "compliance_category": "general"
          },
          "MapView": {
            "type": "string",
            "description": "Map view",
            "compliance_category": "general"
          },
          "Categories": {
            "type": "string",
            "description": "Categories",
            "compliance_category": "general",
            "format": "date-time"
          },
          "FoodTypes": {
            "type": "string",
            "description": "Food types",
            "compliance_category": "general"
          },
          "BusinessChains": {
            "type": "string",
            "description": "Business chains",
            "compliance_category": "general"
          },
          "Contacts": {
            "type": "string",
            "description": "Contacts",
            "compliance_category": "general",
            "format": "date-time"
          },
          "OpeningHours": {
            "type": "string",
            "description": "Opening hours",
            "compliance_category": "general"
          },
          "AccessPoints": {
            "type": "string",
            "description": "Access points",
            "compliance_category": "security",
            "security_impact": "medium"
          },
          "AccessRestrictions": {
            "type": "string",
            "description": "Access restrictions",
            "compliance_category": "general",
            "format": "date-time"
          },
          "TimeZone": {
            "type": "string",
            "description": "Time zone",
            "compliance_category": "general",
            "format": "date-time"
          },
          "PoliticalView": {
            "type": "string",
            "description": "Political view",
            "compliance_category": "general"
          },
          "Phonemes": {
            "type": "string",
            "description": "Phonemes",
            "compliance_category": "general",
            "format": "date-time"
          }
        }
      },
      {
        "operation": "Suggest",
        "python_method": "suggest",
        "yaml_action": "suggest",
        "required_params": [
          "QueryText"
        ],
        "optional_params": [
          "MaxResults",
          "MaxQueryRefinements",
          "BiasPosition",
          "Filter",
          "AdditionalFeatures"
        ],
        "total_optional": 9,
        "output_fields": {
          "PricingBucket": {
            "type": "string",
            "description": "PricingBucket details",
            "compliance_category": "general",
            "operators": [
              "equals",
              "not_equals",
              "contains"
            ]
          },
          "ResultItems": {
            "type": "string",
            "description": "ResultItems details",
            "compliance_category": "general",
            "operators": [
              "equals",
              "not_equals",
              "contains"
            ]
          },
          "QueryRefinements": {
            "type": "string",
            "description": "QueryRefinements details",
            "compliance_category": "general",
            "operators": [
              "equals",
              "not_equals",
              "contains"
            ]
          }
        },
        "main_output_field": "ResultItems",
        "item_fields": {
          "Title": {
            "type": "string",
            "description": "Title",
            "compliance_category": "general"
          },
          "SuggestResultItemType": {
            "type": "string",
            "description": "Suggest result item type",
            "compliance_category": "general"
          },
          "Place": {
            "type": "string",
            "description": "Place",
            "compliance_category": "general"
          },
          "Query": {
            "type": "string",
            "description": "Query",
            "compliance_category": "general"
          },
          "Highlights": {
            "type": "string",
            "description": "Highlights",
            "compliance_category": "general"
          }
        }
      }
    ],
    "independent_count": 2,
    "dependent_count": 5
  }
}