{
  "elastictranscoder": {
    "service": "elastictranscoder",
    "total_operations": 17,
    "independent": [
      {
        "operation": "ListPipelines",
        "python_method": "list_pipelines",
        "yaml_action": "list_pipelines",
        "required_params": [],
        "optional_params": [
          "Ascending",
          "PageToken"
        ],
        "total_optional": 2,
        "output_fields": {
          "Pipelines": {
            "type": "string",
            "description": "Pipelines details",
            "compliance_category": "general",
            "operators": [
              "equals",
              "not_equals",
              "contains"
            ]
          },
          "NextPageToken": {
            "type": "string",
            "description": "NextPageToken details",
            "compliance_category": "general",
            "operators": [
              "equals",
              "not_equals",
              "contains"
            ],
            "security_impact": "high"
          }
        },
        "main_output_field": "Pipelines",
        "item_fields": {
          "Id": {
            "type": "string",
            "description": "Id",
            "compliance_category": "identity",
            "operators": [
              "equals",
              "not_equals",
              "in",
              "exists"
            ]
          },
          "Arn": {
            "type": "string",
            "description": "Arn",
            "compliance_category": "identity",
            "operators": [
              "equals",
              "not_equals",
              "contains",
              "in",
              "exists"
            ]
          },
          "Name": {
            "type": "string",
            "description": "Name",
            "compliance_category": "general"
          },
          "Status": {
            "type": "string",
            "description": "Status",
            "compliance_category": "general",
            "format": "date-time"
          },
          "InputBucket": {
            "type": "string",
            "description": "Input bucket",
            "compliance_category": "general"
          },
          "OutputBucket": {
            "type": "string",
            "description": "Output bucket",
            "compliance_category": "general"
          },
          "Role": {
            "type": "string",
            "description": "Role",
            "compliance_category": "general"
          },
          "AwsKmsKeyArn": {
            "type": "string",
            "description": "Aws kms key arn",
            "compliance_category": "identity",
            "operators": [
              "equals",
              "not_equals",
              "contains",
              "in",
              "exists"
            ]
          },
          "Notifications": {
            "type": "string",
            "description": "Notifications",
            "compliance_category": "general",
            "format": "date-time"
          },
          "ContentConfig": {
            "type": "string",
            "description": "Content config",
            "compliance_category": "general",
            "format": "date-time"
          },
          "ThumbnailConfig": {
            "type": "string",
            "description": "Thumbnail config",
            "compliance_category": "general",
            "format": "date-time"
          }
        }
      },
      {
        "operation": "ListPresets",
        "python_method": "list_presets",
        "yaml_action": "list_presets",
        "required_params": [],
        "optional_params": [
          "Ascending",
          "PageToken"
        ],
        "total_optional": 2,
        "output_fields": {
          "Presets": {
            "type": "string",
            "description": "Presets details",
            "compliance_category": "general",
            "operators": [
              "equals",
              "not_equals",
              "contains"
            ]
          },
          "NextPageToken": {
            "type": "string",
            "description": "NextPageToken details",
            "compliance_category": "general",
            "operators": [
              "equals",
              "not_equals",
              "contains"
            ],
            "security_impact": "high"
          }
        },
        "main_output_field": "Presets",
        "item_fields": {
          "Id": {
            "type": "string",
            "description": "Id",
            "compliance_category": "identity",
            "operators": [
              "equals",
              "not_equals",
              "in",
              "exists"
            ]
          },
          "Arn": {
            "type": "string",
            "description": "Arn",
            "compliance_category": "identity",
            "operators": [
              "equals",
              "not_equals",
              "contains",
              "in",
              "exists"
            ]
          },
          "Name": {
            "type": "string",
            "description": "Name",
            "compliance_category": "general"
          },
          "Description": {
            "type": "string",
            "description": "Description",
            "compliance_category": "general",
            "format": "date-time"
          },
          "Container": {
            "type": "string",
            "description": "Container",
            "compliance_category": "general",
            "format": "date-time"
          },
          "Audio": {
            "type": "string",
            "description": "Audio",
            "compliance_category": "general"
          },
          "Video": {
            "type": "string",
            "description": "Video",
            "compliance_category": "identity",
            "operators": [
              "equals",
              "not_equals",
              "in",
              "exists"
            ]
          },
          "Thumbnails": {
            "type": "string",
            "description": "Thumbnails",
            "compliance_category": "general"
          },
          "Type": {
            "type": "string",
            "description": "Type",
            "compliance_category": "general"
          }
        }
      }
    ],
    "dependent": [
      {
        "operation": "CancelJob",
        "python_method": "cancel_job",
        "yaml_action": "cancel_job",
        "required_params": [
          "Id"
        ],
        "optional_params": [],
        "total_optional": 0,
        "output_fields": {},
        "main_output_field": null,
        "item_fields": []
      },
      {
        "operation": "CreateJob",
        "python_method": "create_job",
        "yaml_action": "create_job",
        "required_params": [
          "PipelineId"
        ],
        "optional_params": [
          "Input",
          "Inputs",
          "Output",
          "Outputs",
          "OutputKeyPrefix"
        ],
        "total_optional": 7,
        "output_fields": {
          "Job": {
            "type": "string",
            "description": "Job details",
            "compliance_category": "general",
            "operators": [
              "equals",
              "not_equals",
              "contains"
            ]
          }
        },
        "main_output_field": "Job",
        "item_fields": {
          "Id": {
            "type": "string",
            "description": "Id",
            "compliance_category": "identity",
            "operators": [
              "equals",
              "not_equals",
              "in",
              "exists"
            ]
          },
          "Arn": {
            "type": "string",
            "description": "Arn",
            "compliance_category": "identity",
            "operators": [
              "equals",
              "not_equals",
              "contains",
              "in",
              "exists"
            ]
          },
          "PipelineId": {
            "type": "string",
            "description": "Pipeline id",
            "compliance_category": "identity",
            "operators": [
              "equals",
              "not_equals",
              "in",
              "exists"
            ]
          },
          "Input": {
            "type": "string",
            "description": "Input",
            "compliance_category": "general"
          },
          "Inputs": {
            "type": "string",
            "description": "Inputs",
            "compliance_category": "general"
          },
          "Output": {
            "type": "string",
            "description": "Output",
            "compliance_category": "general"
          },
          "Outputs": {
            "type": "string",
            "description": "Outputs",
            "compliance_category": "general"
          },
          "OutputKeyPrefix": {
            "type": "string",
            "description": "Output key prefix",
            "compliance_category": "security",
            "security_impact": "high"
          },
          "Playlists": {
            "type": "boolean",
            "description": "Playlists",
            "compliance_category": "general"
          },
          "Status": {
            "type": "string",
            "description": "Status",
            "compliance_category": "general",
            "format": "date-time"
          },
          "UserMetadata": {
            "type": "string",
            "description": "User metadata",
            "compliance_category": "general",
            "format": "date-time"
          },
          "Timing": {
            "type": "string",
            "description": "Timing",
            "compliance_category": "general"
          }
        }
      },
      {
        "operation": "CreatePipeline",
        "python_method": "create_pipeline",
        "yaml_action": "create_pipeline",
        "required_params": [
          "Name",
          "InputBucket",
          "Role"
        ],
        "optional_params": [
          "OutputBucket",
          "AwsKmsKeyArn",
          "Notifications",
          "ContentConfig",
          "ThumbnailConfig"
        ],
        "total_optional": 5,
        "output_fields": {
          "Pipeline": {
            "type": "string",
            "description": "Pipeline details",
            "compliance_category": "general",
            "operators": [
              "equals",
              "not_equals",
              "contains"
            ]
          },
          "Warnings": {
            "type": "string",
            "description": "Warnings details",
            "compliance_category": "identity",
            "operators": [
              "equals",
              "not_equals",
              "contains",
              "in",
              "exists"
            ]
          }
        },
        "main_output_field": "Warnings",
        "item_fields": {
          "Code": {
            "type": "string",
            "description": "Code",
            "compliance_category": "general"
          },
          "Message": {
            "type": "string",
            "description": "Message",
            "compliance_category": "general"
          }
        }
      },
      {
        "operation": "CreatePreset",
        "python_method": "create_preset",
        "yaml_action": "create_preset",
        "required_params": [
          "Name",
          "Container"
        ],
        "optional_params": [
          "Description",
          "Video",
          "Audio",
          "Thumbnails"
        ],
        "total_optional": 4,
        "output_fields": {
          "Preset": {
            "type": "string",
            "description": "Preset details",
            "compliance_category": "general",
            "operators": [
              "equals",
              "not_equals",
              "contains"
            ]
          },
          "Warning": {
            "type": "string",
            "description": "Warning details",
            "compliance_category": "identity",
            "operators": [
              "equals",
              "not_equals",
              "contains",
              "in",
              "exists"
            ]
          }
        },
        "main_output_field": "Preset",
        "item_fields": {
          "Id": {
            "type": "string",
            "description": "Id",
            "compliance_category": "identity",
            "operators": [
              "equals",
              "not_equals",
              "in",
              "exists"
            ]
          },
          "Arn": {
            "type": "string",
            "description": "Arn",
            "compliance_category": "identity",
            "operators": [
              "equals",
              "not_equals",
              "contains",
              "in",
              "exists"
            ]
          },
          "Name": {
            "type": "string",
            "description": "Name",
            "compliance_category": "general"
          },
          "Description": {
            "type": "string",
            "description": "Description",
            "compliance_category": "general",
            "format": "date-time"
          },
          "Container": {
            "type": "string",
            "description": "Container",
            "compliance_category": "general",
            "format": "date-time"
          },
          "Audio": {
            "type": "string",
            "description": "Audio",
            "compliance_category": "general"
          },
          "Video": {
            "type": "string",
            "description": "Video",
            "compliance_category": "identity",
            "operators": [
              "equals",
              "not_equals",
              "in",
              "exists"
            ]
          },
          "Thumbnails": {
            "type": "string",
            "description": "Thumbnails",
            "compliance_category": "general"
          },
          "Type": {
            "type": "string",
            "description": "Type",
            "compliance_category": "general"
          }
        }
      },
      {
        "operation": "DeletePipeline",
        "python_method": "delete_pipeline",
        "yaml_action": "delete_pipeline",
        "required_params": [
          "Id"
        ],
        "optional_params": [],
        "total_optional": 0,
        "output_fields": {},
        "main_output_field": null,
        "item_fields": []
      },
      {
        "operation": "DeletePreset",
        "python_method": "delete_preset",
        "yaml_action": "delete_preset",
        "required_params": [
          "Id"
        ],
        "optional_params": [],
        "total_optional": 0,
        "output_fields": {},
        "main_output_field": null,
        "item_fields": []
      },
      {
        "operation": "ListJobsByPipeline",
        "python_method": "list_jobs_by_pipeline",
        "yaml_action": "list_jobs_by_pipeline",
        "required_params": [
          "PipelineId"
        ],
        "optional_params": [
          "Ascending",
          "PageToken"
        ],
        "total_optional": 2,
        "output_fields": {
          "Jobs": {
            "type": "string",
            "description": "Jobs details",
            "compliance_category": "general",
            "operators": [
              "equals",
              "not_equals",
              "contains"
            ]
          },
          "NextPageToken": {
            "type": "string",
            "description": "NextPageToken details",
            "compliance_category": "general",
            "operators": [
              "equals",
              "not_equals",
              "contains"
            ],
            "security_impact": "high"
          }
        },
        "main_output_field": "Jobs",
        "item_fields": {
          "Id": {
            "type": "string",
            "description": "Id",
            "compliance_category": "identity",
            "operators": [
              "equals",
              "not_equals",
              "in",
              "exists"
            ]
          },
          "Arn": {
            "type": "string",
            "description": "Arn",
            "compliance_category": "identity",
            "operators": [
              "equals",
              "not_equals",
              "contains",
              "in",
              "exists"
            ]
          },
          "PipelineId": {
            "type": "string",
            "description": "Pipeline id",
            "compliance_category": "identity",
            "operators": [
              "equals",
              "not_equals",
              "in",
              "exists"
            ]
          },
          "Input": {
            "type": "string",
            "description": "Input",
            "compliance_category": "general"
          },
          "Inputs": {
            "type": "string",
            "description": "Inputs",
            "compliance_category": "general"
          },
          "Output": {
            "type": "string",
            "description": "Output",
            "compliance_category": "general"
          },
          "Outputs": {
            "type": "string",
            "description": "Outputs",
            "compliance_category": "general"
          },
          "OutputKeyPrefix": {
            "type": "string",
            "description": "Output key prefix",
            "compliance_category": "security",
            "security_impact": "high"
          },
          "Playlists": {
            "type": "boolean",
            "description": "Playlists",
            "compliance_category": "general"
          },
          "Status": {
            "type": "string",
            "description": "Status",
            "compliance_category": "general",
            "format": "date-time"
          },
          "UserMetadata": {
            "type": "string",
            "description": "User metadata",
            "compliance_category": "general",
            "format": "date-time"
          },
          "Timing": {
            "type": "string",
            "description": "Timing",
            "compliance_category": "general"
          }
        }
      },
      {
        "operation": "ListJobsByStatus",
        "python_method": "list_jobs_by_status",
        "yaml_action": "list_jobs_by_status",
        "required_params": [
          "Status"
        ],
        "optional_params": [
          "Ascending",
          "PageToken"
        ],
        "total_optional": 2,
        "output_fields": {
          "Jobs": {
            "type": "string",
            "description": "Jobs details",
            "compliance_category": "general",
            "operators": [
              "equals",
              "not_equals",
              "contains"
            ]
          },
          "NextPageToken": {
            "type": "string",
            "description": "NextPageToken details",
            "compliance_category": "general",
            "operators": [
              "equals",
              "not_equals",
              "contains"
            ],
            "security_impact": "high"
          }
        },
        "main_output_field": "Jobs",
        "item_fields": {
          "Id": {
            "type": "string",
            "description": "Id",
            "compliance_category": "identity",
            "operators": [
              "equals",
              "not_equals",
              "in",
              "exists"
            ]
          },
          "Arn": {
            "type": "string",
            "description": "Arn",
            "compliance_category": "identity",
            "operators": [
              "equals",
              "not_equals",
              "contains",
              "in",
              "exists"
            ]
          },
          "PipelineId": {
            "type": "string",
            "description": "Pipeline id",
            "compliance_category": "identity",
            "operators": [
              "equals",
              "not_equals",
              "in",
              "exists"
            ]
          },
          "Input": {
            "type": "string",
            "description": "Input",
            "compliance_category": "general"
          },
          "Inputs": {
            "type": "string",
            "description": "Inputs",
            "compliance_category": "general"
          },
          "Output": {
            "type": "string",
            "description": "Output",
            "compliance_category": "general"
          },
          "Outputs": {
            "type": "string",
            "description": "Outputs",
            "compliance_category": "general"
          },
          "OutputKeyPrefix": {
            "type": "string",
            "description": "Output key prefix",
            "compliance_category": "security",
            "security_impact": "high"
          },
          "Playlists": {
            "type": "boolean",
            "description": "Playlists",
            "compliance_category": "general"
          },
          "Status": {
            "type": "string",
            "description": "Status",
            "compliance_category": "general",
            "format": "date-time"
          },
          "UserMetadata": {
            "type": "string",
            "description": "User metadata",
            "compliance_category": "general",
            "format": "date-time"
          },
          "Timing": {
            "type": "string",
            "description": "Timing",
            "compliance_category": "general"
          }
        }
      },
      {
        "operation": "ReadJob",
        "python_method": "read_job",
        "yaml_action": "read_job",
        "required_params": [
          "Id"
        ],
        "optional_params": [],
        "total_optional": 0,
        "output_fields": {
          "Job": {
            "type": "string",
            "description": "Job details",
            "compliance_category": "general",
            "operators": [
              "equals",
              "not_equals",
              "contains"
            ]
          }
        },
        "main_output_field": "Job",
        "item_fields": {
          "Id": {
            "type": "string",
            "description": "Id",
            "compliance_category": "identity",
            "operators": [
              "equals",
              "not_equals",
              "in",
              "exists"
            ]
          },
          "Arn": {
            "type": "string",
            "description": "Arn",
            "compliance_category": "identity",
            "operators": [
              "equals",
              "not_equals",
              "contains",
              "in",
              "exists"
            ]
          },
          "PipelineId": {
            "type": "string",
            "description": "Pipeline id",
            "compliance_category": "identity",
            "operators": [
              "equals",
              "not_equals",
              "in",
              "exists"
            ]
          },
          "Input": {
            "type": "string",
            "description": "Input",
            "compliance_category": "general"
          },
          "Inputs": {
            "type": "string",
            "description": "Inputs",
            "compliance_category": "general"
          },
          "Output": {
            "type": "string",
            "description": "Output",
            "compliance_category": "general"
          },
          "Outputs": {
            "type": "string",
            "description": "Outputs",
            "compliance_category": "general"
          },
          "OutputKeyPrefix": {
            "type": "string",
            "description": "Output key prefix",
            "compliance_category": "security",
            "security_impact": "high"
          },
          "Playlists": {
            "type": "boolean",
            "description": "Playlists",
            "compliance_category": "general"
          },
          "Status": {
            "type": "string",
            "description": "Status",
            "compliance_category": "general",
            "format": "date-time"
          },
          "UserMetadata": {
            "type": "string",
            "description": "User metadata",
            "compliance_category": "general",
            "format": "date-time"
          },
          "Timing": {
            "type": "string",
            "description": "Timing",
            "compliance_category": "general"
          }
        }
      },
      {
        "operation": "ReadPipeline",
        "python_method": "read_pipeline",
        "yaml_action": "read_pipeline",
        "required_params": [
          "Id"
        ],
        "optional_params": [],
        "total_optional": 0,
        "output_fields": {
          "Pipeline": {
            "type": "string",
            "description": "Pipeline details",
            "compliance_category": "general",
            "operators": [
              "equals",
              "not_equals",
              "contains"
            ]
          },
          "Warnings": {
            "type": "string",
            "description": "Warnings details",
            "compliance_category": "identity",
            "operators": [
              "equals",
              "not_equals",
              "contains",
              "in",
              "exists"
            ]
          }
        },
        "main_output_field": "Warnings",
        "item_fields": {
          "Code": {
            "type": "string",
            "description": "Code",
            "compliance_category": "general"
          },
          "Message": {
            "type": "string",
            "description": "Message",
            "compliance_category": "general"
          }
        }
      },
      {
        "operation": "ReadPreset",
        "python_method": "read_preset",
        "yaml_action": "read_preset",
        "required_params": [
          "Id"
        ],
        "optional_params": [],
        "total_optional": 0,
        "output_fields": {
          "Preset": {
            "type": "string",
            "description": "Preset details",
            "compliance_category": "general",
            "operators": [
              "equals",
              "not_equals",
              "contains"
            ]
          }
        },
        "main_output_field": "Preset",
        "item_fields": {
          "Id": {
            "type": "string",
            "description": "Id",
            "compliance_category": "identity",
            "operators": [
              "equals",
              "not_equals",
              "in",
              "exists"
            ]
          },
          "Arn": {
            "type": "string",
            "description": "Arn",
            "compliance_category": "identity",
            "operators": [
              "equals",
              "not_equals",
              "contains",
              "in",
              "exists"
            ]
          },
          "Name": {
            "type": "string",
            "description": "Name",
            "compliance_category": "general"
          },
          "Description": {
            "type": "string",
            "description": "Description",
            "compliance_category": "general",
            "format": "date-time"
          },
          "Container": {
            "type": "string",
            "description": "Container",
            "compliance_category": "general",
            "format": "date-time"
          },
          "Audio": {
            "type": "string",
            "description": "Audio",
            "compliance_category": "general"
          },
          "Video": {
            "type": "string",
            "description": "Video",
            "compliance_category": "identity",
            "operators": [
              "equals",
              "not_equals",
              "in",
              "exists"
            ]
          },
          "Thumbnails": {
            "type": "string",
            "description": "Thumbnails",
            "compliance_category": "general"
          },
          "Type": {
            "type": "string",
            "description": "Type",
            "compliance_category": "general"
          }
        }
      },
      {
        "operation": "TestRole",
        "python_method": "test_role",
        "yaml_action": "test_role",
        "required_params": [
          "Role",
          "InputBucket",
          "OutputBucket",
          "Topics"
        ],
        "optional_params": [],
        "total_optional": 0,
        "output_fields": {
          "Success": {
            "type": "boolean",
            "description": "Success details",
            "compliance_category": "general",
            "operators": [
              "equals",
              "not_equals",
              "contains"
            ]
          },
          "Messages": {
            "type": "string",
            "description": "Messages details",
            "compliance_category": "general",
            "operators": [
              "equals",
              "not_equals",
              "contains"
            ]
          }
        },
        "main_output_field": "Messages",
        "item_fields": []
      },
      {
        "operation": "UpdatePipeline",
        "python_method": "update_pipeline",
        "yaml_action": "update_pipeline",
        "required_params": [
          "Id"
        ],
        "optional_params": [
          "Name",
          "InputBucket",
          "Role",
          "AwsKmsKeyArn",
          "Notifications"
        ],
        "total_optional": 7,
        "output_fields": {
          "Pipeline": {
            "type": "string",
            "description": "Pipeline details",
            "compliance_category": "general",
            "operators": [
              "equals",
              "not_equals",
              "contains"
            ]
          },
          "Warnings": {
            "type": "string",
            "description": "Warnings details",
            "compliance_category": "identity",
            "operators": [
              "equals",
              "not_equals",
              "contains",
              "in",
              "exists"
            ]
          }
        },
        "main_output_field": "Warnings",
        "item_fields": {
          "Code": {
            "type": "string",
            "description": "Code",
            "compliance_category": "general"
          },
          "Message": {
            "type": "string",
            "description": "Message",
            "compliance_category": "general"
          }
        }
      },
      {
        "operation": "UpdatePipelineNotifications",
        "python_method": "update_pipeline_notifications",
        "yaml_action": "update_pipeline_notifications",
        "required_params": [
          "Id",
          "Notifications"
        ],
        "optional_params": [],
        "total_optional": 0,
        "output_fields": {
          "Pipeline": {
            "type": "string",
            "description": "Pipeline details",
            "compliance_category": "general",
            "operators": [
              "equals",
              "not_equals",
              "contains"
            ]
          }
        },
        "main_output_field": "Pipeline",
        "item_fields": {
          "Id": {
            "type": "string",
            "description": "Id",
            "compliance_category": "identity",
            "operators": [
              "equals",
              "not_equals",
              "in",
              "exists"
            ]
          },
          "Arn": {
            "type": "string",
            "description": "Arn",
            "compliance_category": "identity",
            "operators": [
              "equals",
              "not_equals",
              "contains",
              "in",
              "exists"
            ]
          },
          "Name": {
            "type": "string",
            "description": "Name",
            "compliance_category": "general"
          },
          "Status": {
            "type": "string",
            "description": "Status",
            "compliance_category": "general",
            "format": "date-time"
          },
          "InputBucket": {
            "type": "string",
            "description": "Input bucket",
            "compliance_category": "general"
          },
          "OutputBucket": {
            "type": "string",
            "description": "Output bucket",
            "compliance_category": "general"
          },
          "Role": {
            "type": "string",
            "description": "Role",
            "compliance_category": "general"
          },
          "AwsKmsKeyArn": {
            "type": "string",
            "description": "Aws kms key arn",
            "compliance_category": "identity",
            "operators": [
              "equals",
              "not_equals",
              "contains",
              "in",
              "exists"
            ]
          },
          "Notifications": {
            "type": "string",
            "description": "Notifications",
            "compliance_category": "general",
            "format": "date-time"
          },
          "ContentConfig": {
            "type": "string",
            "description": "Content config",
            "compliance_category": "general",
            "format": "date-time"
          },
          "ThumbnailConfig": {
            "type": "string",
            "description": "Thumbnail config",
            "compliance_category": "general",
            "format": "date-time"
          }
        }
      },
      {
        "operation": "UpdatePipelineStatus",
        "python_method": "update_pipeline_status",
        "yaml_action": "update_pipeline_status",
        "required_params": [
          "Id",
          "Status"
        ],
        "optional_params": [],
        "total_optional": 0,
        "output_fields": {
          "Pipeline": {
            "type": "string",
            "description": "Pipeline details",
            "compliance_category": "general",
            "operators": [
              "equals",
              "not_equals",
              "contains"
            ]
          }
        },
        "main_output_field": "Pipeline",
        "item_fields": {
          "Id": {
            "type": "string",
            "description": "Id",
            "compliance_category": "identity",
            "operators": [
              "equals",
              "not_equals",
              "in",
              "exists"
            ]
          },
          "Arn": {
            "type": "string",
            "description": "Arn",
            "compliance_category": "identity",
            "operators": [
              "equals",
              "not_equals",
              "contains",
              "in",
              "exists"
            ]
          },
          "Name": {
            "type": "string",
            "description": "Name",
            "compliance_category": "general"
          },
          "Status": {
            "type": "string",
            "description": "Status",
            "compliance_category": "general",
            "format": "date-time"
          },
          "InputBucket": {
            "type": "string",
            "description": "Input bucket",
            "compliance_category": "general"
          },
          "OutputBucket": {
            "type": "string",
            "description": "Output bucket",
            "compliance_category": "general"
          },
          "Role": {
            "type": "string",
            "description": "Role",
            "compliance_category": "general"
          },
          "AwsKmsKeyArn": {
            "type": "string",
            "description": "Aws kms key arn",
            "compliance_category": "identity",
            "operators": [
              "equals",
              "not_equals",
              "contains",
              "in",
              "exists"
            ]
          },
          "Notifications": {
            "type": "string",
            "description": "Notifications",
            "compliance_category": "general",
            "format": "date-time"
          },
          "ContentConfig": {
            "type": "string",
            "description": "Content config",
            "compliance_category": "general",
            "format": "date-time"
          },
          "ThumbnailConfig": {
            "type": "string",
            "description": "Thumbnail config",
            "compliance_category": "general",
            "format": "date-time"
          }
        }
      }
    ],
    "independent_count": 2,
    "dependent_count": 15
  }
}