{
  "service": "elastictranscoder",
  "issues": {
    "generic_entities": {},
    "ambiguous_tokens": {
      "id": [
        {
          "mapping": "ListPipelines.Pipelines[].Id -> elastictranscoder.pipelin_id",
          "evidence": "ListPipelines.Pipelines[].Id",
          "entity": "elastictranscoder.pipelin_id"
        },
        {
          "mapping": "ListPresets.Presets[].Id -> elastictranscoder.preset_id",
          "evidence": "ListPresets.Presets[].Id",
          "entity": "elastictranscoder.preset_id"
        },
        {
          "mapping": "CancelJob.Id -> elastictranscoder.job_id",
          "evidence": "CancelJob.Id",
          "entity": "elastictranscoder.job_id"
        },
        {
          "mapping": "CreateJob.Job.Id -> elastictranscoder.job_id",
          "evidence": "CreateJob.Job.Id",
          "entity": "elastictranscoder.job_id"
        },
        {
          "mapping": "CreatePreset.Preset.Id -> elastictranscoder.preset_id",
          "evidence": "CreatePreset.Preset.Id",
          "entity": "elastictranscoder.preset_id"
        },
        {
          "mapping": "DeletePipeline.Id -> elastictranscoder.pipeline_id",
          "evidence": "DeletePipeline.Id",
          "entity": "elastictranscoder.pipeline_id"
        },
        {
          "mapping": "DeletePreset.Id -> elastictranscoder.preset_id",
          "evidence": "DeletePreset.Id",
          "entity": "elastictranscoder.preset_id"
        },
        {
          "mapping": "ListJobsByPipeline.Jobs[].Id -> elastictranscoder.job_id",
          "evidence": "ListJobsByPipeline.Jobs[].Id",
          "entity": "elastictranscoder.job_id"
        },
        {
          "mapping": "ListJobsByStatus.Jobs[].Id -> elastictranscoder.job_id",
          "evidence": "ListJobsByStatus.Jobs[].Id",
          "entity": "elastictranscoder.job_id"
        },
        {
          "mapping": "ReadJob.Id -> elastictranscoder.job_id",
          "evidence": "ReadJob.Id",
          "entity": "elastictranscoder.job_id"
        },
        {
          "mapping": "ReadJob.Job.Id -> elastictranscoder.job_id",
          "evidence": "ReadJob.Job.Id",
          "entity": "elastictranscoder.job_id"
        },
        {
          "mapping": "ReadPipeline.Id -> elastictranscoder.warning_id",
          "evidence": "ReadPipeline.Id",
          "entity": "elastictranscoder.warning_id"
        },
        {
          "mapping": "ReadPreset.Id -> elastictranscoder.preset_id",
          "evidence": "ReadPreset.Id",
          "entity": "elastictranscoder.preset_id"
        },
        {
          "mapping": "ReadPreset.Preset.Id -> elastictranscoder.preset_id",
          "evidence": "ReadPreset.Preset.Id",
          "entity": "elastictranscoder.preset_id"
        },
        {
          "mapping": "UpdatePipeline.Id -> elastictranscoder.warning_id",
          "evidence": "UpdatePipeline.Id",
          "entity": "elastictranscoder.warning_id"
        },
        {
          "mapping": "UpdatePipelineNotifications.Id -> elastictranscoder.pipeline_id",
          "evidence": "UpdatePipelineNotifications.Id",
          "entity": "elastictranscoder.pipeline_id"
        },
        {
          "mapping": "UpdatePipelineNotifications.Pipeline.Id -> elastictranscoder.pipeline_id",
          "evidence": "UpdatePipelineNotifications.Pipeline.Id",
          "entity": "elastictranscoder.pipeline_id"
        },
        {
          "mapping": "UpdatePipelineStatus.Id -> elastictranscoder.pipeline_id",
          "evidence": "UpdatePipelineStatus.Id",
          "entity": "elastictranscoder.pipeline_id"
        },
        {
          "mapping": "UpdatePipelineStatus.Pipeline.Id -> elastictranscoder.pipeline_id",
          "evidence": "UpdatePipelineStatus.Pipeline.Id",
          "entity": "elastictranscoder.pipeline_id"
        }
      ],
      "arn": [
        {
          "mapping": "ListPipelines.Pipelines[].Arn -> elastictranscoder.pipelin_arn",
          "evidence": "ListPipelines.Pipelines[].Arn",
          "entity": "elastictranscoder.pipelin_arn"
        },
        {
          "mapping": "ListPresets.Presets[].Arn -> elastictranscoder.preset_arn",
          "evidence": "ListPresets.Presets[].Arn",
          "entity": "elastictranscoder.preset_arn"
        },
        {
          "mapping": "CreateJob.Job.Arn -> elastictranscoder.job_arn",
          "evidence": "CreateJob.Job.Arn",
          "entity": "elastictranscoder.job_arn"
        },
        {
          "mapping": "CreatePreset.Preset.Arn -> elastictranscoder.preset_arn",
          "evidence": "CreatePreset.Preset.Arn",
          "entity": "elastictranscoder.preset_arn"
        },
        {
          "mapping": "ListJobsByPipeline.Jobs[].Arn -> elastictranscoder.job_arn",
          "evidence": "ListJobsByPipeline.Jobs[].Arn",
          "entity": "elastictranscoder.job_arn"
        },
        {
          "mapping": "ListJobsByStatus.Jobs[].Arn -> elastictranscoder.job_arn",
          "evidence": "ListJobsByStatus.Jobs[].Arn",
          "entity": "elastictranscoder.job_arn"
        },
        {
          "mapping": "ReadJob.Job.Arn -> elastictranscoder.job_arn",
          "evidence": "ReadJob.Job.Arn",
          "entity": "elastictranscoder.job_arn"
        },
        {
          "mapping": "ReadPreset.Preset.Arn -> elastictranscoder.preset_arn",
          "evidence": "ReadPreset.Preset.Arn",
          "entity": "elastictranscoder.preset_arn"
        },
        {
          "mapping": "UpdatePipelineNotifications.Pipeline.Arn -> elastictranscoder.pipeline_arn",
          "evidence": "UpdatePipelineNotifications.Pipeline.Arn",
          "entity": "elastictranscoder.pipeline_arn"
        },
        {
          "mapping": "UpdatePipelineStatus.Pipeline.Arn -> elastictranscoder.pipeline_arn",
          "evidence": "UpdatePipelineStatus.Pipeline.Arn",
          "entity": "elastictranscoder.pipeline_arn"
        }
      ],
      "name": [
        {
          "mapping": "ListPipelines.Pipelines[].Name -> elastictranscoder.pipelin_name",
          "evidence": "ListPipelines.Pipelines[].Name",
          "entity": "elastictranscoder.pipelin_name"
        },
        {
          "mapping": "ListPresets.Presets[].Name -> elastictranscoder.preset_name",
          "evidence": "ListPresets.Presets[].Name",
          "entity": "elastictranscoder.preset_name"
        },
        {
          "mapping": "CreatePipeline.Name -> elastictranscoder.warning_name",
          "evidence": "CreatePipeline.Name",
          "entity": "elastictranscoder.warning_name"
        },
        {
          "mapping": "CreatePreset.Name -> elastictranscoder.preset_name",
          "evidence": "CreatePreset.Name",
          "entity": "elastictranscoder.preset_name"
        },
        {
          "mapping": "CreatePreset.Preset.Name -> elastictranscoder.preset_name",
          "evidence": "CreatePreset.Preset.Name",
          "entity": "elastictranscoder.preset_name"
        },
        {
          "mapping": "ReadPreset.Preset.Name -> elastictranscoder.preset_name",
          "evidence": "ReadPreset.Preset.Name",
          "entity": "elastictranscoder.preset_name"
        },
        {
          "mapping": "UpdatePipelineNotifications.Pipeline.Name -> elastictranscoder.pipeline_name",
          "evidence": "UpdatePipelineNotifications.Pipeline.Name",
          "entity": "elastictranscoder.pipeline_name"
        },
        {
          "mapping": "UpdatePipelineStatus.Pipeline.Name -> elastictranscoder.pipeline_name",
          "evidence": "UpdatePipelineStatus.Pipeline.Name",
          "entity": "elastictranscoder.pipeline_name"
        }
      ],
      "status": [
        {
          "mapping": "ListPipelines.Pipelines[].Status -> elastictranscoder.pipelin_status",
          "evidence": "ListPipelines.Pipelines[].Status",
          "entity": "elastictranscoder.pipelin_status"
        },
        {
          "mapping": "CreateJob.Job.Status -> elastictranscoder.job_status",
          "evidence": "CreateJob.Job.Status",
          "entity": "elastictranscoder.job_status"
        },
        {
          "mapping": "ListJobsByPipeline.Jobs[].Status -> elastictranscoder.job_status",
          "evidence": "ListJobsByPipeline.Jobs[].Status",
          "entity": "elastictranscoder.job_status"
        },
        {
          "mapping": "ListJobsByStatus.Status -> elastictranscoder.job_status",
          "evidence": "ListJobsByStatus.Status",
          "entity": "elastictranscoder.job_status"
        },
        {
          "mapping": "ListJobsByStatus.Jobs[].Status -> elastictranscoder.job_status",
          "evidence": "ListJobsByStatus.Jobs[].Status",
          "entity": "elastictranscoder.job_status"
        },
        {
          "mapping": "ReadJob.Job.Status -> elastictranscoder.job_status",
          "evidence": "ReadJob.Job.Status",
          "entity": "elastictranscoder.job_status"
        },
        {
          "mapping": "UpdatePipelineNotifications.Pipeline.Status -> elastictranscoder.pipeline_status",
          "evidence": "UpdatePipelineNotifications.Pipeline.Status",
          "entity": "elastictranscoder.pipeline_status"
        },
        {
          "mapping": "UpdatePipelineStatus.Status -> elastictranscoder.pipeline_status",
          "evidence": "UpdatePipelineStatus.Status",
          "entity": "elastictranscoder.pipeline_status"
        },
        {
          "mapping": "UpdatePipelineStatus.Pipeline.Status -> elastictranscoder.pipeline_status",
          "evidence": "UpdatePipelineStatus.Pipeline.Status",
          "entity": "elastictranscoder.pipeline_status"
        }
      ]
    },
    "unresolved_consumes": [],
    "suspicious_paths": []
  },
  "alias_candidates_not_applied": [],
  "suggested_overrides": [
    {
      "operation": "CreateJob",
      "type": "produces",
      "key": "Job.Id",
      "suggested_entity": "elastictranscoder.pipeline_id",
      "confidence": "MEDIUM",
      "reason": "Param 'PipelineId' and output field 'Id' match but map to different entities. Suggest unifying to consume entity."
    },
    {
      "operation": "CreatePreset",
      "type": "produces",
      "key": "Preset.Container",
      "suggested_entity": "elastictranscoder.container",
      "confidence": "MEDIUM",
      "reason": "Param 'Container' and output field 'Container' match but map to different entities. Suggest unifying to consume entity."
    },
    {
      "operation": "ListJobsByPipeline",
      "type": "produces",
      "key": "Jobs[].Id",
      "suggested_entity": "elastictranscoder.pipeline_id",
      "confidence": "MEDIUM",
      "reason": "Param 'PipelineId' and output field 'Id' match but map to different entities. Suggest unifying to consume entity."
    },
    {
      "operation": "ReadJob",
      "type": "produces",
      "key": "Job.PipelineId",
      "suggested_entity": "elastictranscoder.job_id",
      "confidence": "MEDIUM",
      "reason": "Param 'Id' and output field 'PipelineId' match but map to different entities. Suggest unifying to consume entity."
    },
    {
      "operation": "UpdatePipelineNotifications",
      "type": "produces",
      "key": "Pipeline.Notifications",
      "suggested_entity": "elastictranscoder.notifications",
      "confidence": "MEDIUM",
      "reason": "Param 'Notifications' and output field 'Notifications' match but map to different entities. Suggest unifying to consume entity."
    }
  ],
  "unresolved_items": [
    {
      "mapping": "ListPipelines.Pipelines[].Id -> elastictranscoder.pipelin_id",
      "evidence": "ListPipelines.Pipelines[].Id",
      "entity": "elastictranscoder.pipelin_id"
    },
    {
      "mapping": "ListPresets.Presets[].Id -> elastictranscoder.preset_id",
      "evidence": "ListPresets.Presets[].Id",
      "entity": "elastictranscoder.preset_id"
    },
    {
      "mapping": "CancelJob.Id -> elastictranscoder.job_id",
      "evidence": "CancelJob.Id",
      "entity": "elastictranscoder.job_id"
    },
    {
      "mapping": "CreateJob.Job.Id -> elastictranscoder.job_id",
      "evidence": "CreateJob.Job.Id",
      "entity": "elastictranscoder.job_id"
    },
    {
      "mapping": "CreatePreset.Preset.Id -> elastictranscoder.preset_id",
      "evidence": "CreatePreset.Preset.Id",
      "entity": "elastictranscoder.preset_id"
    },
    {
      "mapping": "DeletePipeline.Id -> elastictranscoder.pipeline_id",
      "evidence": "DeletePipeline.Id",
      "entity": "elastictranscoder.pipeline_id"
    },
    {
      "mapping": "DeletePreset.Id -> elastictranscoder.preset_id",
      "evidence": "DeletePreset.Id",
      "entity": "elastictranscoder.preset_id"
    },
    {
      "mapping": "ListJobsByPipeline.Jobs[].Id -> elastictranscoder.job_id",
      "evidence": "ListJobsByPipeline.Jobs[].Id",
      "entity": "elastictranscoder.job_id"
    },
    {
      "mapping": "ListJobsByStatus.Jobs[].Id -> elastictranscoder.job_id",
      "evidence": "ListJobsByStatus.Jobs[].Id",
      "entity": "elastictranscoder.job_id"
    },
    {
      "mapping": "ReadJob.Id -> elastictranscoder.job_id",
      "evidence": "ReadJob.Id",
      "entity": "elastictranscoder.job_id"
    },
    {
      "mapping": "ReadJob.Job.Id -> elastictranscoder.job_id",
      "evidence": "ReadJob.Job.Id",
      "entity": "elastictranscoder.job_id"
    },
    {
      "mapping": "ReadPipeline.Id -> elastictranscoder.warning_id",
      "evidence": "ReadPipeline.Id",
      "entity": "elastictranscoder.warning_id"
    },
    {
      "mapping": "ReadPreset.Id -> elastictranscoder.preset_id",
      "evidence": "ReadPreset.Id",
      "entity": "elastictranscoder.preset_id"
    },
    {
      "mapping": "ReadPreset.Preset.Id -> elastictranscoder.preset_id",
      "evidence": "ReadPreset.Preset.Id",
      "entity": "elastictranscoder.preset_id"
    },
    {
      "mapping": "UpdatePipeline.Id -> elastictranscoder.warning_id",
      "evidence": "UpdatePipeline.Id",
      "entity": "elastictranscoder.warning_id"
    },
    {
      "mapping": "UpdatePipelineNotifications.Id -> elastictranscoder.pipeline_id",
      "evidence": "UpdatePipelineNotifications.Id",
      "entity": "elastictranscoder.pipeline_id"
    },
    {
      "mapping": "UpdatePipelineNotifications.Pipeline.Id -> elastictranscoder.pipeline_id",
      "evidence": "UpdatePipelineNotifications.Pipeline.Id",
      "entity": "elastictranscoder.pipeline_id"
    },
    {
      "mapping": "UpdatePipelineStatus.Id -> elastictranscoder.pipeline_id",
      "evidence": "UpdatePipelineStatus.Id",
      "entity": "elastictranscoder.pipeline_id"
    },
    {
      "mapping": "UpdatePipelineStatus.Pipeline.Id -> elastictranscoder.pipeline_id",
      "evidence": "UpdatePipelineStatus.Pipeline.Id",
      "entity": "elastictranscoder.pipeline_id"
    },
    {
      "mapping": "ListPipelines.Pipelines[].Arn -> elastictranscoder.pipelin_arn",
      "evidence": "ListPipelines.Pipelines[].Arn",
      "entity": "elastictranscoder.pipelin_arn"
    },
    {
      "mapping": "ListPresets.Presets[].Arn -> elastictranscoder.preset_arn",
      "evidence": "ListPresets.Presets[].Arn",
      "entity": "elastictranscoder.preset_arn"
    },
    {
      "mapping": "CreateJob.Job.Arn -> elastictranscoder.job_arn",
      "evidence": "CreateJob.Job.Arn",
      "entity": "elastictranscoder.job_arn"
    },
    {
      "mapping": "CreatePreset.Preset.Arn -> elastictranscoder.preset_arn",
      "evidence": "CreatePreset.Preset.Arn",
      "entity": "elastictranscoder.preset_arn"
    },
    {
      "mapping": "ListJobsByPipeline.Jobs[].Arn -> elastictranscoder.job_arn",
      "evidence": "ListJobsByPipeline.Jobs[].Arn",
      "entity": "elastictranscoder.job_arn"
    },
    {
      "mapping": "ListJobsByStatus.Jobs[].Arn -> elastictranscoder.job_arn",
      "evidence": "ListJobsByStatus.Jobs[].Arn",
      "entity": "elastictranscoder.job_arn"
    },
    {
      "mapping": "ReadJob.Job.Arn -> elastictranscoder.job_arn",
      "evidence": "ReadJob.Job.Arn",
      "entity": "elastictranscoder.job_arn"
    },
    {
      "mapping": "ReadPreset.Preset.Arn -> elastictranscoder.preset_arn",
      "evidence": "ReadPreset.Preset.Arn",
      "entity": "elastictranscoder.preset_arn"
    },
    {
      "mapping": "UpdatePipelineNotifications.Pipeline.Arn -> elastictranscoder.pipeline_arn",
      "evidence": "UpdatePipelineNotifications.Pipeline.Arn",
      "entity": "elastictranscoder.pipeline_arn"
    },
    {
      "mapping": "UpdatePipelineStatus.Pipeline.Arn -> elastictranscoder.pipeline_arn",
      "evidence": "UpdatePipelineStatus.Pipeline.Arn",
      "entity": "elastictranscoder.pipeline_arn"
    },
    {
      "mapping": "ListPipelines.Pipelines[].Name -> elastictranscoder.pipelin_name",
      "evidence": "ListPipelines.Pipelines[].Name",
      "entity": "elastictranscoder.pipelin_name"
    },
    {
      "mapping": "ListPresets.Presets[].Name -> elastictranscoder.preset_name",
      "evidence": "ListPresets.Presets[].Name",
      "entity": "elastictranscoder.preset_name"
    },
    {
      "mapping": "CreatePipeline.Name -> elastictranscoder.warning_name",
      "evidence": "CreatePipeline.Name",
      "entity": "elastictranscoder.warning_name"
    },
    {
      "mapping": "CreatePreset.Name -> elastictranscoder.preset_name",
      "evidence": "CreatePreset.Name",
      "entity": "elastictranscoder.preset_name"
    },
    {
      "mapping": "CreatePreset.Preset.Name -> elastictranscoder.preset_name",
      "evidence": "CreatePreset.Preset.Name",
      "entity": "elastictranscoder.preset_name"
    },
    {
      "mapping": "ReadPreset.Preset.Name -> elastictranscoder.preset_name",
      "evidence": "ReadPreset.Preset.Name",
      "entity": "elastictranscoder.preset_name"
    },
    {
      "mapping": "UpdatePipelineNotifications.Pipeline.Name -> elastictranscoder.pipeline_name",
      "evidence": "UpdatePipelineNotifications.Pipeline.Name",
      "entity": "elastictranscoder.pipeline_name"
    },
    {
      "mapping": "UpdatePipelineStatus.Pipeline.Name -> elastictranscoder.pipeline_name",
      "evidence": "UpdatePipelineStatus.Pipeline.Name",
      "entity": "elastictranscoder.pipeline_name"
    },
    {
      "mapping": "ListPipelines.Pipelines[].Status -> elastictranscoder.pipelin_status",
      "evidence": "ListPipelines.Pipelines[].Status",
      "entity": "elastictranscoder.pipelin_status"
    },
    {
      "mapping": "CreateJob.Job.Status -> elastictranscoder.job_status",
      "evidence": "CreateJob.Job.Status",
      "entity": "elastictranscoder.job_status"
    },
    {
      "mapping": "ListJobsByPipeline.Jobs[].Status -> elastictranscoder.job_status",
      "evidence": "ListJobsByPipeline.Jobs[].Status",
      "entity": "elastictranscoder.job_status"
    },
    {
      "mapping": "ListJobsByStatus.Status -> elastictranscoder.job_status",
      "evidence": "ListJobsByStatus.Status",
      "entity": "elastictranscoder.job_status"
    },
    {
      "mapping": "ListJobsByStatus.Jobs[].Status -> elastictranscoder.job_status",
      "evidence": "ListJobsByStatus.Jobs[].Status",
      "entity": "elastictranscoder.job_status"
    },
    {
      "mapping": "ReadJob.Job.Status -> elastictranscoder.job_status",
      "evidence": "ReadJob.Job.Status",
      "entity": "elastictranscoder.job_status"
    },
    {
      "mapping": "UpdatePipelineNotifications.Pipeline.Status -> elastictranscoder.pipeline_status",
      "evidence": "UpdatePipelineNotifications.Pipeline.Status",
      "entity": "elastictranscoder.pipeline_status"
    },
    {
      "mapping": "UpdatePipelineStatus.Status -> elastictranscoder.pipeline_status",
      "evidence": "UpdatePipelineStatus.Status",
      "entity": "elastictranscoder.pipeline_status"
    },
    {
      "mapping": "UpdatePipelineStatus.Pipeline.Status -> elastictranscoder.pipeline_status",
      "evidence": "UpdatePipelineStatus.Pipeline.Status",
      "entity": "elastictranscoder.pipeline_status"
    }
  ]
}