{
  "service": "elastictranscoder",
  "version": "1.0",
  "kind_rules": {
    "read_list": ["List"],
    "read_get": ["Get", "Describe"],
    "write_create": ["Create", "Start", "Generate", "Import", "Enable", "Register"],
    "write_update": ["Update", "Modify", "Put", "Set", "Change", "Reset", "Patch"],
    "write_delete": ["Delete", "Remove", "Terminate", "Destroy", "Disable", "Detach", "Disassociate", "Untag", "Revoke"],
    "write_apply": ["Apply", "Attach", "Associate", "Add", "Tag", "Authorize", "Unauthorize", "Grant"],
    "other": ["default"]
  },
  "entity_aliases": {"elastictranscoder.job_pipeline_id": "elastictranscoder.pipeline_id"},
  "overrides": {},
  "operations": {
    "ListPipelines": {
      "kind": "read_list",
      "side_effect": false,
      "sdk": {"client": "elastictranscoder", "method": "list_pipelines"},
      "consumes": [],
      "produces": [{"entity": "elastictranscoder.pipelines", "source": "output", "path": "Pipelines"}, {"entity": "elastictranscoder.next_page_token", "source": "output", "path": "NextPageToken"}, {"entity": "elastictranscoder.pipelin_id", "source": "item", "path": "Pipelines[].Id"}, {"entity": "elastictranscoder.pipelin_arn", "source": "item", "path": "Pipelines[].Arn"}, {"entity": "elastictranscoder.pipelin_name", "source": "item", "path": "Pipelines[].Name"}, {"entity": "elastictranscoder.pipelin_status", "source": "item", "path": "Pipelines[].Status"}, {"entity": "elastictranscoder.pipelin_input_bucket", "source": "item", "path": "Pipelines[].InputBucket"}, {"entity": "elastictranscoder.pipelin_output_bucket", "source": "item", "path": "Pipelines[].OutputBucket"}, {"entity": "elastictranscoder.pipelin_role", "source": "item", "path": "Pipelines[].Role"}, {"entity": "elastictranscoder.pipelin_aws_kms_key_arn", "source": "item", "path": "Pipelines[].AwsKmsKeyArn"}, {"entity": "elastictranscoder.pipelin_notifications", "source": "item", "path": "Pipelines[].Notifications"}, {"entity": "elastictranscoder.pipelin_content_config", "source": "item", "path": "Pipelines[].ContentConfig"}, {"entity": "elastictranscoder.pipelin_thumbnail_config", "source": "item", "path": "Pipelines[].ThumbnailConfig"}],
      "notes": ""
    },
    "ListPresets": {
      "kind": "read_list",
      "side_effect": false,
      "sdk": {"client": "elastictranscoder", "method": "list_presets"},
      "consumes": [],
      "produces": [{"entity": "elastictranscoder.presets", "source": "output", "path": "Presets"}, {"entity": "elastictranscoder.next_page_token", "source": "output", "path": "NextPageToken"}, {"entity": "elastictranscoder.preset_id", "source": "item", "path": "Presets[].Id"}, {"entity": "elastictranscoder.preset_arn", "source": "item", "path": "Presets[].Arn"}, {"entity": "elastictranscoder.preset_name", "source": "item", "path": "Presets[].Name"}, {"entity": "elastictranscoder.preset_description", "source": "item", "path": "Presets[].Description"}, {"entity": "elastictranscoder.preset_container", "source": "item", "path": "Presets[].Container"}, {"entity": "elastictranscoder.preset_audio", "source": "item", "path": "Presets[].Audio"}, {"entity": "elastictranscoder.preset_video", "source": "item", "path": "Presets[].Video"}, {"entity": "elastictranscoder.preset_thumbnails", "source": "item", "path": "Presets[].Thumbnails"}, {"entity": "elastictranscoder.preset_type", "source": "item", "path": "Presets[].Type"}],
      "notes": ""
    },
    "CancelJob": {
      "kind": "other",
      "side_effect": true,
      "sdk": {"client": "elastictranscoder", "method": "cancel_job"},
      "consumes": [{"entity": "elastictranscoder.job_id", "param": "Id", "required": true, "source": "internal"}],
      "produces": [],
      "notes": ""
    },
    "CreateJob": {
      "kind": "write_create",
      "side_effect": true,
      "sdk": {"client": "elastictranscoder", "method": "create_job"},
      "consumes": [{"entity": "elastictranscoder.pipeline_id", "param": "PipelineId", "required": true, "source": "internal"}],
      "produces": [{"entity": "elastictranscoder.job", "source": "output", "path": "Job"}, {"entity": "elastictranscoder.job_id", "source": "item", "path": "Job.Id"}, {"entity": "elastictranscoder.job_arn", "source": "item", "path": "Job.Arn"}, {"entity": "elastictranscoder.pipeline_id", "source": "item", "path": "Job.PipelineId"}, {"entity": "elastictranscoder.job_input", "source": "item", "path": "Job.Input"}, {"entity": "elastictranscoder.job_inputs", "source": "item", "path": "Job.Inputs"}, {"entity": "elastictranscoder.job_output", "source": "item", "path": "Job.Output"}, {"entity": "elastictranscoder.job_outputs", "source": "item", "path": "Job.Outputs"}, {"entity": "elastictranscoder.job_output_key_prefix", "source": "item", "path": "Job.OutputKeyPrefix"}, {"entity": "elastictranscoder.job_playlists", "source": "item", "path": "Job.Playlists"}, {"entity": "elastictranscoder.job_status", "source": "item", "path": "Job.Status"}, {"entity": "elastictranscoder.job_user_metadata", "source": "item", "path": "Job.UserMetadata"}, {"entity": "elastictranscoder.job_timing", "source": "item", "path": "Job.Timing"}],
      "notes": ""
    },
    "CreatePipeline": {
      "kind": "write_create",
      "side_effect": true,
      "sdk": {"client": "elastictranscoder", "method": "create_pipeline"},
      "consumes": [{"entity": "elastictranscoder.warning_name", "param": "Name", "required": true, "source": "external"}, {"entity": "elastictranscoder.input_bucket", "param": "InputBucket", "required": true, "source": "external"}, {"entity": "elastictranscoder.role", "param": "Role", "required": true, "source": "external"}],
      "produces": [{"entity": "elastictranscoder.pipeline", "source": "output", "path": "Pipeline"}, {"entity": "elastictranscoder.warnings", "source": "output", "path": "Warnings"}, {"entity": "elastictranscoder.warning_code", "source": "item", "path": "Warnings.Code"}, {"entity": "elastictranscoder.warning_message", "source": "item", "path": "Warnings.Message"}],
      "notes": ""
    },
    "CreatePreset": {
      "kind": "write_create",
      "side_effect": true,
      "sdk": {"client": "elastictranscoder", "method": "create_preset"},
      "consumes": [{"entity": "elastictranscoder.preset_name", "param": "Name", "required": true, "source": "internal"}, {"entity": "elastictranscoder.container", "param": "Container", "required": true, "source": "external"}],
      "produces": [{"entity": "elastictranscoder.preset", "source": "output", "path": "Preset"}, {"entity": "elastictranscoder.warning", "source": "output", "path": "Warning"}, {"entity": "elastictranscoder.preset_id", "source": "item", "path": "Preset.Id"}, {"entity": "elastictranscoder.preset_arn", "source": "item", "path": "Preset.Arn"}, {"entity": "elastictranscoder.preset_name", "source": "item", "path": "Preset.Name"}, {"entity": "elastictranscoder.preset_description", "source": "item", "path": "Preset.Description"}, {"entity": "elastictranscoder.preset_container", "source": "item", "path": "Preset.Container"}, {"entity": "elastictranscoder.preset_audio", "source": "item", "path": "Preset.Audio"}, {"entity": "elastictranscoder.preset_video", "source": "item", "path": "Preset.Video"}, {"entity": "elastictranscoder.preset_thumbnails", "source": "item", "path": "Preset.Thumbnails"}, {"entity": "elastictranscoder.preset_type", "source": "item", "path": "Preset.Type"}],
      "notes": ""
    },
    "DeletePipeline": {
      "kind": "write_delete",
      "side_effect": true,
      "sdk": {"client": "elastictranscoder", "method": "delete_pipeline"},
      "consumes": [{"entity": "elastictranscoder.pipeline_id", "param": "Id", "required": true, "source": "internal"}],
      "produces": [],
      "notes": ""
    },
    "DeletePreset": {
      "kind": "write_delete",
      "side_effect": true,
      "sdk": {"client": "elastictranscoder", "method": "delete_preset"},
      "consumes": [{"entity": "elastictranscoder.preset_id", "param": "Id", "required": true, "source": "internal"}],
      "produces": [],
      "notes": ""
    },
    "ListJobsByPipeline": {
      "kind": "read_list",
      "side_effect": false,
      "sdk": {"client": "elastictranscoder", "method": "list_jobs_by_pipeline"},
      "consumes": [{"entity": "elastictranscoder.pipeline_id", "param": "PipelineId", "required": true, "source": "internal"}],
      "produces": [{"entity": "elastictranscoder.jobs", "source": "output", "path": "Jobs"}, {"entity": "elastictranscoder.next_page_token", "source": "output", "path": "NextPageToken"}, {"entity": "elastictranscoder.job_id", "source": "item", "path": "Jobs[].Id"}, {"entity": "elastictranscoder.job_arn", "source": "item", "path": "Jobs[].Arn"}, {"entity": "elastictranscoder.pipeline_id", "source": "item", "path": "Jobs[].PipelineId"}, {"entity": "elastictranscoder.job_input", "source": "item", "path": "Jobs[].Input"}, {"entity": "elastictranscoder.job_inputs", "source": "item", "path": "Jobs[].Inputs"}, {"entity": "elastictranscoder.job_output", "source": "item", "path": "Jobs[].Output"}, {"entity": "elastictranscoder.job_outputs", "source": "item", "path": "Jobs[].Outputs"}, {"entity": "elastictranscoder.job_output_key_prefix", "source": "item", "path": "Jobs[].OutputKeyPrefix"}, {"entity": "elastictranscoder.job_playlists", "source": "item", "path": "Jobs[].Playlists"}, {"entity": "elastictranscoder.job_status", "source": "item", "path": "Jobs[].Status"}, {"entity": "elastictranscoder.job_user_metadata", "source": "item", "path": "Jobs[].UserMetadata"}, {"entity": "elastictranscoder.job_timing", "source": "item", "path": "Jobs[].Timing"}],
      "notes": ""
    },
    "ListJobsByStatus": {
      "kind": "read_list",
      "side_effect": false,
      "sdk": {"client": "elastictranscoder", "method": "list_jobs_by_status"},
      "consumes": [{"entity": "elastictranscoder.job_status", "param": "Status", "required": true, "source": "internal"}],
      "produces": [{"entity": "elastictranscoder.jobs", "source": "output", "path": "Jobs"}, {"entity": "elastictranscoder.next_page_token", "source": "output", "path": "NextPageToken"}, {"entity": "elastictranscoder.job_id", "source": "item", "path": "Jobs[].Id"}, {"entity": "elastictranscoder.job_arn", "source": "item", "path": "Jobs[].Arn"}, {"entity": "elastictranscoder.pipeline_id", "source": "item", "path": "Jobs[].PipelineId"}, {"entity": "elastictranscoder.job_input", "source": "item", "path": "Jobs[].Input"}, {"entity": "elastictranscoder.job_inputs", "source": "item", "path": "Jobs[].Inputs"}, {"entity": "elastictranscoder.job_output", "source": "item", "path": "Jobs[].Output"}, {"entity": "elastictranscoder.job_outputs", "source": "item", "path": "Jobs[].Outputs"}, {"entity": "elastictranscoder.job_output_key_prefix", "source": "item", "path": "Jobs[].OutputKeyPrefix"}, {"entity": "elastictranscoder.job_playlists", "source": "item", "path": "Jobs[].Playlists"}, {"entity": "elastictranscoder.job_status", "source": "item", "path": "Jobs[].Status"}, {"entity": "elastictranscoder.job_user_metadata", "source": "item", "path": "Jobs[].UserMetadata"}, {"entity": "elastictranscoder.job_timing", "source": "item", "path": "Jobs[].Timing"}],
      "notes": ""
    },
    "ReadJob": {
      "kind": "other",
      "side_effect": true,
      "sdk": {"client": "elastictranscoder", "method": "read_job"},
      "consumes": [{"entity": "elastictranscoder.job_id", "param": "Id", "required": true, "source": "internal"}],
      "produces": [{"entity": "elastictranscoder.job", "source": "output", "path": "Job"}, {"entity": "elastictranscoder.job_id", "source": "item", "path": "Job.Id"}, {"entity": "elastictranscoder.job_arn", "source": "item", "path": "Job.Arn"}, {"entity": "elastictranscoder.pipeline_id", "source": "item", "path": "Job.PipelineId"}, {"entity": "elastictranscoder.job_input", "source": "item", "path": "Job.Input"}, {"entity": "elastictranscoder.job_inputs", "source": "item", "path": "Job.Inputs"}, {"entity": "elastictranscoder.job_output", "source": "item", "path": "Job.Output"}, {"entity": "elastictranscoder.job_outputs", "source": "item", "path": "Job.Outputs"}, {"entity": "elastictranscoder.job_output_key_prefix", "source": "item", "path": "Job.OutputKeyPrefix"}, {"entity": "elastictranscoder.job_playlists", "source": "item", "path": "Job.Playlists"}, {"entity": "elastictranscoder.job_status", "source": "item", "path": "Job.Status"}, {"entity": "elastictranscoder.job_user_metadata", "source": "item", "path": "Job.UserMetadata"}, {"entity": "elastictranscoder.job_timing", "source": "item", "path": "Job.Timing"}],
      "notes": ""
    },
    "ReadPipeline": {
      "kind": "other",
      "side_effect": true,
      "sdk": {"client": "elastictranscoder", "method": "read_pipeline"},
      "consumes": [{"entity": "elastictranscoder.warning_id", "param": "Id", "required": true, "source": "external"}],
      "produces": [{"entity": "elastictranscoder.pipeline", "source": "output", "path": "Pipeline"}, {"entity": "elastictranscoder.warnings", "source": "output", "path": "Warnings"}, {"entity": "elastictranscoder.warning_code", "source": "item", "path": "Warnings.Code"}, {"entity": "elastictranscoder.warning_message", "source": "item", "path": "Warnings.Message"}],
      "notes": ""
    },
    "ReadPreset": {
      "kind": "other",
      "side_effect": true,
      "sdk": {"client": "elastictranscoder", "method": "read_preset"},
      "consumes": [{"entity": "elastictranscoder.preset_id", "param": "Id", "required": true, "source": "internal"}],
      "produces": [{"entity": "elastictranscoder.preset", "source": "output", "path": "Preset"}, {"entity": "elastictranscoder.preset_id", "source": "item", "path": "Preset.Id"}, {"entity": "elastictranscoder.preset_arn", "source": "item", "path": "Preset.Arn"}, {"entity": "elastictranscoder.preset_name", "source": "item", "path": "Preset.Name"}, {"entity": "elastictranscoder.preset_description", "source": "item", "path": "Preset.Description"}, {"entity": "elastictranscoder.preset_container", "source": "item", "path": "Preset.Container"}, {"entity": "elastictranscoder.preset_audio", "source": "item", "path": "Preset.Audio"}, {"entity": "elastictranscoder.preset_video", "source": "item", "path": "Preset.Video"}, {"entity": "elastictranscoder.preset_thumbnails", "source": "item", "path": "Preset.Thumbnails"}, {"entity": "elastictranscoder.preset_type", "source": "item", "path": "Preset.Type"}],
      "notes": ""
    },
    "TestRole": {
      "kind": "other",
      "side_effect": true,
      "sdk": {"client": "elastictranscoder", "method": "test_role"},
      "consumes": [{"entity": "elastictranscoder.role", "param": "Role", "required": true, "source": "external"}, {"entity": "elastictranscoder.input_bucket", "param": "InputBucket", "required": true, "source": "external"}, {"entity": "elastictranscoder.output_bucket", "param": "OutputBucket", "required": true, "source": "external"}, {"entity": "elastictranscoder.topics", "param": "Topics", "required": true, "source": "external"}],
      "produces": [{"entity": "elastictranscoder.success", "source": "output", "path": "Success"}, {"entity": "elastictranscoder.messages", "source": "output", "path": "Messages"}],
      "notes": ""
    },
    "UpdatePipeline": {
      "kind": "write_update",
      "side_effect": true,
      "sdk": {"client": "elastictranscoder", "method": "update_pipeline"},
      "consumes": [{"entity": "elastictranscoder.warning_id", "param": "Id", "required": true, "source": "external"}],
      "produces": [{"entity": "elastictranscoder.pipeline", "source": "output", "path": "Pipeline"}, {"entity": "elastictranscoder.warnings", "source": "output", "path": "Warnings"}, {"entity": "elastictranscoder.warning_code", "source": "item", "path": "Warnings.Code"}, {"entity": "elastictranscoder.warning_message", "source": "item", "path": "Warnings.Message"}],
      "notes": ""
    },
    "UpdatePipelineNotifications": {
      "kind": "write_update",
      "side_effect": true,
      "sdk": {"client": "elastictranscoder", "method": "update_pipeline_notifications"},
      "consumes": [{"entity": "elastictranscoder.pipeline_id", "param": "Id", "required": true, "source": "internal"}, {"entity": "elastictranscoder.notifications", "param": "Notifications", "required": true, "source": "external"}],
      "produces": [{"entity": "elastictranscoder.pipeline", "source": "output", "path": "Pipeline"}, {"entity": "elastictranscoder.pipeline_id", "source": "item", "path": "Pipeline.Id"}, {"entity": "elastictranscoder.pipeline_arn", "source": "item", "path": "Pipeline.Arn"}, {"entity": "elastictranscoder.pipeline_name", "source": "item", "path": "Pipeline.Name"}, {"entity": "elastictranscoder.pipeline_status", "source": "item", "path": "Pipeline.Status"}, {"entity": "elastictranscoder.pipeline_input_bucket", "source": "item", "path": "Pipeline.InputBucket"}, {"entity": "elastictranscoder.pipeline_output_bucket", "source": "item", "path": "Pipeline.OutputBucket"}, {"entity": "elastictranscoder.pipeline_role", "source": "item", "path": "Pipeline.Role"}, {"entity": "elastictranscoder.pipeline_aws_kms_key_arn", "source": "item", "path": "Pipeline.AwsKmsKeyArn"}, {"entity": "elastictranscoder.pipeline_notifications", "source": "item", "path": "Pipeline.Notifications"}, {"entity": "elastictranscoder.pipeline_content_config", "source": "item", "path": "Pipeline.ContentConfig"}, {"entity": "elastictranscoder.pipeline_thumbnail_config", "source": "item", "path": "Pipeline.ThumbnailConfig"}],
      "notes": ""
    },
    "UpdatePipelineStatus": {
      "kind": "write_update",
      "side_effect": true,
      "sdk": {"client": "elastictranscoder", "method": "update_pipeline_status"},
      "consumes": [{"entity": "elastictranscoder.pipeline_id", "param": "Id", "required": true, "source": "internal"}, {"entity": "elastictranscoder.pipeline_status", "param": "Status", "required": true, "source": "internal"}],
      "produces": [{"entity": "elastictranscoder.pipeline", "source": "output", "path": "Pipeline"}, {"entity": "elastictranscoder.pipeline_id", "source": "item", "path": "Pipeline.Id"}, {"entity": "elastictranscoder.pipeline_arn", "source": "item", "path": "Pipeline.Arn"}, {"entity": "elastictranscoder.pipeline_name", "source": "item", "path": "Pipeline.Name"}, {"entity": "elastictranscoder.pipeline_status", "source": "item", "path": "Pipeline.Status"}, {"entity": "elastictranscoder.pipeline_input_bucket", "source": "item", "path": "Pipeline.InputBucket"}, {"entity": "elastictranscoder.pipeline_output_bucket", "source": "item", "path": "Pipeline.OutputBucket"}, {"entity": "elastictranscoder.pipeline_role", "source": "item", "path": "Pipeline.Role"}, {"entity": "elastictranscoder.pipeline_aws_kms_key_arn", "source": "item", "path": "Pipeline.AwsKmsKeyArn"}, {"entity": "elastictranscoder.pipeline_notifications", "source": "item", "path": "Pipeline.Notifications"}, {"entity": "elastictranscoder.pipeline_content_config", "source": "item", "path": "Pipeline.ContentConfig"}, {"entity": "elastictranscoder.pipeline_thumbnail_config", "source": "item", "path": "Pipeline.ThumbnailConfig"}],
      "notes": ""
    }
  }
}