{
  "service": "s3",
  "fixes": [
    {
      "rule_id": "1",
      "suggested_check": {
        "var": "BucketArn",
        "op": "equals",
        "value": "s3.bucket_name",
        "derived": null,
        "derive_key": null
      },
      "suggested_aliases": {
        "entity_aliases": {
          "alias": "s3.bucket_name"
        },
        "param_aliases": {
          "param": [
            "ListBuckets.Buckets[].Name"
          ]
        }
      },
      "confidence": 0.85,
      "reason": "BucketArn can be used to derive the bucket name directly."
    },
    {
      "rule_id": "2",
      "suggested_check": {
        "var": "BucketArn",
        "op": "equals",
        "value": "s3.bucket_name",
        "derived": null,
        "derive_key": null
      },
      "suggested_aliases": {
        "entity_aliases": {
          "alias": "s3.bucket_name"
        },
        "param_aliases": {
          "param": [
            "ListDirectoryBuckets.Buckets[].Name"
          ]
        }
      },
      "confidence": 0.85,
      "reason": "BucketArn can be used to derive the bucket name directly."
    },
    {
      "rule_id": "3",
      "suggested_check": {
        "var": "Checksum",
        "op": "equals",
        "value": "s3.object_version_name",
        "derived": null,
        "derive_key": null
      },
      "suggested_aliases": {
        "entity_aliases": {
          "alias": "s3.object_version_name"
        },
        "param_aliases": {
          "param": [
            "ListObjectVersions.Name"
          ]
        }
      },
      "confidence": 0.9,
      "reason": "Checksum can be used to derive the object version name."
    },
    {
      "rule_id": "4",
      "suggested_check": {
        "var": "Body",
        "op": "equals",
        "value": "s3.object_name",
        "derived": null,
        "derive_key": null
      },
      "suggested_aliases": {
        "entity_aliases": {
          "alias": "s3.object_name"
        },
        "param_aliases": {
          "param": [
            "ListObjects.Name"
          ]
        }
      },
      "confidence": 0.9,
      "reason": "Body can be used to derive the object name."
    },
    {
      "rule_id": "5",
      "suggested_check": {
        "var": "Body",
        "op": "equals",
        "value": "s3.objects_v2_name",
        "derived": null,
        "derive_key": null
      },
      "suggested_aliases": {
        "entity_aliases": {
          "alias": "s3.objects_v2_name"
        },
        "param_aliases": {
          "param": [
            "ListObjectsV2.Name"
          ]
        }
      },
      "confidence": 0.9,
      "reason": "Body can be used to derive the objects v2 name."
    },
    {
      "rule_id": "6",
      "suggested_check": {
        "var": "AnalyticsConfiguration",
        "op": "equals",
        "value": "s3.analytics_configuration_id",
        "derived": null,
        "derive_key": null
      },
      "suggested_aliases": {
        "entity_aliases": {
          "alias": "s3.analytics_configuration_id"
        },
        "param_aliases": {
          "param": [
            "DeleteBucketAnalyticsConfiguration.Id"
          ]
        }
      },
      "confidence": 0.85,
      "reason": "AnalyticsConfiguration can be used to derive the analytics configuration ID."
    },
    {
      "rule_id": "7",
      "suggested_check": {
        "var": "AnalyticsConfiguration",
        "op": "equals",
        "value": "s3.intelligent_tiering_configuration_id",
        "derived": null,
        "derive_key": null
      },
      "suggested_aliases": {
        "entity_aliases": {
          "alias": "s3.intelligent_tiering_configuration_id"
        },
        "param_aliases": {
          "param": [
            "DeleteBucketIntelligentTieringConfiguration.Id"
          ]
        }
      },
      "confidence": 0.85,
      "reason": "AnalyticsConfiguration can be used to derive the intelligent tiering configuration ID."
    },
    {
      "rule_id": "8",
      "suggested_check": {
        "var": "AnalyticsConfiguration",
        "op": "equals",
        "value": "s3.inventory_configuration_id",
        "derived": null,
        "derive_key": null
      },
      "suggested_aliases": {
        "entity_aliases": {
          "alias": "s3.inventory_configuration_id"
        },
        "param_aliases": {
          "param": [
            "DeleteBucketInventoryConfiguration.Id"
          ]
        }
      },
      "confidence": 0.85,
      "reason": "AnalyticsConfiguration can be used to derive the inventory configuration ID."
    },
    {
      "rule_id": "9",
      "suggested_check": {
        "var": "AnalyticsConfiguration",
        "op": "equals",
        "value": "s3.metrics_configuration_id",
        "derived": null,
        "derive_key": null
      },
      "suggested_aliases": {
        "entity_aliases": {
          "alias": "s3.metrics_configuration_id"
        },
        "param_aliases": {
          "param": [
            "DeleteBucketMetricsConfiguration.Id"
          ]
        }
      },
      "confidence": 0.85,
      "reason": "AnalyticsConfiguration can be used to derive the metrics configuration ID."
    },
    {
      "rule_id": "10",
      "suggested_check": {
        "var": "AnalyticsConfiguration",
        "op": "equals",
        "value": "s3.analytics_configuration_id",
        "derived": null,
        "derive_key": null
      },
      "suggested_aliases": {
        "entity_aliases": {
          "alias": "s3.analytics_configuration_id"
        },
        "param_aliases": {
          "param": [
            "GetBucketAnalyticsConfiguration.Id"
          ]
        }
      },
      "confidence": 0.85,
      "reason": "AnalyticsConfiguration can be used to derive the analytics configuration ID."
    },
    {
      "type": "llm_fix",
      "original": "1",
      "fix": {
        "var": "BucketArn",
        "op": "equals",
        "value": "s3.bucket_name",
        "derived": null,
        "derive_key": null
      },
      "confidence": 0.9,
      "reason": "BucketArn directly corresponds to the bucket name in S3.",
      "aliases": {
        "entity_aliases": {
          "alias": "bucket_name"
        },
        "param_aliases": {
          "param": [
            "ListBuckets.Buckets[].Name",
            "ListDirectoryBuckets.Buckets[].Name"
          ]
        }
      }
    },
    {
      "type": "llm_fix",
      "original": "2",
      "fix": {
        "var": "BucketArn",
        "op": "equals",
        "value": "s3.object_name",
        "derived": null,
        "derive_key": null
      },
      "confidence": 0.85,
      "reason": "BucketArn can be used to derive object names in S3.",
      "aliases": {
        "entity_aliases": {
          "alias": "object_name"
        },
        "param_aliases": {
          "param": [
            "ListObjects.Name",
            "ListObjectVersions.Name",
            "ListObjectsV2.Name"
          ]
        }
      }
    },
    {
      "type": "llm_fix",
      "original": "3",
      "fix": {
        "var": "AnalyticsConfiguration",
        "op": "equals",
        "value": "s3.analytics_configuration_id",
        "derived": null,
        "derive_key": null
      },
      "confidence": 0.9,
      "reason": "AnalyticsConfiguration directly relates to the analytics configuration ID in S3.",
      "aliases": {
        "entity_aliases": {
          "alias": "analytics_configuration_id"
        },
        "param_aliases": {
          "param": [
            "DeleteBucketAnalyticsConfiguration.Id",
            "GetBucketAnalyticsConfiguration.Id"
          ]
        }
      }
    }
  ],
  "summary": {
    "total_fixes": 13,
    "remaining_unresolved": 34
  }
}