{
  "service": "frauddetector",
  "seed_from_list": [
    "detectorId",
    "detectorVersionId",
    "eventId",
    "eventTimestamp",
    "eventTypeName",
    "key",
    "predictionTimestamp",
    "value"
  ],
  "enriched_from_get_describe": [
    "arn",
    "batchImports",
    "batchPredictions",
    "completionTime",
    "createdTime",
    "currentLabel",
    "dataSource",
    "dataType",
    "defaultValue",
    "description",
    "detectorId",
    "detectorName",
    "detectorVersion",
    "detectorVersionId",
    "detectorVersionStatus",
    "detectorVersionSummaries",
    "detectors",
    "elements",
    "entities",
    "entityId",
    "entityType",
    "entityTypes",
    "evaluatedExternalModels",
    "evaluatedModelVersions",
    "event",
    "eventId",
    "eventIngestion",
    "eventOrchestration",
    "eventTimestamp",
    "eventTypeName",
    "eventTypes",
    "eventVariables",
    "eventsDeletionStatus",
    "expression",
    "externalEventsDetail",
    "externalModelEndpoints",
    "externalModelOutputs",
    "externalModels",
    "failedRecordsCount",
    "failureReason",
    "iamRoleArn",
    "ingestedEventStatistics",
    "ingestedEventsDetail",
    "inputConfiguration",
    "inputPath",
    "invokeModelEndpointRoleArn",
    "jobId",
    "kmsEncryptionKeyArn",
    "kmsKey",
    "labelSchema",
    "labelTimestamp",
    "labels",
    "language",
    "lastHeartbeatTime",
    "lastUpdatedTime",
    "lists",
    "modelEndpoint",
    "modelEndpointStatus",
    "modelId",
    "modelScores",
    "modelSource",
    "modelType",
    "modelVariables",
    "modelVersion",
    "modelVersionDetails",
    "modelVersionNumber",
    "modelVersions",
    "models",
    "name",
    "nextToken",
    "outcomes",
    "outputConfiguration",
    "outputPath",
    "predictionTimestamp",
    "processedRecordsCount",
    "ruleDetails",
    "ruleExecutionMode",
    "ruleId",
    "ruleResults",
    "ruleVersion",
    "rules",
    "scores",
    "source",
    "startTime",
    "status",
    "totalRecordsCount",
    "trainingDataSchema",
    "trainingDataSource",
    "trainingResult",
    "trainingResultV2",
    "updatedTime",
    "value",
    "variableType",
    "variables"
  ],
  "final_union": [
    "arn",
    "batchImports",
    "batchPredictions",
    "completionTime",
    "createdTime",
    "currentLabel",
    "dataSource",
    "dataType",
    "defaultValue",
    "description",
    "detectorId",
    "detectorName",
    "detectorVersion",
    "detectorVersionId",
    "detectorVersionStatus",
    "detectorVersionSummaries",
    "detectors",
    "elements",
    "entities",
    "entityId",
    "entityType",
    "entityTypes",
    "evaluatedExternalModels",
    "evaluatedModelVersions",
    "event",
    "eventId",
    "eventIngestion",
    "eventOrchestration",
    "eventTimestamp",
    "eventTypeName",
    "eventTypes",
    "eventVariables",
    "eventsDeletionStatus",
    "expression",
    "externalEventsDetail",
    "externalModelEndpoints",
    "externalModelOutputs",
    "externalModels",
    "failedRecordsCount",
    "failureReason",
    "iamRoleArn",
    "ingestedEventStatistics",
    "ingestedEventsDetail",
    "inputConfiguration",
    "inputPath",
    "invokeModelEndpointRoleArn",
    "jobId",
    "key",
    "kmsEncryptionKeyArn",
    "kmsKey",
    "labelSchema",
    "labelTimestamp",
    "labels",
    "language",
    "lastHeartbeatTime",
    "lastUpdatedTime",
    "lists",
    "modelEndpoint",
    "modelEndpointStatus",
    "modelId",
    "modelScores",
    "modelSource",
    "modelType",
    "modelVariables",
    "modelVersion",
    "modelVersionDetails",
    "modelVersionNumber",
    "modelVersions",
    "models",
    "name",
    "nextToken",
    "outcomes",
    "outputConfiguration",
    "outputPath",
    "predictionTimestamp",
    "processedRecordsCount",
    "ruleDetails",
    "ruleExecutionMode",
    "ruleId",
    "ruleResults",
    "ruleVersion",
    "rules",
    "scores",
    "source",
    "startTime",
    "status",
    "totalRecordsCount",
    "trainingDataSchema",
    "trainingDataSource",
    "trainingResult",
    "trainingResultV2",
    "updatedTime",
    "value",
    "variableType",
    "variables"
  ],
  "source": {
    "operation_registry": "services/frauddetector/operation_registry.json",
    "read_ops_rule": "operation name startswith List/Get/Describe/Search/Lookup",
    "excluded_keys": [
      "nextToken",
      "maxResults"
    ]
  }
}