{
  "service": "frauddetector",
  "fixes": [
    {
      "rule_id": "1",
      "suggested_check": {
        "var": "detectorVersionStatus",
        "op": "equals",
        "value": "frauddetector.model_version_status",
        "derived": "model_version_status",
        "derive_key": "aws.frauddetector.model_version_status"
      },
      "suggested_aliases": {
        "entity_aliases": {
          "alias": "model_version_status"
        },
        "param_aliases": {
          "param": [
            "status"
          ]
        }
      },
      "confidence": 0.9,
      "reason": "The status of model versions directly corresponds to the model_version_status in frauddetector."
    },
    {
      "rule_id": "2",
      "suggested_check": {
        "var": "batchImports",
        "op": "equals",
        "value": "frauddetector.batch_import_status",
        "derived": "batch_import_status",
        "derive_key": "aws.frauddetector.batch_import_status"
      },
      "suggested_aliases": {
        "entity_aliases": {
          "alias": "batch_import_status"
        },
        "param_aliases": {
          "param": [
            "status"
          ]
        }
      },
      "confidence": 0.85,
      "reason": "The status of batch imports is directly related to the batch_import_status in frauddetector."
    },
    {
      "rule_id": "3",
      "suggested_check": {
        "var": "batchPredictions",
        "op": "equals",
        "value": "frauddetector.batch_prediction_status",
        "derived": "batch_prediction_status",
        "derive_key": "aws.frauddetector.batch_prediction_status"
      },
      "suggested_aliases": {
        "entity_aliases": {
          "alias": "batch_prediction_status"
        },
        "param_aliases": {
          "param": [
            "status"
          ]
        }
      },
      "confidence": 0.88,
      "reason": "The status of batch predictions corresponds to the batch_prediction_status in frauddetector."
    },
    {
      "rule_id": "4",
      "suggested_check": {
        "var": "detectorVersionStatus",
        "op": "equals",
        "value": "frauddetector.detector_version_status",
        "derived": "detector_version_status",
        "derive_key": "aws.frauddetector.detector_version_status"
      },
      "suggested_aliases": {
        "entity_aliases": {
          "alias": "detector_version_status"
        },
        "param_aliases": {
          "param": [
            "status"
          ]
        }
      },
      "confidence": 0.9,
      "reason": "The status of detector versions is directly related to the detector_version_status in frauddetector."
    },
    {
      "type": "llm_fix",
      "original": "1",
      "fix": {
        "var": "detectorVersionStatus",
        "op": "equals",
        "value": "frauddetector.model_version_status",
        "derived": "model_version_status",
        "derive_key": "aws.frauddetector.model_version_status"
      },
      "confidence": 0.9,
      "reason": "The status of model versions directly corresponds to the model_version_status in frauddetector.",
      "aliases": {
        "entity_aliases": {
          "alias": "model_version_status"
        },
        "param_aliases": {
          "param": [
            "status"
          ]
        }
      }
    },
    {
      "type": "llm_fix",
      "original": "2",
      "fix": {
        "var": "batchImports",
        "op": "equals",
        "value": "frauddetector.batch_import_status",
        "derived": "batch_import_status",
        "derive_key": "aws.frauddetector.batch_import_status"
      },
      "confidence": 0.85,
      "reason": "The status of batch imports is directly related to the batch_import_status in frauddetector.",
      "aliases": {
        "entity_aliases": {
          "alias": "batch_import_status"
        },
        "param_aliases": {
          "param": [
            "status"
          ]
        }
      }
    },
    {
      "type": "llm_fix",
      "original": "3",
      "fix": {
        "var": "batchPredictions",
        "op": "equals",
        "value": "frauddetector.batch_prediction_status",
        "derived": "batch_prediction_status",
        "derive_key": "aws.frauddetector.batch_prediction_status"
      },
      "confidence": 0.88,
      "reason": "The status of batch predictions corresponds to the batch_prediction_status in frauddetector.",
      "aliases": {
        "entity_aliases": {
          "alias": "batch_prediction_status"
        },
        "param_aliases": {
          "param": [
            "status"
          ]
        }
      }
    },
    {
      "type": "llm_fix",
      "original": "4",
      "fix": {
        "var": "detectorVersionStatus",
        "op": "equals",
        "value": "frauddetector.detector_version_status",
        "derived": "detector_version_status",
        "derive_key": "aws.frauddetector.detector_version_status"
      },
      "confidence": 0.9,
      "reason": "The status of detector versions is directly related to the detector_version_status in frauddetector.",
      "aliases": {
        "entity_aliases": {
          "alias": "detector_version_status"
        },
        "param_aliases": {
          "param": [
            "status"
          ]
        }
      }
    }
  ],
  "summary": {
    "total_fixes": 8,
    "remaining_unresolved": 48
  }
}