{
  "service": "frauddetector",
  "version": "1.0",
  "kind_rules": {
    "read_list": ["List"],
    "read_get": ["Get", "Describe"],
    "write_create": ["Create", "Start", "Generate", "Import", "Enable", "Register"],
    "write_update": ["Update", "Modify", "Put", "Set", "Change", "Reset", "Patch"],
    "write_delete": ["Delete", "Remove", "Terminate", "Destroy", "Disable", "Detach", "Disassociate", "Untag", "Revoke"],
    "write_apply": ["Apply", "Attach", "Associate", "Add", "Tag", "Authorize", "Unauthorize", "Grant"],
    "other": ["default"]
  },
  "entity_aliases": {
    "frauddetector.batch_import_event_type_name": "frauddetector.event_type_name",
    "frauddetector.batch_import_job_id": "frauddetector.job_id",
    "frauddetector.event_prediction_detector_version_id": "frauddetector.detector_version_id",
    "frauddetector.model_event_type_name": "frauddetector.event_type_name",
    "frauddetector.batch_prediction_event_type_name": "frauddetector.event_type_name",
    "frauddetector.batch_prediction_job_id": "frauddetector.job_id",
    "frauddetector.event_variabl_name": "frauddetector.variabl_name",
    "frauddetector.batch_prediction_detector_name": "frauddetector.detector_name",
    "frauddetector.model_version_model_id": "frauddetector.model_id",
    "frauddetector.event_prediction_event_type_name": "frauddetector.event_type_name",
    "frauddetector.event_prediction_detector_id": "frauddetector.detector_id",
    "frauddetector.rule_detector_id": "frauddetector.detector_id",
    "frauddetector.event_prediction_event_id": "frauddetector.event_id",
    "frauddetector.detector_event_type_name": "frauddetector.event_type_name",
    "frauddetector.list_created_time": "frauddetector.created_time",
    "frauddetector.rule_details": "frauddetector.rule",
    "frauddetector.list_description": "frauddetector.description"
  },
  "overrides": {},
  "operations": {
    "DescribeModelVersions": {
      "kind": "read_get",
      "side_effect": false,
      "sdk": {"client": "frauddetector", "method": "describe_model_versions"},
      "consumes": [],
      "produces": [{"entity": "frauddetector.model_version_details", "source": "output", "path": "modelVersionDetails"}, {"entity": "frauddetector.next_token", "source": "output", "path": "nextToken"}, {"entity": "frauddetector.model_id", "source": "item", "path": "modelVersionDetails.modelId"}, {"entity": "frauddetector.model_version_model_type", "source": "item", "path": "modelVersionDetails.modelType"}, {"entity": "frauddetector.model_version_number", "source": "item", "path": "modelVersionDetails.modelVersionNumber"}, {"entity": "frauddetector.model_version_status", "source": "item", "path": "modelVersionDetails.status"}, {"entity": "frauddetector.model_version_training_data_source", "source": "item", "path": "modelVersionDetails.trainingDataSource"}, {"entity": "frauddetector.model_version_training_data_schema", "source": "item", "path": "modelVersionDetails.trainingDataSchema"}, {"entity": "frauddetector.model_version_external_events_detail", "source": "item", "path": "modelVersionDetails.externalEventsDetail"}, {"entity": "frauddetector.model_version_ingested_events_detail", "source": "item", "path": "modelVersionDetails.ingestedEventsDetail"}, {"entity": "frauddetector.model_version_training_result", "source": "item", "path": "modelVersionDetails.trainingResult"}, {"entity": "frauddetector.model_version_last_updated_time", "source": "item", "path": "modelVersionDetails.lastUpdatedTime"}, {"entity": "frauddetector.model_version_created_time", "source": "item", "path": "modelVersionDetails.createdTime"}, {"entity": "frauddetector.model_version_arn", "source": "item", "path": "modelVersionDetails.arn"}, {"entity": "frauddetector.model_version_training_result_v2", "source": "item", "path": "modelVersionDetails.trainingResultV2"}],
      "notes": ""
    },
    "GetBatchImportJobs": {
      "kind": "read_get",
      "side_effect": false,
      "sdk": {"client": "frauddetector", "method": "get_batch_import_jobs"},
      "consumes": [],
      "produces": [{"entity": "frauddetector.batch_imports", "source": "output", "path": "batchImports"}, {"entity": "frauddetector.next_token", "source": "output", "path": "nextToken"}, {"entity": "frauddetector.job_id", "source": "item", "path": "batchImports.jobId"}, {"entity": "frauddetector.batch_import_status", "source": "item", "path": "batchImports.status"}, {"entity": "frauddetector.batch_import_failure_reason", "source": "item", "path": "batchImports.failureReason"}, {"entity": "frauddetector.batch_import_start_time", "source": "item", "path": "batchImports.startTime"}, {"entity": "frauddetector.batch_import_completion_time", "source": "item", "path": "batchImports.completionTime"}, {"entity": "frauddetector.batch_import_input_path", "source": "item", "path": "batchImports.inputPath"}, {"entity": "frauddetector.batch_import_output_path", "source": "item", "path": "batchImports.outputPath"}, {"entity": "frauddetector.event_type_name", "source": "item", "path": "batchImports.eventTypeName"}, {"entity": "frauddetector.batch_import_iam_role_arn", "source": "item", "path": "batchImports.iamRoleArn"}, {"entity": "frauddetector.batch_import_arn", "source": "item", "path": "batchImports.arn"}, {"entity": "frauddetector.batch_import_processed_records_count", "source": "item", "path": "batchImports.processedRecordsCount"}, {"entity": "frauddetector.batch_import_failed_records_count", "source": "item", "path": "batchImports.failedRecordsCount"}, {"entity": "frauddetector.batch_import_total_records_count", "source": "item", "path": "batchImports.totalRecordsCount"}],
      "notes": ""
    },
    "GetBatchPredictionJobs": {
      "kind": "read_get",
      "side_effect": false,
      "sdk": {"client": "frauddetector", "method": "get_batch_prediction_jobs"},
      "consumes": [],
      "produces": [{"entity": "frauddetector.batch_predictions", "source": "output", "path": "batchPredictions"}, {"entity": "frauddetector.next_token", "source": "output", "path": "nextToken"}, {"entity": "frauddetector.job_id", "source": "item", "path": "batchPredictions.jobId"}, {"entity": "frauddetector.batch_prediction_status", "source": "item", "path": "batchPredictions.status"}, {"entity": "frauddetector.batch_prediction_failure_reason", "source": "item", "path": "batchPredictions.failureReason"}, {"entity": "frauddetector.batch_prediction_start_time", "source": "item", "path": "batchPredictions.startTime"}, {"entity": "frauddetector.batch_prediction_completion_time", "source": "item", "path": "batchPredictions.completionTime"}, {"entity": "frauddetector.batch_prediction_last_heartbeat_time", "source": "item", "path": "batchPredictions.lastHeartbeatTime"}, {"entity": "frauddetector.batch_prediction_input_path", "source": "item", "path": "batchPredictions.inputPath"}, {"entity": "frauddetector.batch_prediction_output_path", "source": "item", "path": "batchPredictions.outputPath"}, {"entity": "frauddetector.event_type_name", "source": "item", "path": "batchPredictions.eventTypeName"}, {"entity": "frauddetector.detector_name", "source": "item", "path": "batchPredictions.detectorName"}, {"entity": "frauddetector.batch_prediction_detector_version", "source": "item", "path": "batchPredictions.detectorVersion"}, {"entity": "frauddetector.batch_prediction_iam_role_arn", "source": "item", "path": "batchPredictions.iamRoleArn"}, {"entity": "frauddetector.batch_prediction_arn", "source": "item", "path": "batchPredictions.arn"}, {"entity": "frauddetector.batch_prediction_processed_records_count", "source": "item", "path": "batchPredictions.processedRecordsCount"}, {"entity": "frauddetector.batch_prediction_total_records_count", "source": "item", "path": "batchPredictions.totalRecordsCount"}],
      "notes": ""
    },
    "GetDetectors": {
      "kind": "read_get",
      "side_effect": false,
      "sdk": {"client": "frauddetector", "method": "get_detectors"},
      "consumes": [],
      "produces": [{"entity": "frauddetector.detectors", "source": "output", "path": "detectors"}, {"entity": "frauddetector.next_token", "source": "output", "path": "nextToken"}, {"entity": "frauddetector.detector_id", "source": "item", "path": "detectors.detectorId"}, {"entity": "frauddetector.detector_description", "source": "item", "path": "detectors.description"}, {"entity": "frauddetector.event_type_name", "source": "item", "path": "detectors.eventTypeName"}, {"entity": "frauddetector.detector_last_updated_time", "source": "item", "path": "detectors.lastUpdatedTime"}, {"entity": "frauddetector.detector_created_time", "source": "item", "path": "detectors.createdTime"}, {"entity": "frauddetector.detector_arn", "source": "item", "path": "detectors.arn"}],
      "notes": ""
    },
    "GetEntityTypes": {
      "kind": "read_get",
      "side_effect": false,
      "sdk": {"client": "frauddetector", "method": "get_entity_types"},
      "consumes": [],
      "produces": [{"entity": "frauddetector.entity_types", "source": "output", "path": "entityTypes"}, {"entity": "frauddetector.next_token", "source": "output", "path": "nextToken"}, {"entity": "frauddetector.entity_typ_name", "source": "item", "path": "entityTypes.name"}, {"entity": "frauddetector.entity_typ_description", "source": "item", "path": "entityTypes.description"}, {"entity": "frauddetector.entity_typ_last_updated_time", "source": "item", "path": "entityTypes.lastUpdatedTime"}, {"entity": "frauddetector.entity_typ_created_time", "source": "item", "path": "entityTypes.createdTime"}, {"entity": "frauddetector.entity_typ_arn", "source": "item", "path": "entityTypes.arn"}],
      "notes": ""
    },
    "GetEventTypes": {
      "kind": "read_get",
      "side_effect": false,
      "sdk": {"client": "frauddetector", "method": "get_event_types"},
      "consumes": [],
      "produces": [{"entity": "frauddetector.event_types", "source": "output", "path": "eventTypes"}, {"entity": "frauddetector.next_token", "source": "output", "path": "nextToken"}, {"entity": "frauddetector.event_typ_name", "source": "item", "path": "eventTypes.name"}, {"entity": "frauddetector.event_typ_description", "source": "item", "path": "eventTypes.description"}, {"entity": "frauddetector.event_typ_event_variables", "source": "item", "path": "eventTypes.eventVariables"}, {"entity": "frauddetector.event_typ_labels", "source": "item", "path": "eventTypes.labels"}, {"entity": "frauddetector.event_typ_entity_types", "source": "item", "path": "eventTypes.entityTypes"}, {"entity": "frauddetector.event_typ_event_ingestion", "source": "item", "path": "eventTypes.eventIngestion"}, {"entity": "frauddetector.event_typ_ingested_event_statistics", "source": "item", "path": "eventTypes.ingestedEventStatistics"}, {"entity": "frauddetector.event_typ_last_updated_time", "source": "item", "path": "eventTypes.lastUpdatedTime"}, {"entity": "frauddetector.event_typ_created_time", "source": "item", "path": "eventTypes.createdTime"}, {"entity": "frauddetector.event_typ_arn", "source": "item", "path": "eventTypes.arn"}, {"entity": "frauddetector.event_typ_event_orchestration", "source": "item", "path": "eventTypes.eventOrchestration"}],
      "notes": ""
    },
    "GetExternalModels": {
      "kind": "read_get",
      "side_effect": false,
      "sdk": {"client": "frauddetector", "method": "get_external_models"},
      "consumes": [],
      "produces": [{"entity": "frauddetector.external_models", "source": "output", "path": "externalModels"}, {"entity": "frauddetector.next_token", "source": "output", "path": "nextToken"}, {"entity": "frauddetector.external_model_model_endpoint", "source": "item", "path": "externalModels.modelEndpoint"}, {"entity": "frauddetector.external_model_model_source", "source": "item", "path": "externalModels.modelSource"}, {"entity": "frauddetector.external_model_invoke_model_endpoint_role_arn", "source": "item", "path": "externalModels.invokeModelEndpointRoleArn"}, {"entity": "frauddetector.external_model_input_configuration", "source": "item", "path": "externalModels.inputConfiguration"}, {"entity": "frauddetector.external_model_output_configuration", "source": "item", "path": "externalModels.outputConfiguration"}, {"entity": "frauddetector.external_model_model_endpoint_status", "source": "item", "path": "externalModels.modelEndpointStatus"}, {"entity": "frauddetector.external_model_last_updated_time", "source": "item", "path": "externalModels.lastUpdatedTime"}, {"entity": "frauddetector.external_model_created_time", "source": "item", "path": "externalModels.createdTime"}, {"entity": "frauddetector.external_model_arn", "source": "item", "path": "externalModels.arn"}],
      "notes": ""
    },
    "GetKMSEncryptionKey": {
      "kind": "read_get",
      "side_effect": false,
      "sdk": {"client": "frauddetector", "method": "get_kms_encryption_key"},
      "consumes": [],
      "produces": [{"entity": "frauddetector.kms_key", "source": "output", "path": "kmsKey"}, {"entity": "frauddetector.kms_key_kms_encryption_key_arn", "source": "item", "path": "kmsKey.kmsEncryptionKeyArn"}],
      "notes": ""
    },
    "GetLabels": {
      "kind": "read_get",
      "side_effect": false,
      "sdk": {"client": "frauddetector", "method": "get_labels"},
      "consumes": [],
      "produces": [{"entity": "frauddetector.labels", "source": "output", "path": "labels"}, {"entity": "frauddetector.next_token", "source": "output", "path": "nextToken"}, {"entity": "frauddetector.label_name", "source": "item", "path": "labels.name"}, {"entity": "frauddetector.label_description", "source": "item", "path": "labels.description"}, {"entity": "frauddetector.label_last_updated_time", "source": "item", "path": "labels.lastUpdatedTime"}, {"entity": "frauddetector.label_created_time", "source": "item", "path": "labels.createdTime"}, {"entity": "frauddetector.label_arn", "source": "item", "path": "labels.arn"}],
      "notes": ""
    },
    "GetListsMetadata": {
      "kind": "read_get",
      "side_effect": false,
      "sdk": {"client": "frauddetector", "method": "get_lists_metadata"},
      "consumes": [],
      "produces": [{"entity": "frauddetector.lists", "source": "output", "path": "lists"}, {"entity": "frauddetector.next_token", "source": "output", "path": "nextToken"}, {"entity": "frauddetector.list_name", "source": "item", "path": "lists.name"}, {"entity": "frauddetector.description", "source": "item", "path": "lists.description"}, {"entity": "frauddetector.list_variable_type", "source": "item", "path": "lists.variableType"}, {"entity": "frauddetector.created_time", "source": "item", "path": "lists.createdTime"}, {"entity": "frauddetector.list_updated_time", "source": "item", "path": "lists.updatedTime"}, {"entity": "frauddetector.list_arn", "source": "item", "path": "lists.arn"}],
      "notes": ""
    },
    "GetModels": {
      "kind": "read_get",
      "side_effect": false,
      "sdk": {"client": "frauddetector", "method": "get_models"},
      "consumes": [],
      "produces": [{"entity": "frauddetector.next_token", "source": "output", "path": "nextToken"}, {"entity": "frauddetector.models", "source": "output", "path": "models"}, {"entity": "frauddetector.model_id", "source": "item", "path": "models.modelId"}, {"entity": "frauddetector.model_type", "source": "item", "path": "models.modelType"}, {"entity": "frauddetector.model_description", "source": "item", "path": "models.description"}, {"entity": "frauddetector.event_type_name", "source": "item", "path": "models.eventTypeName"}, {"entity": "frauddetector.model_created_time", "source": "item", "path": "models.createdTime"}, {"entity": "frauddetector.model_last_updated_time", "source": "item", "path": "models.lastUpdatedTime"}, {"entity": "frauddetector.model_arn", "source": "item", "path": "models.arn"}],
      "notes": ""
    },
    "GetOutcomes": {
      "kind": "read_get",
      "side_effect": false,
      "sdk": {"client": "frauddetector", "method": "get_outcomes"},
      "consumes": [],
      "produces": [{"entity": "frauddetector.outcomes", "source": "output", "path": "outcomes"}, {"entity": "frauddetector.next_token", "source": "output", "path": "nextToken"}, {"entity": "frauddetector.outcom_name", "source": "item", "path": "outcomes.name"}, {"entity": "frauddetector.outcom_description", "source": "item", "path": "outcomes.description"}, {"entity": "frauddetector.outcom_last_updated_time", "source": "item", "path": "outcomes.lastUpdatedTime"}, {"entity": "frauddetector.outcom_created_time", "source": "item", "path": "outcomes.createdTime"}, {"entity": "frauddetector.outcom_arn", "source": "item", "path": "outcomes.arn"}],
      "notes": ""
    },
    "GetVariables": {
      "kind": "read_get",
      "side_effect": false,
      "sdk": {"client": "frauddetector", "method": "get_variables"},
      "consumes": [],
      "produces": [{"entity": "frauddetector.variables", "source": "output", "path": "variables"}, {"entity": "frauddetector.next_token", "source": "output", "path": "nextToken"}, {"entity": "frauddetector.variabl_name", "source": "item", "path": "variables.name"}, {"entity": "frauddetector.variabl_data_type", "source": "item", "path": "variables.dataType"}, {"entity": "frauddetector.variabl_data_source", "source": "item", "path": "variables.dataSource"}, {"entity": "frauddetector.variabl_default_value", "source": "item", "path": "variables.defaultValue"}, {"entity": "frauddetector.variabl_description", "source": "item", "path": "variables.description"}, {"entity": "frauddetector.variabl_variable_type", "source": "item", "path": "variables.variableType"}, {"entity": "frauddetector.variabl_last_updated_time", "source": "item", "path": "variables.lastUpdatedTime"}, {"entity": "frauddetector.variabl_created_time", "source": "item", "path": "variables.createdTime"}, {"entity": "frauddetector.variabl_arn", "source": "item", "path": "variables.arn"}],
      "notes": ""
    },
    "ListEventPredictions": {
      "kind": "read_list",
      "side_effect": false,
      "sdk": {"client": "frauddetector", "method": "list_event_predictions"},
      "consumes": [],
      "produces": [{"entity": "frauddetector.event_prediction_summaries", "source": "output", "path": "eventPredictionSummaries"}, {"entity": "frauddetector.next_token", "source": "output", "path": "nextToken"}, {"entity": "frauddetector.event_id", "source": "item", "path": "eventPredictionSummaries[].eventId"}, {"entity": "frauddetector.event_type_name", "source": "item", "path": "eventPredictionSummaries[].eventTypeName"}, {"entity": "frauddetector.event_prediction_event_timestamp", "source": "item", "path": "eventPredictionSummaries[].eventTimestamp"}, {"entity": "frauddetector.event_prediction_prediction_timestamp", "source": "item", "path": "eventPredictionSummaries[].predictionTimestamp"}, {"entity": "frauddetector.detector_id", "source": "item", "path": "eventPredictionSummaries[].detectorId"}, {"entity": "frauddetector.detector_version_id", "source": "item", "path": "eventPredictionSummaries[].detectorVersionId"}],
      "notes": ""
    },
    "BatchCreateVariable": {
      "kind": "other",
      "side_effect": true,
      "sdk": {"client": "frauddetector", "method": "batch_create_variable"},
      "consumes": [{"entity": "frauddetector.variable_entries", "param": "variableEntries", "required": true, "source": "external"}],
      "produces": [{"entity": "frauddetector.errors", "source": "output", "path": "errors"}, {"entity": "frauddetector.error_name", "source": "item", "path": "errors.name"}, {"entity": "frauddetector.error_code", "source": "item", "path": "errors.code"}, {"entity": "frauddetector.error_message", "source": "item", "path": "errors.message"}],
      "notes": ""
    },
    "BatchGetVariable": {
      "kind": "other",
      "side_effect": true,
      "sdk": {"client": "frauddetector", "method": "batch_get_variable"},
      "consumes": [{"entity": "frauddetector.names", "param": "names", "required": true, "source": "external"}],
      "produces": [{"entity": "frauddetector.variables", "source": "output", "path": "variables"}, {"entity": "frauddetector.errors", "source": "output", "path": "errors"}, {"entity": "frauddetector.variabl_name", "source": "item", "path": "variables.name"}, {"entity": "frauddetector.variabl_data_type", "source": "item", "path": "variables.dataType"}, {"entity": "frauddetector.variabl_data_source", "source": "item", "path": "variables.dataSource"}, {"entity": "frauddetector.variabl_default_value", "source": "item", "path": "variables.defaultValue"}, {"entity": "frauddetector.variabl_description", "source": "item", "path": "variables.description"}, {"entity": "frauddetector.variabl_variable_type", "source": "item", "path": "variables.variableType"}, {"entity": "frauddetector.variabl_last_updated_time", "source": "item", "path": "variables.lastUpdatedTime"}, {"entity": "frauddetector.variabl_created_time", "source": "item", "path": "variables.createdTime"}, {"entity": "frauddetector.variabl_arn", "source": "item", "path": "variables.arn"}],
      "notes": ""
    },
    "CancelBatchImportJob": {
      "kind": "other",
      "side_effect": true,
      "sdk": {"client": "frauddetector", "method": "cancel_batch_import_job"},
      "consumes": [{"entity": "frauddetector.job_id", "param": "jobId", "required": true, "source": "internal"}],
      "produces": [],
      "notes": ""
    },
    "CancelBatchPredictionJob": {
      "kind": "other",
      "side_effect": true,
      "sdk": {"client": "frauddetector", "method": "cancel_batch_prediction_job"},
      "consumes": [{"entity": "frauddetector.job_id", "param": "jobId", "required": true, "source": "internal"}],
      "produces": [],
      "notes": ""
    },
    "CreateBatchImportJob": {
      "kind": "write_create",
      "side_effect": true,
      "sdk": {"client": "frauddetector", "method": "create_batch_import_job"},
      "consumes": [{"entity": "frauddetector.job_id", "param": "jobId", "required": true, "source": "internal"}, {"entity": "frauddetector.input_path", "param": "inputPath", "required": true, "source": "external"}, {"entity": "frauddetector.output_path", "param": "outputPath", "required": true, "source": "external"}, {"entity": "frauddetector.eventtype_name", "param": "eventTypeName", "required": true, "source": "external"}, {"entity": "frauddetector.iamrole_arn", "param": "iamRoleArn", "required": true, "source": "external"}],
      "produces": [],
      "notes": ""
    },
    "CreateBatchPredictionJob": {
      "kind": "write_create",
      "side_effect": true,
      "sdk": {"client": "frauddetector", "method": "create_batch_prediction_job"},
      "consumes": [{"entity": "frauddetector.job_id", "param": "jobId", "required": true, "source": "internal"}, {"entity": "frauddetector.input_path", "param": "inputPath", "required": true, "source": "external"}, {"entity": "frauddetector.output_path", "param": "outputPath", "required": true, "source": "external"}, {"entity": "frauddetector.eventtype_name", "param": "eventTypeName", "required": true, "source": "external"}, {"entity": "frauddetector.detector_name", "param": "detectorName", "required": true, "source": "internal"}, {"entity": "frauddetector.iamrole_arn", "param": "iamRoleArn", "required": true, "source": "external"}],
      "produces": [],
      "notes": ""
    },
    "CreateDetectorVersion": {
      "kind": "write_create",
      "side_effect": true,
      "sdk": {"client": "frauddetector", "method": "create_detector_version"},
      "consumes": [{"entity": "frauddetector.detector_id", "param": "detectorId", "required": true, "source": "internal"}, {"entity": "frauddetector.rules", "param": "rules", "required": true, "source": "internal"}],
      "produces": [{"entity": "frauddetector.detector_id", "source": "output", "path": "detectorId"}, {"entity": "frauddetector.detector_version_id", "source": "output", "path": "detectorVersionId"}, {"entity": "frauddetector.detector_version_status", "source": "output", "path": "status"}],
      "notes": ""
    },
    "CreateList": {
      "kind": "write_create",
      "side_effect": true,
      "sdk": {"client": "frauddetector", "method": "create_list"},
      "consumes": [{"entity": "frauddetector.list_name", "param": "name", "required": true, "source": "internal"}],
      "produces": [],
      "notes": ""
    },
    "CreateModel": {
      "kind": "write_create",
      "side_effect": true,
      "sdk": {"client": "frauddetector", "method": "create_model"},
      "consumes": [{"entity": "frauddetector.model_id", "param": "modelId", "required": true, "source": "internal"}, {"entity": "frauddetector.model_type", "param": "modelType", "required": true, "source": "internal"}, {"entity": "frauddetector.eventtype_name", "param": "eventTypeName", "required": true, "source": "external"}],
      "produces": [],
      "notes": ""
    },
    "CreateModelVersion": {
      "kind": "write_create",
      "side_effect": true,
      "sdk": {"client": "frauddetector", "method": "create_model_version"},
      "consumes": [{"entity": "frauddetector.model_id", "param": "modelId", "required": true, "source": "internal"}, {"entity": "frauddetector.model_type", "param": "modelType", "required": true, "source": "internal"}, {"entity": "frauddetector.training_data_source", "param": "trainingDataSource", "required": true, "source": "internal"}, {"entity": "frauddetector.training_data_schema", "param": "trainingDataSchema", "required": true, "source": "internal"}],
      "produces": [{"entity": "frauddetector.model_id", "source": "output", "path": "modelId"}, {"entity": "frauddetector.model_type", "source": "output", "path": "modelType"}, {"entity": "frauddetector.model_version_number", "source": "output", "path": "modelVersionNumber"}, {"entity": "frauddetector.model_version_status", "source": "output", "path": "status"}],
      "notes": ""
    },
    "CreateRule": {
      "kind": "write_create",
      "side_effect": true,
      "sdk": {"client": "frauddetector", "method": "create_rule"},
      "consumes": [{"entity": "frauddetector.rule_id", "param": "ruleId", "required": true, "source": "internal"}, {"entity": "frauddetector.detector_id", "param": "detectorId", "required": true, "source": "internal"}, {"entity": "frauddetector.expression", "param": "expression", "required": true, "source": "external"}, {"entity": "frauddetector.language", "param": "language", "required": true, "source": "external"}, {"entity": "frauddetector.outcomes", "param": "outcomes", "required": true, "source": "internal"}],
      "produces": [{"entity": "frauddetector.rule", "source": "output", "path": "rule"}, {"entity": "frauddetector.detector_id", "source": "item", "path": "rule.detectorId"}, {"entity": "frauddetector.rule_id", "source": "item", "path": "rule.ruleId"}, {"entity": "frauddetector.rule_version", "source": "item", "path": "rule.ruleVersion"}],
      "notes": ""
    },
    "CreateVariable": {
      "kind": "write_create",
      "side_effect": true,
      "sdk": {"client": "frauddetector", "method": "create_variable"},
      "consumes": [{"entity": "frauddetector.variable_name", "param": "name", "required": true, "source": "external"}, {"entity": "frauddetector.data_type", "param": "dataType", "required": true, "source": "external"}, {"entity": "frauddetector.data_source", "param": "dataSource", "required": true, "source": "external"}, {"entity": "frauddetector.default_value", "param": "defaultValue", "required": true, "source": "external"}],
      "produces": [],
      "notes": ""
    },
    "DeleteBatchImportJob": {
      "kind": "write_delete",
      "side_effect": true,
      "sdk": {"client": "frauddetector", "method": "delete_batch_import_job"},
      "consumes": [{"entity": "frauddetector.job_id", "param": "jobId", "required": true, "source": "internal"}],
      "produces": [],
      "notes": ""
    },
    "DeleteBatchPredictionJob": {
      "kind": "write_delete",
      "side_effect": true,
      "sdk": {"client": "frauddetector", "method": "delete_batch_prediction_job"},
      "consumes": [{"entity": "frauddetector.job_id", "param": "jobId", "required": true, "source": "internal"}],
      "produces": [],
      "notes": ""
    },
    "DeleteDetector": {
      "kind": "write_delete",
      "side_effect": true,
      "sdk": {"client": "frauddetector", "method": "delete_detector"},
      "consumes": [{"entity": "frauddetector.detector_id", "param": "detectorId", "required": true, "source": "internal"}],
      "produces": [],
      "notes": ""
    },
    "DeleteDetectorVersion": {
      "kind": "write_delete",
      "side_effect": true,
      "sdk": {"client": "frauddetector", "method": "delete_detector_version"},
      "consumes": [{"entity": "frauddetector.detector_id", "param": "detectorId", "required": true, "source": "internal"}, {"entity": "frauddetector.detectorversion_id", "param": "detectorVersionId", "required": true, "source": "external"}],
      "produces": [],
      "notes": ""
    },
    "DeleteEntityType": {
      "kind": "write_delete",
      "side_effect": true,
      "sdk": {"client": "frauddetector", "method": "delete_entity_type"},
      "consumes": [{"entity": "frauddetector.entity_type_name", "param": "name", "required": true, "source": "external"}],
      "produces": [],
      "notes": ""
    },
    "DeleteEvent": {
      "kind": "write_delete",
      "side_effect": true,
      "sdk": {"client": "frauddetector", "method": "delete_event"},
      "consumes": [{"entity": "frauddetector.event_id", "param": "eventId", "required": true, "source": "internal"}, {"entity": "frauddetector.eventtype_name", "param": "eventTypeName", "required": true, "source": "external"}],
      "produces": [],
      "notes": ""
    },
    "DeleteEventType": {
      "kind": "write_delete",
      "side_effect": true,
      "sdk": {"client": "frauddetector", "method": "delete_event_type"},
      "consumes": [{"entity": "frauddetector.event_type_name", "param": "name", "required": true, "source": "internal"}],
      "produces": [],
      "notes": ""
    },
    "DeleteEventsByEventType": {
      "kind": "write_delete",
      "side_effect": true,
      "sdk": {"client": "frauddetector", "method": "delete_events_by_event_type"},
      "consumes": [{"entity": "frauddetector.eventtype_name", "param": "eventTypeName", "required": true, "source": "external"}],
      "produces": [{"entity": "frauddetector.event_type_name", "source": "output", "path": "eventTypeName"}, {"entity": "frauddetector.events_deletion_status", "source": "output", "path": "eventsDeletionStatus"}],
      "notes": ""
    },
    "DeleteExternalModel": {
      "kind": "write_delete",
      "side_effect": true,
      "sdk": {"client": "frauddetector", "method": "delete_external_model"},
      "consumes": [{"entity": "frauddetector.model_endpoint", "param": "modelEndpoint", "required": true, "source": "external"}],
      "produces": [],
      "notes": ""
    },
    "DeleteLabel": {
      "kind": "write_delete",
      "side_effect": true,
      "sdk": {"client": "frauddetector", "method": "delete_label"},
      "consumes": [{"entity": "frauddetector.label_name", "param": "name", "required": true, "source": "internal"}],
      "produces": [],
      "notes": ""
    },
    "DeleteList": {
      "kind": "write_delete",
      "side_effect": true,
      "sdk": {"client": "frauddetector", "method": "delete_list"},
      "consumes": [{"entity": "frauddetector.list_name", "param": "name", "required": true, "source": "internal"}],
      "produces": [],
      "notes": ""
    },
    "DeleteModel": {
      "kind": "write_delete",
      "side_effect": true,
      "sdk": {"client": "frauddetector", "method": "delete_model"},
      "consumes": [{"entity": "frauddetector.model_id", "param": "modelId", "required": true, "source": "internal"}, {"entity": "frauddetector.model_type", "param": "modelType", "required": true, "source": "internal"}],
      "produces": [],
      "notes": ""
    },
    "DeleteModelVersion": {
      "kind": "write_delete",
      "side_effect": true,
      "sdk": {"client": "frauddetector", "method": "delete_model_version"},
      "consumes": [{"entity": "frauddetector.model_id", "param": "modelId", "required": true, "source": "internal"}, {"entity": "frauddetector.model_type", "param": "modelType", "required": true, "source": "internal"}, {"entity": "frauddetector.model_version_number", "param": "modelVersionNumber", "required": true, "source": "internal"}],
      "produces": [],
      "notes": ""
    },
    "DeleteOutcome": {
      "kind": "write_delete",
      "side_effect": true,
      "sdk": {"client": "frauddetector", "method": "delete_outcome"},
      "consumes": [{"entity": "frauddetector.outcome_name", "param": "name", "required": true, "source": "external"}],
      "produces": [],
      "notes": ""
    },
    "DeleteRule": {
      "kind": "write_delete",
      "side_effect": true,
      "sdk": {"client": "frauddetector", "method": "delete_rule"},
      "consumes": [{"entity": "frauddetector.rule", "param": "rule", "required": true, "source": "internal"}],
      "produces": [],
      "notes": ""
    },
    "DeleteVariable": {
      "kind": "write_delete",
      "side_effect": true,
      "sdk": {"client": "frauddetector", "method": "delete_variable"},
      "consumes": [{"entity": "frauddetector.variable_name", "param": "name", "required": true, "source": "external"}],
      "produces": [],
      "notes": ""
    },
    "DescribeDetector": {
      "kind": "read_get",
      "side_effect": false,
      "sdk": {"client": "frauddetector", "method": "describe_detector"},
      "consumes": [{"entity": "frauddetector.detector_id", "param": "detectorId", "required": true, "source": "internal"}],
      "produces": [{"entity": "frauddetector.detector_id", "source": "output", "path": "detectorId"}, {"entity": "frauddetector.detector_version_summaries", "source": "output", "path": "detectorVersionSummaries"}, {"entity": "frauddetector.next_token", "source": "output", "path": "nextToken"}, {"entity": "frauddetector.detector_arn", "source": "output", "path": "arn"}, {"entity": "frauddetector.detector_version_id", "source": "item", "path": "detectorVersionSummaries.detectorVersionId"}, {"entity": "frauddetector.detector_version_status", "source": "item", "path": "detectorVersionSummaries.status"}, {"entity": "frauddetector.detector_version_description", "source": "item", "path": "detectorVersionSummaries.description"}, {"entity": "frauddetector.detector_version_last_updated_time", "source": "item", "path": "detectorVersionSummaries.lastUpdatedTime"}],
      "notes": ""
    },
    "GetDeleteEventsByEventTypeStatus": {
      "kind": "read_get",
      "side_effect": false,
      "sdk": {"client": "frauddetector", "method": "get_delete_events_by_event_type_status"},
      "consumes": [{"entity": "frauddetector.eventtype_name", "param": "eventTypeName", "required": true, "source": "external"}],
      "produces": [{"entity": "frauddetector.event_type_name", "source": "output", "path": "eventTypeName"}, {"entity": "frauddetector.events_deletion_status", "source": "output", "path": "eventsDeletionStatus"}],
      "notes": ""
    },
    "GetDetectorVersion": {
      "kind": "read_get",
      "side_effect": false,
      "sdk": {"client": "frauddetector", "method": "get_detector_version"},
      "consumes": [{"entity": "frauddetector.detector_id", "param": "detectorId", "required": true, "source": "internal"}, {"entity": "frauddetector.detectorversion_id", "param": "detectorVersionId", "required": true, "source": "external"}],
      "produces": [{"entity": "frauddetector.detector_id", "source": "output", "path": "detectorId"}, {"entity": "frauddetector.detector_version_id", "source": "output", "path": "detectorVersionId"}, {"entity": "frauddetector.description", "source": "output", "path": "description"}, {"entity": "frauddetector.external_model_endpoints", "source": "output", "path": "externalModelEndpoints"}, {"entity": "frauddetector.model_versions", "source": "output", "path": "modelVersions"}, {"entity": "frauddetector.rules", "source": "output", "path": "rules"}, {"entity": "frauddetector.detector_version_status", "source": "output", "path": "status"}, {"entity": "frauddetector.last_updated_time", "source": "output", "path": "lastUpdatedTime"}, {"entity": "frauddetector.created_time", "source": "output", "path": "createdTime"}, {"entity": "frauddetector.rule_execution_mode", "source": "output", "path": "ruleExecutionMode"}, {"entity": "frauddetector.detector_version_arn", "source": "output", "path": "arn"}],
      "notes": ""
    },
    "GetEvent": {
      "kind": "read_get",
      "side_effect": false,
      "sdk": {"client": "frauddetector", "method": "get_event"},
      "consumes": [{"entity": "frauddetector.event_id", "param": "eventId", "required": true, "source": "internal"}, {"entity": "frauddetector.eventtype_name", "param": "eventTypeName", "required": true, "source": "external"}],
      "produces": [{"entity": "frauddetector.event", "source": "output", "path": "event"}, {"entity": "frauddetector.event_id", "source": "item", "path": "event.eventId"}, {"entity": "frauddetector.event_type_name", "source": "item", "path": "event.eventTypeName"}, {"entity": "frauddetector.event_timestamp", "source": "item", "path": "event.eventTimestamp"}, {"entity": "frauddetector.event_variables", "source": "item", "path": "event.eventVariables"}, {"entity": "frauddetector.event_current_label", "source": "item", "path": "event.currentLabel"}, {"entity": "frauddetector.event_label_timestamp", "source": "item", "path": "event.labelTimestamp"}, {"entity": "frauddetector.event_entities", "source": "item", "path": "event.entities"}],
      "notes": ""
    },
    "GetEventPrediction": {
      "kind": "read_get",
      "side_effect": false,
      "sdk": {"client": "frauddetector", "method": "get_event_prediction"},
      "consumes": [{"entity": "frauddetector.detector_id", "param": "detectorId", "required": true, "source": "internal"}, {"entity": "frauddetector.event_id", "param": "eventId", "required": true, "source": "internal"}, {"entity": "frauddetector.eventtype_name", "param": "eventTypeName", "required": true, "source": "external"}, {"entity": "frauddetector.entities", "param": "entities", "required": true, "source": "external"}, {"entity": "frauddetector.event_timestamp", "param": "eventTimestamp", "required": true, "source": "internal"}, {"entity": "frauddetector.event_variables", "param": "eventVariables", "required": true, "source": "internal"}],
      "produces": [{"entity": "frauddetector.model_scores", "source": "output", "path": "modelScores"}, {"entity": "frauddetector.rule_results", "source": "output", "path": "ruleResults"}, {"entity": "frauddetector.external_model_outputs", "source": "output", "path": "externalModelOutputs"}, {"entity": "frauddetector.model_scor_model_version", "source": "item", "path": "modelScores.modelVersion"}, {"entity": "frauddetector.model_scor_scores", "source": "item", "path": "modelScores.scores"}],
      "notes": ""
    },
    "GetEventPredictionMetadata": {
      "kind": "read_get",
      "side_effect": false,
      "sdk": {"client": "frauddetector", "method": "get_event_prediction_metadata"},
      "consumes": [{"entity": "frauddetector.event_id", "param": "eventId", "required": true, "source": "internal"}, {"entity": "frauddetector.eventtype_name", "param": "eventTypeName", "required": true, "source": "external"}, {"entity": "frauddetector.detector_id", "param": "detectorId", "required": true, "source": "internal"}, {"entity": "frauddetector.detectorversion_id", "param": "detectorVersionId", "required": true, "source": "external"}, {"entity": "frauddetector.prediction_timestamp", "param": "predictionTimestamp", "required": true, "source": "internal"}],
      "produces": [{"entity": "frauddetector.event_id", "source": "output", "path": "eventId"}, {"entity": "frauddetector.event_type_name", "source": "output", "path": "eventTypeName"}, {"entity": "frauddetector.entity_id", "source": "output", "path": "entityId"}, {"entity": "frauddetector.entity_type", "source": "output", "path": "entityType"}, {"entity": "frauddetector.event_timestamp", "source": "output", "path": "eventTimestamp"}, {"entity": "frauddetector.detector_id", "source": "output", "path": "detectorId"}, {"entity": "frauddetector.detector_version_id", "source": "output", "path": "detectorVersionId"}, {"entity": "frauddetector.detector_version_status", "source": "output", "path": "detectorVersionStatus"}, {"entity": "frauddetector.event_variables", "source": "output", "path": "eventVariables"}, {"entity": "frauddetector.rules", "source": "output", "path": "rules"}, {"entity": "frauddetector.rule_execution_mode", "source": "output", "path": "ruleExecutionMode"}, {"entity": "frauddetector.outcomes", "source": "output", "path": "outcomes"}, {"entity": "frauddetector.evaluated_model_versions", "source": "output", "path": "evaluatedModelVersions"}, {"entity": "frauddetector.evaluated_external_models", "source": "output", "path": "evaluatedExternalModels"}, {"entity": "frauddetector.prediction_timestamp", "source": "output", "path": "predictionTimestamp"}, {"entity": "frauddetector.variabl_name", "source": "item", "path": "eventVariables.name"}, {"entity": "frauddetector.event_variabl_value", "source": "item", "path": "eventVariables.value"}, {"entity": "frauddetector.event_variabl_source", "source": "item", "path": "eventVariables.source"}],
      "notes": ""
    },
    "GetListElements": {
      "kind": "read_get",
      "side_effect": false,
      "sdk": {"client": "frauddetector", "method": "get_list_elements"},
      "consumes": [{"entity": "frauddetector.element_name", "param": "name", "required": true, "source": "external"}],
      "produces": [{"entity": "frauddetector.elements", "source": "output", "path": "elements"}, {"entity": "frauddetector.next_token", "source": "output", "path": "nextToken"}],
      "notes": ""
    },
    "GetModelVersion": {
      "kind": "read_get",
      "side_effect": false,
      "sdk": {"client": "frauddetector", "method": "get_model_version"},
      "consumes": [{"entity": "frauddetector.model_id", "param": "modelId", "required": true, "source": "internal"}, {"entity": "frauddetector.model_type", "param": "modelType", "required": true, "source": "internal"}, {"entity": "frauddetector.model_version_number", "param": "modelVersionNumber", "required": true, "source": "internal"}],
      "produces": [{"entity": "frauddetector.model_id", "source": "output", "path": "modelId"}, {"entity": "frauddetector.model_type", "source": "output", "path": "modelType"}, {"entity": "frauddetector.model_version_number", "source": "output", "path": "modelVersionNumber"}, {"entity": "frauddetector.training_data_source", "source": "output", "path": "trainingDataSource"}, {"entity": "frauddetector.training_data_schema", "source": "output", "path": "trainingDataSchema"}, {"entity": "frauddetector.external_events_detail", "source": "output", "path": "externalEventsDetail"}, {"entity": "frauddetector.ingested_events_detail", "source": "output", "path": "ingestedEventsDetail"}, {"entity": "frauddetector.model_version_status", "source": "output", "path": "status"}, {"entity": "frauddetector.model_version_arn", "source": "output", "path": "arn"}, {"entity": "frauddetector.training_data_schema_model_variables", "source": "item", "path": "trainingDataSchema.modelVariables"}, {"entity": "frauddetector.training_data_schema_label_schema", "source": "item", "path": "trainingDataSchema.labelSchema"}],
      "notes": ""
    },
    "GetRules": {
      "kind": "read_get",
      "side_effect": false,
      "sdk": {"client": "frauddetector", "method": "get_rules"},
      "consumes": [{"entity": "frauddetector.detector_id", "param": "detectorId", "required": true, "source": "internal"}],
      "produces": [{"entity": "frauddetector.rule", "source": "output", "path": "ruleDetails"}, {"entity": "frauddetector.next_token", "source": "output", "path": "nextToken"}, {"entity": "frauddetector.rule_id", "source": "item", "path": "ruleDetails.ruleId"}, {"entity": "frauddetector.rule_description", "source": "item", "path": "ruleDetails.description"}, {"entity": "frauddetector.detector_id", "source": "item", "path": "ruleDetails.detectorId"}, {"entity": "frauddetector.rule_version", "source": "item", "path": "ruleDetails.ruleVersion"}, {"entity": "frauddetector.rule_expression", "source": "item", "path": "ruleDetails.expression"}, {"entity": "frauddetector.rule_language", "source": "item", "path": "ruleDetails.language"}, {"entity": "frauddetector.rule_outcomes", "source": "item", "path": "ruleDetails.outcomes"}, {"entity": "frauddetector.rule_last_updated_time", "source": "item", "path": "ruleDetails.lastUpdatedTime"}, {"entity": "frauddetector.rule_created_time", "source": "item", "path": "ruleDetails.createdTime"}, {"entity": "frauddetector.rule_arn", "source": "item", "path": "ruleDetails.arn"}],
      "notes": ""
    },
    "ListTagsForResource": {
      "kind": "read_list",
      "side_effect": false,
      "sdk": {"client": "frauddetector", "method": "list_tags_for_resource"},
      "consumes": [{"entity": "frauddetector.resource_arn", "param": "resourceARN", "required": true, "source": "external"}],
      "produces": [{"entity": "frauddetector.tags", "source": "output", "path": "tags"}, {"entity": "frauddetector.next_token", "source": "output", "path": "nextToken"}, {"entity": "frauddetector.tag_key", "source": "item", "path": "tags[].key"}, {"entity": "frauddetector.tag_value", "source": "item", "path": "tags[].value"}],
      "notes": ""
    },
    "PutDetector": {
      "kind": "write_update",
      "side_effect": true,
      "sdk": {"client": "frauddetector", "method": "put_detector"},
      "consumes": [{"entity": "frauddetector.detector_id", "param": "detectorId", "required": true, "source": "internal"}, {"entity": "frauddetector.eventtype_name", "param": "eventTypeName", "required": true, "source": "external"}],
      "produces": [],
      "notes": ""
    },
    "PutEntityType": {
      "kind": "write_update",
      "side_effect": true,
      "sdk": {"client": "frauddetector", "method": "put_entity_type"},
      "consumes": [{"entity": "frauddetector.entity_type_name", "param": "name", "required": true, "source": "external"}],
      "produces": [],
      "notes": ""
    },
    "PutEventType": {
      "kind": "write_update",
      "side_effect": true,
      "sdk": {"client": "frauddetector", "method": "put_event_type"},
      "consumes": [{"entity": "frauddetector.event_type_name", "param": "name", "required": true, "source": "internal"}, {"entity": "frauddetector.event_variables", "param": "eventVariables", "required": true, "source": "internal"}, {"entity": "frauddetector.entity_types", "param": "entityTypes", "required": true, "source": "internal"}],
      "produces": [],
      "notes": ""
    },
    "PutExternalModel": {
      "kind": "write_update",
      "side_effect": true,
      "sdk": {"client": "frauddetector", "method": "put_external_model"},
      "consumes": [{"entity": "frauddetector.model_endpoint", "param": "modelEndpoint", "required": true, "source": "external"}, {"entity": "frauddetector.model_source", "param": "modelSource", "required": true, "source": "external"}, {"entity": "frauddetector.invokemodelendpointrole_arn", "param": "invokeModelEndpointRoleArn", "required": true, "source": "external"}, {"entity": "frauddetector.input_configuration", "param": "inputConfiguration", "required": true, "source": "external"}, {"entity": "frauddetector.output_configuration", "param": "outputConfiguration", "required": true, "source": "external"}, {"entity": "frauddetector.modelendpoint_status", "param": "modelEndpointStatus", "required": true, "source": "external"}],
      "produces": [],
      "notes": ""
    },
    "PutKMSEncryptionKey": {
      "kind": "write_update",
      "side_effect": true,
      "sdk": {"client": "frauddetector", "method": "put_kms_encryption_key"},
      "consumes": [{"entity": "frauddetector.kmsencryptionkey_arn", "param": "kmsEncryptionKeyArn", "required": true, "source": "external"}],
      "produces": [],
      "notes": ""
    },
    "PutLabel": {
      "kind": "write_update",
      "side_effect": true,
      "sdk": {"client": "frauddetector", "method": "put_label"},
      "consumes": [{"entity": "frauddetector.label_name", "param": "name", "required": true, "source": "internal"}],
      "produces": [],
      "notes": ""
    },
    "PutOutcome": {
      "kind": "write_update",
      "side_effect": true,
      "sdk": {"client": "frauddetector", "method": "put_outcome"},
      "consumes": [{"entity": "frauddetector.outcome_name", "param": "name", "required": true, "source": "external"}],
      "produces": [],
      "notes": ""
    },
    "SendEvent": {
      "kind": "other",
      "side_effect": true,
      "sdk": {"client": "frauddetector", "method": "send_event"},
      "consumes": [{"entity": "frauddetector.event_id", "param": "eventId", "required": true, "source": "internal"}, {"entity": "frauddetector.eventtype_name", "param": "eventTypeName", "required": true, "source": "external"}, {"entity": "frauddetector.event_timestamp", "param": "eventTimestamp", "required": true, "source": "internal"}, {"entity": "frauddetector.event_variables", "param": "eventVariables", "required": true, "source": "internal"}, {"entity": "frauddetector.entities", "param": "entities", "required": true, "source": "external"}],
      "produces": [],
      "notes": ""
    },
    "TagResource": {
      "kind": "write_apply",
      "side_effect": true,
      "sdk": {"client": "frauddetector", "method": "tag_resource"},
      "consumes": [{"entity": "frauddetector.resource_arn", "param": "resourceARN", "required": true, "source": "external"}, {"entity": "frauddetector.tags", "param": "tags", "required": true, "source": "internal"}],
      "produces": [],
      "notes": ""
    },
    "UntagResource": {
      "kind": "write_delete",
      "side_effect": true,
      "sdk": {"client": "frauddetector", "method": "untag_resource"},
      "consumes": [{"entity": "frauddetector.resource_arn", "param": "resourceARN", "required": true, "source": "external"}, {"entity": "frauddetector.tag_keys", "param": "tagKeys", "required": true, "source": "external"}],
      "produces": [],
      "notes": ""
    },
    "UpdateDetectorVersion": {
      "kind": "write_update",
      "side_effect": true,
      "sdk": {"client": "frauddetector", "method": "update_detector_version"},
      "consumes": [{"entity": "frauddetector.detector_id", "param": "detectorId", "required": true, "source": "internal"}, {"entity": "frauddetector.detectorversion_id", "param": "detectorVersionId", "required": true, "source": "external"}, {"entity": "frauddetector.external_model_endpoints", "param": "externalModelEndpoints", "required": true, "source": "internal"}, {"entity": "frauddetector.rules", "param": "rules", "required": true, "source": "internal"}],
      "produces": [],
      "notes": ""
    },
    "UpdateDetectorVersionMetadata": {
      "kind": "write_update",
      "side_effect": true,
      "sdk": {"client": "frauddetector", "method": "update_detector_version_metadata"},
      "consumes": [{"entity": "frauddetector.detector_id", "param": "detectorId", "required": true, "source": "internal"}, {"entity": "frauddetector.detectorversion_id", "param": "detectorVersionId", "required": true, "source": "external"}, {"entity": "frauddetector.description", "param": "description", "required": true, "source": "internal"}],
      "produces": [],
      "notes": ""
    },
    "UpdateDetectorVersionStatus": {
      "kind": "write_update",
      "side_effect": true,
      "sdk": {"client": "frauddetector", "method": "update_detector_version_status"},
      "consumes": [{"entity": "frauddetector.detector_id", "param": "detectorId", "required": true, "source": "internal"}, {"entity": "frauddetector.detectorversion_id", "param": "detectorVersionId", "required": true, "source": "external"}, {"entity": "frauddetector.detector_version_statu_status", "param": "status", "required": true, "source": "external"}],
      "produces": [],
      "notes": ""
    },
    "UpdateEventLabel": {
      "kind": "write_update",
      "side_effect": true,
      "sdk": {"client": "frauddetector", "method": "update_event_label"},
      "consumes": [{"entity": "frauddetector.event_id", "param": "eventId", "required": true, "source": "internal"}, {"entity": "frauddetector.eventtype_name", "param": "eventTypeName", "required": true, "source": "external"}, {"entity": "frauddetector.assigned_label", "param": "assignedLabel", "required": true, "source": "external"}, {"entity": "frauddetector.label_timestamp", "param": "labelTimestamp", "required": true, "source": "external"}],
      "produces": [],
      "notes": ""
    },
    "UpdateList": {
      "kind": "write_update",
      "side_effect": true,
      "sdk": {"client": "frauddetector", "method": "update_list"},
      "consumes": [{"entity": "frauddetector.list_name", "param": "name", "required": true, "source": "internal"}],
      "produces": [],
      "notes": ""
    },
    "UpdateModel": {
      "kind": "write_update",
      "side_effect": true,
      "sdk": {"client": "frauddetector", "method": "update_model"},
      "consumes": [{"entity": "frauddetector.model_id", "param": "modelId", "required": true, "source": "internal"}, {"entity": "frauddetector.model_type", "param": "modelType", "required": true, "source": "internal"}],
      "produces": [],
      "notes": ""
    },
    "UpdateModelVersion": {
      "kind": "write_update",
      "side_effect": true,
      "sdk": {"client": "frauddetector", "method": "update_model_version"},
      "consumes": [{"entity": "frauddetector.model_id", "param": "modelId", "required": true, "source": "internal"}, {"entity": "frauddetector.model_type", "param": "modelType", "required": true, "source": "internal"}, {"entity": "frauddetector.major_version_number", "param": "majorVersionNumber", "required": true, "source": "external"}],
      "produces": [{"entity": "frauddetector.model_id", "source": "output", "path": "modelId"}, {"entity": "frauddetector.model_type", "source": "output", "path": "modelType"}, {"entity": "frauddetector.model_version_number", "source": "output", "path": "modelVersionNumber"}, {"entity": "frauddetector.model_version_status", "source": "output", "path": "status"}],
      "notes": ""
    },
    "UpdateModelVersionStatus": {
      "kind": "write_update",
      "side_effect": true,
      "sdk": {"client": "frauddetector", "method": "update_model_version_status"},
      "consumes": [{"entity": "frauddetector.model_id", "param": "modelId", "required": true, "source": "internal"}, {"entity": "frauddetector.model_type", "param": "modelType", "required": true, "source": "internal"}, {"entity": "frauddetector.model_version_number", "param": "modelVersionNumber", "required": true, "source": "internal"}, {"entity": "frauddetector.model_version_statu_status", "param": "status", "required": true, "source": "external"}],
      "produces": [],
      "notes": ""
    },
    "UpdateRuleMetadata": {
      "kind": "write_update",
      "side_effect": true,
      "sdk": {"client": "frauddetector", "method": "update_rule_metadata"},
      "consumes": [{"entity": "frauddetector.rule", "param": "rule", "required": true, "source": "internal"}, {"entity": "frauddetector.description", "param": "description", "required": true, "source": "internal"}],
      "produces": [],
      "notes": ""
    },
    "UpdateRuleVersion": {
      "kind": "write_update",
      "side_effect": true,
      "sdk": {"client": "frauddetector", "method": "update_rule_version"},
      "consumes": [{"entity": "frauddetector.rule", "param": "rule", "required": true, "source": "internal"}, {"entity": "frauddetector.expression", "param": "expression", "required": true, "source": "external"}, {"entity": "frauddetector.language", "param": "language", "required": true, "source": "external"}, {"entity": "frauddetector.outcomes", "param": "outcomes", "required": true, "source": "internal"}],
      "produces": [{"entity": "frauddetector.rule", "source": "output", "path": "rule"}, {"entity": "frauddetector.detector_id", "source": "item", "path": "rule.detectorId"}, {"entity": "frauddetector.rule_id", "source": "item", "path": "rule.ruleId"}, {"entity": "frauddetector.rule_version", "source": "item", "path": "rule.ruleVersion"}],
      "notes": ""
    },
    "UpdateVariable": {
      "kind": "write_update",
      "side_effect": true,
      "sdk": {"client": "frauddetector", "method": "update_variable"},
      "consumes": [{"entity": "frauddetector.variable_name", "param": "name", "required": true, "source": "external"}],
      "produces": [],
      "notes": ""
    }
  }
}