{
  "service": "omics",
  "fixes": [
    {
      "rule_id": "1",
      "suggested_check": {
        "var": "id",
        "op": "equals",
        "value": "true",
        "derived": "job_id",
        "derive_key": "omics.annotation_import_jobs.id"
      },
      "suggested_aliases": {
        "entity_aliases": {
          "alias": "job_id"
        },
        "param_aliases": {
          "param": [
            "annotationImportJobs"
          ]
        }
      },
      "confidence": 0.9,
      "reason": "The id from ListAnnotationImportJobs directly maps to omics.job_id."
    },
    {
      "rule_id": "2",
      "suggested_check": {
        "var": "id",
        "op": "equals",
        "value": "true",
        "derived": "job_id",
        "derive_key": "omics.variant_import_jobs.id"
      },
      "suggested_aliases": {
        "entity_aliases": {
          "alias": "job_id"
        },
        "param_aliases": {
          "param": [
            "variantImportJobs"
          ]
        }
      },
      "confidence": 0.9,
      "reason": "The id from ListVariantImportJobs directly maps to omics.job_id."
    },
    {
      "rule_id": "3",
      "suggested_check": {
        "var": "id",
        "op": "equals",
        "value": "true",
        "derived": "item_id",
        "derive_key": "omics.run_caches.id"
      },
      "suggested_aliases": {
        "entity_aliases": {
          "alias": "item_id"
        },
        "param_aliases": {
          "param": [
            "items"
          ]
        }
      },
      "confidence": 0.85,
      "reason": "The id from ListRunCaches directly maps to omics.item_id."
    },
    {
      "rule_id": "4",
      "suggested_check": {
        "var": "id",
        "op": "equals",
        "value": "true",
        "derived": "item_id",
        "derive_key": "omics.run_groups.id"
      },
      "suggested_aliases": {
        "entity_aliases": {
          "alias": "item_id"
        },
        "param_aliases": {
          "param": [
            "items"
          ]
        }
      },
      "confidence": 0.85,
      "reason": "The id from ListRunGroups directly maps to omics.item_id."
    },
    {
      "rule_id": "5",
      "suggested_check": {
        "var": "id",
        "op": "equals",
        "value": "true",
        "derived": "item_id",
        "derive_key": "omics.runs.id"
      },
      "suggested_aliases": {
        "entity_aliases": {
          "alias": "item_id"
        },
        "param_aliases": {
          "param": [
            "items"
          ]
        }
      },
      "confidence": 0.85,
      "reason": "The id from ListRuns directly maps to omics.item_id."
    },
    {
      "rule_id": "6",
      "suggested_check": {
        "var": "id",
        "op": "equals",
        "value": "true",
        "derived": "sequence_stor_id",
        "derive_key": "omics.sequence_stores.id"
      },
      "suggested_aliases": {
        "entity_aliases": {
          "alias": "sequence_stor_id"
        },
        "param_aliases": {
          "param": [
            "sequenceStores"
          ]
        }
      },
      "confidence": 0.9,
      "reason": "The id from ListSequenceStores directly maps to omics.sequence_stor_id."
    },
    {
      "rule_id": "7",
      "suggested_check": {
        "var": "id",
        "op": "equals",
        "value": "true",
        "derived": "variant_stor_id",
        "derive_key": "omics.variant_stores.id"
      },
      "suggested_aliases": {
        "entity_aliases": {
          "alias": "variant_stor_id"
        },
        "param_aliases": {
          "param": [
            "variantStores"
          ]
        }
      },
      "confidence": 0.9,
      "reason": "The id from ListVariantStores directly maps to omics.variant_stor_id."
    },
    {
      "rule_id": "8",
      "suggested_check": {
        "var": "id",
        "op": "equals",
        "value": "true",
        "derived": "item_id",
        "derive_key": "omics.workflows.id"
      },
      "suggested_aliases": {
        "entity_aliases": {
          "alias": "item_id"
        },
        "param_aliases": {
          "param": [
            "items"
          ]
        }
      },
      "confidence": 0.85,
      "reason": "The id from ListWorkflows directly maps to omics.item_id."
    },
    {
      "type": "llm_fix",
      "original": "1",
      "fix": {
        "var": "id",
        "op": "equals",
        "value": "omics.job_id",
        "derived": "has_findings",
        "derive_key": "aws.omics.job.has_findings"
      },
      "confidence": 0.85,
      "reason": "The job ID is directly mapped and has a strong correlation with findings.",
      "aliases": {
        "entity_aliases": {
          "alias": "job_id"
        },
        "param_aliases": {
          "param": [
            "annotationImportJobs",
            "variantImportJobs"
          ]
        }
      }
    },
    {
      "type": "llm_fix",
      "original": "2",
      "fix": {
        "var": "id",
        "op": "equals",
        "value": "omics.annotation_stor_id",
        "derived": "has_findings",
        "derive_key": "aws.omics.annotation.has_findings"
      },
      "confidence": 0.9,
      "reason": "The annotation store ID is directly mapped and has a strong correlation with findings.",
      "aliases": {
        "entity_aliases": {
          "alias": "annotation_stor_id"
        },
        "param_aliases": {
          "param": [
            "annotationStores"
          ]
        }
      }
    },
    {
      "type": "llm_fix",
      "original": "3",
      "fix": {
        "var": "id",
        "op": "equals",
        "value": "omics.reference_stor_id",
        "derived": "has_findings",
        "derive_key": "aws.omics.reference.has_findings"
      },
      "confidence": 0.88,
      "reason": "The reference store ID is directly mapped and has a strong correlation with findings.",
      "aliases": {
        "entity_aliases": {
          "alias": "reference_stor_id"
        },
        "param_aliases": {
          "param": [
            "referenceStores"
          ]
        }
      }
    },
    {
      "type": "llm_fix",
      "original": "4",
      "fix": {
        "var": "id",
        "op": "equals",
        "value": "omics.sequence_stor_id",
        "derived": "has_findings",
        "derive_key": "aws.omics.sequence.has_findings"
      },
      "confidence": 0.87,
      "reason": "The sequence store ID is directly mapped and has a strong correlation with findings.",
      "aliases": {
        "entity_aliases": {
          "alias": "sequence_stor_id"
        },
        "param_aliases": {
          "param": [
            "sequenceStores"
          ]
        }
      }
    },
    {
      "type": "llm_fix",
      "original": "5",
      "fix": {
        "var": "id",
        "op": "equals",
        "value": "omics.variant_stor_id",
        "derived": "has_findings",
        "derive_key": "aws.omics.variant.has_findings"
      },
      "confidence": 0.86,
      "reason": "The variant store ID is directly mapped and has a strong correlation with findings.",
      "aliases": {
        "entity_aliases": {
          "alias": "variant_stor_id"
        },
        "param_aliases": {
          "param": [
            "variantStores"
          ]
        }
      }
    }
  ],
  "summary": {
    "total_fixes": 13,
    "remaining_unresolved": 80
  }
}