{
  "service": "chime",
  "fixes": [
    {
      "rule_id": "1",
      "suggested_check": {
        "var": "Name",
        "op": "equals",
        "value": "chime.account_name",
        "derived": null,
        "derive_key": null
      },
      "suggested_aliases": {
        "entity_aliases": {
          "chime.account_name": "Name"
        },
        "param_aliases": {
          "param": [
            "ListAccounts.Accounts[].Name",
            "CreateAccount.Name",
            "CreateAccount.Account.Name",
            "GetAccount.Account.Name",
            "UpdateAccount.Account.Name"
          ]
        }
      },
      "confidence": 1.0,
      "reason": "The variable 'Name' directly corresponds to 'chime.account_name' across multiple mappings."
    },
    {
      "rule_id": "2",
      "suggested_check": {
        "var": "Name",
        "op": "equals",
        "value": "chime.room_name",
        "derived": null,
        "derive_key": null
      },
      "suggested_aliases": {
        "entity_aliases": {
          "chime.room_name": "Name"
        },
        "param_aliases": {
          "param": [
            "CreateRoom.Name",
            "CreateRoom.Room.Name",
            "GetRoom.Room.Name",
            "ListRooms.Rooms[].Name",
            "UpdateRoom.Room.Name"
          ]
        }
      },
      "confidence": 1.0,
      "reason": "The variable 'Name' directly corresponds to 'chime.room_name' across multiple mappings."
    },
    {
      "type": "llm_fix",
      "original": "1",
      "fix": {
        "var": "Name",
        "op": "equals",
        "value": "true",
        "derived": null,
        "derive_key": null
      },
      "confidence": 0.9,
      "reason": "The variable 'Name' directly corresponds to the account name in multiple contexts.",
      "aliases": {
        "entity_aliases": {
          "chime.account_name": "Name"
        },
        "param_aliases": {
          "param": [
            "ListAccounts.Accounts[].Name",
            "CreateAccount.Name",
            "GetAccount.Account.Name",
            "UpdateAccount.Account.Name"
          ]
        }
      }
    },
    {
      "type": "llm_fix",
      "original": "2",
      "fix": {
        "var": "Name",
        "op": "equals",
        "value": "true",
        "derived": null,
        "derive_key": null
      },
      "confidence": 0.9,
      "reason": "The variable 'Name' directly corresponds to the room name in multiple contexts.",
      "aliases": {
        "entity_aliases": {
          "chime.room_name": "Name"
        },
        "param_aliases": {
          "param": [
            "CreateRoom.Name",
            "GetRoom.Room.Name",
            "ListRooms.Rooms[].Name",
            "UpdateRoom.Room.Name"
          ]
        }
      }
    }
  ],
  "summary": {
    "total_fixes": 4,
    "remaining_unresolved": 21
  }
}