{
  "service": "chime",
  "version": "1.0",
  "kind_rules": {
    "read_list": ["List"],
    "read_get": ["Get", "Describe"],
    "write_create": ["Create", "Start", "Generate", "Import", "Enable", "Register"],
    "write_update": ["Update", "Modify", "Put", "Set", "Change", "Reset", "Patch"],
    "write_delete": ["Delete", "Remove", "Terminate", "Destroy", "Disable", "Detach", "Disassociate", "Untag", "Revoke"],
    "write_apply": ["Apply", "Attach", "Associate", "Add", "Tag", "Authorize", "Unauthorize", "Grant"],
    "other": ["default"]
  },
  "entity_aliases": {
    "chime.room_account_id": "chime.account_id",
    "chime.user_display_name": "chime.display_name",
    "chime.account_aws_account_id": "chime.account_id",
    "chime.error_member_id": "chime.member_id",
    "chime.user_account_id": "chime.account_id",
    "chime.room_membership_room_id": "chime.room_id",
    "chime.events_configuration_bot_id": "chime.bot_id",
    "chime.bot_display_name": "chime.display_name",
    "chime.phone_number_error_phone_number_id": "chime.phone_number_id",
    "chime.bot_user_id": "chime.user_id",
    "chime.phone_number_calling_name": "chime.calling_name",
    "chime.user_error_user_id": "chime.user_id"
  },
  "overrides": {},
  "operations": {
    "GetGlobalSettings": {
      "kind": "read_get",
      "side_effect": false,
      "sdk": {"client": "chime", "method": "get_global_settings"},
      "consumes": [],
      "produces": [{"entity": "chime.business_calling", "source": "output", "path": "BusinessCalling"}, {"entity": "chime.voice_connector", "source": "output", "path": "VoiceConnector"}, {"entity": "chime.business_calling_cdr_bucket", "source": "item", "path": "BusinessCalling.CdrBucket"}],
      "notes": ""
    },
    "GetPhoneNumberSettings": {
      "kind": "read_get",
      "side_effect": false,
      "sdk": {"client": "chime", "method": "get_phone_number_settings"},
      "consumes": [],
      "produces": [{"entity": "chime.calling_name", "source": "output", "path": "CallingName"}, {"entity": "chime.calling_name_updated_timestamp", "source": "output", "path": "CallingNameUpdatedTimestamp"}],
      "notes": ""
    },
    "ListAccounts": {
      "kind": "read_list",
      "side_effect": false,
      "sdk": {"client": "chime", "method": "list_accounts"},
      "consumes": [],
      "produces": [{"entity": "chime.accounts", "source": "output", "path": "Accounts"}, {"entity": "chime.next_token", "source": "output", "path": "NextToken"}, {"entity": "chime.account_id", "source": "item", "path": "Accounts[].AwsAccountId"}, {"entity": "chime.account_id", "source": "item", "path": "Accounts[].AccountId"}, {"entity": "chime.account_name", "source": "item", "path": "Accounts[].Name"}, {"entity": "chime.account_type", "source": "item", "path": "Accounts[].AccountType"}, {"entity": "chime.account_created_timestamp", "source": "item", "path": "Accounts[].CreatedTimestamp"}, {"entity": "chime.account_default_license", "source": "item", "path": "Accounts[].DefaultLicense"}, {"entity": "chime.account_supported_licenses", "source": "item", "path": "Accounts[].SupportedLicenses"}, {"entity": "chime.account_status", "source": "item", "path": "Accounts[].AccountStatus"}, {"entity": "chime.account_signin_delegate_groups", "source": "item", "path": "Accounts[].SigninDelegateGroups"}],
      "notes": ""
    },
    "ListPhoneNumberOrders": {
      "kind": "read_list",
      "side_effect": false,
      "sdk": {"client": "chime", "method": "list_phone_number_orders"},
      "consumes": [],
      "produces": [{"entity": "chime.phone_number_orders", "source": "output", "path": "PhoneNumberOrders"}, {"entity": "chime.next_token", "source": "output", "path": "NextToken"}, {"entity": "chime.phone_number_order_id", "source": "item", "path": "PhoneNumberOrders[].PhoneNumberOrderId"}, {"entity": "chime.phone_number_order_product_type", "source": "item", "path": "PhoneNumberOrders[].ProductType"}, {"entity": "chime.phone_number_order_status", "source": "item", "path": "PhoneNumberOrders[].Status"}, {"entity": "chime.phone_number_order_ordered_phone_numbers", "source": "item", "path": "PhoneNumberOrders[].OrderedPhoneNumbers"}, {"entity": "chime.phone_number_order_created_timestamp", "source": "item", "path": "PhoneNumberOrders[].CreatedTimestamp"}, {"entity": "chime.phone_number_order_updated_timestamp", "source": "item", "path": "PhoneNumberOrders[].UpdatedTimestamp"}],
      "notes": ""
    },
    "ListPhoneNumbers": {
      "kind": "read_list",
      "side_effect": false,
      "sdk": {"client": "chime", "method": "list_phone_numbers"},
      "consumes": [],
      "produces": [{"entity": "chime.phone_numbers", "source": "output", "path": "PhoneNumbers"}, {"entity": "chime.next_token", "source": "output", "path": "NextToken"}, {"entity": "chime.phone_number_id", "source": "item", "path": "PhoneNumbers[].PhoneNumberId"}, {"entity": "chime.phone_number_e164_phone_number", "source": "item", "path": "PhoneNumbers[].E164PhoneNumber"}, {"entity": "chime.phone_number_country", "source": "item", "path": "PhoneNumbers[].Country"}, {"entity": "chime.phone_number_type", "source": "item", "path": "PhoneNumbers[].Type"}, {"entity": "chime.phone_number_product_type", "source": "item", "path": "PhoneNumbers[].ProductType"}, {"entity": "chime.phone_number_status", "source": "item", "path": "PhoneNumbers[].Status"}, {"entity": "chime.phone_number_capabilities", "source": "item", "path": "PhoneNumbers[].Capabilities"}, {"entity": "chime.phone_number_associations", "source": "item", "path": "PhoneNumbers[].Associations"}, {"entity": "chime.calling_name", "source": "item", "path": "PhoneNumbers[].CallingName"}, {"entity": "chime.phone_number_calling_name_status", "source": "item", "path": "PhoneNumbers[].CallingNameStatus"}, {"entity": "chime.phone_number_created_timestamp", "source": "item", "path": "PhoneNumbers[].CreatedTimestamp"}, {"entity": "chime.phone_number_updated_timestamp", "source": "item", "path": "PhoneNumbers[].UpdatedTimestamp"}, {"entity": "chime.phone_number_deletion_timestamp", "source": "item", "path": "PhoneNumbers[].DeletionTimestamp"}],
      "notes": ""
    },
    "SearchAvailablePhoneNumbers": {
      "kind": "other",
      "side_effect": true,
      "sdk": {"client": "chime", "method": "search_available_phone_numbers"},
      "consumes": [],
      "produces": [{"entity": "chime.e164_phone_numbers", "source": "output", "path": "E164PhoneNumbers"}, {"entity": "chime.next_token", "source": "output", "path": "NextToken"}],
      "notes": ""
    },
    "UpdateGlobalSettings": {
      "kind": "write_update",
      "side_effect": true,
      "sdk": {"client": "chime", "method": "update_global_settings"},
      "consumes": [],
      "produces": [],
      "notes": ""
    },
    "AssociatePhoneNumberWithUser": {
      "kind": "write_apply",
      "side_effect": true,
      "sdk": {"client": "chime", "method": "associate_phone_number_with_user"},
      "consumes": [{"entity": "chime.account_id", "param": "AccountId", "required": true, "source": "internal"}, {"entity": "chime.user_id", "param": "UserId", "required": true, "source": "internal"}, {"entity": "chime.e164_phone_number", "param": "E164PhoneNumber", "required": true, "source": "external"}],
      "produces": [],
      "notes": ""
    },
    "AssociateSigninDelegateGroupsWithAccount": {
      "kind": "write_apply",
      "side_effect": true,
      "sdk": {"client": "chime", "method": "associate_signin_delegate_groups_with_account"},
      "consumes": [{"entity": "chime.account_id", "param": "AccountId", "required": true, "source": "internal"}, {"entity": "chime.signin_delegate_groups", "param": "SigninDelegateGroups", "required": true, "source": "external"}],
      "produces": [],
      "notes": ""
    },
    "BatchCreateRoomMembership": {
      "kind": "other",
      "side_effect": true,
      "sdk": {"client": "chime", "method": "batch_create_room_membership"},
      "consumes": [{"entity": "chime.account_id", "param": "AccountId", "required": true, "source": "internal"}, {"entity": "chime.room_id", "param": "RoomId", "required": true, "source": "internal"}, {"entity": "chime.membership_item_list", "param": "MembershipItemList", "required": true, "source": "external"}],
      "produces": [{"entity": "chime.errors", "source": "output", "path": "Errors"}, {"entity": "chime.member_id", "source": "item", "path": "Errors.MemberId"}, {"entity": "chime.error_code", "source": "item", "path": "Errors.ErrorCode"}, {"entity": "chime.error_message", "source": "item", "path": "Errors.ErrorMessage"}],
      "notes": ""
    },
    "BatchDeletePhoneNumber": {
      "kind": "other",
      "side_effect": true,
      "sdk": {"client": "chime", "method": "batch_delete_phone_number"},
      "consumes": [{"entity": "chime.phone_number_ids", "param": "PhoneNumberIds", "required": true, "source": "external"}],
      "produces": [{"entity": "chime.phone_number_errors", "source": "output", "path": "PhoneNumberErrors"}, {"entity": "chime.phone_number_id", "source": "item", "path": "PhoneNumberErrors.PhoneNumberId"}, {"entity": "chime.phone_number_error_error_code", "source": "item", "path": "PhoneNumberErrors.ErrorCode"}, {"entity": "chime.phone_number_error_error_message", "source": "item", "path": "PhoneNumberErrors.ErrorMessage"}],
      "notes": ""
    },
    "BatchSuspendUser": {
      "kind": "other",
      "side_effect": true,
      "sdk": {"client": "chime", "method": "batch_suspend_user"},
      "consumes": [{"entity": "chime.account_id", "param": "AccountId", "required": true, "source": "internal"}, {"entity": "chime.user_id_list", "param": "UserIdList", "required": true, "source": "external"}],
      "produces": [{"entity": "chime.user_errors", "source": "output", "path": "UserErrors"}, {"entity": "chime.user_id", "source": "item", "path": "UserErrors.UserId"}, {"entity": "chime.user_error_error_code", "source": "item", "path": "UserErrors.ErrorCode"}, {"entity": "chime.user_error_error_message", "source": "item", "path": "UserErrors.ErrorMessage"}],
      "notes": ""
    },
    "BatchUnsuspendUser": {
      "kind": "other",
      "side_effect": true,
      "sdk": {"client": "chime", "method": "batch_unsuspend_user"},
      "consumes": [{"entity": "chime.account_id", "param": "AccountId", "required": true, "source": "internal"}, {"entity": "chime.user_id_list", "param": "UserIdList", "required": true, "source": "external"}],
      "produces": [{"entity": "chime.user_errors", "source": "output", "path": "UserErrors"}, {"entity": "chime.user_id", "source": "item", "path": "UserErrors.UserId"}, {"entity": "chime.user_error_error_code", "source": "item", "path": "UserErrors.ErrorCode"}, {"entity": "chime.user_error_error_message", "source": "item", "path": "UserErrors.ErrorMessage"}],
      "notes": ""
    },
    "BatchUpdatePhoneNumber": {
      "kind": "other",
      "side_effect": true,
      "sdk": {"client": "chime", "method": "batch_update_phone_number"},
      "consumes": [{"entity": "chime.update_phone_number_request_items", "param": "UpdatePhoneNumberRequestItems", "required": true, "source": "external"}],
      "produces": [{"entity": "chime.phone_number_errors", "source": "output", "path": "PhoneNumberErrors"}, {"entity": "chime.phone_number_id", "source": "item", "path": "PhoneNumberErrors.PhoneNumberId"}, {"entity": "chime.phone_number_error_error_code", "source": "item", "path": "PhoneNumberErrors.ErrorCode"}, {"entity": "chime.phone_number_error_error_message", "source": "item", "path": "PhoneNumberErrors.ErrorMessage"}],
      "notes": ""
    },
    "BatchUpdateUser": {
      "kind": "other",
      "side_effect": true,
      "sdk": {"client": "chime", "method": "batch_update_user"},
      "consumes": [{"entity": "chime.account_id", "param": "AccountId", "required": true, "source": "internal"}, {"entity": "chime.update_user_request_items", "param": "UpdateUserRequestItems", "required": true, "source": "external"}],
      "produces": [{"entity": "chime.user_errors", "source": "output", "path": "UserErrors"}, {"entity": "chime.user_id", "source": "item", "path": "UserErrors.UserId"}, {"entity": "chime.user_error_error_code", "source": "item", "path": "UserErrors.ErrorCode"}, {"entity": "chime.user_error_error_message", "source": "item", "path": "UserErrors.ErrorMessage"}],
      "notes": ""
    },
    "CreateAccount": {
      "kind": "write_create",
      "side_effect": true,
      "sdk": {"client": "chime", "method": "create_account"},
      "consumes": [{"entity": "chime.account_name", "param": "Name", "required": true, "source": "internal"}],
      "produces": [{"entity": "chime.account", "source": "output", "path": "Account"}, {"entity": "chime.account_id", "source": "item", "path": "Account.AwsAccountId"}, {"entity": "chime.account_id", "source": "item", "path": "Account.AccountId"}, {"entity": "chime.account_name", "source": "item", "path": "Account.Name"}, {"entity": "chime.account_type", "source": "item", "path": "Account.AccountType"}, {"entity": "chime.account_created_timestamp", "source": "item", "path": "Account.CreatedTimestamp"}, {"entity": "chime.account_default_license", "source": "item", "path": "Account.DefaultLicense"}, {"entity": "chime.account_supported_licenses", "source": "item", "path": "Account.SupportedLicenses"}, {"entity": "chime.account_status", "source": "item", "path": "Account.AccountStatus"}, {"entity": "chime.account_signin_delegate_groups", "source": "item", "path": "Account.SigninDelegateGroups"}],
      "notes": ""
    },
    "CreateBot": {
      "kind": "write_create",
      "side_effect": true,
      "sdk": {"client": "chime", "method": "create_bot"},
      "consumes": [{"entity": "chime.display_name", "param": "DisplayName", "required": true, "source": "internal"}, {"entity": "chime.account_id", "param": "AccountId", "required": true, "source": "internal"}],
      "produces": [{"entity": "chime.bot", "source": "output", "path": "Bot"}, {"entity": "chime.bot_id", "source": "item", "path": "Bot.BotId"}, {"entity": "chime.user_id", "source": "item", "path": "Bot.UserId"}, {"entity": "chime.display_name", "source": "item", "path": "Bot.DisplayName"}, {"entity": "chime.bot_type", "source": "item", "path": "Bot.BotType"}, {"entity": "chime.bot_disabled", "source": "item", "path": "Bot.Disabled"}, {"entity": "chime.bot_created_timestamp", "source": "item", "path": "Bot.CreatedTimestamp"}, {"entity": "chime.bot_updated_timestamp", "source": "item", "path": "Bot.UpdatedTimestamp"}, {"entity": "chime.bot_email", "source": "item", "path": "Bot.BotEmail"}, {"entity": "chime.bot_security_token", "source": "item", "path": "Bot.SecurityToken"}],
      "notes": ""
    },
    "CreateMeetingDialOut": {
      "kind": "write_create",
      "side_effect": true,
      "sdk": {"client": "chime", "method": "create_meeting_dial_out"},
      "consumes": [{"entity": "chime.meeting_id", "param": "MeetingId", "required": true, "source": "external"}, {"entity": "chime.from_phone_number", "param": "FromPhoneNumber", "required": true, "source": "external"}, {"entity": "chime.to_phone_number", "param": "ToPhoneNumber", "required": true, "source": "external"}, {"entity": "chime.join_token", "param": "JoinToken", "required": true, "source": "external"}],
      "produces": [{"entity": "chime.transaction_id", "source": "output", "path": "TransactionId"}],
      "notes": ""
    },
    "CreatePhoneNumberOrder": {
      "kind": "write_create",
      "side_effect": true,
      "sdk": {"client": "chime", "method": "create_phone_number_order"},
      "consumes": [{"entity": "chime.product_type", "param": "ProductType", "required": true, "source": "external"}, {"entity": "chime.e164_phone_numbers", "param": "E164PhoneNumbers", "required": true, "source": "internal"}],
      "produces": [{"entity": "chime.phone_number_order", "source": "output", "path": "PhoneNumberOrder"}, {"entity": "chime.phone_number_order_id", "source": "item", "path": "PhoneNumberOrder.PhoneNumberOrderId"}, {"entity": "chime.phone_number_order_product_type", "source": "item", "path": "PhoneNumberOrder.ProductType"}, {"entity": "chime.phone_number_order_status", "source": "item", "path": "PhoneNumberOrder.Status"}, {"entity": "chime.phone_number_order_ordered_phone_numbers", "source": "item", "path": "PhoneNumberOrder.OrderedPhoneNumbers"}, {"entity": "chime.phone_number_order_created_timestamp", "source": "item", "path": "PhoneNumberOrder.CreatedTimestamp"}, {"entity": "chime.phone_number_order_updated_timestamp", "source": "item", "path": "PhoneNumberOrder.UpdatedTimestamp"}],
      "notes": ""
    },
    "CreateRoom": {
      "kind": "write_create",
      "side_effect": true,
      "sdk": {"client": "chime", "method": "create_room"},
      "consumes": [{"entity": "chime.account_id", "param": "AccountId", "required": true, "source": "internal"}, {"entity": "chime.room_name", "param": "Name", "required": true, "source": "internal"}],
      "produces": [{"entity": "chime.room", "source": "output", "path": "Room"}, {"entity": "chime.room_id", "source": "item", "path": "Room.RoomId"}, {"entity": "chime.room_name", "source": "item", "path": "Room.Name"}, {"entity": "chime.account_id", "source": "item", "path": "Room.AccountId"}, {"entity": "chime.room_created_by", "source": "item", "path": "Room.CreatedBy"}, {"entity": "chime.room_created_timestamp", "source": "item", "path": "Room.CreatedTimestamp"}, {"entity": "chime.room_updated_timestamp", "source": "item", "path": "Room.UpdatedTimestamp"}],
      "notes": ""
    },
    "CreateRoomMembership": {
      "kind": "write_create",
      "side_effect": true,
      "sdk": {"client": "chime", "method": "create_room_membership"},
      "consumes": [{"entity": "chime.account_id", "param": "AccountId", "required": true, "source": "internal"}, {"entity": "chime.room_id", "param": "RoomId", "required": true, "source": "internal"}, {"entity": "chime.member_id", "param": "MemberId", "required": true, "source": "internal"}],
      "produces": [{"entity": "chime.room_membership", "source": "output", "path": "RoomMembership"}, {"entity": "chime.room_id", "source": "item", "path": "RoomMembership.RoomId"}, {"entity": "chime.room_membership_member", "source": "item", "path": "RoomMembership.Member"}, {"entity": "chime.room_membership_role", "source": "item", "path": "RoomMembership.Role"}, {"entity": "chime.room_membership_invited_by", "source": "item", "path": "RoomMembership.InvitedBy"}, {"entity": "chime.room_membership_updated_timestamp", "source": "item", "path": "RoomMembership.UpdatedTimestamp"}],
      "notes": ""
    },
    "CreateUser": {
      "kind": "write_create",
      "side_effect": true,
      "sdk": {"client": "chime", "method": "create_user"},
      "consumes": [{"entity": "chime.account_id", "param": "AccountId", "required": true, "source": "internal"}],
      "produces": [{"entity": "chime.user", "source": "output", "path": "User"}, {"entity": "chime.user_id", "source": "item", "path": "User.UserId"}, {"entity": "chime.account_id", "source": "item", "path": "User.AccountId"}, {"entity": "chime.user_primary_email", "source": "item", "path": "User.PrimaryEmail"}, {"entity": "chime.user_primary_provisioned_number", "source": "item", "path": "User.PrimaryProvisionedNumber"}, {"entity": "chime.display_name", "source": "item", "path": "User.DisplayName"}, {"entity": "chime.user_license_type", "source": "item", "path": "User.LicenseType"}, {"entity": "chime.user_type", "source": "item", "path": "User.UserType"}, {"entity": "chime.user_registration_status", "source": "item", "path": "User.UserRegistrationStatus"}, {"entity": "chime.user_invitation_status", "source": "item", "path": "User.UserInvitationStatus"}, {"entity": "chime.user_registered_on", "source": "item", "path": "User.RegisteredOn"}, {"entity": "chime.user_invited_on", "source": "item", "path": "User.InvitedOn"}, {"entity": "chime.user_alexa_for_business_metadata", "source": "item", "path": "User.AlexaForBusinessMetadata"}, {"entity": "chime.user_personal_pin", "source": "item", "path": "User.PersonalPIN"}],
      "notes": ""
    },
    "DeleteAccount": {
      "kind": "write_delete",
      "side_effect": true,
      "sdk": {"client": "chime", "method": "delete_account"},
      "consumes": [{"entity": "chime.account_id", "param": "AccountId", "required": true, "source": "internal"}],
      "produces": [],
      "notes": ""
    },
    "DeleteEventsConfiguration": {
      "kind": "write_delete",
      "side_effect": true,
      "sdk": {"client": "chime", "method": "delete_events_configuration"},
      "consumes": [{"entity": "chime.account_id", "param": "AccountId", "required": true, "source": "internal"}, {"entity": "chime.bot_id", "param": "BotId", "required": true, "source": "internal"}],
      "produces": [],
      "notes": ""
    },
    "DeletePhoneNumber": {
      "kind": "write_delete",
      "side_effect": true,
      "sdk": {"client": "chime", "method": "delete_phone_number"},
      "consumes": [{"entity": "chime.phonenumber_id", "param": "PhoneNumberId", "required": true, "source": "external"}],
      "produces": [],
      "notes": ""
    },
    "DeleteRoom": {
      "kind": "write_delete",
      "side_effect": true,
      "sdk": {"client": "chime", "method": "delete_room"},
      "consumes": [{"entity": "chime.account_id", "param": "AccountId", "required": true, "source": "internal"}, {"entity": "chime.room_id", "param": "RoomId", "required": true, "source": "internal"}],
      "produces": [],
      "notes": ""
    },
    "DeleteRoomMembership": {
      "kind": "write_delete",
      "side_effect": true,
      "sdk": {"client": "chime", "method": "delete_room_membership"},
      "consumes": [{"entity": "chime.account_id", "param": "AccountId", "required": true, "source": "internal"}, {"entity": "chime.room_id", "param": "RoomId", "required": true, "source": "internal"}, {"entity": "chime.member_id", "param": "MemberId", "required": true, "source": "internal"}],
      "produces": [],
      "notes": ""
    },
    "DisassociatePhoneNumberFromUser": {
      "kind": "write_delete",
      "side_effect": true,
      "sdk": {"client": "chime", "method": "disassociate_phone_number_from_user"},
      "consumes": [{"entity": "chime.account_id", "param": "AccountId", "required": true, "source": "internal"}, {"entity": "chime.user_id", "param": "UserId", "required": true, "source": "internal"}],
      "produces": [],
      "notes": ""
    },
    "DisassociateSigninDelegateGroupsFromAccount": {
      "kind": "write_delete",
      "side_effect": true,
      "sdk": {"client": "chime", "method": "disassociate_signin_delegate_groups_from_account"},
      "consumes": [{"entity": "chime.account_id", "param": "AccountId", "required": true, "source": "internal"}, {"entity": "chime.group_names", "param": "GroupNames", "required": true, "source": "external"}],
      "produces": [],
      "notes": ""
    },
    "GetAccount": {
      "kind": "read_get",
      "side_effect": false,
      "sdk": {"client": "chime", "method": "get_account"},
      "consumes": [{"entity": "chime.account_id", "param": "AccountId", "required": true, "source": "internal"}],
      "produces": [{"entity": "chime.account", "source": "output", "path": "Account"}, {"entity": "chime.account_id", "source": "item", "path": "Account.AwsAccountId"}, {"entity": "chime.account_id", "source": "item", "path": "Account.AccountId"}, {"entity": "chime.account_name", "source": "item", "path": "Account.Name"}, {"entity": "chime.account_type", "source": "item", "path": "Account.AccountType"}, {"entity": "chime.account_created_timestamp", "source": "item", "path": "Account.CreatedTimestamp"}, {"entity": "chime.account_default_license", "source": "item", "path": "Account.DefaultLicense"}, {"entity": "chime.account_supported_licenses", "source": "item", "path": "Account.SupportedLicenses"}, {"entity": "chime.account_status", "source": "item", "path": "Account.AccountStatus"}, {"entity": "chime.account_signin_delegate_groups", "source": "item", "path": "Account.SigninDelegateGroups"}],
      "notes": ""
    },
    "GetAccountSettings": {
      "kind": "read_get",
      "side_effect": false,
      "sdk": {"client": "chime", "method": "get_account_settings"},
      "consumes": [{"entity": "chime.account_id", "param": "AccountId", "required": true, "source": "internal"}],
      "produces": [{"entity": "chime.account_settings", "source": "output", "path": "AccountSettings"}, {"entity": "chime.account_setting_disable_remote_control", "source": "item", "path": "AccountSettings.DisableRemoteControl"}, {"entity": "chime.account_setting_enable_dial_out", "source": "item", "path": "AccountSettings.EnableDialOut"}],
      "notes": ""
    },
    "GetBot": {
      "kind": "read_get",
      "side_effect": false,
      "sdk": {"client": "chime", "method": "get_bot"},
      "consumes": [{"entity": "chime.account_id", "param": "AccountId", "required": true, "source": "internal"}, {"entity": "chime.bot_id", "param": "BotId", "required": true, "source": "internal"}],
      "produces": [{"entity": "chime.bot", "source": "output", "path": "Bot"}, {"entity": "chime.bot_id", "source": "item", "path": "Bot.BotId"}, {"entity": "chime.user_id", "source": "item", "path": "Bot.UserId"}, {"entity": "chime.display_name", "source": "item", "path": "Bot.DisplayName"}, {"entity": "chime.bot_type", "source": "item", "path": "Bot.BotType"}, {"entity": "chime.bot_disabled", "source": "item", "path": "Bot.Disabled"}, {"entity": "chime.bot_created_timestamp", "source": "item", "path": "Bot.CreatedTimestamp"}, {"entity": "chime.bot_updated_timestamp", "source": "item", "path": "Bot.UpdatedTimestamp"}, {"entity": "chime.bot_email", "source": "item", "path": "Bot.BotEmail"}, {"entity": "chime.bot_security_token", "source": "item", "path": "Bot.SecurityToken"}],
      "notes": ""
    },
    "GetEventsConfiguration": {
      "kind": "read_get",
      "side_effect": false,
      "sdk": {"client": "chime", "method": "get_events_configuration"},
      "consumes": [{"entity": "chime.account_id", "param": "AccountId", "required": true, "source": "internal"}, {"entity": "chime.bot_id", "param": "BotId", "required": true, "source": "internal"}],
      "produces": [{"entity": "chime.events_configuration", "source": "output", "path": "EventsConfiguration"}, {"entity": "chime.bot_id", "source": "item", "path": "EventsConfiguration.BotId"}, {"entity": "chime.events_configuration_outbound_events_https_endpoint", "source": "item", "path": "EventsConfiguration.OutboundEventsHTTPSEndpoint"}, {"entity": "chime.events_configuration_lambda_function_arn", "source": "item", "path": "EventsConfiguration.LambdaFunctionArn"}],
      "notes": ""
    },
    "GetPhoneNumber": {
      "kind": "read_get",
      "side_effect": false,
      "sdk": {"client": "chime", "method": "get_phone_number"},
      "consumes": [{"entity": "chime.phonenumber_id", "param": "PhoneNumberId", "required": true, "source": "external"}],
      "produces": [{"entity": "chime.phone_number", "source": "output", "path": "PhoneNumber"}, {"entity": "chime.phone_number_id", "source": "item", "path": "PhoneNumber.PhoneNumberId"}, {"entity": "chime.phone_number_e164_phone_number", "source": "item", "path": "PhoneNumber.E164PhoneNumber"}, {"entity": "chime.phone_number_country", "source": "item", "path": "PhoneNumber.Country"}, {"entity": "chime.phone_number_type", "source": "item", "path": "PhoneNumber.Type"}, {"entity": "chime.phone_number_product_type", "source": "item", "path": "PhoneNumber.ProductType"}, {"entity": "chime.phone_number_status", "source": "item", "path": "PhoneNumber.Status"}, {"entity": "chime.phone_number_capabilities", "source": "item", "path": "PhoneNumber.Capabilities"}, {"entity": "chime.phone_number_associations", "source": "item", "path": "PhoneNumber.Associations"}, {"entity": "chime.calling_name", "source": "item", "path": "PhoneNumber.CallingName"}, {"entity": "chime.phone_number_calling_name_status", "source": "item", "path": "PhoneNumber.CallingNameStatus"}, {"entity": "chime.phone_number_created_timestamp", "source": "item", "path": "PhoneNumber.CreatedTimestamp"}, {"entity": "chime.phone_number_updated_timestamp", "source": "item", "path": "PhoneNumber.UpdatedTimestamp"}, {"entity": "chime.phone_number_deletion_timestamp", "source": "item", "path": "PhoneNumber.DeletionTimestamp"}],
      "notes": ""
    },
    "GetPhoneNumberOrder": {
      "kind": "read_get",
      "side_effect": false,
      "sdk": {"client": "chime", "method": "get_phone_number_order"},
      "consumes": [{"entity": "chime.phonenumberorder_id", "param": "PhoneNumberOrderId", "required": true, "source": "external"}],
      "produces": [{"entity": "chime.phone_number_order", "source": "output", "path": "PhoneNumberOrder"}, {"entity": "chime.phone_number_order_id", "source": "item", "path": "PhoneNumberOrder.PhoneNumberOrderId"}, {"entity": "chime.phone_number_order_product_type", "source": "item", "path": "PhoneNumberOrder.ProductType"}, {"entity": "chime.phone_number_order_status", "source": "item", "path": "PhoneNumberOrder.Status"}, {"entity": "chime.phone_number_order_ordered_phone_numbers", "source": "item", "path": "PhoneNumberOrder.OrderedPhoneNumbers"}, {"entity": "chime.phone_number_order_created_timestamp", "source": "item", "path": "PhoneNumberOrder.CreatedTimestamp"}, {"entity": "chime.phone_number_order_updated_timestamp", "source": "item", "path": "PhoneNumberOrder.UpdatedTimestamp"}],
      "notes": ""
    },
    "GetRetentionSettings": {
      "kind": "read_get",
      "side_effect": false,
      "sdk": {"client": "chime", "method": "get_retention_settings"},
      "consumes": [{"entity": "chime.account_id", "param": "AccountId", "required": true, "source": "internal"}],
      "produces": [{"entity": "chime.retention_settings", "source": "output", "path": "RetentionSettings"}, {"entity": "chime.initiate_deletion_timestamp", "source": "output", "path": "InitiateDeletionTimestamp"}, {"entity": "chime.retention_setting_room_retention_settings", "source": "item", "path": "RetentionSettings.RoomRetentionSettings"}, {"entity": "chime.retention_setting_conversation_retention_settings", "source": "item", "path": "RetentionSettings.ConversationRetentionSettings"}],
      "notes": ""
    },
    "GetRoom": {
      "kind": "read_get",
      "side_effect": false,
      "sdk": {"client": "chime", "method": "get_room"},
      "consumes": [{"entity": "chime.account_id", "param": "AccountId", "required": true, "source": "internal"}, {"entity": "chime.room_id", "param": "RoomId", "required": true, "source": "internal"}],
      "produces": [{"entity": "chime.room", "source": "output", "path": "Room"}, {"entity": "chime.room_id", "source": "item", "path": "Room.RoomId"}, {"entity": "chime.room_name", "source": "item", "path": "Room.Name"}, {"entity": "chime.account_id", "source": "item", "path": "Room.AccountId"}, {"entity": "chime.room_created_by", "source": "item", "path": "Room.CreatedBy"}, {"entity": "chime.room_created_timestamp", "source": "item", "path": "Room.CreatedTimestamp"}, {"entity": "chime.room_updated_timestamp", "source": "item", "path": "Room.UpdatedTimestamp"}],
      "notes": ""
    },
    "GetUser": {
      "kind": "read_get",
      "side_effect": false,
      "sdk": {"client": "chime", "method": "get_user"},
      "consumes": [{"entity": "chime.account_id", "param": "AccountId", "required": true, "source": "internal"}, {"entity": "chime.user_id", "param": "UserId", "required": true, "source": "internal"}],
      "produces": [{"entity": "chime.user", "source": "output", "path": "User"}, {"entity": "chime.user_id", "source": "item", "path": "User.UserId"}, {"entity": "chime.account_id", "source": "item", "path": "User.AccountId"}, {"entity": "chime.user_primary_email", "source": "item", "path": "User.PrimaryEmail"}, {"entity": "chime.user_primary_provisioned_number", "source": "item", "path": "User.PrimaryProvisionedNumber"}, {"entity": "chime.display_name", "source": "item", "path": "User.DisplayName"}, {"entity": "chime.user_license_type", "source": "item", "path": "User.LicenseType"}, {"entity": "chime.user_type", "source": "item", "path": "User.UserType"}, {"entity": "chime.user_registration_status", "source": "item", "path": "User.UserRegistrationStatus"}, {"entity": "chime.user_invitation_status", "source": "item", "path": "User.UserInvitationStatus"}, {"entity": "chime.user_registered_on", "source": "item", "path": "User.RegisteredOn"}, {"entity": "chime.user_invited_on", "source": "item", "path": "User.InvitedOn"}, {"entity": "chime.user_alexa_for_business_metadata", "source": "item", "path": "User.AlexaForBusinessMetadata"}, {"entity": "chime.user_personal_pin", "source": "item", "path": "User.PersonalPIN"}],
      "notes": ""
    },
    "GetUserSettings": {
      "kind": "read_get",
      "side_effect": false,
      "sdk": {"client": "chime", "method": "get_user_settings"},
      "consumes": [{"entity": "chime.account_id", "param": "AccountId", "required": true, "source": "internal"}, {"entity": "chime.user_id", "param": "UserId", "required": true, "source": "internal"}],
      "produces": [{"entity": "chime.user_settings", "source": "output", "path": "UserSettings"}, {"entity": "chime.user_setting_telephony", "source": "item", "path": "UserSettings.Telephony"}],
      "notes": ""
    },
    "InviteUsers": {
      "kind": "other",
      "side_effect": true,
      "sdk": {"client": "chime", "method": "invite_users"},
      "consumes": [{"entity": "chime.account_id", "param": "AccountId", "required": true, "source": "internal"}, {"entity": "chime.user_email_list", "param": "UserEmailList", "required": true, "source": "external"}],
      "produces": [{"entity": "chime.invites", "source": "output", "path": "Invites"}, {"entity": "chime.invit_invite_id", "source": "item", "path": "Invites.InviteId"}, {"entity": "chime.invit_status", "source": "item", "path": "Invites.Status"}, {"entity": "chime.invit_email_address", "source": "item", "path": "Invites.EmailAddress"}, {"entity": "chime.invit_email_status", "source": "item", "path": "Invites.EmailStatus"}],
      "notes": ""
    },
    "ListBots": {
      "kind": "read_list",
      "side_effect": false,
      "sdk": {"client": "chime", "method": "list_bots"},
      "consumes": [{"entity": "chime.account_id", "param": "AccountId", "required": true, "source": "internal"}],
      "produces": [{"entity": "chime.bots", "source": "output", "path": "Bots"}, {"entity": "chime.next_token", "source": "output", "path": "NextToken"}, {"entity": "chime.bot_id", "source": "item", "path": "Bots[].BotId"}, {"entity": "chime.user_id", "source": "item", "path": "Bots[].UserId"}, {"entity": "chime.display_name", "source": "item", "path": "Bots[].DisplayName"}, {"entity": "chime.bot_type", "source": "item", "path": "Bots[].BotType"}, {"entity": "chime.bot_disabled", "source": "item", "path": "Bots[].Disabled"}, {"entity": "chime.bot_created_timestamp", "source": "item", "path": "Bots[].CreatedTimestamp"}, {"entity": "chime.bot_updated_timestamp", "source": "item", "path": "Bots[].UpdatedTimestamp"}, {"entity": "chime.bot_email", "source": "item", "path": "Bots[].BotEmail"}, {"entity": "chime.bot_security_token", "source": "item", "path": "Bots[].SecurityToken"}],
      "notes": ""
    },
    "ListRoomMemberships": {
      "kind": "read_list",
      "side_effect": false,
      "sdk": {"client": "chime", "method": "list_room_memberships"},
      "consumes": [{"entity": "chime.account_id", "param": "AccountId", "required": true, "source": "internal"}, {"entity": "chime.room_id", "param": "RoomId", "required": true, "source": "internal"}],
      "produces": [{"entity": "chime.room_memberships", "source": "output", "path": "RoomMemberships"}, {"entity": "chime.next_token", "source": "output", "path": "NextToken"}, {"entity": "chime.room_id", "source": "item", "path": "RoomMemberships[].RoomId"}, {"entity": "chime.room_membership_member", "source": "item", "path": "RoomMemberships[].Member"}, {"entity": "chime.room_membership_role", "source": "item", "path": "RoomMemberships[].Role"}, {"entity": "chime.room_membership_invited_by", "source": "item", "path": "RoomMemberships[].InvitedBy"}, {"entity": "chime.room_membership_updated_timestamp", "source": "item", "path": "RoomMemberships[].UpdatedTimestamp"}],
      "notes": ""
    },
    "ListRooms": {
      "kind": "read_list",
      "side_effect": false,
      "sdk": {"client": "chime", "method": "list_rooms"},
      "consumes": [{"entity": "chime.account_id", "param": "AccountId", "required": true, "source": "internal"}],
      "produces": [{"entity": "chime.rooms", "source": "output", "path": "Rooms"}, {"entity": "chime.next_token", "source": "output", "path": "NextToken"}, {"entity": "chime.room_id", "source": "item", "path": "Rooms[].RoomId"}, {"entity": "chime.room_name", "source": "item", "path": "Rooms[].Name"}, {"entity": "chime.account_id", "source": "item", "path": "Rooms[].AccountId"}, {"entity": "chime.room_created_by", "source": "item", "path": "Rooms[].CreatedBy"}, {"entity": "chime.room_created_timestamp", "source": "item", "path": "Rooms[].CreatedTimestamp"}, {"entity": "chime.room_updated_timestamp", "source": "item", "path": "Rooms[].UpdatedTimestamp"}],
      "notes": ""
    },
    "ListSupportedPhoneNumberCountries": {
      "kind": "read_list",
      "side_effect": false,
      "sdk": {"client": "chime", "method": "list_supported_phone_number_countries"},
      "consumes": [{"entity": "chime.product_type", "param": "ProductType", "required": true, "source": "external"}],
      "produces": [{"entity": "chime.phone_number_countries", "source": "output", "path": "PhoneNumberCountries"}, {"entity": "chime.phone_number_country_country_code", "source": "item", "path": "PhoneNumberCountries[].CountryCode"}, {"entity": "chime.phone_number_country_supported_phone_number_types", "source": "item", "path": "PhoneNumberCountries[].SupportedPhoneNumberTypes"}],
      "notes": ""
    },
    "ListUsers": {
      "kind": "read_list",
      "side_effect": false,
      "sdk": {"client": "chime", "method": "list_users"},
      "consumes": [{"entity": "chime.account_id", "param": "AccountId", "required": true, "source": "internal"}],
      "produces": [{"entity": "chime.users", "source": "output", "path": "Users"}, {"entity": "chime.next_token", "source": "output", "path": "NextToken"}, {"entity": "chime.user_id", "source": "item", "path": "Users[].UserId"}, {"entity": "chime.account_id", "source": "item", "path": "Users[].AccountId"}, {"entity": "chime.user_primary_email", "source": "item", "path": "Users[].PrimaryEmail"}, {"entity": "chime.user_primary_provisioned_number", "source": "item", "path": "Users[].PrimaryProvisionedNumber"}, {"entity": "chime.display_name", "source": "item", "path": "Users[].DisplayName"}, {"entity": "chime.user_license_type", "source": "item", "path": "Users[].LicenseType"}, {"entity": "chime.user_type", "source": "item", "path": "Users[].UserType"}, {"entity": "chime.user_registration_status", "source": "item", "path": "Users[].UserRegistrationStatus"}, {"entity": "chime.user_invitation_status", "source": "item", "path": "Users[].UserInvitationStatus"}, {"entity": "chime.user_registered_on", "source": "item", "path": "Users[].RegisteredOn"}, {"entity": "chime.user_invited_on", "source": "item", "path": "Users[].InvitedOn"}, {"entity": "chime.user_alexa_for_business_metadata", "source": "item", "path": "Users[].AlexaForBusinessMetadata"}, {"entity": "chime.user_personal_pin", "source": "item", "path": "Users[].PersonalPIN"}],
      "notes": ""
    },
    "LogoutUser": {
      "kind": "other",
      "side_effect": true,
      "sdk": {"client": "chime", "method": "logout_user"},
      "consumes": [{"entity": "chime.account_id", "param": "AccountId", "required": true, "source": "internal"}, {"entity": "chime.user_id", "param": "UserId", "required": true, "source": "internal"}],
      "produces": [],
      "notes": ""
    },
    "PutEventsConfiguration": {
      "kind": "write_update",
      "side_effect": true,
      "sdk": {"client": "chime", "method": "put_events_configuration"},
      "consumes": [{"entity": "chime.account_id", "param": "AccountId", "required": true, "source": "internal"}, {"entity": "chime.bot_id", "param": "BotId", "required": true, "source": "internal"}],
      "produces": [{"entity": "chime.events_configuration", "source": "output", "path": "EventsConfiguration"}, {"entity": "chime.bot_id", "source": "item", "path": "EventsConfiguration.BotId"}, {"entity": "chime.events_configuration_outbound_events_https_endpoint", "source": "item", "path": "EventsConfiguration.OutboundEventsHTTPSEndpoint"}, {"entity": "chime.events_configuration_lambda_function_arn", "source": "item", "path": "EventsConfiguration.LambdaFunctionArn"}],
      "notes": ""
    },
    "PutRetentionSettings": {
      "kind": "write_update",
      "side_effect": true,
      "sdk": {"client": "chime", "method": "put_retention_settings"},
      "consumes": [{"entity": "chime.account_id", "param": "AccountId", "required": true, "source": "internal"}, {"entity": "chime.retention_settings", "param": "RetentionSettings", "required": true, "source": "internal"}],
      "produces": [{"entity": "chime.retention_settings", "source": "output", "path": "RetentionSettings"}, {"entity": "chime.initiate_deletion_timestamp", "source": "output", "path": "InitiateDeletionTimestamp"}, {"entity": "chime.retention_setting_room_retention_settings", "source": "item", "path": "RetentionSettings.RoomRetentionSettings"}, {"entity": "chime.retention_setting_conversation_retention_settings", "source": "item", "path": "RetentionSettings.ConversationRetentionSettings"}],
      "notes": ""
    },
    "RedactConversationMessage": {
      "kind": "other",
      "side_effect": true,
      "sdk": {"client": "chime", "method": "redact_conversation_message"},
      "consumes": [{"entity": "chime.account_id", "param": "AccountId", "required": true, "source": "internal"}, {"entity": "chime.conversation_id", "param": "ConversationId", "required": true, "source": "external"}, {"entity": "chime.message_id", "param": "MessageId", "required": true, "source": "external"}],
      "produces": [],
      "notes": ""
    },
    "RedactRoomMessage": {
      "kind": "other",
      "side_effect": true,
      "sdk": {"client": "chime", "method": "redact_room_message"},
      "consumes": [{"entity": "chime.account_id", "param": "AccountId", "required": true, "source": "internal"}, {"entity": "chime.room_id", "param": "RoomId", "required": true, "source": "internal"}, {"entity": "chime.message_id", "param": "MessageId", "required": true, "source": "external"}],
      "produces": [],
      "notes": ""
    },
    "RegenerateSecurityToken": {
      "kind": "other",
      "side_effect": true,
      "sdk": {"client": "chime", "method": "regenerate_security_token"},
      "consumes": [{"entity": "chime.account_id", "param": "AccountId", "required": true, "source": "internal"}, {"entity": "chime.bot_id", "param": "BotId", "required": true, "source": "internal"}],
      "produces": [{"entity": "chime.bot", "source": "output", "path": "Bot"}, {"entity": "chime.bot_id", "source": "item", "path": "Bot.BotId"}, {"entity": "chime.user_id", "source": "item", "path": "Bot.UserId"}, {"entity": "chime.display_name", "source": "item", "path": "Bot.DisplayName"}, {"entity": "chime.bot_type", "source": "item", "path": "Bot.BotType"}, {"entity": "chime.bot_disabled", "source": "item", "path": "Bot.Disabled"}, {"entity": "chime.bot_created_timestamp", "source": "item", "path": "Bot.CreatedTimestamp"}, {"entity": "chime.bot_updated_timestamp", "source": "item", "path": "Bot.UpdatedTimestamp"}, {"entity": "chime.bot_email", "source": "item", "path": "Bot.BotEmail"}, {"entity": "chime.bot_security_token", "source": "item", "path": "Bot.SecurityToken"}],
      "notes": ""
    },
    "ResetPersonalPIN": {
      "kind": "write_update",
      "side_effect": true,
      "sdk": {"client": "chime", "method": "reset_personal_pin"},
      "consumes": [{"entity": "chime.account_id", "param": "AccountId", "required": true, "source": "internal"}, {"entity": "chime.user_id", "param": "UserId", "required": true, "source": "internal"}],
      "produces": [{"entity": "chime.user", "source": "output", "path": "User"}, {"entity": "chime.user_id", "source": "item", "path": "User.UserId"}, {"entity": "chime.account_id", "source": "item", "path": "User.AccountId"}, {"entity": "chime.user_primary_email", "source": "item", "path": "User.PrimaryEmail"}, {"entity": "chime.user_primary_provisioned_number", "source": "item", "path": "User.PrimaryProvisionedNumber"}, {"entity": "chime.display_name", "source": "item", "path": "User.DisplayName"}, {"entity": "chime.user_license_type", "source": "item", "path": "User.LicenseType"}, {"entity": "chime.user_type", "source": "item", "path": "User.UserType"}, {"entity": "chime.user_registration_status", "source": "item", "path": "User.UserRegistrationStatus"}, {"entity": "chime.user_invitation_status", "source": "item", "path": "User.UserInvitationStatus"}, {"entity": "chime.user_registered_on", "source": "item", "path": "User.RegisteredOn"}, {"entity": "chime.user_invited_on", "source": "item", "path": "User.InvitedOn"}, {"entity": "chime.user_alexa_for_business_metadata", "source": "item", "path": "User.AlexaForBusinessMetadata"}, {"entity": "chime.user_personal_pin", "source": "item", "path": "User.PersonalPIN"}],
      "notes": ""
    },
    "RestorePhoneNumber": {
      "kind": "other",
      "side_effect": true,
      "sdk": {"client": "chime", "method": "restore_phone_number"},
      "consumes": [{"entity": "chime.phonenumber_id", "param": "PhoneNumberId", "required": true, "source": "external"}],
      "produces": [{"entity": "chime.phone_number", "source": "output", "path": "PhoneNumber"}, {"entity": "chime.phone_number_id", "source": "item", "path": "PhoneNumber.PhoneNumberId"}, {"entity": "chime.phone_number_e164_phone_number", "source": "item", "path": "PhoneNumber.E164PhoneNumber"}, {"entity": "chime.phone_number_country", "source": "item", "path": "PhoneNumber.Country"}, {"entity": "chime.phone_number_type", "source": "item", "path": "PhoneNumber.Type"}, {"entity": "chime.phone_number_product_type", "source": "item", "path": "PhoneNumber.ProductType"}, {"entity": "chime.phone_number_status", "source": "item", "path": "PhoneNumber.Status"}, {"entity": "chime.phone_number_capabilities", "source": "item", "path": "PhoneNumber.Capabilities"}, {"entity": "chime.phone_number_associations", "source": "item", "path": "PhoneNumber.Associations"}, {"entity": "chime.calling_name", "source": "item", "path": "PhoneNumber.CallingName"}, {"entity": "chime.phone_number_calling_name_status", "source": "item", "path": "PhoneNumber.CallingNameStatus"}, {"entity": "chime.phone_number_created_timestamp", "source": "item", "path": "PhoneNumber.CreatedTimestamp"}, {"entity": "chime.phone_number_updated_timestamp", "source": "item", "path": "PhoneNumber.UpdatedTimestamp"}, {"entity": "chime.phone_number_deletion_timestamp", "source": "item", "path": "PhoneNumber.DeletionTimestamp"}],
      "notes": ""
    },
    "UpdateAccount": {
      "kind": "write_update",
      "side_effect": true,
      "sdk": {"client": "chime", "method": "update_account"},
      "consumes": [{"entity": "chime.account_id", "param": "AccountId", "required": true, "source": "internal"}],
      "produces": [{"entity": "chime.account", "source": "output", "path": "Account"}, {"entity": "chime.account_id", "source": "item", "path": "Account.AwsAccountId"}, {"entity": "chime.account_id", "source": "item", "path": "Account.AccountId"}, {"entity": "chime.account_name", "source": "item", "path": "Account.Name"}, {"entity": "chime.account_type", "source": "item", "path": "Account.AccountType"}, {"entity": "chime.account_created_timestamp", "source": "item", "path": "Account.CreatedTimestamp"}, {"entity": "chime.account_default_license", "source": "item", "path": "Account.DefaultLicense"}, {"entity": "chime.account_supported_licenses", "source": "item", "path": "Account.SupportedLicenses"}, {"entity": "chime.account_status", "source": "item", "path": "Account.AccountStatus"}, {"entity": "chime.account_signin_delegate_groups", "source": "item", "path": "Account.SigninDelegateGroups"}],
      "notes": ""
    },
    "UpdateAccountSettings": {
      "kind": "write_update",
      "side_effect": true,
      "sdk": {"client": "chime", "method": "update_account_settings"},
      "consumes": [{"entity": "chime.account_id", "param": "AccountId", "required": true, "source": "internal"}, {"entity": "chime.account_settings", "param": "AccountSettings", "required": true, "source": "internal"}],
      "produces": [],
      "notes": ""
    },
    "UpdateBot": {
      "kind": "write_update",
      "side_effect": true,
      "sdk": {"client": "chime", "method": "update_bot"},
      "consumes": [{"entity": "chime.account_id", "param": "AccountId", "required": true, "source": "internal"}, {"entity": "chime.bot_id", "param": "BotId", "required": true, "source": "internal"}],
      "produces": [{"entity": "chime.bot", "source": "output", "path": "Bot"}, {"entity": "chime.bot_id", "source": "item", "path": "Bot.BotId"}, {"entity": "chime.user_id", "source": "item", "path": "Bot.UserId"}, {"entity": "chime.display_name", "source": "item", "path": "Bot.DisplayName"}, {"entity": "chime.bot_type", "source": "item", "path": "Bot.BotType"}, {"entity": "chime.bot_disabled", "source": "item", "path": "Bot.Disabled"}, {"entity": "chime.bot_created_timestamp", "source": "item", "path": "Bot.CreatedTimestamp"}, {"entity": "chime.bot_updated_timestamp", "source": "item", "path": "Bot.UpdatedTimestamp"}, {"entity": "chime.bot_email", "source": "item", "path": "Bot.BotEmail"}, {"entity": "chime.bot_security_token", "source": "item", "path": "Bot.SecurityToken"}],
      "notes": ""
    },
    "UpdatePhoneNumber": {
      "kind": "write_update",
      "side_effect": true,
      "sdk": {"client": "chime", "method": "update_phone_number"},
      "consumes": [{"entity": "chime.phonenumber_id", "param": "PhoneNumberId", "required": true, "source": "external"}],
      "produces": [{"entity": "chime.phone_number", "source": "output", "path": "PhoneNumber"}, {"entity": "chime.phone_number_id", "source": "item", "path": "PhoneNumber.PhoneNumberId"}, {"entity": "chime.phone_number_e164_phone_number", "source": "item", "path": "PhoneNumber.E164PhoneNumber"}, {"entity": "chime.phone_number_country", "source": "item", "path": "PhoneNumber.Country"}, {"entity": "chime.phone_number_type", "source": "item", "path": "PhoneNumber.Type"}, {"entity": "chime.phone_number_product_type", "source": "item", "path": "PhoneNumber.ProductType"}, {"entity": "chime.phone_number_status", "source": "item", "path": "PhoneNumber.Status"}, {"entity": "chime.phone_number_capabilities", "source": "item", "path": "PhoneNumber.Capabilities"}, {"entity": "chime.phone_number_associations", "source": "item", "path": "PhoneNumber.Associations"}, {"entity": "chime.calling_name", "source": "item", "path": "PhoneNumber.CallingName"}, {"entity": "chime.phone_number_calling_name_status", "source": "item", "path": "PhoneNumber.CallingNameStatus"}, {"entity": "chime.phone_number_created_timestamp", "source": "item", "path": "PhoneNumber.CreatedTimestamp"}, {"entity": "chime.phone_number_updated_timestamp", "source": "item", "path": "PhoneNumber.UpdatedTimestamp"}, {"entity": "chime.phone_number_deletion_timestamp", "source": "item", "path": "PhoneNumber.DeletionTimestamp"}],
      "notes": ""
    },
    "UpdatePhoneNumberSettings": {
      "kind": "write_update",
      "side_effect": true,
      "sdk": {"client": "chime", "method": "update_phone_number_settings"},
      "consumes": [{"entity": "chime.calling_name", "param": "CallingName", "required": true, "source": "internal"}],
      "produces": [],
      "notes": ""
    },
    "UpdateRoom": {
      "kind": "write_update",
      "side_effect": true,
      "sdk": {"client": "chime", "method": "update_room"},
      "consumes": [{"entity": "chime.account_id", "param": "AccountId", "required": true, "source": "internal"}, {"entity": "chime.room_id", "param": "RoomId", "required": true, "source": "internal"}],
      "produces": [{"entity": "chime.room", "source": "output", "path": "Room"}, {"entity": "chime.room_id", "source": "item", "path": "Room.RoomId"}, {"entity": "chime.room_name", "source": "item", "path": "Room.Name"}, {"entity": "chime.account_id", "source": "item", "path": "Room.AccountId"}, {"entity": "chime.room_created_by", "source": "item", "path": "Room.CreatedBy"}, {"entity": "chime.room_created_timestamp", "source": "item", "path": "Room.CreatedTimestamp"}, {"entity": "chime.room_updated_timestamp", "source": "item", "path": "Room.UpdatedTimestamp"}],
      "notes": ""
    },
    "UpdateRoomMembership": {
      "kind": "write_update",
      "side_effect": true,
      "sdk": {"client": "chime", "method": "update_room_membership"},
      "consumes": [{"entity": "chime.account_id", "param": "AccountId", "required": true, "source": "internal"}, {"entity": "chime.room_id", "param": "RoomId", "required": true, "source": "internal"}, {"entity": "chime.member_id", "param": "MemberId", "required": true, "source": "internal"}],
      "produces": [{"entity": "chime.room_membership", "source": "output", "path": "RoomMembership"}, {"entity": "chime.room_id", "source": "item", "path": "RoomMembership.RoomId"}, {"entity": "chime.room_membership_member", "source": "item", "path": "RoomMembership.Member"}, {"entity": "chime.room_membership_role", "source": "item", "path": "RoomMembership.Role"}, {"entity": "chime.room_membership_invited_by", "source": "item", "path": "RoomMembership.InvitedBy"}, {"entity": "chime.room_membership_updated_timestamp", "source": "item", "path": "RoomMembership.UpdatedTimestamp"}],
      "notes": ""
    },
    "UpdateUser": {
      "kind": "write_update",
      "side_effect": true,
      "sdk": {"client": "chime", "method": "update_user"},
      "consumes": [{"entity": "chime.account_id", "param": "AccountId", "required": true, "source": "internal"}, {"entity": "chime.user_id", "param": "UserId", "required": true, "source": "internal"}],
      "produces": [{"entity": "chime.user", "source": "output", "path": "User"}, {"entity": "chime.user_id", "source": "item", "path": "User.UserId"}, {"entity": "chime.account_id", "source": "item", "path": "User.AccountId"}, {"entity": "chime.user_primary_email", "source": "item", "path": "User.PrimaryEmail"}, {"entity": "chime.user_primary_provisioned_number", "source": "item", "path": "User.PrimaryProvisionedNumber"}, {"entity": "chime.display_name", "source": "item", "path": "User.DisplayName"}, {"entity": "chime.user_license_type", "source": "item", "path": "User.LicenseType"}, {"entity": "chime.user_type", "source": "item", "path": "User.UserType"}, {"entity": "chime.user_registration_status", "source": "item", "path": "User.UserRegistrationStatus"}, {"entity": "chime.user_invitation_status", "source": "item", "path": "User.UserInvitationStatus"}, {"entity": "chime.user_registered_on", "source": "item", "path": "User.RegisteredOn"}, {"entity": "chime.user_invited_on", "source": "item", "path": "User.InvitedOn"}, {"entity": "chime.user_alexa_for_business_metadata", "source": "item", "path": "User.AlexaForBusinessMetadata"}, {"entity": "chime.user_personal_pin", "source": "item", "path": "User.PersonalPIN"}],
      "notes": ""
    },
    "UpdateUserSettings": {
      "kind": "write_update",
      "side_effect": true,
      "sdk": {"client": "chime", "method": "update_user_settings"},
      "consumes": [{"entity": "chime.account_id", "param": "AccountId", "required": true, "source": "internal"}, {"entity": "chime.user_id", "param": "UserId", "required": true, "source": "internal"}, {"entity": "chime.user_settings", "param": "UserSettings", "required": true, "source": "internal"}],
      "produces": [],
      "notes": ""
    }
  }
}