{
  "service": "mediaconnect",
  "op_consumes": {
    "ListBridges": [],
    "ListEntitlements": [],
    "ListFlows": [],
    "ListGatewayInstances": [],
    "ListGateways": [],
    "ListOfferings": [],
    "ListReservations": [],
    "ListRouterInputs": [],
    "ListRouterNetworkInterfaces": [],
    "ListRouterOutputs": [],
    "AddBridgeOutputs": ["mediaconnect.outputs", "mediaconnect.bridge_arn"],
    "AddBridgeSources": ["mediaconnect.bridge_arn", "mediaconnect.sources"],
    "AddFlowMediaStreams": ["mediaconnect.media_streams", "mediaconnect.flow_arn"],
    "AddFlowOutputs": ["mediaconnect.outputs", "mediaconnect.flow_arn"],
    "AddFlowSources": ["mediaconnect.flow_arn", "mediaconnect.sources"],
    "AddFlowVpcInterfaces": ["mediaconnect.flow_arn", "mediaconnect.vpc_interfaces"],
    "BatchGetRouterInput": ["mediaconnect.arns"],
    "BatchGetRouterNetworkInterface": ["mediaconnect.arns"],
    "BatchGetRouterOutput": ["mediaconnect.arns"],
    "CreateBridge": ["mediaconnect.placement_arn", "mediaconnect.bridge_name", "mediaconnect.sources"],
    "CreateFlow": ["mediaconnect.flow_name"],
    "CreateGateway": ["mediaconnect.networks", "mediaconnect.gateway_name", "mediaconnect.egress_cidr_blocks"],
    "CreateRouterInput": ["mediaconnect.tier", "mediaconnect.router_input_name", "mediaconnect.configuration", "mediaconnect.maximum_bitrate", "mediaconnect.routing_scope"],
    "CreateRouterNetworkInterface": ["mediaconnect.configuration", "mediaconnect.router_network_interface_name"],
    "CreateRouterOutput": ["mediaconnect.output_name", "mediaconnect.tier", "mediaconnect.configuration", "mediaconnect.maximum_bitrate", "mediaconnect.routing_scope"],
    "DeleteBridge": ["mediaconnect.bridge_arn"],
    "DeleteFlow": ["mediaconnect.flow_arn"],
    "DeleteGateway": ["mediaconnect.gateway_arn"],
    "DeleteRouterInput": ["mediaconnect.router_input_arn"],
    "DeleteRouterNetworkInterface": ["mediaconnect.router_network_interface_arn"],
    "DeleteRouterOutput": ["mediaconnect.output_arn"],
    "DeregisterGatewayInstance": ["mediaconnect.gatewayinstance_arn"],
    "DescribeBridge": ["mediaconnect.bridge_arn"],
    "DescribeFlow": ["mediaconnect.flow_arn"],
    "DescribeFlowSourceMetadata": ["mediaconnect.flow_arn"],
    "DescribeFlowSourceThumbnail": ["mediaconnect.flow_arn"],
    "DescribeGateway": ["mediaconnect.gateway_arn"],
    "DescribeGatewayInstance": ["mediaconnect.gatewayinstance_arn"],
    "DescribeOffering": ["mediaconnect.offering_arn"],
    "DescribeReservation": ["mediaconnect.reservation_arn"],
    "GetRouterInput": ["mediaconnect.router_input_arn"],
    "GetRouterInputSourceMetadata": ["mediaconnect.source_metadata_detail_arn"],
    "GetRouterInputThumbnail": ["mediaconnect.thumbnail_detail_arn"],
    "GetRouterNetworkInterface": ["mediaconnect.router_network_interface_arn"],
    "GetRouterOutput": ["mediaconnect.output_arn"],
    "GrantFlowEntitlements": ["mediaconnect.entitlements", "mediaconnect.flow_arn"],
    "ListTagsForGlobalResource": ["mediaconnect.resource_arn"],
    "ListTagsForResource": ["mediaconnect.resource_arn"],
    "PurchaseOffering": ["mediaconnect.offering_arn", "mediaconnect.start", "mediaconnect.reservation_name"],
    "RemoveBridgeOutput": ["mediaconnect.output_name", "mediaconnect.bridge_arn"],
    "RemoveBridgeSource": ["mediaconnect.bridge_arn", "mediaconnect.source_name"],
    "RemoveFlowMediaStream": ["mediaconnect.mediastream_name", "mediaconnect.flow_arn"],
    "RemoveFlowOutput": ["mediaconnect.output_arn", "mediaconnect.flow_arn"],
    "RemoveFlowSource": ["mediaconnect.source_arn", "mediaconnect.flow_arn"],
    "RemoveFlowVpcInterface": ["mediaconnect.vpcinterface_name", "mediaconnect.flow_arn"],
    "RestartRouterInput": ["mediaconnect.router_input_arn"],
    "RestartRouterOutput": ["mediaconnect.output_arn"],
    "RevokeFlowEntitlement": ["mediaconnect.entitlement_arn", "mediaconnect.flow_arn"],
    "StartFlow": ["mediaconnect.flow_arn"],
    "StartRouterInput": ["mediaconnect.maintenance_schedule_arn"],
    "StartRouterOutput": ["mediaconnect.maintenance_schedule_arn"],
    "StopFlow": ["mediaconnect.flow_arn"],
    "StopRouterInput": ["mediaconnect.router_input_arn"],
    "StopRouterOutput": ["mediaconnect.output_arn"],
    "TagGlobalResource": ["mediaconnect.tags", "mediaconnect.resource_arn"],
    "TagResource": ["mediaconnect.tags", "mediaconnect.resource_arn"],
    "TakeRouterInput": ["mediaconnect.routeroutput_arn"],
    "UntagGlobalResource": ["mediaconnect.tag_keys", "mediaconnect.resource_arn"],
    "UntagResource": ["mediaconnect.tag_keys", "mediaconnect.resource_arn"],
    "UpdateBridge": ["mediaconnect.bridge_arn"],
    "UpdateBridgeOutput": ["mediaconnect.output_name", "mediaconnect.bridge_arn"],
    "UpdateBridgeSource": ["mediaconnect.bridge_arn", "mediaconnect.source_name"],
    "UpdateBridgeState": ["mediaconnect.desired_state", "mediaconnect.bridge_arn"],
    "UpdateFlow": ["mediaconnect.flow_arn"],
    "UpdateFlowEntitlement": ["mediaconnect.entitlement_arn", "mediaconnect.flow_arn"],
    "UpdateFlowMediaStream": ["mediaconnect.mediastream_name", "mediaconnect.flow_arn"],
    "UpdateFlowOutput": ["mediaconnect.output_arn", "mediaconnect.flow_arn"],
    "UpdateFlowSource": ["mediaconnect.source_arn", "mediaconnect.flow_arn"],
    "UpdateGatewayInstance": ["mediaconnect.gatewayinstance_arn"],
    "UpdateRouterInput": ["mediaconnect.router_input_arn"],
    "UpdateRouterNetworkInterface": ["mediaconnect.router_network_interface_arn"],
    "UpdateRouterOutput": ["mediaconnect.output_arn"]
  },
  "op_produces": {
    "ListBridges": ["mediaconnect.bridges", "mediaconnect.bridg_bridge_state", "mediaconnect.bridg_name", "mediaconnect.bridg_bridge_type", "mediaconnect.placement_arn", "mediaconnect.bridge_arn", "mediaconnect.next_token"],
    "ListEntitlements": ["mediaconnect.entitlements", "mediaconnect.entitlement_data_transfer_subscriber_fee_percent", "mediaconnect.entitlement_arn", "mediaconnect.entitlement_name", "mediaconnect.next_token"],
    "ListFlows": ["mediaconnect.flow_status", "mediaconnect.flow_name", "mediaconnect.flow_arn", "mediaconnect.flows", "mediaconnect.flow_availability_zone", "mediaconnect.flow_source_type", "mediaconnect.flow_description", "mediaconnect.next_token", "mediaconnect.flow_maintenance"],
    "ListGatewayInstances": ["mediaconnect.instanc_instance_state", "mediaconnect.instances", "mediaconnect.instanc_instance_id", "mediaconnect.gateway_instance_arn", "mediaconnect.next_token", "mediaconnect.gateway_arn"],
    "ListGateways": ["mediaconnect.gateways", "mediaconnect.gateway_name", "mediaconnect.gateway_state", "mediaconnect.next_token", "mediaconnect.gateway_arn"],
    "ListOfferings": ["mediaconnect.offering_price_per_unit", "mediaconnect.offering_price_units", "mediaconnect.offering_description", "mediaconnect.offering_duration_units", "mediaconnect.offering_resource_specification", "mediaconnect.offerings", "mediaconnect.offering_arn", "mediaconnect.offering_duration", "mediaconnect.offering_currency_code", "mediaconnect.next_token"],
    "ListReservations": ["mediaconnect.reservation_start", "mediaconnect.reservation_price_per_unit", "mediaconnect.reservation_arn", "mediaconnect.reservation_state", "mediaconnect.reservation_price_units", "mediaconnect.reservation_currency_code", "mediaconnect.reservation_resource_specification", "mediaconnect.reservations", "mediaconnect.reservation_duration_units", "mediaconnect.reservation_duration", "mediaconnect.offering_arn", "mediaconnect.reservation_end", "mediaconnect.reservation_offering_description", "mediaconnect.next_token", "mediaconnect.reservation_name"],
    "ListRouterInputs": ["mediaconnect.router_inputs", "mediaconnect.router_input_created_at", "mediaconnect.router_input_routed_outputs", "mediaconnect.router_input_region_name", "mediaconnect.router_input_maximum_bitrate", "mediaconnect.router_input_maintenance_schedule", "mediaconnect.router_input_id", "mediaconnect.router_input_name", "mediaconnect.router_input_availability_zone", "mediaconnect.router_input_updated_at", "mediaconnect.router_input_maintenance_schedule_type", "mediaconnect.router_input_input_type", "mediaconnect.router_input_arn", "mediaconnect.router_input_state", "mediaconnect.router_input_message_count", "mediaconnect.next_token", "mediaconnect.router_input_network_interface_arn", "mediaconnect.router_input_routing_scope"],
    "ListRouterNetworkInterfaces": ["mediaconnect.router_network_interfac_network_interface_type", "mediaconnect.router_network_interfac_region_name", "mediaconnect.router_network_interfac_associated_input_count", "mediaconnect.router_network_interfac_updated_at", "mediaconnect.router_network_interfac_name", "mediaconnect.router_network_interfac_id", "mediaconnect.router_network_interfaces", "mediaconnect.router_network_interfac_created_at", "mediaconnect.router_network_interfac_associated_output_count", "mediaconnect.router_network_interfac_state", "mediaconnect.router_network_interfac_arn", "mediaconnect.next_token"],
    "ListRouterOutputs": ["mediaconnect.router_outputs", "mediaconnect.router_output_availability_zone", "mediaconnect.router_output_network_interface_arn", "mediaconnect.router_output_state", "mediaconnect.router_output_routing_scope", "mediaconnect.router_output_message_count", "mediaconnect.router_output_maintenance_schedule_type", "mediaconnect.router_output_updated_at", "mediaconnect.next_token", "mediaconnect.router_output_id", "mediaconnect.router_output_region_name", "mediaconnect.output_arn", "mediaconnect.router_output_routed_state", "mediaconnect.router_output_maintenance_schedule", "mediaconnect.router_output_routed_input_arn", "mediaconnect.router_output_maximum_bitrate", "mediaconnect.output_name", "mediaconnect.router_output_output_type", "mediaconnect.router_output_created_at"],
    "AddBridgeOutputs": ["mediaconnect.outputs", "mediaconnect.output_flow_output", "mediaconnect.bridge_arn", "mediaconnect.output_network_output"],
    "AddBridgeSources": ["mediaconnect.sourc_network_source", "mediaconnect.bridge_arn", "mediaconnect.sourc_flow_source", "mediaconnect.sources"],
    "AddFlowMediaStreams": ["mediaconnect.media_stream_name", "mediaconnect.media_stream_video_format", "mediaconnect.media_stream_description", "mediaconnect.media_streams", "mediaconnect.flow_arn", "mediaconnect.media_stream_attributes", "mediaconnect.media_stream_fmt", "mediaconnect.media_stream_id", "mediaconnect.media_stream_type", "mediaconnect.media_stream_clock_rate"],
    "AddFlowOutputs": ["mediaconnect.flow_arn", "mediaconnect.output_port", "mediaconnect.output_vpc_interface_attachment", "mediaconnect.output_encryption", "mediaconnect.router_input_arn", "mediaconnect.output_media_live_input_arn", "mediaconnect.bridge_arn", "mediaconnect.output_router_integration_state", "mediaconnect.output_bridge_ports", "mediaconnect.outputs", "mediaconnect.output_transport", "mediaconnect.output_destination", "mediaconnect.output_status", "mediaconnect.entitlement_arn", "mediaconnect.output_arn", "mediaconnect.output_data_transfer_subscriber_fee_percent", "mediaconnect.output_router_integration_transit_encryption", "mediaconnect.output_name", "mediaconnect.output_peer_ip_address", "mediaconnect.output_media_stream_output_configurations", "mediaconnect.output_listener_address", "mediaconnect.output_description"],
    "AddFlowSources": ["mediaconnect.sourc_whitelist_cidr", "mediaconnect.sourc_transport", "mediaconnect.flow_arn", "mediaconnect.sourc_decryption", "mediaconnect.sourc_media_stream_source_configurations", "mediaconnect.sourc_gateway_bridge_source", "mediaconnect.sourc_vpc_interface_name", "mediaconnect.sourc_description", "mediaconnect.sourc_ingest_ip", "mediaconnect.sourc_router_integration_state", "mediaconnect.sourc_sender_ip_address", "mediaconnect.sourc_sender_control_port", "mediaconnect.entitlement_arn", "mediaconnect.sourc_name", "mediaconnect.sourc_peer_ip_address", "mediaconnect.output_arn", "mediaconnect.sourc_ingest_port", "mediaconnect.sources", "mediaconnect.source_arn", "mediaconnect.sourc_router_integration_transit_decryption", "mediaconnect.sourc_data_transfer_subscriber_fee_percent"],
    "AddFlowVpcInterfaces": ["mediaconnect.vpc_interfac_name", "mediaconnect.vpc_interfac_network_interface_ids", "mediaconnect.vpc_interfac_subnet_id", "mediaconnect.vpc_interfac_network_interface_type", "mediaconnect.flow_arn", "mediaconnect.vpc_interfaces", "mediaconnect.vpc_interfac_security_group_ids", "mediaconnect.vpc_interfac_role_arn"],
    "BatchGetRouterInput": ["mediaconnect.router_input_maintenance_configuration", "mediaconnect.router_input_maximum_bitrate", "mediaconnect.router_input_region_name", "mediaconnect.router_input_id", "mediaconnect.router_input_availability_zone", "mediaconnect.router_input_messages", "mediaconnect.router_input_arn", "mediaconnect.router_input_routing_scope", "mediaconnect.router_input_configuration", "mediaconnect.router_input_maintenance_type", "mediaconnect.router_input_ip_address", "mediaconnect.router_input_maintenance_schedule_type", "mediaconnect.router_inputs", "mediaconnect.router_input_created_at", "mediaconnect.router_input_routed_outputs", "mediaconnect.router_input_maintenance_schedule", "mediaconnect.router_input_input_type", "mediaconnect.router_input_state", "mediaconnect.router_input_stream_details", "mediaconnect.router_input_updated_at", "mediaconnect.router_input_transit_encryption", "mediaconnect.router_input_tier", "mediaconnect.errors", "mediaconnect.router_input_name", "mediaconnect.router_input_maximum_routed_outputs", "mediaconnect.router_input_tags"],
    "BatchGetRouterNetworkInterface": ["mediaconnect.errors", "mediaconnect.router_network_interfac_network_interface_type", "mediaconnect.router_network_interfac_configuration", "mediaconnect.router_network_interfac_associated_input_count", "mediaconnect.router_network_interfac_region_name", "mediaconnect.router_network_interfac_updated_at", "mediaconnect.router_network_interfac_tags", "mediaconnect.router_network_interfac_name", "mediaconnect.router_network_interfac_id", "mediaconnect.router_network_interfaces", "mediaconnect.router_network_interfac_created_at", "mediaconnect.router_network_interfac_associated_output_count", "mediaconnect.router_network_interfac_state", "mediaconnect.router_network_interfac_arn"],
    "BatchGetRouterOutput": ["mediaconnect.router_outputs", "mediaconnect.router_output_availability_zone", "mediaconnect.router_output_stream_details", "mediaconnect.router_output_state", "mediaconnect.router_output_maintenance_configuration", "mediaconnect.router_output_routing_scope", "mediaconnect.router_output_maintenance_schedule_type", "mediaconnect.router_output_tier", "mediaconnect.router_output_updated_at", "mediaconnect.router_output_id", "mediaconnect.router_output_configuration", "mediaconnect.router_output_tags", "mediaconnect.router_output_region_name", "mediaconnect.output_arn", "mediaconnect.router_output_routed_state", "mediaconnect.router_output_maintenance_schedule", "mediaconnect.router_output_routed_input_arn", "mediaconnect.router_output_ip_address", "mediaconnect.router_output_maximum_bitrate", "mediaconnect.router_output_messages", "mediaconnect.output_name", "mediaconnect.router_output_output_type", "mediaconnect.errors", "mediaconnect.router_output_maintenance_type", "mediaconnect.router_output_created_at"],
    "CreateBridge": ["mediaconnect.bridge_egress_gateway_bridge", "mediaconnect.bridge_name", "mediaconnect.bridge_sources", "mediaconnect.bridge", "mediaconnect.bridge_source_failover_config", "mediaconnect.bridge_messages", "mediaconnect.bridge_outputs", "mediaconnect.bridge_ingress_gateway_bridge", "mediaconnect.placement_arn", "mediaconnect.bridge_arn", "mediaconnect.bridge_state"],
    "CreateFlow": ["mediaconnect.flow", "mediaconnect.flow_status", "mediaconnect.flow_name", "mediaconnect.flow_source_failover_config", "mediaconnect.flow_vpc_interfaces", "mediaconnect.flow_source_monitoring_config", "mediaconnect.flow_arn", "mediaconnect.flow_sources", "mediaconnect.flow_entitlements", "mediaconnect.flow_media_streams", "mediaconnect.flow_egress_ip", "mediaconnect.flow_size", "mediaconnect.flow_availability_zone", "mediaconnect.flow_description", "mediaconnect.flow_outputs", "mediaconnect.flow_maintenance", "mediaconnect.flow_ndi_config", "mediaconnect.flow_source"],
    "CreateGateway": ["mediaconnect.gateway", "mediaconnect.gateway_messages", "mediaconnect.gateway_name", "mediaconnect.gateway_egress_cidr_blocks", "mediaconnect.gateway_state", "mediaconnect.gateway_networks", "mediaconnect.gateway_arn"],
    "CreateRouterInput": ["mediaconnect.router_input_maintenance_configuration", "mediaconnect.router_input_maximum_bitrate", "mediaconnect.router_input_region_name", "mediaconnect.router_input_id", "mediaconnect.router_input_availability_zone", "mediaconnect.router_input_messages", "mediaconnect.router_input_arn", "mediaconnect.router_input_routing_scope", "mediaconnect.router_input_configuration", "mediaconnect.router_input_maintenance_type", "mediaconnect.router_input_ip_address", "mediaconnect.router_input_maintenance_schedule_type", "mediaconnect.router_input_created_at", "mediaconnect.router_input_routed_outputs", "mediaconnect.router_input_maintenance_schedule", "mediaconnect.router_input_input_type", "mediaconnect.router_input_state", "mediaconnect.router_input_stream_details", "mediaconnect.router_input_updated_at", "mediaconnect.router_input_transit_encryption", "mediaconnect.router_input_tier", "mediaconnect.router_input", "mediaconnect.router_input_name", "mediaconnect.router_input_maximum_routed_outputs", "mediaconnect.router_input_tags"],
    "CreateRouterNetworkInterface": ["mediaconnect.router_network_interface_id", "mediaconnect.router_network_interface_region_name", "mediaconnect.router_network_interface_network_interface_type", "mediaconnect.router_network_interface_arn", "mediaconnect.router_network_interface_created_at", "mediaconnect.router_network_interface_tags", "mediaconnect.router_network_interface_configuration", "mediaconnect.router_network_interface_state", "mediaconnect.router_network_interface_updated_at", "mediaconnect.router_network_interface_associated_output_count", "mediaconnect.router_network_interface", "mediaconnect.router_network_interface_name", "mediaconnect.router_network_interface_associated_input_count"],
    "CreateRouterOutput": ["mediaconnect.router_output_availability_zone", "mediaconnect.router_output", "mediaconnect.router_output_stream_details", "mediaconnect.router_output_state", "mediaconnect.router_output_maintenance_configuration", "mediaconnect.router_output_routing_scope", "mediaconnect.router_output_maintenance_schedule_type", "mediaconnect.router_output_tier", "mediaconnect.router_output_updated_at", "mediaconnect.router_output_id", "mediaconnect.router_output_configuration", "mediaconnect.router_output_tags", "mediaconnect.router_output_region_name", "mediaconnect.output_arn", "mediaconnect.router_output_routed_state", "mediaconnect.router_output_maintenance_schedule", "mediaconnect.router_output_routed_input_arn", "mediaconnect.router_output_ip_address", "mediaconnect.router_output_maximum_bitrate", "mediaconnect.router_output_messages", "mediaconnect.output_name", "mediaconnect.router_output_output_type", "mediaconnect.router_output_maintenance_type", "mediaconnect.router_output_created_at"],
    "DeleteBridge": ["mediaconnect.bridge_arn"],
    "DeleteFlow": ["mediaconnect.flow_status", "mediaconnect.flow_arn"],
    "DeleteGateway": ["mediaconnect.gateway_arn"],
    "DeleteRouterInput": ["mediaconnect.router_input_arn", "mediaconnect.state", "mediaconnect.router_input_name"],
    "DeleteRouterNetworkInterface": ["mediaconnect.state", "mediaconnect.router_network_interface_name", "mediaconnect.router_network_interface_arn"],
    "DeleteRouterOutput": ["mediaconnect.output_name", "mediaconnect.output_arn", "mediaconnect.state"],
    "DeregisterGatewayInstance": ["mediaconnect.gateway_instance_arn", "mediaconnect.instance_state"],
    "DescribeBridge": ["mediaconnect.bridge_egress_gateway_bridge", "mediaconnect.bridge_name", "mediaconnect.bridge_sources", "mediaconnect.bridge", "mediaconnect.bridge_source_failover_config", "mediaconnect.bridge_messages", "mediaconnect.bridge_outputs", "mediaconnect.bridge_ingress_gateway_bridge", "mediaconnect.placement_arn", "mediaconnect.bridge_arn", "mediaconnect.bridge_state"],
    "DescribeFlow": ["mediaconnect.flow_source_failover_config", "mediaconnect.flow_arn", "mediaconnect.flow_description", "mediaconnect.flow_name", "mediaconnect.flow_entitlements", "mediaconnect.flow_outputs", "mediaconnect.flow_maintenance", "mediaconnect.flow", "mediaconnect.flow_status", "mediaconnect.flow_source_monitoring_config", "mediaconnect.flow_media_streams", "mediaconnect.flow_egress_ip", "mediaconnect.flow_size", "mediaconnect.flow_availability_zone", "mediaconnect.messages", "mediaconnect.flow_source", "mediaconnect.flow_vpc_interfaces", "mediaconnect.flow_sources", "mediaconnect.flow_ndi_config"],
    "DescribeFlowSourceMetadata": ["mediaconnect.messag_message", "mediaconnect.transport_media_info", "mediaconnect.messag_code", "mediaconnect.timestamp", "mediaconnect.flow_arn", "mediaconnect.messag_resource_name", "mediaconnect.messages"],
    "DescribeFlowSourceThumbnail": ["mediaconnect.thumbnail_timestamp", "mediaconnect.thumbnail_messages", "mediaconnect.thumbnail_thumbnail", "mediaconnect.flow_arn", "mediaconnect.thumbnail_timecode", "mediaconnect.thumbnail_details"],
    "DescribeGateway": ["mediaconnect.gateway", "mediaconnect.gateway_messages", "mediaconnect.gateway_name", "mediaconnect.gateway_egress_cidr_blocks", "mediaconnect.gateway_state", "mediaconnect.gateway_networks", "mediaconnect.gateway_arn"],
    "DescribeGatewayInstance": ["mediaconnect.gateway_instance_arn", "mediaconnect.gateway_instance", "mediaconnect.gateway_instance_running_bridge_count", "mediaconnect.gateway_instance_instance_messages", "mediaconnect.gateway_instance_instance_id", "mediaconnect.gateway_instance_connection_status", "mediaconnect.gateway_instance_instance_state", "mediaconnect.gateway_instance_bridge_placement", "mediaconnect.gateway_arn"],
    "DescribeOffering": ["mediaconnect.offering_price_per_unit", "mediaconnect.offering_price_units", "mediaconnect.offering_description", "mediaconnect.offering_duration_units", "mediaconnect.offering_resource_specification", "mediaconnect.offering_arn", "mediaconnect.offering_duration", "mediaconnect.offering_currency_code", "mediaconnect.offering"],
    "DescribeReservation": ["mediaconnect.reservation_start", "mediaconnect.reservation_price_per_unit", "mediaconnect.reservation_arn", "mediaconnect.reservation_state", "mediaconnect.reservation_price_units", "mediaconnect.reservation_currency_code", "mediaconnect.reservation_resource_specification", "mediaconnect.reservation", "mediaconnect.reservation_duration_units", "mediaconnect.reservation_duration", "mediaconnect.offering_arn", "mediaconnect.reservation_end", "mediaconnect.reservation_offering_description", "mediaconnect.reservation_name"],
    "GetRouterInput": ["mediaconnect.router_input_maintenance_configuration", "mediaconnect.router_input_maximum_bitrate", "mediaconnect.router_input_region_name", "mediaconnect.router_input_id", "mediaconnect.router_input_availability_zone", "mediaconnect.router_input_messages", "mediaconnect.router_input_arn", "mediaconnect.router_input_routing_scope", "mediaconnect.router_input_configuration", "mediaconnect.router_input_maintenance_type", "mediaconnect.router_input_ip_address", "mediaconnect.router_input_maintenance_schedule_type", "mediaconnect.router_input_created_at", "mediaconnect.router_input_routed_outputs", "mediaconnect.router_input_maintenance_schedule", "mediaconnect.router_input_input_type", "mediaconnect.router_input_state", "mediaconnect.router_input_stream_details", "mediaconnect.router_input_updated_at", "mediaconnect.router_input_transit_encryption", "mediaconnect.router_input_tier", "mediaconnect.router_input", "mediaconnect.router_input_name", "mediaconnect.router_input_maximum_routed_outputs", "mediaconnect.router_input_tags"],
    "GetRouterInputSourceMetadata": ["mediaconnect.router_input_source_metadata_name", "mediaconnect.source_metadata_details", "mediaconnect.source_metadata_messages", "mediaconnect.source_metadata_timestamp", "mediaconnect.router_input_source_metadata_arn", "mediaconnect.source_metadata_router_input_metadata"],
    "GetRouterInputThumbnail": ["mediaconnect.router_input_thumbnail_arn", "mediaconnect.thumbnail_timestamp", "mediaconnect.thumbnail_messages", "mediaconnect.router_input_thumbnail_name", "mediaconnect.thumbnail_thumbnail", "mediaconnect.thumbnail_timecode", "mediaconnect.thumbnail_details"],
    "GetRouterNetworkInterface": ["mediaconnect.router_network_interface_id", "mediaconnect.router_network_interface_region_name", "mediaconnect.router_network_interface_network_interface_type", "mediaconnect.router_network_interface_arn", "mediaconnect.router_network_interface_created_at", "mediaconnect.router_network_interface_tags", "mediaconnect.router_network_interface_configuration", "mediaconnect.router_network_interface_state", "mediaconnect.router_network_interface_updated_at", "mediaconnect.router_network_interface_associated_output_count", "mediaconnect.router_network_interface", "mediaconnect.router_network_interface_name", "mediaconnect.router_network_interface_associated_input_count"],
    "GetRouterOutput": ["mediaconnect.router_output_availability_zone", "mediaconnect.router_output", "mediaconnect.router_output_stream_details", "mediaconnect.router_output_state", "mediaconnect.router_output_maintenance_configuration", "mediaconnect.router_output_routing_scope", "mediaconnect.router_output_maintenance_schedule_type", "mediaconnect.router_output_tier", "mediaconnect.router_output_updated_at", "mediaconnect.router_output_id", "mediaconnect.router_output_configuration", "mediaconnect.router_output_tags", "mediaconnect.router_output_region_name", "mediaconnect.output_arn", "mediaconnect.router_output_routed_state", "mediaconnect.router_output_maintenance_schedule", "mediaconnect.router_output_routed_input_arn", "mediaconnect.router_output_ip_address", "mediaconnect.router_output_maximum_bitrate", "mediaconnect.router_output_messages", "mediaconnect.output_name", "mediaconnect.router_output_output_type", "mediaconnect.router_output_maintenance_type", "mediaconnect.router_output_created_at"],
    "GrantFlowEntitlements": ["mediaconnect.entitlement_description", "mediaconnect.entitlements", "mediaconnect.entitlement_encryption", "mediaconnect.entitlement_subscribers", "mediaconnect.entitlement_data_transfer_subscriber_fee_percent", "mediaconnect.entitlement_arn", "mediaconnect.entitlement_status", "mediaconnect.flow_arn", "mediaconnect.entitlement_name"],
    "ListTagsForGlobalResource": ["mediaconnect.tags"],
    "ListTagsForResource": ["mediaconnect.tags"],
    "PurchaseOffering": ["mediaconnect.reservation_start", "mediaconnect.reservation_price_per_unit", "mediaconnect.reservation_arn", "mediaconnect.reservation_state", "mediaconnect.reservation_price_units", "mediaconnect.reservation_currency_code", "mediaconnect.reservation_resource_specification", "mediaconnect.reservation", "mediaconnect.reservation_duration_units", "mediaconnect.reservation_duration", "mediaconnect.offering_arn", "mediaconnect.reservation_end", "mediaconnect.reservation_offering_description", "mediaconnect.reservation_name"],
    "RemoveBridgeOutput": ["mediaconnect.output_name", "mediaconnect.bridge_arn"],
    "RemoveBridgeSource": ["mediaconnect.bridge_arn", "mediaconnect.source_name"],
    "RemoveFlowMediaStream": ["mediaconnect.media_stream_name", "mediaconnect.flow_arn"],
    "RemoveFlowOutput": ["mediaconnect.output_arn", "mediaconnect.flow_arn"],
    "RemoveFlowSource": ["mediaconnect.source_arn", "mediaconnect.flow_arn"],
    "RemoveFlowVpcInterface": ["mediaconnect.vpc_interface_name", "mediaconnect.flow_arn", "mediaconnect.non_deleted_network_interface_ids"],
    "RestartRouterInput": ["mediaconnect.router_input_arn", "mediaconnect.state", "mediaconnect.router_input_name"],
    "RestartRouterOutput": ["mediaconnect.output_name", "mediaconnect.output_arn", "mediaconnect.state"],
    "RevokeFlowEntitlement": ["mediaconnect.entitlement_arn", "mediaconnect.flow_arn"],
    "StartFlow": ["mediaconnect.flow_status", "mediaconnect.flow_arn"],
    "StartRouterInput": ["mediaconnect.maintenance_schedule_window", "mediaconnect.router_input_name", "mediaconnect.maintenance_schedule_type", "mediaconnect.router_input_arn", "mediaconnect.maintenance_schedule", "mediaconnect.state"],
    "StartRouterOutput": ["mediaconnect.output_name", "mediaconnect.maintenance_schedule_window", "mediaconnect.output_arn", "mediaconnect.maintenance_schedule_type", "mediaconnect.maintenance_schedule", "mediaconnect.state"],
    "StopFlow": ["mediaconnect.flow_status", "mediaconnect.flow_arn"],
    "StopRouterInput": ["mediaconnect.router_input_arn", "mediaconnect.state", "mediaconnect.router_input_name"],
    "StopRouterOutput": ["mediaconnect.output_name", "mediaconnect.output_arn", "mediaconnect.state"],
    "TagGlobalResource": [],
    "TagResource": [],
    "TakeRouterInput": ["mediaconnect.output_name", "mediaconnect.output_arn", "mediaconnect.router_input_name", "mediaconnect.router_input_arn", "mediaconnect.routed_state"],
    "UntagGlobalResource": [],
    "UntagResource": [],
    "UpdateBridge": ["mediaconnect.bridge_egress_gateway_bridge", "mediaconnect.bridge_name", "mediaconnect.bridge_sources", "mediaconnect.bridge", "mediaconnect.bridge_source_failover_config", "mediaconnect.bridge_messages", "mediaconnect.bridge_outputs", "mediaconnect.bridge_ingress_gateway_bridge", "mediaconnect.placement_arn", "mediaconnect.bridge_arn", "mediaconnect.bridge_state"],
    "UpdateBridgeOutput": ["mediaconnect.output_network_output", "mediaconnect.output_flow_output", "mediaconnect.bridge_arn", "mediaconnect.output"],
    "UpdateBridgeSource": ["mediaconnect.source", "mediaconnect.source_network_source", "mediaconnect.bridge_arn", "mediaconnect.source_flow_source"],
    "UpdateBridgeState": ["mediaconnect.desired_state", "mediaconnect.bridge_arn"],
    "UpdateFlow": ["mediaconnect.flow", "mediaconnect.flow_status", "mediaconnect.flow_name", "mediaconnect.flow_source_failover_config", "mediaconnect.flow_vpc_interfaces", "mediaconnect.flow_source_monitoring_config", "mediaconnect.flow_arn", "mediaconnect.flow_sources", "mediaconnect.flow_entitlements", "mediaconnect.flow_media_streams", "mediaconnect.flow_egress_ip", "mediaconnect.flow_size", "mediaconnect.flow_availability_zone", "mediaconnect.flow_description", "mediaconnect.flow_outputs", "mediaconnect.flow_maintenance", "mediaconnect.flow_ndi_config", "mediaconnect.flow_source"],
    "UpdateFlowEntitlement": ["mediaconnect.entitlement_description", "mediaconnect.entitlement_encryption", "mediaconnect.entitlement_subscribers", "mediaconnect.entitlement_data_transfer_subscriber_fee_percent", "mediaconnect.entitlement_arn", "mediaconnect.entitlement_status", "mediaconnect.flow_arn", "mediaconnect.entitlement", "mediaconnect.entitlement_name"],
    "UpdateFlowMediaStream": ["mediaconnect.media_stream_name", "mediaconnect.media_stream_video_format", "mediaconnect.media_stream_description", "mediaconnect.flow_arn", "mediaconnect.media_stream_attributes", "mediaconnect.media_stream_fmt", "mediaconnect.media_stream_id", "mediaconnect.media_stream_type", "mediaconnect.media_stream_clock_rate", "mediaconnect.media_stream"],
    "UpdateFlowOutput": ["mediaconnect.flow_arn", "mediaconnect.output_port", "mediaconnect.output_vpc_interface_attachment", "mediaconnect.output_encryption", "mediaconnect.router_input_arn", "mediaconnect.output_media_live_input_arn", "mediaconnect.bridge_arn", "mediaconnect.output_router_integration_state", "mediaconnect.output_bridge_ports", "mediaconnect.output_transport", "mediaconnect.output_destination", "mediaconnect.output_status", "mediaconnect.entitlement_arn", "mediaconnect.output_arn", "mediaconnect.output_data_transfer_subscriber_fee_percent", "mediaconnect.output_router_integration_transit_encryption", "mediaconnect.output", "mediaconnect.output_name", "mediaconnect.output_peer_ip_address", "mediaconnect.output_media_stream_output_configurations", "mediaconnect.output_listener_address", "mediaconnect.output_description"],
    "UpdateFlowSource": ["mediaconnect.source", "mediaconnect.source_sender_ip_address", "mediaconnect.source_media_stream_source_configurations", "mediaconnect.flow_arn", "mediaconnect.source_name", "mediaconnect.source_data_transfer_subscriber_fee_percent", "mediaconnect.source_router_integration_state", "mediaconnect.source_peer_ip_address", "mediaconnect.source_router_integration_transit_decryption", "mediaconnect.source_ingest_port", "mediaconnect.source_transport", "mediaconnect.source_description", "mediaconnect.source_sender_control_port", "mediaconnect.source_vpc_interface_name", "mediaconnect.source_whitelist_cidr", "mediaconnect.entitlement_arn", "mediaconnect.source_gateway_bridge_source", "mediaconnect.output_arn", "mediaconnect.source_arn", "mediaconnect.source_decryption", "mediaconnect.source_ingest_ip"],
    "UpdateGatewayInstance": ["mediaconnect.gateway_instance_arn", "mediaconnect.bridge_placement"],
    "UpdateRouterInput": ["mediaconnect.router_input_maintenance_configuration", "mediaconnect.router_input_maximum_bitrate", "mediaconnect.router_input_region_name", "mediaconnect.router_input_id", "mediaconnect.router_input_availability_zone", "mediaconnect.router_input_messages", "mediaconnect.router_input_arn", "mediaconnect.router_input_routing_scope", "mediaconnect.router_input_configuration", "mediaconnect.router_input_maintenance_type", "mediaconnect.router_input_ip_address", "mediaconnect.router_input_maintenance_schedule_type", "mediaconnect.router_input_created_at", "mediaconnect.router_input_routed_outputs", "mediaconnect.router_input_maintenance_schedule", "mediaconnect.router_input_input_type", "mediaconnect.router_input_state", "mediaconnect.router_input_stream_details", "mediaconnect.router_input_updated_at", "mediaconnect.router_input_transit_encryption", "mediaconnect.router_input_tier", "mediaconnect.router_input", "mediaconnect.router_input_name", "mediaconnect.router_input_maximum_routed_outputs", "mediaconnect.router_input_tags"],
    "UpdateRouterNetworkInterface": ["mediaconnect.router_network_interface_id", "mediaconnect.router_network_interface_region_name", "mediaconnect.router_network_interface_network_interface_type", "mediaconnect.router_network_interface_arn", "mediaconnect.router_network_interface_created_at", "mediaconnect.router_network_interface_tags", "mediaconnect.router_network_interface_configuration", "mediaconnect.router_network_interface_state", "mediaconnect.router_network_interface_updated_at", "mediaconnect.router_network_interface_associated_output_count", "mediaconnect.router_network_interface", "mediaconnect.router_network_interface_name", "mediaconnect.router_network_interface_associated_input_count"],
    "UpdateRouterOutput": ["mediaconnect.router_output_availability_zone", "mediaconnect.router_output", "mediaconnect.router_output_stream_details", "mediaconnect.router_output_state", "mediaconnect.router_output_maintenance_configuration", "mediaconnect.router_output_routing_scope", "mediaconnect.router_output_maintenance_schedule_type", "mediaconnect.router_output_tier", "mediaconnect.router_output_updated_at", "mediaconnect.router_output_id", "mediaconnect.router_output_configuration", "mediaconnect.router_output_tags", "mediaconnect.router_output_region_name", "mediaconnect.output_arn", "mediaconnect.router_output_routed_state", "mediaconnect.router_output_maintenance_schedule", "mediaconnect.router_output_routed_input_arn", "mediaconnect.router_output_ip_address", "mediaconnect.router_output_maximum_bitrate", "mediaconnect.router_output_messages", "mediaconnect.output_name", "mediaconnect.router_output_output_type", "mediaconnect.router_output_maintenance_type", "mediaconnect.router_output_created_at"]
  },
  "entity_producers": {
    "mediaconnect.bridges": ["ListBridges"],
    "mediaconnect.next_token": ["ListBridges", "ListGatewayInstances", "ListRouterOutputs", "ListGateways", "ListReservations", "ListRouterInputs", "ListRouterNetworkInterfaces", "ListFlows", "ListOfferings", "ListEntitlements"],
    "mediaconnect.bridge_arn": ["ListBridges", "UpdateBridgeOutput", "DescribeBridge", "RemoveBridgeOutput", "DeleteBridge", "AddFlowOutputs", "UpdateBridgeSource", "UpdateFlowOutput", "CreateBridge", "UpdateBridge", "AddBridgeSources", "AddBridgeOutputs", "RemoveBridgeSource", "UpdateBridgeState"],
    "mediaconnect.bridg_bridge_state": ["ListBridges"],
    "mediaconnect.bridg_bridge_type": ["ListBridges"],
    "mediaconnect.bridg_name": ["ListBridges"],
    "mediaconnect.placement_arn": ["ListBridges", "DescribeBridge", "CreateBridge", "UpdateBridge"],
    "mediaconnect.entitlements": ["GrantFlowEntitlements", "ListEntitlements"],
    "mediaconnect.entitlement_data_transfer_subscriber_fee_percent": ["GrantFlowEntitlements", "UpdateFlowEntitlement", "ListEntitlements"],
    "mediaconnect.entitlement_arn": ["UpdateFlowEntitlement", "AddFlowOutputs", "UpdateFlowOutput", "AddFlowSources", "GrantFlowEntitlements", "UpdateFlowSource", "ListEntitlements", "RevokeFlowEntitlement"],
    "mediaconnect.entitlement_name": ["GrantFlowEntitlements", "UpdateFlowEntitlement", "ListEntitlements"],
    "mediaconnect.flows": ["ListFlows"],
    "mediaconnect.flow_availability_zone": ["DescribeFlow", "ListFlows", "UpdateFlow", "CreateFlow"],
    "mediaconnect.flow_description": ["DescribeFlow", "ListFlows", "UpdateFlow", "CreateFlow"],
    "mediaconnect.flow_arn": ["UpdateFlowEntitlement", "AddFlowOutputs", "AddFlowSources", "GrantFlowEntitlements", "UpdateFlow", "UpdateFlowMediaStream", "RemoveFlowSource", "DescribeFlow", "DescribeFlowSourceMetadata", "RemoveFlowMediaStream", "DeleteFlow", "RemoveFlowOutput", "UpdateFlowSource", "StopFlow", "AddFlowMediaStreams", "RevokeFlowEntitlement", "CreateFlow", "DescribeFlowSourceThumbnail", "RemoveFlowVpcInterface", "StartFlow", "UpdateFlowOutput", "ListFlows", "AddFlowVpcInterfaces"],
    "mediaconnect.flow_name": ["DescribeFlow", "ListFlows", "UpdateFlow", "CreateFlow"],
    "mediaconnect.flow_source_type": ["ListFlows"],
    "mediaconnect.flow_status": ["DescribeFlow", "CreateFlow", "StartFlow", "StopFlow", "ListFlows", "UpdateFlow", "DeleteFlow"],
    "mediaconnect.flow_maintenance": ["DescribeFlow", "ListFlows", "UpdateFlow", "CreateFlow"],
    "mediaconnect.instances": ["ListGatewayInstances"],
    "mediaconnect.gateway_arn": ["ListGatewayInstances", "ListGateways", "DeleteGateway", "CreateGateway", "DescribeGateway", "DescribeGatewayInstance"],
    "mediaconnect.gateway_instance_arn": ["DescribeGatewayInstance", "ListGatewayInstances", "UpdateGatewayInstance", "DeregisterGatewayInstance"],
    "mediaconnect.instanc_instance_id": ["ListGatewayInstances"],
    "mediaconnect.instanc_instance_state": ["ListGatewayInstances"],
    "mediaconnect.gateways": ["ListGateways"],
    "mediaconnect.gateway_state": ["DescribeGateway", "ListGateways", "CreateGateway"],
    "mediaconnect.gateway_name": ["DescribeGateway", "ListGateways", "CreateGateway"],
    "mediaconnect.offerings": ["ListOfferings"],
    "mediaconnect.offering_currency_code": ["DescribeOffering", "ListOfferings"],
    "mediaconnect.offering_duration": ["DescribeOffering", "ListOfferings"],
    "mediaconnect.offering_duration_units": ["DescribeOffering", "ListOfferings"],
    "mediaconnect.offering_arn": ["ListReservations", "ListOfferings", "DescribeReservation", "PurchaseOffering", "DescribeOffering"],
    "mediaconnect.offering_description": ["DescribeOffering", "ListOfferings"],
    "mediaconnect.offering_price_per_unit": ["DescribeOffering", "ListOfferings"],
    "mediaconnect.offering_price_units": ["DescribeOffering", "ListOfferings"],
    "mediaconnect.offering_resource_specification": ["DescribeOffering", "ListOfferings"],
    "mediaconnect.reservations": ["ListReservations"],
    "mediaconnect.reservation_currency_code": ["ListReservations", "DescribeReservation", "PurchaseOffering"],
    "mediaconnect.reservation_duration": ["ListReservations", "DescribeReservation", "PurchaseOffering"],
    "mediaconnect.reservation_duration_units": ["ListReservations", "DescribeReservation", "PurchaseOffering"],
    "mediaconnect.reservation_end": ["ListReservations", "DescribeReservation", "PurchaseOffering"],
    "mediaconnect.reservation_offering_description": ["ListReservations", "DescribeReservation", "PurchaseOffering"],
    "mediaconnect.reservation_price_per_unit": ["ListReservations", "DescribeReservation", "PurchaseOffering"],
    "mediaconnect.reservation_price_units": ["ListReservations", "DescribeReservation", "PurchaseOffering"],
    "mediaconnect.reservation_arn": ["ListReservations", "DescribeReservation", "PurchaseOffering"],
    "mediaconnect.reservation_name": ["ListReservations", "DescribeReservation", "PurchaseOffering"],
    "mediaconnect.reservation_state": ["ListReservations", "DescribeReservation", "PurchaseOffering"],
    "mediaconnect.reservation_resource_specification": ["ListReservations", "DescribeReservation", "PurchaseOffering"],
    "mediaconnect.reservation_start": ["ListReservations", "DescribeReservation", "PurchaseOffering"],
    "mediaconnect.router_inputs": ["BatchGetRouterInput", "ListRouterInputs"],
    "mediaconnect.router_input_name": ["BatchGetRouterInput", "ListRouterInputs", "DeleteRouterInput", "GetRouterInput", "StartRouterInput", "RestartRouterInput", "UpdateRouterInput", "CreateRouterInput", "TakeRouterInput", "StopRouterInput"],
    "mediaconnect.router_input_arn": ["BatchGetRouterInput", "ListRouterInputs", "AddFlowOutputs", "UpdateFlowOutput", "DeleteRouterInput", "GetRouterInput", "StartRouterInput", "RestartRouterInput", "UpdateRouterInput", "CreateRouterInput", "TakeRouterInput", "StopRouterInput"],
    "mediaconnect.router_input_id": ["BatchGetRouterInput", "ListRouterInputs", "GetRouterInput", "UpdateRouterInput", "CreateRouterInput"],
    "mediaconnect.router_input_input_type": ["BatchGetRouterInput", "ListRouterInputs", "GetRouterInput", "UpdateRouterInput", "CreateRouterInput"],
    "mediaconnect.router_input_state": ["BatchGetRouterInput", "ListRouterInputs", "GetRouterInput", "UpdateRouterInput", "CreateRouterInput"],
    "mediaconnect.router_input_routed_outputs": ["BatchGetRouterInput", "ListRouterInputs", "GetRouterInput", "UpdateRouterInput", "CreateRouterInput"],
    "mediaconnect.router_input_region_name": ["BatchGetRouterInput", "ListRouterInputs", "GetRouterInput", "UpdateRouterInput", "CreateRouterInput"],
    "mediaconnect.router_input_availability_zone": ["BatchGetRouterInput", "ListRouterInputs", "GetRouterInput", "UpdateRouterInput", "CreateRouterInput"],
    "mediaconnect.router_input_maximum_bitrate": ["BatchGetRouterInput", "ListRouterInputs", "GetRouterInput", "UpdateRouterInput", "CreateRouterInput"],
    "mediaconnect.router_input_routing_scope": ["BatchGetRouterInput", "ListRouterInputs", "GetRouterInput", "UpdateRouterInput", "CreateRouterInput"],
    "mediaconnect.router_input_created_at": ["BatchGetRouterInput", "ListRouterInputs", "GetRouterInput", "UpdateRouterInput", "CreateRouterInput"],
    "mediaconnect.router_input_updated_at": ["BatchGetRouterInput", "ListRouterInputs", "GetRouterInput", "UpdateRouterInput", "CreateRouterInput"],
    "mediaconnect.router_input_message_count": ["ListRouterInputs"],
    "mediaconnect.router_input_network_interface_arn": ["ListRouterInputs"],
    "mediaconnect.router_input_maintenance_schedule_type": ["BatchGetRouterInput", "ListRouterInputs", "GetRouterInput", "UpdateRouterInput", "CreateRouterInput"],
    "mediaconnect.router_input_maintenance_schedule": ["BatchGetRouterInput", "ListRouterInputs", "GetRouterInput", "UpdateRouterInput", "CreateRouterInput"],
    "mediaconnect.router_network_interfaces": ["ListRouterNetworkInterfaces", "BatchGetRouterNetworkInterface"],
    "mediaconnect.router_network_interfac_name": ["ListRouterNetworkInterfaces", "BatchGetRouterNetworkInterface"],
    "mediaconnect.router_network_interfac_arn": ["ListRouterNetworkInterfaces", "BatchGetRouterNetworkInterface"],
    "mediaconnect.router_network_interfac_id": ["ListRouterNetworkInterfaces", "BatchGetRouterNetworkInterface"],
    "mediaconnect.router_network_interfac_network_interface_type": ["ListRouterNetworkInterfaces", "BatchGetRouterNetworkInterface"],
    "mediaconnect.router_network_interfac_associated_output_count": ["ListRouterNetworkInterfaces", "BatchGetRouterNetworkInterface"],
    "mediaconnect.router_network_interfac_associated_input_count": ["ListRouterNetworkInterfaces", "BatchGetRouterNetworkInterface"],
    "mediaconnect.router_network_interfac_state": ["ListRouterNetworkInterfaces", "BatchGetRouterNetworkInterface"],
    "mediaconnect.router_network_interfac_region_name": ["ListRouterNetworkInterfaces", "BatchGetRouterNetworkInterface"],
    "mediaconnect.router_network_interfac_created_at": ["ListRouterNetworkInterfaces", "BatchGetRouterNetworkInterface"],
    "mediaconnect.router_network_interfac_updated_at": ["ListRouterNetworkInterfaces", "BatchGetRouterNetworkInterface"],
    "mediaconnect.router_outputs": ["ListRouterOutputs", "BatchGetRouterOutput"],
    "mediaconnect.output_name": ["ListRouterOutputs", "StopRouterOutput", "RemoveBridgeOutput", "AddFlowOutputs", "UpdateFlowOutput", "RestartRouterOutput", "StartRouterOutput", "DeleteRouterOutput", "GetRouterOutput", "UpdateRouterOutput", "TakeRouterInput", "BatchGetRouterOutput", "CreateRouterOutput"],
    "mediaconnect.output_arn": ["ListRouterOutputs", "StopRouterOutput", "AddFlowOutputs", "UpdateFlowOutput", "RestartRouterOutput", "AddFlowSources", "StartRouterOutput", "DeleteRouterOutput", "GetRouterOutput", "UpdateFlowSource", "UpdateRouterOutput", "TakeRouterInput", "RemoveFlowOutput", "BatchGetRouterOutput", "CreateRouterOutput"],
    "mediaconnect.router_output_id": ["ListRouterOutputs", "BatchGetRouterOutput", "UpdateRouterOutput", "GetRouterOutput", "CreateRouterOutput"],
    "mediaconnect.router_output_output_type": ["ListRouterOutputs", "BatchGetRouterOutput", "UpdateRouterOutput", "GetRouterOutput", "CreateRouterOutput"],
    "mediaconnect.router_output_state": ["ListRouterOutputs", "BatchGetRouterOutput", "UpdateRouterOutput", "GetRouterOutput", "CreateRouterOutput"],
    "mediaconnect.router_output_routed_state": ["ListRouterOutputs", "BatchGetRouterOutput", "UpdateRouterOutput", "GetRouterOutput", "CreateRouterOutput"],
    "mediaconnect.router_output_region_name": ["ListRouterOutputs", "BatchGetRouterOutput", "UpdateRouterOutput", "GetRouterOutput", "CreateRouterOutput"],
    "mediaconnect.router_output_availability_zone": ["ListRouterOutputs", "BatchGetRouterOutput", "UpdateRouterOutput", "GetRouterOutput", "CreateRouterOutput"],
    "mediaconnect.router_output_maximum_bitrate": ["ListRouterOutputs", "BatchGetRouterOutput", "UpdateRouterOutput", "GetRouterOutput", "CreateRouterOutput"],
    "mediaconnect.router_output_routing_scope": ["ListRouterOutputs", "BatchGetRouterOutput", "UpdateRouterOutput", "GetRouterOutput", "CreateRouterOutput"],
    "mediaconnect.router_output_created_at": ["ListRouterOutputs", "BatchGetRouterOutput", "UpdateRouterOutput", "GetRouterOutput", "CreateRouterOutput"],
    "mediaconnect.router_output_updated_at": ["ListRouterOutputs", "BatchGetRouterOutput", "UpdateRouterOutput", "GetRouterOutput", "CreateRouterOutput"],
    "mediaconnect.router_output_message_count": ["ListRouterOutputs"],
    "mediaconnect.router_output_routed_input_arn": ["ListRouterOutputs", "BatchGetRouterOutput", "UpdateRouterOutput", "GetRouterOutput", "CreateRouterOutput"],
    "mediaconnect.router_output_network_interface_arn": ["ListRouterOutputs"],
    "mediaconnect.router_output_maintenance_schedule_type": ["ListRouterOutputs", "BatchGetRouterOutput", "UpdateRouterOutput", "GetRouterOutput", "CreateRouterOutput"],
    "mediaconnect.router_output_maintenance_schedule": ["ListRouterOutputs", "BatchGetRouterOutput", "UpdateRouterOutput", "GetRouterOutput", "CreateRouterOutput"],
    "mediaconnect.outputs": ["AddBridgeOutputs", "AddFlowOutputs"],
    "mediaconnect.output_flow_output": ["UpdateBridgeOutput", "AddBridgeOutputs"],
    "mediaconnect.output_network_output": ["UpdateBridgeOutput", "AddBridgeOutputs"],
    "mediaconnect.sources": ["AddBridgeSources", "AddFlowSources"],
    "mediaconnect.sourc_flow_source": ["AddBridgeSources"],
    "mediaconnect.sourc_network_source": ["AddBridgeSources"],
    "mediaconnect.media_streams": ["AddFlowMediaStreams"],
    "mediaconnect.media_stream_attributes": ["UpdateFlowMediaStream", "AddFlowMediaStreams"],
    "mediaconnect.media_stream_clock_rate": ["UpdateFlowMediaStream", "AddFlowMediaStreams"],
    "mediaconnect.media_stream_description": ["UpdateFlowMediaStream", "AddFlowMediaStreams"],
    "mediaconnect.media_stream_fmt": ["UpdateFlowMediaStream", "AddFlowMediaStreams"],
    "mediaconnect.media_stream_id": ["UpdateFlowMediaStream", "AddFlowMediaStreams"],
    "mediaconnect.media_stream_name": ["RemoveFlowMediaStream", "UpdateFlowMediaStream", "AddFlowMediaStreams"],
    "mediaconnect.media_stream_type": ["UpdateFlowMediaStream", "AddFlowMediaStreams"],
    "mediaconnect.media_stream_video_format": ["UpdateFlowMediaStream", "AddFlowMediaStreams"],
    "mediaconnect.output_data_transfer_subscriber_fee_percent": ["UpdateFlowOutput", "AddFlowOutputs"],
    "mediaconnect.output_description": ["UpdateFlowOutput", "AddFlowOutputs"],
    "mediaconnect.output_destination": ["UpdateFlowOutput", "AddFlowOutputs"],
    "mediaconnect.output_encryption": ["UpdateFlowOutput", "AddFlowOutputs"],
    "mediaconnect.output_listener_address": ["UpdateFlowOutput", "AddFlowOutputs"],
    "mediaconnect.output_media_live_input_arn": ["UpdateFlowOutput", "AddFlowOutputs"],
    "mediaconnect.output_media_stream_output_configurations": ["UpdateFlowOutput", "AddFlowOutputs"],
    "mediaconnect.output_port": ["UpdateFlowOutput", "AddFlowOutputs"],
    "mediaconnect.output_transport": ["UpdateFlowOutput", "AddFlowOutputs"],
    "mediaconnect.output_vpc_interface_attachment": ["UpdateFlowOutput", "AddFlowOutputs"],
    "mediaconnect.output_bridge_ports": ["UpdateFlowOutput", "AddFlowOutputs"],
    "mediaconnect.output_status": ["UpdateFlowOutput", "AddFlowOutputs"],
    "mediaconnect.output_peer_ip_address": ["UpdateFlowOutput", "AddFlowOutputs"],
    "mediaconnect.output_router_integration_state": ["UpdateFlowOutput", "AddFlowOutputs"],
    "mediaconnect.output_router_integration_transit_encryption": ["UpdateFlowOutput", "AddFlowOutputs"],
    "mediaconnect.sourc_data_transfer_subscriber_fee_percent": ["AddFlowSources"],
    "mediaconnect.sourc_decryption": ["AddFlowSources"],
    "mediaconnect.sourc_description": ["AddFlowSources"],
    "mediaconnect.sourc_ingest_ip": ["AddFlowSources"],
    "mediaconnect.sourc_ingest_port": ["AddFlowSources"],
    "mediaconnect.sourc_media_stream_source_configurations": ["AddFlowSources"],
    "mediaconnect.sourc_name": ["AddFlowSources"],
    "mediaconnect.sourc_sender_control_port": ["AddFlowSources"],
    "mediaconnect.sourc_sender_ip_address": ["AddFlowSources"],
    "mediaconnect.source_arn": ["UpdateFlowSource", "AddFlowSources", "RemoveFlowSource"],
    "mediaconnect.sourc_transport": ["AddFlowSources"],
    "mediaconnect.sourc_vpc_interface_name": ["AddFlowSources"],
    "mediaconnect.sourc_whitelist_cidr": ["AddFlowSources"],
    "mediaconnect.sourc_gateway_bridge_source": ["AddFlowSources"],
    "mediaconnect.sourc_peer_ip_address": ["AddFlowSources"],
    "mediaconnect.sourc_router_integration_state": ["AddFlowSources"],
    "mediaconnect.sourc_router_integration_transit_decryption": ["AddFlowSources"],
    "mediaconnect.vpc_interfaces": ["AddFlowVpcInterfaces"],
    "mediaconnect.vpc_interfac_name": ["AddFlowVpcInterfaces"],
    "mediaconnect.vpc_interfac_network_interface_ids": ["AddFlowVpcInterfaces"],
    "mediaconnect.vpc_interfac_network_interface_type": ["AddFlowVpcInterfaces"],
    "mediaconnect.vpc_interfac_role_arn": ["AddFlowVpcInterfaces"],
    "mediaconnect.vpc_interfac_security_group_ids": ["AddFlowVpcInterfaces"],
    "mediaconnect.vpc_interfac_subnet_id": ["AddFlowVpcInterfaces"],
    "mediaconnect.errors": ["BatchGetRouterInput", "BatchGetRouterNetworkInterface", "BatchGetRouterOutput"],
    "mediaconnect.router_input_configuration": ["CreateRouterInput", "BatchGetRouterInput", "GetRouterInput", "UpdateRouterInput"],
    "mediaconnect.router_input_maximum_routed_outputs": ["CreateRouterInput", "BatchGetRouterInput", "GetRouterInput", "UpdateRouterInput"],
    "mediaconnect.router_input_tier": ["CreateRouterInput", "BatchGetRouterInput", "GetRouterInput", "UpdateRouterInput"],
    "mediaconnect.router_input_messages": ["CreateRouterInput", "BatchGetRouterInput", "GetRouterInput", "UpdateRouterInput"],
    "mediaconnect.router_input_transit_encryption": ["CreateRouterInput", "BatchGetRouterInput", "GetRouterInput", "UpdateRouterInput"],
    "mediaconnect.router_input_tags": ["CreateRouterInput", "BatchGetRouterInput", "GetRouterInput", "UpdateRouterInput"],
    "mediaconnect.router_input_stream_details": ["CreateRouterInput", "BatchGetRouterInput", "GetRouterInput", "UpdateRouterInput"],
    "mediaconnect.router_input_ip_address": ["CreateRouterInput", "BatchGetRouterInput", "GetRouterInput", "UpdateRouterInput"],
    "mediaconnect.router_input_maintenance_type": ["CreateRouterInput", "BatchGetRouterInput", "GetRouterInput", "UpdateRouterInput"],
    "mediaconnect.router_input_maintenance_configuration": ["CreateRouterInput", "BatchGetRouterInput", "GetRouterInput", "UpdateRouterInput"],
    "mediaconnect.router_network_interfac_configuration": ["BatchGetRouterNetworkInterface"],
    "mediaconnect.router_network_interfac_tags": ["BatchGetRouterNetworkInterface"],
    "mediaconnect.router_output_configuration": ["UpdateRouterOutput", "GetRouterOutput", "BatchGetRouterOutput", "CreateRouterOutput"],
    "mediaconnect.router_output_tier": ["UpdateRouterOutput", "GetRouterOutput", "BatchGetRouterOutput", "CreateRouterOutput"],
    "mediaconnect.router_output_messages": ["UpdateRouterOutput", "GetRouterOutput", "BatchGetRouterOutput", "CreateRouterOutput"],
    "mediaconnect.router_output_tags": ["UpdateRouterOutput", "GetRouterOutput", "BatchGetRouterOutput", "CreateRouterOutput"],
    "mediaconnect.router_output_stream_details": ["UpdateRouterOutput", "GetRouterOutput", "BatchGetRouterOutput", "CreateRouterOutput"],
    "mediaconnect.router_output_ip_address": ["UpdateRouterOutput", "GetRouterOutput", "BatchGetRouterOutput", "CreateRouterOutput"],
    "mediaconnect.router_output_maintenance_type": ["UpdateRouterOutput", "GetRouterOutput", "BatchGetRouterOutput", "CreateRouterOutput"],
    "mediaconnect.router_output_maintenance_configuration": ["UpdateRouterOutput", "GetRouterOutput", "BatchGetRouterOutput", "CreateRouterOutput"],
    "mediaconnect.bridge": ["CreateBridge", "UpdateBridge", "DescribeBridge"],
    "mediaconnect.bridge_messages": ["CreateBridge", "UpdateBridge", "DescribeBridge"],
    "mediaconnect.bridge_state": ["CreateBridge", "UpdateBridge", "DescribeBridge"],
    "mediaconnect.bridge_egress_gateway_bridge": ["CreateBridge", "UpdateBridge", "DescribeBridge"],
    "mediaconnect.bridge_ingress_gateway_bridge": ["CreateBridge", "UpdateBridge", "DescribeBridge"],
    "mediaconnect.bridge_name": ["CreateBridge", "UpdateBridge", "DescribeBridge"],
    "mediaconnect.bridge_outputs": ["CreateBridge", "UpdateBridge", "DescribeBridge"],
    "mediaconnect.bridge_source_failover_config": ["CreateBridge", "UpdateBridge", "DescribeBridge"],
    "mediaconnect.bridge_sources": ["CreateBridge", "UpdateBridge", "DescribeBridge"],
    "mediaconnect.flow": ["DescribeFlow", "CreateFlow", "UpdateFlow"],
    "mediaconnect.flow_egress_ip": ["DescribeFlow", "CreateFlow", "UpdateFlow"],
    "mediaconnect.flow_entitlements": ["DescribeFlow", "CreateFlow", "UpdateFlow"],
    "mediaconnect.flow_media_streams": ["DescribeFlow", "CreateFlow", "UpdateFlow"],
    "mediaconnect.flow_outputs": ["DescribeFlow", "CreateFlow", "UpdateFlow"],
    "mediaconnect.flow_source": ["DescribeFlow", "CreateFlow", "UpdateFlow"],
    "mediaconnect.flow_source_failover_config": ["DescribeFlow", "CreateFlow", "UpdateFlow"],
    "mediaconnect.flow_sources": ["DescribeFlow", "CreateFlow", "UpdateFlow"],
    "mediaconnect.flow_vpc_interfaces": ["DescribeFlow", "CreateFlow", "UpdateFlow"],
    "mediaconnect.flow_source_monitoring_config": ["DescribeFlow", "CreateFlow", "UpdateFlow"],
    "mediaconnect.flow_size": ["DescribeFlow", "CreateFlow", "UpdateFlow"],
    "mediaconnect.flow_ndi_config": ["DescribeFlow", "CreateFlow", "UpdateFlow"],
    "mediaconnect.gateway": ["DescribeGateway", "CreateGateway"],
    "mediaconnect.gateway_egress_cidr_blocks": ["DescribeGateway", "CreateGateway"],
    "mediaconnect.gateway_messages": ["DescribeGateway", "CreateGateway"],
    "mediaconnect.gateway_networks": ["DescribeGateway", "CreateGateway"],
    "mediaconnect.router_input": ["CreateRouterInput", "UpdateRouterInput", "GetRouterInput"],
    "mediaconnect.router_network_interface": ["UpdateRouterNetworkInterface", "GetRouterNetworkInterface", "CreateRouterNetworkInterface"],
    "mediaconnect.router_network_interface_name": ["UpdateRouterNetworkInterface", "GetRouterNetworkInterface", "CreateRouterNetworkInterface", "DeleteRouterNetworkInterface"],
    "mediaconnect.router_network_interface_arn": ["UpdateRouterNetworkInterface", "GetRouterNetworkInterface", "CreateRouterNetworkInterface", "DeleteRouterNetworkInterface"],
    "mediaconnect.router_network_interface_id": ["UpdateRouterNetworkInterface", "GetRouterNetworkInterface", "CreateRouterNetworkInterface"],
    "mediaconnect.router_network_interface_state": ["UpdateRouterNetworkInterface", "GetRouterNetworkInterface", "CreateRouterNetworkInterface"],
    "mediaconnect.router_network_interface_network_interface_type": ["UpdateRouterNetworkInterface", "GetRouterNetworkInterface", "CreateRouterNetworkInterface"],
    "mediaconnect.router_network_interface_configuration": ["UpdateRouterNetworkInterface", "GetRouterNetworkInterface", "CreateRouterNetworkInterface"],
    "mediaconnect.router_network_interface_associated_output_count": ["UpdateRouterNetworkInterface", "GetRouterNetworkInterface", "CreateRouterNetworkInterface"],
    "mediaconnect.router_network_interface_associated_input_count": ["UpdateRouterNetworkInterface", "GetRouterNetworkInterface", "CreateRouterNetworkInterface"],
    "mediaconnect.router_network_interface_region_name": ["UpdateRouterNetworkInterface", "GetRouterNetworkInterface", "CreateRouterNetworkInterface"],
    "mediaconnect.router_network_interface_created_at": ["UpdateRouterNetworkInterface", "GetRouterNetworkInterface", "CreateRouterNetworkInterface"],
    "mediaconnect.router_network_interface_updated_at": ["UpdateRouterNetworkInterface", "GetRouterNetworkInterface", "CreateRouterNetworkInterface"],
    "mediaconnect.router_network_interface_tags": ["UpdateRouterNetworkInterface", "GetRouterNetworkInterface", "CreateRouterNetworkInterface"],
    "mediaconnect.router_output": ["UpdateRouterOutput", "GetRouterOutput", "CreateRouterOutput"],
    "mediaconnect.state": ["StopRouterOutput", "DeleteRouterNetworkInterface", "RestartRouterOutput", "DeleteRouterInput", "StartRouterOutput", "StartRouterInput", "RestartRouterInput", "DeleteRouterOutput", "StopRouterInput"],
    "mediaconnect.instance_state": ["DeregisterGatewayInstance"],
    "mediaconnect.messages": ["DescribeFlow", "DescribeFlowSourceMetadata"],
    "mediaconnect.timestamp": ["DescribeFlowSourceMetadata"],
    "mediaconnect.transport_media_info": ["DescribeFlowSourceMetadata"],
    "mediaconnect.messag_code": ["DescribeFlowSourceMetadata"],
    "mediaconnect.messag_message": ["DescribeFlowSourceMetadata"],
    "mediaconnect.messag_resource_name": ["DescribeFlowSourceMetadata"],
    "mediaconnect.thumbnail_details": ["GetRouterInputThumbnail", "DescribeFlowSourceThumbnail"],
    "mediaconnect.thumbnail_thumbnail": ["GetRouterInputThumbnail", "DescribeFlowSourceThumbnail"],
    "mediaconnect.thumbnail_messages": ["GetRouterInputThumbnail", "DescribeFlowSourceThumbnail"],
    "mediaconnect.thumbnail_timecode": ["GetRouterInputThumbnail", "DescribeFlowSourceThumbnail"],
    "mediaconnect.thumbnail_timestamp": ["GetRouterInputThumbnail", "DescribeFlowSourceThumbnail"],
    "mediaconnect.gateway_instance": ["DescribeGatewayInstance"],
    "mediaconnect.gateway_instance_bridge_placement": ["DescribeGatewayInstance"],
    "mediaconnect.gateway_instance_connection_status": ["DescribeGatewayInstance"],
    "mediaconnect.gateway_instance_instance_id": ["DescribeGatewayInstance"],
    "mediaconnect.gateway_instance_instance_messages": ["DescribeGatewayInstance"],
    "mediaconnect.gateway_instance_instance_state": ["DescribeGatewayInstance"],
    "mediaconnect.gateway_instance_running_bridge_count": ["DescribeGatewayInstance"],
    "mediaconnect.offering": ["DescribeOffering"],
    "mediaconnect.reservation": ["DescribeReservation", "PurchaseOffering"],
    "mediaconnect.router_input_source_metadata_arn": ["GetRouterInputSourceMetadata"],
    "mediaconnect.router_input_source_metadata_name": ["GetRouterInputSourceMetadata"],
    "mediaconnect.source_metadata_details": ["GetRouterInputSourceMetadata"],
    "mediaconnect.source_metadata_messages": ["GetRouterInputSourceMetadata"],
    "mediaconnect.source_metadata_timestamp": ["GetRouterInputSourceMetadata"],
    "mediaconnect.source_metadata_router_input_metadata": ["GetRouterInputSourceMetadata"],
    "mediaconnect.router_input_thumbnail_arn": ["GetRouterInputThumbnail"],
    "mediaconnect.router_input_thumbnail_name": ["GetRouterInputThumbnail"],
    "mediaconnect.entitlement_description": ["GrantFlowEntitlements", "UpdateFlowEntitlement"],
    "mediaconnect.entitlement_encryption": ["GrantFlowEntitlements", "UpdateFlowEntitlement"],
    "mediaconnect.entitlement_status": ["GrantFlowEntitlements", "UpdateFlowEntitlement"],
    "mediaconnect.entitlement_subscribers": ["GrantFlowEntitlements", "UpdateFlowEntitlement"],
    "mediaconnect.tags": ["ListTagsForGlobalResource", "ListTagsForResource"],
    "mediaconnect.source_name": ["RemoveBridgeSource", "UpdateFlowSource"],
    "mediaconnect.non_deleted_network_interface_ids": ["RemoveFlowVpcInterface"],
    "mediaconnect.vpc_interface_name": ["RemoveFlowVpcInterface"],
    "mediaconnect.maintenance_schedule_type": ["StartRouterInput", "StartRouterOutput"],
    "mediaconnect.maintenance_schedule": ["StartRouterInput", "StartRouterOutput"],
    "mediaconnect.maintenance_schedule_window": ["StartRouterInput", "StartRouterOutput"],
    "mediaconnect.routed_state": ["TakeRouterInput"],
    "mediaconnect.output": ["UpdateBridgeOutput", "UpdateFlowOutput"],
    "mediaconnect.source": ["UpdateBridgeSource", "UpdateFlowSource"],
    "mediaconnect.source_flow_source": ["UpdateBridgeSource"],
    "mediaconnect.source_network_source": ["UpdateBridgeSource"],
    "mediaconnect.desired_state": ["UpdateBridgeState"],
    "mediaconnect.entitlement": ["UpdateFlowEntitlement"],
    "mediaconnect.media_stream": ["UpdateFlowMediaStream"],
    "mediaconnect.source_data_transfer_subscriber_fee_percent": ["UpdateFlowSource"],
    "mediaconnect.source_decryption": ["UpdateFlowSource"],
    "mediaconnect.source_description": ["UpdateFlowSource"],
    "mediaconnect.source_ingest_ip": ["UpdateFlowSource"],
    "mediaconnect.source_ingest_port": ["UpdateFlowSource"],
    "mediaconnect.source_media_stream_source_configurations": ["UpdateFlowSource"],
    "mediaconnect.source_sender_control_port": ["UpdateFlowSource"],
    "mediaconnect.source_sender_ip_address": ["UpdateFlowSource"],
    "mediaconnect.source_transport": ["UpdateFlowSource"],
    "mediaconnect.source_vpc_interface_name": ["UpdateFlowSource"],
    "mediaconnect.source_whitelist_cidr": ["UpdateFlowSource"],
    "mediaconnect.source_gateway_bridge_source": ["UpdateFlowSource"],
    "mediaconnect.source_peer_ip_address": ["UpdateFlowSource"],
    "mediaconnect.source_router_integration_state": ["UpdateFlowSource"],
    "mediaconnect.source_router_integration_transit_decryption": ["UpdateFlowSource"],
    "mediaconnect.bridge_placement": ["UpdateGatewayInstance"]
  },
  "entity_consumers": {
    "mediaconnect.bridge_arn": ["UpdateBridgeOutput", "DescribeBridge", "RemoveBridgeOutput", "DeleteBridge", "UpdateBridgeSource", "UpdateBridge", "AddBridgeSources", "AddBridgeOutputs", "RemoveBridgeSource", "UpdateBridgeState"],
    "mediaconnect.outputs": ["AddBridgeOutputs", "AddFlowOutputs"],
    "mediaconnect.sources": ["CreateBridge", "AddBridgeSources", "AddFlowSources"],
    "mediaconnect.flow_arn": ["UpdateFlowEntitlement", "AddFlowOutputs", "AddFlowSources", "GrantFlowEntitlements", "UpdateFlow", "UpdateFlowMediaStream", "RemoveFlowSource", "DescribeFlow", "DescribeFlowSourceMetadata", "RemoveFlowMediaStream", "DeleteFlow", "RemoveFlowOutput", "UpdateFlowSource", "StopFlow", "AddFlowMediaStreams", "RevokeFlowEntitlement", "DescribeFlowSourceThumbnail", "RemoveFlowVpcInterface", "StartFlow", "UpdateFlowOutput", "AddFlowVpcInterfaces"],
    "mediaconnect.media_streams": ["AddFlowMediaStreams"],
    "mediaconnect.vpc_interfaces": ["AddFlowVpcInterfaces"],
    "mediaconnect.arns": ["BatchGetRouterInput", "BatchGetRouterNetworkInterface", "BatchGetRouterOutput"],
    "mediaconnect.bridge_name": ["CreateBridge"],
    "mediaconnect.placement_arn": ["CreateBridge"],
    "mediaconnect.flow_name": ["CreateFlow"],
    "mediaconnect.egress_cidr_blocks": ["CreateGateway"],
    "mediaconnect.gateway_name": ["CreateGateway"],
    "mediaconnect.networks": ["CreateGateway"],
    "mediaconnect.router_input_name": ["CreateRouterInput"],
    "mediaconnect.configuration": ["CreateRouterInput", "CreateRouterNetworkInterface", "CreateRouterOutput"],
    "mediaconnect.maximum_bitrate": ["CreateRouterInput", "CreateRouterOutput"],
    "mediaconnect.routing_scope": ["CreateRouterInput", "CreateRouterOutput"],
    "mediaconnect.tier": ["CreateRouterInput", "CreateRouterOutput"],
    "mediaconnect.router_network_interface_name": ["CreateRouterNetworkInterface"],
    "mediaconnect.output_name": ["UpdateBridgeOutput", "RemoveBridgeOutput", "CreateRouterOutput"],
    "mediaconnect.gateway_arn": ["DescribeGateway", "DeleteGateway"],
    "mediaconnect.router_input_arn": ["DeleteRouterInput", "GetRouterInput", "RestartRouterInput", "UpdateRouterInput", "StopRouterInput"],
    "mediaconnect.router_network_interface_arn": ["UpdateRouterNetworkInterface", "GetRouterNetworkInterface", "DeleteRouterNetworkInterface"],
    "mediaconnect.output_arn": ["StopRouterOutput", "UpdateFlowOutput", "RestartRouterOutput", "DeleteRouterOutput", "UpdateRouterOutput", "RemoveFlowOutput", "GetRouterOutput"],
    "mediaconnect.gatewayinstance_arn": ["DescribeGatewayInstance", "UpdateGatewayInstance", "DeregisterGatewayInstance"],
    "mediaconnect.offering_arn": ["DescribeOffering", "PurchaseOffering"],
    "mediaconnect.reservation_arn": ["DescribeReservation"],
    "mediaconnect.source_metadata_detail_arn": ["GetRouterInputSourceMetadata"],
    "mediaconnect.thumbnail_detail_arn": ["GetRouterInputThumbnail"],
    "mediaconnect.entitlements": ["GrantFlowEntitlements"],
    "mediaconnect.resource_arn": ["UntagResource", "UntagGlobalResource", "ListTagsForGlobalResource", "ListTagsForResource", "TagGlobalResource", "TagResource"],
    "mediaconnect.reservation_name": ["PurchaseOffering"],
    "mediaconnect.start": ["PurchaseOffering"],
    "mediaconnect.source_name": ["RemoveBridgeSource", "UpdateBridgeSource"],
    "mediaconnect.mediastream_name": ["RemoveFlowMediaStream", "UpdateFlowMediaStream"],
    "mediaconnect.source_arn": ["UpdateFlowSource", "RemoveFlowSource"],
    "mediaconnect.vpcinterface_name": ["RemoveFlowVpcInterface"],
    "mediaconnect.entitlement_arn": ["UpdateFlowEntitlement", "RevokeFlowEntitlement"],
    "mediaconnect.maintenance_schedule_arn": ["StartRouterInput", "StartRouterOutput"],
    "mediaconnect.tags": ["TagGlobalResource", "TagResource"],
    "mediaconnect.routeroutput_arn": ["TakeRouterInput"],
    "mediaconnect.tag_keys": ["UntagResource", "UntagGlobalResource"],
    "mediaconnect.desired_state": ["UpdateBridgeState"]
  },
  "external_entities": ["mediaconnect.arns", "mediaconnect.configuration", "mediaconnect.egress_cidr_blocks", "mediaconnect.gatewayinstance_arn", "mediaconnect.maintenance_schedule_arn", "mediaconnect.maximum_bitrate", "mediaconnect.mediastream_name", "mediaconnect.networks", "mediaconnect.resource_arn", "mediaconnect.routeroutput_arn", "mediaconnect.routing_scope", "mediaconnect.source_metadata_detail_arn", "mediaconnect.start", "mediaconnect.tag_keys", "mediaconnect.thumbnail_detail_arn", "mediaconnect.tier", "mediaconnect.vpcinterface_name"]
}