{
  "service": "mediaconnect",
  "seed_from_list": [
    "Arn",
    "AssociatedInputCount",
    "AssociatedOutputCount",
    "AvailabilityZone",
    "BridgeArn",
    "BridgeState",
    "BridgeType",
    "CreatedAt",
    "CurrencyCode",
    "DataTransferSubscriberFeePercent",
    "Description",
    "Duration",
    "DurationUnits",
    "End",
    "EntitlementArn",
    "EntitlementName",
    "FlowArn",
    "GatewayArn",
    "GatewayInstanceArn",
    "GatewayState",
    "Id",
    "InputType",
    "InstanceId",
    "InstanceState",
    "Maintenance",
    "MaintenanceSchedule",
    "MaintenanceScheduleType",
    "MaximumBitrate",
    "MessageCount",
    "Name",
    "NetworkInterfaceArn",
    "NetworkInterfaceType",
    "OfferingArn",
    "OfferingDescription",
    "OutputType",
    "PlacementArn",
    "PricePerUnit",
    "PriceUnits",
    "RegionName",
    "ReservationArn",
    "ReservationName",
    "ReservationState",
    "ResourceSpecification",
    "RoutedInputArn",
    "RoutedOutputs",
    "RoutedState",
    "RoutingScope",
    "SourceType",
    "Start",
    "State",
    "Status",
    "UpdatedAt"
  ],
  "enriched_from_get_describe": [
    "Arn",
    "AssociatedInputCount",
    "AssociatedOutputCount",
    "AvailabilityZone",
    "Bridge",
    "BridgeArn",
    "BridgeMessages",
    "BridgePlacement",
    "BridgeState",
    "Code",
    "Configuration",
    "ConnectionStatus",
    "CreatedAt",
    "CurrencyCode",
    "Description",
    "Duration",
    "DurationUnits",
    "EgressCidrBlocks",
    "EgressGatewayBridge",
    "EgressIp",
    "End",
    "Entitlements",
    "Flow",
    "FlowArn",
    "FlowSize",
    "Gateway",
    "GatewayArn",
    "GatewayInstance",
    "GatewayInstanceArn",
    "GatewayMessages",
    "GatewayState",
    "Id",
    "IngressGatewayBridge",
    "InputType",
    "InstanceId",
    "InstanceMessages",
    "InstanceState",
    "IpAddress",
    "Maintenance",
    "MaintenanceConfiguration",
    "MaintenanceSchedule",
    "MaintenanceScheduleType",
    "MaintenanceType",
    "MaximumBitrate",
    "MaximumRoutedOutputs",
    "MediaStreams",
    "Message",
    "Messages",
    "Name",
    "NdiConfig",
    "NetworkInterfaceType",
    "Networks",
    "Offering",
    "OfferingArn",
    "OfferingDescription",
    "OutputType",
    "Outputs",
    "PlacementArn",
    "PricePerUnit",
    "PriceUnits",
    "RegionName",
    "Reservation",
    "ReservationArn",
    "ReservationName",
    "ReservationState",
    "ResourceName",
    "ResourceSpecification",
    "RoutedInputArn",
    "RoutedOutputs",
    "RoutedState",
    "RouterInput",
    "RouterInputMetadata",
    "RouterNetworkInterface",
    "RouterOutput",
    "RoutingScope",
    "RunningBridgeCount",
    "Source",
    "SourceFailoverConfig",
    "SourceMetadataDetails",
    "SourceMetadataMessages",
    "SourceMonitoringConfig",
    "Sources",
    "Start",
    "State",
    "Status",
    "StreamDetails",
    "Tags",
    "Thumbnail",
    "ThumbnailDetails",
    "ThumbnailMessages",
    "Tier",
    "Timecode",
    "Timestamp",
    "TransitEncryption",
    "TransportMediaInfo",
    "UpdatedAt",
    "VpcInterfaces"
  ],
  "final_union": [
    "Arn",
    "AssociatedInputCount",
    "AssociatedOutputCount",
    "AvailabilityZone",
    "Bridge",
    "BridgeArn",
    "BridgeMessages",
    "BridgePlacement",
    "BridgeState",
    "BridgeType",
    "Code",
    "Configuration",
    "ConnectionStatus",
    "CreatedAt",
    "CurrencyCode",
    "DataTransferSubscriberFeePercent",
    "Description",
    "Duration",
    "DurationUnits",
    "EgressCidrBlocks",
    "EgressGatewayBridge",
    "EgressIp",
    "End",
    "EntitlementArn",
    "EntitlementName",
    "Entitlements",
    "Flow",
    "FlowArn",
    "FlowSize",
    "Gateway",
    "GatewayArn",
    "GatewayInstance",
    "GatewayInstanceArn",
    "GatewayMessages",
    "GatewayState",
    "Id",
    "IngressGatewayBridge",
    "InputType",
    "InstanceId",
    "InstanceMessages",
    "InstanceState",
    "IpAddress",
    "Maintenance",
    "MaintenanceConfiguration",
    "MaintenanceSchedule",
    "MaintenanceScheduleType",
    "MaintenanceType",
    "MaximumBitrate",
    "MaximumRoutedOutputs",
    "MediaStreams",
    "Message",
    "MessageCount",
    "Messages",
    "Name",
    "NdiConfig",
    "NetworkInterfaceArn",
    "NetworkInterfaceType",
    "Networks",
    "Offering",
    "OfferingArn",
    "OfferingDescription",
    "OutputType",
    "Outputs",
    "PlacementArn",
    "PricePerUnit",
    "PriceUnits",
    "RegionName",
    "Reservation",
    "ReservationArn",
    "ReservationName",
    "ReservationState",
    "ResourceName",
    "ResourceSpecification",
    "RoutedInputArn",
    "RoutedOutputs",
    "RoutedState",
    "RouterInput",
    "RouterInputMetadata",
    "RouterNetworkInterface",
    "RouterOutput",
    "RoutingScope",
    "RunningBridgeCount",
    "Source",
    "SourceFailoverConfig",
    "SourceMetadataDetails",
    "SourceMetadataMessages",
    "SourceMonitoringConfig",
    "SourceType",
    "Sources",
    "Start",
    "State",
    "Status",
    "StreamDetails",
    "Tags",
    "Thumbnail",
    "ThumbnailDetails",
    "ThumbnailMessages",
    "Tier",
    "Timecode",
    "Timestamp",
    "TransitEncryption",
    "TransportMediaInfo",
    "UpdatedAt",
    "VpcInterfaces"
  ],
  "source": {
    "operation_registry": "services/mediaconnect/operation_registry.json",
    "read_ops_rule": "operation name startswith List/Get/Describe/Search/Lookup",
    "excluded_keys": [
      "nextToken",
      "maxResults"
    ]
  }
}