{
  "service": "mediaconnect",
  "issues": {
    "generic_entities": {},
    "ambiguous_tokens": {
      "name": [
        {
          "mapping": "ListBridges.Bridges[].Name -> mediaconnect.bridg_name",
          "evidence": "ListBridges.Bridges[].Name",
          "entity": "mediaconnect.bridg_name"
        },
        {
          "mapping": "ListFlows.Flows[].Name -> mediaconnect.flow_name",
          "evidence": "ListFlows.Flows[].Name",
          "entity": "mediaconnect.flow_name"
        },
        {
          "mapping": "ListGateways.Gateways[].Name -> mediaconnect.gateway_name",
          "evidence": "ListGateways.Gateways[].Name",
          "entity": "mediaconnect.gateway_name"
        },
        {
          "mapping": "ListRouterInputs.RouterInputs[].Name -> mediaconnect.router_input_name",
          "evidence": "ListRouterInputs.RouterInputs[].Name",
          "entity": "mediaconnect.router_input_name"
        },
        {
          "mapping": "ListRouterNetworkInterfaces.RouterNetworkInterfaces[].Name -> mediaconnect.router_network_interfac_name",
          "evidence": "ListRouterNetworkInterfaces.RouterNetworkInterfaces[].Name",
          "entity": "mediaconnect.router_network_interfac_name"
        },
        {
          "mapping": "ListRouterOutputs.RouterOutputs[].Name -> mediaconnect.output_name",
          "evidence": "ListRouterOutputs.RouterOutputs[].Name",
          "entity": "mediaconnect.output_name"
        },
        {
          "mapping": "AddFlowOutputs.Outputs.Name -> mediaconnect.output_name",
          "evidence": "AddFlowOutputs.Outputs.Name",
          "entity": "mediaconnect.output_name"
        },
        {
          "mapping": "AddFlowSources.Sources.Name -> mediaconnect.sourc_name",
          "evidence": "AddFlowSources.Sources.Name",
          "entity": "mediaconnect.sourc_name"
        },
        {
          "mapping": "AddFlowVpcInterfaces.VpcInterfaces.Name -> mediaconnect.vpc_interfac_name",
          "evidence": "AddFlowVpcInterfaces.VpcInterfaces.Name",
          "entity": "mediaconnect.vpc_interfac_name"
        },
        {
          "mapping": "BatchGetRouterInput.RouterInputs.Name -> mediaconnect.router_input_name",
          "evidence": "BatchGetRouterInput.RouterInputs.Name",
          "entity": "mediaconnect.router_input_name"
        },
        {
          "mapping": "BatchGetRouterNetworkInterface.RouterNetworkInterfaces.Name -> mediaconnect.router_network_interfac_name",
          "evidence": "BatchGetRouterNetworkInterface.RouterNetworkInterfaces.Name",
          "entity": "mediaconnect.router_network_interfac_name"
        },
        {
          "mapping": "BatchGetRouterOutput.RouterOutputs.Name -> mediaconnect.output_name",
          "evidence": "BatchGetRouterOutput.RouterOutputs.Name",
          "entity": "mediaconnect.output_name"
        },
        {
          "mapping": "CreateBridge.Name -> mediaconnect.bridge_name",
          "evidence": "CreateBridge.Name",
          "entity": "mediaconnect.bridge_name"
        },
        {
          "mapping": "CreateBridge.Bridge.Name -> mediaconnect.bridge_name",
          "evidence": "CreateBridge.Bridge.Name",
          "entity": "mediaconnect.bridge_name"
        },
        {
          "mapping": "CreateFlow.Name -> mediaconnect.flow_name",
          "evidence": "CreateFlow.Name",
          "entity": "mediaconnect.flow_name"
        },
        {
          "mapping": "CreateFlow.Flow.Name -> mediaconnect.flow_name",
          "evidence": "CreateFlow.Flow.Name",
          "entity": "mediaconnect.flow_name"
        },
        {
          "mapping": "CreateGateway.Name -> mediaconnect.gateway_name",
          "evidence": "CreateGateway.Name",
          "entity": "mediaconnect.gateway_name"
        },
        {
          "mapping": "CreateGateway.Gateway.Name -> mediaconnect.gateway_name",
          "evidence": "CreateGateway.Gateway.Name",
          "entity": "mediaconnect.gateway_name"
        },
        {
          "mapping": "CreateRouterInput.Name -> mediaconnect.router_input_name",
          "evidence": "CreateRouterInput.Name",
          "entity": "mediaconnect.router_input_name"
        },
        {
          "mapping": "CreateRouterInput.RouterInput.Name -> mediaconnect.router_input_name",
          "evidence": "CreateRouterInput.RouterInput.Name",
          "entity": "mediaconnect.router_input_name"
        }
      ],
      "arn": [
        {
          "mapping": "ListRouterInputs.RouterInputs[].Arn -> mediaconnect.router_input_arn",
          "evidence": "ListRouterInputs.RouterInputs[].Arn",
          "entity": "mediaconnect.router_input_arn"
        },
        {
          "mapping": "ListRouterNetworkInterfaces.RouterNetworkInterfaces[].Arn -> mediaconnect.router_network_interfac_arn",
          "evidence": "ListRouterNetworkInterfaces.RouterNetworkInterfaces[].Arn",
          "entity": "mediaconnect.router_network_interfac_arn"
        },
        {
          "mapping": "ListRouterOutputs.RouterOutputs[].Arn -> mediaconnect.output_arn",
          "evidence": "ListRouterOutputs.RouterOutputs[].Arn",
          "entity": "mediaconnect.output_arn"
        },
        {
          "mapping": "BatchGetRouterInput.RouterInputs.Arn -> mediaconnect.router_input_arn",
          "evidence": "BatchGetRouterInput.RouterInputs.Arn",
          "entity": "mediaconnect.router_input_arn"
        },
        {
          "mapping": "BatchGetRouterNetworkInterface.RouterNetworkInterfaces.Arn -> mediaconnect.router_network_interfac_arn",
          "evidence": "BatchGetRouterNetworkInterface.RouterNetworkInterfaces.Arn",
          "entity": "mediaconnect.router_network_interfac_arn"
        },
        {
          "mapping": "BatchGetRouterOutput.RouterOutputs.Arn -> mediaconnect.output_arn",
          "evidence": "BatchGetRouterOutput.RouterOutputs.Arn",
          "entity": "mediaconnect.output_arn"
        },
        {
          "mapping": "CreateRouterInput.RouterInput.Arn -> mediaconnect.router_input_arn",
          "evidence": "CreateRouterInput.RouterInput.Arn",
          "entity": "mediaconnect.router_input_arn"
        },
        {
          "mapping": "CreateRouterNetworkInterface.RouterNetworkInterface.Arn -> mediaconnect.router_network_interface_arn",
          "evidence": "CreateRouterNetworkInterface.RouterNetworkInterface.Arn",
          "entity": "mediaconnect.router_network_interface_arn"
        },
        {
          "mapping": "CreateRouterOutput.RouterOutput.Arn -> mediaconnect.output_arn",
          "evidence": "CreateRouterOutput.RouterOutput.Arn",
          "entity": "mediaconnect.output_arn"
        },
        {
          "mapping": "DeleteRouterInput.Arn -> mediaconnect.router_input_arn",
          "evidence": "DeleteRouterInput.Arn",
          "entity": "mediaconnect.router_input_arn"
        },
        {
          "mapping": "DeleteRouterInput.Arn -> mediaconnect.router_input_arn",
          "evidence": "DeleteRouterInput.Arn",
          "entity": "mediaconnect.router_input_arn"
        },
        {
          "mapping": "DeleteRouterNetworkInterface.Arn -> mediaconnect.router_network_interface_arn",
          "evidence": "DeleteRouterNetworkInterface.Arn",
          "entity": "mediaconnect.router_network_interface_arn"
        },
        {
          "mapping": "DeleteRouterNetworkInterface.Arn -> mediaconnect.router_network_interface_arn",
          "evidence": "DeleteRouterNetworkInterface.Arn",
          "entity": "mediaconnect.router_network_interface_arn"
        },
        {
          "mapping": "DeleteRouterOutput.Arn -> mediaconnect.output_arn",
          "evidence": "DeleteRouterOutput.Arn",
          "entity": "mediaconnect.output_arn"
        },
        {
          "mapping": "DeleteRouterOutput.Arn -> mediaconnect.output_arn",
          "evidence": "DeleteRouterOutput.Arn",
          "entity": "mediaconnect.output_arn"
        },
        {
          "mapping": "GetRouterInput.Arn -> mediaconnect.router_input_arn",
          "evidence": "GetRouterInput.Arn",
          "entity": "mediaconnect.router_input_arn"
        },
        {
          "mapping": "GetRouterInput.RouterInput.Arn -> mediaconnect.router_input_arn",
          "evidence": "GetRouterInput.RouterInput.Arn",
          "entity": "mediaconnect.router_input_arn"
        },
        {
          "mapping": "GetRouterInputSourceMetadata.Arn -> mediaconnect.source_metadata_detail_arn",
          "evidence": "GetRouterInputSourceMetadata.Arn",
          "entity": "mediaconnect.source_metadata_detail_arn"
        },
        {
          "mapping": "GetRouterInputSourceMetadata.Arn -> mediaconnect.router_input_source_metadata_arn",
          "evidence": "GetRouterInputSourceMetadata.Arn",
          "entity": "mediaconnect.router_input_source_metadata_arn"
        },
        {
          "mapping": "GetRouterInputThumbnail.Arn -> mediaconnect.thumbnail_detail_arn",
          "evidence": "GetRouterInputThumbnail.Arn",
          "entity": "mediaconnect.thumbnail_detail_arn"
        }
      ],
      "id": [
        {
          "mapping": "ListRouterInputs.RouterInputs[].Id -> mediaconnect.router_input_id",
          "evidence": "ListRouterInputs.RouterInputs[].Id",
          "entity": "mediaconnect.router_input_id"
        },
        {
          "mapping": "ListRouterNetworkInterfaces.RouterNetworkInterfaces[].Id -> mediaconnect.router_network_interfac_id",
          "evidence": "ListRouterNetworkInterfaces.RouterNetworkInterfaces[].Id",
          "entity": "mediaconnect.router_network_interfac_id"
        },
        {
          "mapping": "ListRouterOutputs.RouterOutputs[].Id -> mediaconnect.router_output_id",
          "evidence": "ListRouterOutputs.RouterOutputs[].Id",
          "entity": "mediaconnect.router_output_id"
        },
        {
          "mapping": "BatchGetRouterInput.RouterInputs.Id -> mediaconnect.router_input_id",
          "evidence": "BatchGetRouterInput.RouterInputs.Id",
          "entity": "mediaconnect.router_input_id"
        },
        {
          "mapping": "BatchGetRouterNetworkInterface.RouterNetworkInterfaces.Id -> mediaconnect.router_network_interfac_id",
          "evidence": "BatchGetRouterNetworkInterface.RouterNetworkInterfaces.Id",
          "entity": "mediaconnect.router_network_interfac_id"
        },
        {
          "mapping": "BatchGetRouterOutput.RouterOutputs.Id -> mediaconnect.router_output_id",
          "evidence": "BatchGetRouterOutput.RouterOutputs.Id",
          "entity": "mediaconnect.router_output_id"
        },
        {
          "mapping": "CreateRouterInput.RouterInput.Id -> mediaconnect.router_input_id",
          "evidence": "CreateRouterInput.RouterInput.Id",
          "entity": "mediaconnect.router_input_id"
        },
        {
          "mapping": "CreateRouterNetworkInterface.RouterNetworkInterface.Id -> mediaconnect.router_network_interface_id",
          "evidence": "CreateRouterNetworkInterface.RouterNetworkInterface.Id",
          "entity": "mediaconnect.router_network_interface_id"
        },
        {
          "mapping": "CreateRouterOutput.RouterOutput.Id -> mediaconnect.router_output_id",
          "evidence": "CreateRouterOutput.RouterOutput.Id",
          "entity": "mediaconnect.router_output_id"
        },
        {
          "mapping": "GetRouterInput.RouterInput.Id -> mediaconnect.router_input_id",
          "evidence": "GetRouterInput.RouterInput.Id",
          "entity": "mediaconnect.router_input_id"
        },
        {
          "mapping": "GetRouterNetworkInterface.RouterNetworkInterface.Id -> mediaconnect.router_network_interface_id",
          "evidence": "GetRouterNetworkInterface.RouterNetworkInterface.Id",
          "entity": "mediaconnect.router_network_interface_id"
        },
        {
          "mapping": "GetRouterOutput.RouterOutput.Id -> mediaconnect.router_output_id",
          "evidence": "GetRouterOutput.RouterOutput.Id",
          "entity": "mediaconnect.router_output_id"
        },
        {
          "mapping": "UpdateRouterInput.RouterInput.Id -> mediaconnect.router_input_id",
          "evidence": "UpdateRouterInput.RouterInput.Id",
          "entity": "mediaconnect.router_input_id"
        },
        {
          "mapping": "UpdateRouterNetworkInterface.RouterNetworkInterface.Id -> mediaconnect.router_network_interface_id",
          "evidence": "UpdateRouterNetworkInterface.RouterNetworkInterface.Id",
          "entity": "mediaconnect.router_network_interface_id"
        },
        {
          "mapping": "UpdateRouterOutput.RouterOutput.Id -> mediaconnect.router_output_id",
          "evidence": "UpdateRouterOutput.RouterOutput.Id",
          "entity": "mediaconnect.router_output_id"
        }
      ]
    },
    "unresolved_consumes": [],
    "suspicious_paths": [
      {
        "operation": "DescribeFlow",
        "path": "Flow",
        "param": "FlowArn",
        "consume_entity": "mediaconnect.flow_arn",
        "produce_entity": "mediaconnect.flow",
        "issue": "Param 'FlowArn' and output field 'Flow' are similar but map to different entities"
      },
      {
        "operation": "UpdateFlow",
        "path": "Flow",
        "param": "FlowArn",
        "consume_entity": "mediaconnect.flow_arn",
        "produce_entity": "mediaconnect.flow",
        "issue": "Param 'FlowArn' and output field 'Flow' are similar but map to different entities"
      }
    ]
  },
  "alias_candidates_not_applied": [],
  "suggested_overrides": [
    {
      "operation": "AddFlowOutputs",
      "type": "produces",
      "key": "Outputs.EntitlementArn",
      "suggested_entity": "mediaconnect.flow_arn",
      "confidence": "MEDIUM",
      "reason": "Param 'FlowArn' and output field 'EntitlementArn' match but map to different entities. Suggest unifying to consume entity."
    },
    {
      "operation": "AddFlowOutputs",
      "type": "produces",
      "key": "Outputs.MediaLiveInputArn",
      "suggested_entity": "mediaconnect.flow_arn",
      "confidence": "MEDIUM",
      "reason": "Param 'FlowArn' and output field 'MediaLiveInputArn' match but map to different entities. Suggest unifying to consume entity."
    },
    {
      "operation": "AddFlowOutputs",
      "type": "produces",
      "key": "Outputs.OutputArn",
      "suggested_entity": "mediaconnect.flow_arn",
      "confidence": "MEDIUM",
      "reason": "Param 'FlowArn' and output field 'OutputArn' match but map to different entities. Suggest unifying to consume entity."
    },
    {
      "operation": "AddFlowOutputs",
      "type": "produces",
      "key": "Outputs.BridgeArn",
      "suggested_entity": "mediaconnect.flow_arn",
      "confidence": "MEDIUM",
      "reason": "Param 'FlowArn' and output field 'BridgeArn' match but map to different entities. Suggest unifying to consume entity."
    },
    {
      "operation": "AddFlowOutputs",
      "type": "produces",
      "key": "Outputs.ConnectedRouterInputArn",
      "suggested_entity": "mediaconnect.flow_arn",
      "confidence": "MEDIUM",
      "reason": "Param 'FlowArn' and output field 'ConnectedRouterInputArn' match but map to different entities. Suggest unifying to consume entity."
    },
    {
      "operation": "AddFlowSources",
      "type": "produces",
      "key": "Sources.EntitlementArn",
      "suggested_entity": "mediaconnect.flow_arn",
      "confidence": "MEDIUM",
      "reason": "Param 'FlowArn' and output field 'EntitlementArn' match but map to different entities. Suggest unifying to consume entity."
    },
    {
      "operation": "AddFlowSources",
      "type": "produces",
      "key": "Sources.SourceArn",
      "suggested_entity": "mediaconnect.flow_arn",
      "confidence": "MEDIUM",
      "reason": "Param 'FlowArn' and output field 'SourceArn' match but map to different entities. Suggest unifying to consume entity."
    },
    {
      "operation": "AddFlowSources",
      "type": "produces",
      "key": "Sources.ConnectedRouterOutputArn",
      "suggested_entity": "mediaconnect.flow_arn",
      "confidence": "MEDIUM",
      "reason": "Param 'FlowArn' and output field 'ConnectedRouterOutputArn' match but map to different entities. Suggest unifying to consume entity."
    },
    {
      "operation": "AddFlowVpcInterfaces",
      "type": "produces",
      "key": "VpcInterfaces.RoleArn",
      "suggested_entity": "mediaconnect.flow_arn",
      "confidence": "MEDIUM",
      "reason": "Param 'FlowArn' and output field 'RoleArn' match but map to different entities. Suggest unifying to consume entity."
    },
    {
      "operation": "CreateBridge",
      "type": "produces",
      "key": "Bridge.BridgeArn",
      "suggested_entity": "mediaconnect.placement_arn",
      "confidence": "MEDIUM",
      "reason": "Param 'PlacementArn' and output field 'BridgeArn' match but map to different entities. Suggest unifying to consume entity."
    },
    {
      "operation": "CreateBridge",
      "type": "produces",
      "key": "Bridge.Sources",
      "suggested_entity": "mediaconnect.sources",
      "confidence": "MEDIUM",
      "reason": "Param 'Sources' and output field 'Sources' match but map to different entities. Suggest unifying to consume entity."
    },
    {
      "operation": "CreateGateway",
      "type": "produces",
      "key": "Gateway.EgressCidrBlocks",
      "suggested_entity": "mediaconnect.egress_cidr_blocks",
      "confidence": "MEDIUM",
      "reason": "Param 'EgressCidrBlocks' and output field 'EgressCidrBlocks' match but map to different entities. Suggest unifying to consume entity."
    },
    {
      "operation": "CreateGateway",
      "type": "produces",
      "key": "Gateway.Networks",
      "suggested_entity": "mediaconnect.networks",
      "confidence": "MEDIUM",
      "reason": "Param 'Networks' and output field 'Networks' match but map to different entities. Suggest unifying to consume entity."
    },
    {
      "operation": "CreateRouterInput",
      "type": "produces",
      "key": "RouterInput.Configuration",
      "suggested_entity": "mediaconnect.configuration",
      "confidence": "MEDIUM",
      "reason": "Param 'Configuration' and output field 'Configuration' match but map to different entities. Suggest unifying to consume entity."
    },
    {
      "operation": "CreateRouterInput",
      "type": "produces",
      "key": "RouterInput.MaximumBitrate",
      "suggested_entity": "mediaconnect.maximum_bitrate",
      "confidence": "MEDIUM",
      "reason": "Param 'MaximumBitrate' and output field 'MaximumBitrate' match but map to different entities. Suggest unifying to consume entity."
    },
    {
      "operation": "CreateRouterInput",
      "type": "produces",
      "key": "RouterInput.RoutingScope",
      "suggested_entity": "mediaconnect.routing_scope",
      "confidence": "MEDIUM",
      "reason": "Param 'RoutingScope' and output field 'RoutingScope' match but map to different entities. Suggest unifying to consume entity."
    },
    {
      "operation": "CreateRouterInput",
      "type": "produces",
      "key": "RouterInput.Tier",
      "suggested_entity": "mediaconnect.tier",
      "confidence": "MEDIUM",
      "reason": "Param 'Tier' and output field 'Tier' match but map to different entities. Suggest unifying to consume entity."
    },
    {
      "operation": "CreateRouterNetworkInterface",
      "type": "produces",
      "key": "RouterNetworkInterface.Configuration",
      "suggested_entity": "mediaconnect.configuration",
      "confidence": "MEDIUM",
      "reason": "Param 'Configuration' and output field 'Configuration' match but map to different entities. Suggest unifying to consume entity."
    },
    {
      "operation": "CreateRouterOutput",
      "type": "produces",
      "key": "RouterOutput.Configuration",
      "suggested_entity": "mediaconnect.configuration",
      "confidence": "MEDIUM",
      "reason": "Param 'Configuration' and output field 'Configuration' match but map to different entities. Suggest unifying to consume entity."
    },
    {
      "operation": "CreateRouterOutput",
      "type": "produces",
      "key": "RouterOutput.MaximumBitrate",
      "suggested_entity": "mediaconnect.maximum_bitrate",
      "confidence": "MEDIUM",
      "reason": "Param 'MaximumBitrate' and output field 'MaximumBitrate' match but map to different entities. Suggest unifying to consume entity."
    }
  ],
  "unresolved_items": [
    {
      "mapping": "ListBridges.Bridges[].Name -> mediaconnect.bridg_name",
      "evidence": "ListBridges.Bridges[].Name",
      "entity": "mediaconnect.bridg_name"
    },
    {
      "mapping": "ListFlows.Flows[].Name -> mediaconnect.flow_name",
      "evidence": "ListFlows.Flows[].Name",
      "entity": "mediaconnect.flow_name"
    },
    {
      "mapping": "ListGateways.Gateways[].Name -> mediaconnect.gateway_name",
      "evidence": "ListGateways.Gateways[].Name",
      "entity": "mediaconnect.gateway_name"
    },
    {
      "mapping": "ListRouterInputs.RouterInputs[].Name -> mediaconnect.router_input_name",
      "evidence": "ListRouterInputs.RouterInputs[].Name",
      "entity": "mediaconnect.router_input_name"
    },
    {
      "mapping": "ListRouterNetworkInterfaces.RouterNetworkInterfaces[].Name -> mediaconnect.router_network_interfac_name",
      "evidence": "ListRouterNetworkInterfaces.RouterNetworkInterfaces[].Name",
      "entity": "mediaconnect.router_network_interfac_name"
    },
    {
      "mapping": "ListRouterOutputs.RouterOutputs[].Name -> mediaconnect.output_name",
      "evidence": "ListRouterOutputs.RouterOutputs[].Name",
      "entity": "mediaconnect.output_name"
    },
    {
      "mapping": "AddFlowOutputs.Outputs.Name -> mediaconnect.output_name",
      "evidence": "AddFlowOutputs.Outputs.Name",
      "entity": "mediaconnect.output_name"
    },
    {
      "mapping": "AddFlowSources.Sources.Name -> mediaconnect.sourc_name",
      "evidence": "AddFlowSources.Sources.Name",
      "entity": "mediaconnect.sourc_name"
    },
    {
      "mapping": "AddFlowVpcInterfaces.VpcInterfaces.Name -> mediaconnect.vpc_interfac_name",
      "evidence": "AddFlowVpcInterfaces.VpcInterfaces.Name",
      "entity": "mediaconnect.vpc_interfac_name"
    },
    {
      "mapping": "BatchGetRouterInput.RouterInputs.Name -> mediaconnect.router_input_name",
      "evidence": "BatchGetRouterInput.RouterInputs.Name",
      "entity": "mediaconnect.router_input_name"
    },
    {
      "mapping": "BatchGetRouterNetworkInterface.RouterNetworkInterfaces.Name -> mediaconnect.router_network_interfac_name",
      "evidence": "BatchGetRouterNetworkInterface.RouterNetworkInterfaces.Name",
      "entity": "mediaconnect.router_network_interfac_name"
    },
    {
      "mapping": "BatchGetRouterOutput.RouterOutputs.Name -> mediaconnect.output_name",
      "evidence": "BatchGetRouterOutput.RouterOutputs.Name",
      "entity": "mediaconnect.output_name"
    },
    {
      "mapping": "CreateBridge.Name -> mediaconnect.bridge_name",
      "evidence": "CreateBridge.Name",
      "entity": "mediaconnect.bridge_name"
    },
    {
      "mapping": "CreateBridge.Bridge.Name -> mediaconnect.bridge_name",
      "evidence": "CreateBridge.Bridge.Name",
      "entity": "mediaconnect.bridge_name"
    },
    {
      "mapping": "CreateFlow.Name -> mediaconnect.flow_name",
      "evidence": "CreateFlow.Name",
      "entity": "mediaconnect.flow_name"
    },
    {
      "mapping": "CreateFlow.Flow.Name -> mediaconnect.flow_name",
      "evidence": "CreateFlow.Flow.Name",
      "entity": "mediaconnect.flow_name"
    },
    {
      "mapping": "CreateGateway.Name -> mediaconnect.gateway_name",
      "evidence": "CreateGateway.Name",
      "entity": "mediaconnect.gateway_name"
    },
    {
      "mapping": "CreateGateway.Gateway.Name -> mediaconnect.gateway_name",
      "evidence": "CreateGateway.Gateway.Name",
      "entity": "mediaconnect.gateway_name"
    },
    {
      "mapping": "CreateRouterInput.Name -> mediaconnect.router_input_name",
      "evidence": "CreateRouterInput.Name",
      "entity": "mediaconnect.router_input_name"
    },
    {
      "mapping": "CreateRouterInput.RouterInput.Name -> mediaconnect.router_input_name",
      "evidence": "CreateRouterInput.RouterInput.Name",
      "entity": "mediaconnect.router_input_name"
    },
    {
      "mapping": "ListRouterInputs.RouterInputs[].Arn -> mediaconnect.router_input_arn",
      "evidence": "ListRouterInputs.RouterInputs[].Arn",
      "entity": "mediaconnect.router_input_arn"
    },
    {
      "mapping": "ListRouterNetworkInterfaces.RouterNetworkInterfaces[].Arn -> mediaconnect.router_network_interfac_arn",
      "evidence": "ListRouterNetworkInterfaces.RouterNetworkInterfaces[].Arn",
      "entity": "mediaconnect.router_network_interfac_arn"
    },
    {
      "mapping": "ListRouterOutputs.RouterOutputs[].Arn -> mediaconnect.output_arn",
      "evidence": "ListRouterOutputs.RouterOutputs[].Arn",
      "entity": "mediaconnect.output_arn"
    },
    {
      "mapping": "BatchGetRouterInput.RouterInputs.Arn -> mediaconnect.router_input_arn",
      "evidence": "BatchGetRouterInput.RouterInputs.Arn",
      "entity": "mediaconnect.router_input_arn"
    },
    {
      "mapping": "BatchGetRouterNetworkInterface.RouterNetworkInterfaces.Arn -> mediaconnect.router_network_interfac_arn",
      "evidence": "BatchGetRouterNetworkInterface.RouterNetworkInterfaces.Arn",
      "entity": "mediaconnect.router_network_interfac_arn"
    },
    {
      "mapping": "BatchGetRouterOutput.RouterOutputs.Arn -> mediaconnect.output_arn",
      "evidence": "BatchGetRouterOutput.RouterOutputs.Arn",
      "entity": "mediaconnect.output_arn"
    },
    {
      "mapping": "CreateRouterInput.RouterInput.Arn -> mediaconnect.router_input_arn",
      "evidence": "CreateRouterInput.RouterInput.Arn",
      "entity": "mediaconnect.router_input_arn"
    },
    {
      "mapping": "CreateRouterNetworkInterface.RouterNetworkInterface.Arn -> mediaconnect.router_network_interface_arn",
      "evidence": "CreateRouterNetworkInterface.RouterNetworkInterface.Arn",
      "entity": "mediaconnect.router_network_interface_arn"
    },
    {
      "mapping": "CreateRouterOutput.RouterOutput.Arn -> mediaconnect.output_arn",
      "evidence": "CreateRouterOutput.RouterOutput.Arn",
      "entity": "mediaconnect.output_arn"
    },
    {
      "mapping": "DeleteRouterInput.Arn -> mediaconnect.router_input_arn",
      "evidence": "DeleteRouterInput.Arn",
      "entity": "mediaconnect.router_input_arn"
    },
    {
      "mapping": "DeleteRouterInput.Arn -> mediaconnect.router_input_arn",
      "evidence": "DeleteRouterInput.Arn",
      "entity": "mediaconnect.router_input_arn"
    },
    {
      "mapping": "DeleteRouterNetworkInterface.Arn -> mediaconnect.router_network_interface_arn",
      "evidence": "DeleteRouterNetworkInterface.Arn",
      "entity": "mediaconnect.router_network_interface_arn"
    },
    {
      "mapping": "DeleteRouterNetworkInterface.Arn -> mediaconnect.router_network_interface_arn",
      "evidence": "DeleteRouterNetworkInterface.Arn",
      "entity": "mediaconnect.router_network_interface_arn"
    },
    {
      "mapping": "DeleteRouterOutput.Arn -> mediaconnect.output_arn",
      "evidence": "DeleteRouterOutput.Arn",
      "entity": "mediaconnect.output_arn"
    },
    {
      "mapping": "DeleteRouterOutput.Arn -> mediaconnect.output_arn",
      "evidence": "DeleteRouterOutput.Arn",
      "entity": "mediaconnect.output_arn"
    },
    {
      "mapping": "GetRouterInput.Arn -> mediaconnect.router_input_arn",
      "evidence": "GetRouterInput.Arn",
      "entity": "mediaconnect.router_input_arn"
    },
    {
      "mapping": "GetRouterInput.RouterInput.Arn -> mediaconnect.router_input_arn",
      "evidence": "GetRouterInput.RouterInput.Arn",
      "entity": "mediaconnect.router_input_arn"
    },
    {
      "mapping": "GetRouterInputSourceMetadata.Arn -> mediaconnect.source_metadata_detail_arn",
      "evidence": "GetRouterInputSourceMetadata.Arn",
      "entity": "mediaconnect.source_metadata_detail_arn"
    },
    {
      "mapping": "GetRouterInputSourceMetadata.Arn -> mediaconnect.router_input_source_metadata_arn",
      "evidence": "GetRouterInputSourceMetadata.Arn",
      "entity": "mediaconnect.router_input_source_metadata_arn"
    },
    {
      "mapping": "GetRouterInputThumbnail.Arn -> mediaconnect.thumbnail_detail_arn",
      "evidence": "GetRouterInputThumbnail.Arn",
      "entity": "mediaconnect.thumbnail_detail_arn"
    },
    {
      "mapping": "ListRouterInputs.RouterInputs[].Id -> mediaconnect.router_input_id",
      "evidence": "ListRouterInputs.RouterInputs[].Id",
      "entity": "mediaconnect.router_input_id"
    },
    {
      "mapping": "ListRouterNetworkInterfaces.RouterNetworkInterfaces[].Id -> mediaconnect.router_network_interfac_id",
      "evidence": "ListRouterNetworkInterfaces.RouterNetworkInterfaces[].Id",
      "entity": "mediaconnect.router_network_interfac_id"
    },
    {
      "mapping": "ListRouterOutputs.RouterOutputs[].Id -> mediaconnect.router_output_id",
      "evidence": "ListRouterOutputs.RouterOutputs[].Id",
      "entity": "mediaconnect.router_output_id"
    },
    {
      "mapping": "BatchGetRouterInput.RouterInputs.Id -> mediaconnect.router_input_id",
      "evidence": "BatchGetRouterInput.RouterInputs.Id",
      "entity": "mediaconnect.router_input_id"
    },
    {
      "mapping": "BatchGetRouterNetworkInterface.RouterNetworkInterfaces.Id -> mediaconnect.router_network_interfac_id",
      "evidence": "BatchGetRouterNetworkInterface.RouterNetworkInterfaces.Id",
      "entity": "mediaconnect.router_network_interfac_id"
    },
    {
      "mapping": "BatchGetRouterOutput.RouterOutputs.Id -> mediaconnect.router_output_id",
      "evidence": "BatchGetRouterOutput.RouterOutputs.Id",
      "entity": "mediaconnect.router_output_id"
    },
    {
      "mapping": "CreateRouterInput.RouterInput.Id -> mediaconnect.router_input_id",
      "evidence": "CreateRouterInput.RouterInput.Id",
      "entity": "mediaconnect.router_input_id"
    },
    {
      "mapping": "CreateRouterNetworkInterface.RouterNetworkInterface.Id -> mediaconnect.router_network_interface_id",
      "evidence": "CreateRouterNetworkInterface.RouterNetworkInterface.Id",
      "entity": "mediaconnect.router_network_interface_id"
    },
    {
      "mapping": "CreateRouterOutput.RouterOutput.Id -> mediaconnect.router_output_id",
      "evidence": "CreateRouterOutput.RouterOutput.Id",
      "entity": "mediaconnect.router_output_id"
    },
    {
      "mapping": "GetRouterInput.RouterInput.Id -> mediaconnect.router_input_id",
      "evidence": "GetRouterInput.RouterInput.Id",
      "entity": "mediaconnect.router_input_id"
    },
    {
      "mapping": "GetRouterNetworkInterface.RouterNetworkInterface.Id -> mediaconnect.router_network_interface_id",
      "evidence": "GetRouterNetworkInterface.RouterNetworkInterface.Id",
      "entity": "mediaconnect.router_network_interface_id"
    },
    {
      "mapping": "GetRouterOutput.RouterOutput.Id -> mediaconnect.router_output_id",
      "evidence": "GetRouterOutput.RouterOutput.Id",
      "entity": "mediaconnect.router_output_id"
    },
    {
      "mapping": "UpdateRouterInput.RouterInput.Id -> mediaconnect.router_input_id",
      "evidence": "UpdateRouterInput.RouterInput.Id",
      "entity": "mediaconnect.router_input_id"
    },
    {
      "mapping": "UpdateRouterNetworkInterface.RouterNetworkInterface.Id -> mediaconnect.router_network_interface_id",
      "evidence": "UpdateRouterNetworkInterface.RouterNetworkInterface.Id",
      "entity": "mediaconnect.router_network_interface_id"
    },
    {
      "mapping": "UpdateRouterOutput.RouterOutput.Id -> mediaconnect.router_output_id",
      "evidence": "UpdateRouterOutput.RouterOutput.Id",
      "entity": "mediaconnect.router_output_id"
    },
    {
      "operation": "DescribeFlow",
      "path": "Flow",
      "param": "FlowArn",
      "consume_entity": "mediaconnect.flow_arn",
      "produce_entity": "mediaconnect.flow",
      "issue": "Param 'FlowArn' and output field 'Flow' are similar but map to different entities"
    },
    {
      "operation": "UpdateFlow",
      "path": "Flow",
      "param": "FlowArn",
      "consume_entity": "mediaconnect.flow_arn",
      "produce_entity": "mediaconnect.flow",
      "issue": "Param 'FlowArn' and output field 'Flow' are similar but map to different entities"
    }
  ]
}