{
  "kinesis": {
    "service": "kinesis",
    "total_operations": 39,
    "independent": [
      {
        "operation": "DeleteStream",
        "python_method": "delete_stream",
        "yaml_action": "delete_stream",
        "required_params": [],
        "optional_params": [
          "StreamName",
          "EnforceConsumerDeletion",
          "StreamARN"
        ],
        "total_optional": 3,
        "output_fields": {},
        "main_output_field": null,
        "item_fields": []
      },
      {
        "operation": "DeregisterStreamConsumer",
        "python_method": "deregister_stream_consumer",
        "yaml_action": "deregister_stream_consumer",
        "required_params": [],
        "optional_params": [
          "StreamARN",
          "ConsumerName",
          "ConsumerARN"
        ],
        "total_optional": 3,
        "output_fields": {},
        "main_output_field": null,
        "item_fields": []
      },
      {
        "operation": "DescribeAccountSettings",
        "python_method": "describe_account_settings",
        "yaml_action": "describe_account_settings",
        "required_params": [],
        "optional_params": [],
        "total_optional": 0,
        "output_fields": {
          "MinimumThroughputBillingCommitment": {
            "type": "integer",
            "description": "MinimumThroughputBillingCommitment details",
            "compliance_category": "general",
            "operators": [
              "equals",
              "not_equals",
              "contains"
            ]
          }
        },
        "main_output_field": "MinimumThroughputBillingCommitment",
        "item_fields": {
          "Status": {
            "type": "string",
            "description": "Status",
            "compliance_category": "general",
            "format": "date-time"
          },
          "StartedAt": {
            "type": "string",
            "description": "Started at",
            "compliance_category": "general",
            "format": "date-time"
          },
          "EndedAt": {
            "type": "string",
            "description": "Ended at",
            "compliance_category": "general",
            "format": "date-time"
          },
          "EarliestAllowedEndAt": {
            "type": "string",
            "description": "Earliest allowed end at",
            "compliance_category": "general",
            "format": "date-time"
          }
        }
      },
      {
        "operation": "DescribeLimits",
        "python_method": "describe_limits",
        "yaml_action": "describe_limits",
        "required_params": [],
        "optional_params": [],
        "total_optional": 0,
        "output_fields": {
          "ShardLimit": {
            "type": "integer",
            "description": "ShardLimit details",
            "compliance_category": "general",
            "operators": [
              "equals",
              "not_equals",
              "contains"
            ]
          },
          "OpenShardCount": {
            "type": "integer",
            "description": "OpenShardCount details",
            "compliance_category": "general",
            "operators": [
              "equals",
              "not_equals",
              "contains"
            ]
          },
          "OnDemandStreamCount": {
            "type": "integer",
            "description": "OnDemandStreamCount details",
            "compliance_category": "general",
            "operators": [
              "equals",
              "not_equals",
              "contains"
            ]
          },
          "OnDemandStreamCountLimit": {
            "type": "integer",
            "description": "OnDemandStreamCountLimit details",
            "compliance_category": "general",
            "operators": [
              "equals",
              "not_equals",
              "contains"
            ]
          }
        },
        "main_output_field": "ShardLimit",
        "item_fields": []
      },
      {
        "operation": "DescribeStream",
        "python_method": "describe_stream",
        "yaml_action": "describe_stream",
        "required_params": [],
        "optional_params": [
          "StreamName",
          "Limit",
          "ExclusiveStartShardId",
          "StreamARN"
        ],
        "total_optional": 4,
        "output_fields": {
          "StreamDescription": {
            "type": "string",
            "description": "StreamDescription details",
            "compliance_category": "general",
            "operators": [
              "equals",
              "not_equals",
              "contains"
            ]
          }
        },
        "main_output_field": "StreamDescription",
        "item_fields": {
          "StreamName": {
            "type": "string",
            "description": "Stream name",
            "compliance_category": "general"
          },
          "StreamARN": {
            "type": "string",
            "description": "Stream arn",
            "compliance_category": "identity",
            "operators": [
              "equals",
              "not_equals",
              "contains",
              "in",
              "exists"
            ]
          },
          "StreamStatus": {
            "type": "string",
            "description": "Stream status",
            "compliance_category": "general",
            "format": "date-time"
          },
          "StreamModeDetails": {
            "type": "string",
            "description": "Stream mode details",
            "compliance_category": "general"
          },
          "Shards": {
            "type": "string",
            "description": "Shards",
            "compliance_category": "general"
          },
          "HasMoreShards": {
            "type": "boolean",
            "description": "Has more shards",
            "compliance_category": "general"
          },
          "RetentionPeriodHours": {
            "type": "string",
            "description": "Retention period hours",
            "compliance_category": "general",
            "format": "date-time"
          },
          "StreamCreationTimestamp": {
            "type": "string",
            "description": "Stream creation timestamp",
            "compliance_category": "general",
            "format": "date-time"
          },
          "EnhancedMonitoring": {
            "type": "string",
            "description": "Enhanced monitoring",
            "compliance_category": "general",
            "format": "date-time"
          },
          "EncryptionType": {
            "type": "string",
            "description": "Encryption type",
            "compliance_category": "general",
            "format": "date-time"
          },
          "KeyId": {
            "type": "string",
            "description": "Key id",
            "compliance_category": "identity",
            "operators": [
              "equals",
              "not_equals",
              "in",
              "exists"
            ]
          }
        }
      },
      {
        "operation": "DescribeStreamConsumer",
        "python_method": "describe_stream_consumer",
        "yaml_action": "describe_stream_consumer",
        "required_params": [],
        "optional_params": [
          "StreamARN",
          "ConsumerName",
          "ConsumerARN"
        ],
        "total_optional": 3,
        "output_fields": {
          "ConsumerDescription": {
            "type": "string",
            "description": "ConsumerDescription details",
            "compliance_category": "general",
            "operators": [
              "equals",
              "not_equals",
              "contains"
            ]
          }
        },
        "main_output_field": "ConsumerDescription",
        "item_fields": {
          "ConsumerName": {
            "type": "string",
            "description": "Consumer name",
            "compliance_category": "general",
            "format": "date-time"
          },
          "ConsumerARN": {
            "type": "string",
            "description": "Consumer arn",
            "compliance_category": "identity",
            "operators": [
              "equals",
              "not_equals",
              "contains",
              "in",
              "exists"
            ]
          },
          "ConsumerStatus": {
            "type": "string",
            "description": "Consumer status",
            "compliance_category": "general",
            "format": "date-time"
          },
          "ConsumerCreationTimestamp": {
            "type": "string",
            "description": "Consumer creation timestamp",
            "compliance_category": "general",
            "format": "date-time"
          },
          "StreamARN": {
            "type": "string",
            "description": "Stream arn",
            "compliance_category": "identity",
            "operators": [
              "equals",
              "not_equals",
              "contains",
              "in",
              "exists"
            ]
          }
        }
      },
      {
        "operation": "DescribeStreamSummary",
        "python_method": "describe_stream_summary",
        "yaml_action": "describe_stream_summary",
        "required_params": [],
        "optional_params": [
          "StreamName",
          "StreamARN"
        ],
        "total_optional": 2,
        "output_fields": {
          "StreamDescriptionSummary": {
            "type": "string",
            "description": "StreamDescriptionSummary details",
            "compliance_category": "general",
            "operators": [
              "equals",
              "not_equals",
              "contains"
            ]
          }
        },
        "main_output_field": "StreamDescriptionSummary",
        "item_fields": {
          "StreamName": {
            "type": "string",
            "description": "Stream name",
            "compliance_category": "general"
          },
          "StreamARN": {
            "type": "string",
            "description": "Stream arn",
            "compliance_category": "identity",
            "operators": [
              "equals",
              "not_equals",
              "contains",
              "in",
              "exists"
            ]
          },
          "StreamStatus": {
            "type": "string",
            "description": "Stream status",
            "compliance_category": "general",
            "format": "date-time"
          },
          "StreamModeDetails": {
            "type": "string",
            "description": "Stream mode details",
            "compliance_category": "general"
          },
          "RetentionPeriodHours": {
            "type": "string",
            "description": "Retention period hours",
            "compliance_category": "general",
            "format": "date-time"
          },
          "StreamCreationTimestamp": {
            "type": "string",
            "description": "Stream creation timestamp",
            "compliance_category": "general",
            "format": "date-time"
          },
          "EnhancedMonitoring": {
            "type": "string",
            "description": "Enhanced monitoring",
            "compliance_category": "general",
            "format": "date-time"
          },
          "EncryptionType": {
            "type": "string",
            "description": "Encryption type",
            "compliance_category": "general",
            "format": "date-time"
          },
          "KeyId": {
            "type": "string",
            "description": "Key id",
            "compliance_category": "identity",
            "operators": [
              "equals",
              "not_equals",
              "in",
              "exists"
            ]
          },
          "OpenShardCount": {
            "type": "integer",
            "description": "Open shard count",
            "compliance_category": "general"
          },
          "ConsumerCount": {
            "type": "string",
            "description": "Consumer count",
            "compliance_category": "general",
            "format": "date-time"
          },
          "WarmThroughput": {
            "type": "string",
            "description": "Warm throughput",
            "compliance_category": "general"
          },
          "MaxRecordSizeInKiB": {
            "type": "integer",
            "description": "Max record size in ki b",
            "compliance_category": "general"
          }
        }
      },
      {
        "operation": "ListShards",
        "python_method": "list_shards",
        "yaml_action": "list_shards",
        "required_params": [],
        "optional_params": [
          "StreamName",
          "NextToken",
          "ExclusiveStartShardId",
          "MaxResults",
          "StreamCreationTimestamp"
        ],
        "total_optional": 7,
        "output_fields": {
          "Shards": {
            "type": "string",
            "description": "Shards details",
            "compliance_category": "general",
            "operators": [
              "equals",
              "not_equals",
              "contains"
            ]
          },
          "NextToken": {
            "type": "string",
            "description": "NextToken details",
            "compliance_category": "general",
            "operators": [
              "equals",
              "not_equals",
              "contains"
            ],
            "security_impact": "high"
          }
        },
        "main_output_field": "Shards",
        "item_fields": {
          "ShardId": {
            "type": "string",
            "description": "Shard id",
            "compliance_category": "identity",
            "operators": [
              "equals",
              "not_equals",
              "in",
              "exists"
            ]
          },
          "ParentShardId": {
            "type": "string",
            "description": "Parent shard id",
            "compliance_category": "identity",
            "operators": [
              "equals",
              "not_equals",
              "in",
              "exists"
            ]
          },
          "AdjacentParentShardId": {
            "type": "string",
            "description": "Adjacent parent shard id",
            "compliance_category": "identity",
            "operators": [
              "equals",
              "not_equals",
              "in",
              "exists"
            ]
          },
          "HashKeyRange": {
            "type": "string",
            "description": "Hash key range",
            "compliance_category": "security",
            "security_impact": "high"
          },
          "SequenceNumberRange": {
            "type": "integer",
            "description": "Sequence number range",
            "compliance_category": "general"
          }
        }
      },
      {
        "operation": "ListStreams",
        "python_method": "list_streams",
        "yaml_action": "list_streams",
        "required_params": [],
        "optional_params": [
          "Limit",
          "ExclusiveStartStreamName",
          "NextToken"
        ],
        "total_optional": 3,
        "output_fields": {
          "StreamNames": {
            "type": "string",
            "description": "StreamNames details",
            "compliance_category": "identity",
            "operators": [
              "equals",
              "not_equals",
              "contains",
              "in",
              "exists"
            ]
          },
          "HasMoreStreams": {
            "type": "string",
            "description": "HasMoreStreams details",
            "compliance_category": "general",
            "operators": [
              "equals",
              "not_equals",
              "contains"
            ]
          },
          "NextToken": {
            "type": "string",
            "description": "NextToken details",
            "compliance_category": "general",
            "operators": [
              "equals",
              "not_equals",
              "contains"
            ],
            "security_impact": "high"
          },
          "StreamSummaries": {
            "type": "string",
            "description": "StreamSummaries details",
            "compliance_category": "general",
            "operators": [
              "equals",
              "not_equals",
              "contains"
            ]
          }
        },
        "main_output_field": "StreamNames",
        "item_fields": []
      },
      {
        "operation": "ListTagsForStream",
        "python_method": "list_tags_for_stream",
        "yaml_action": "list_tags_for_stream",
        "required_params": [],
        "optional_params": [
          "StreamName",
          "ExclusiveStartTagKey",
          "Limit",
          "StreamARN"
        ],
        "total_optional": 4,
        "output_fields": {
          "Tags": {
            "type": "string",
            "description": "Tags details",
            "compliance_category": "general",
            "operators": [
              "equals",
              "not_equals",
              "contains"
            ]
          },
          "HasMoreTags": {
            "type": "string",
            "description": "HasMoreTags details",
            "compliance_category": "general",
            "operators": [
              "equals",
              "not_equals",
              "contains"
            ]
          }
        },
        "main_output_field": "Tags",
        "item_fields": {
          "Key": {
            "type": "string",
            "description": "Key",
            "compliance_category": "security",
            "security_impact": "high"
          },
          "Value": {
            "type": "string",
            "description": "Value",
            "compliance_category": "general"
          }
        }
      }
    ],
    "dependent": [
      {
        "operation": "AddTagsToStream",
        "python_method": "add_tags_to_stream",
        "yaml_action": "add_tags_to_stream",
        "required_params": [
          "Tags"
        ],
        "optional_params": [
          "StreamName",
          "StreamARN"
        ],
        "total_optional": 2,
        "output_fields": {},
        "main_output_field": null,
        "item_fields": []
      },
      {
        "operation": "CreateStream",
        "python_method": "create_stream",
        "yaml_action": "create_stream",
        "required_params": [
          "StreamName"
        ],
        "optional_params": [
          "ShardCount",
          "StreamModeDetails",
          "Tags",
          "WarmThroughputMiBps",
          "MaxRecordSizeInKiB"
        ],
        "total_optional": 5,
        "output_fields": {},
        "main_output_field": null,
        "item_fields": []
      },
      {
        "operation": "DecreaseStreamRetentionPeriod",
        "python_method": "decrease_stream_retention_period",
        "yaml_action": "decrease_stream_retention_period",
        "required_params": [
          "RetentionPeriodHours"
        ],
        "optional_params": [
          "StreamName",
          "StreamARN"
        ],
        "total_optional": 2,
        "output_fields": {},
        "main_output_field": null,
        "item_fields": []
      },
      {
        "operation": "DeleteResourcePolicy",
        "python_method": "delete_resource_policy",
        "yaml_action": "delete_resource_policy",
        "required_params": [
          "ResourceARN"
        ],
        "optional_params": [],
        "total_optional": 0,
        "output_fields": {},
        "main_output_field": null,
        "item_fields": []
      },
      {
        "operation": "DisableEnhancedMonitoring",
        "python_method": "disable_enhanced_monitoring",
        "yaml_action": "disable_enhanced_monitoring",
        "required_params": [
          "ShardLevelMetrics"
        ],
        "optional_params": [
          "StreamName",
          "StreamARN"
        ],
        "total_optional": 2,
        "output_fields": {
          "StreamName": {
            "type": "string",
            "description": "StreamName details",
            "compliance_category": "identity",
            "operators": [
              "equals",
              "not_equals",
              "contains",
              "in",
              "exists"
            ]
          },
          "CurrentShardLevelMetrics": {
            "type": "string",
            "description": "CurrentShardLevelMetrics details",
            "compliance_category": "general",
            "operators": [
              "equals",
              "not_equals",
              "contains"
            ]
          },
          "DesiredShardLevelMetrics": {
            "type": "string",
            "description": "DesiredShardLevelMetrics details",
            "compliance_category": "general",
            "operators": [
              "equals",
              "not_equals",
              "contains"
            ]
          },
          "StreamARN": {
            "type": "string",
            "description": "StreamARN details",
            "compliance_category": "identity",
            "operators": [
              "equals",
              "not_equals",
              "contains",
              "in",
              "exists"
            ]
          }
        },
        "main_output_field": "CurrentShardLevelMetrics",
        "item_fields": []
      },
      {
        "operation": "EnableEnhancedMonitoring",
        "python_method": "enable_enhanced_monitoring",
        "yaml_action": "enable_enhanced_monitoring",
        "required_params": [
          "ShardLevelMetrics"
        ],
        "optional_params": [
          "StreamName",
          "StreamARN"
        ],
        "total_optional": 2,
        "output_fields": {
          "StreamName": {
            "type": "string",
            "description": "StreamName details",
            "compliance_category": "identity",
            "operators": [
              "equals",
              "not_equals",
              "contains",
              "in",
              "exists"
            ]
          },
          "CurrentShardLevelMetrics": {
            "type": "string",
            "description": "CurrentShardLevelMetrics details",
            "compliance_category": "general",
            "operators": [
              "equals",
              "not_equals",
              "contains"
            ]
          },
          "DesiredShardLevelMetrics": {
            "type": "string",
            "description": "DesiredShardLevelMetrics details",
            "compliance_category": "general",
            "operators": [
              "equals",
              "not_equals",
              "contains"
            ]
          },
          "StreamARN": {
            "type": "string",
            "description": "StreamARN details",
            "compliance_category": "identity",
            "operators": [
              "equals",
              "not_equals",
              "contains",
              "in",
              "exists"
            ]
          }
        },
        "main_output_field": "CurrentShardLevelMetrics",
        "item_fields": []
      },
      {
        "operation": "GetRecords",
        "python_method": "get_records",
        "yaml_action": "get_records",
        "required_params": [
          "ShardIterator"
        ],
        "optional_params": [
          "Limit",
          "StreamARN"
        ],
        "total_optional": 2,
        "output_fields": {
          "Records": {
            "type": "string",
            "description": "Records details",
            "compliance_category": "general",
            "operators": [
              "equals",
              "not_equals",
              "contains"
            ]
          },
          "NextShardIterator": {
            "type": "string",
            "description": "NextShardIterator details",
            "compliance_category": "general",
            "format": "date-time",
            "operators": [
              "equals",
              "not_equals",
              "contains"
            ]
          },
          "MillisBehindLatest": {
            "type": "boolean",
            "description": "MillisBehindLatest details",
            "compliance_category": "general",
            "operators": [
              "equals",
              "not_equals",
              "contains"
            ]
          },
          "ChildShards": {
            "type": "string",
            "description": "ChildShards details",
            "compliance_category": "general",
            "operators": [
              "equals",
              "not_equals",
              "contains"
            ]
          }
        },
        "main_output_field": "Records",
        "item_fields": {
          "SequenceNumber": {
            "type": "integer",
            "description": "Sequence number",
            "compliance_category": "general"
          },
          "ApproximateArrivalTimestamp": {
            "type": "string",
            "description": "Approximate arrival timestamp",
            "compliance_category": "general",
            "format": "date-time"
          },
          "Data": {
            "type": "string",
            "description": "Data",
            "compliance_category": "general",
            "format": "date-time"
          },
          "PartitionKey": {
            "type": "string",
            "description": "Partition key",
            "compliance_category": "general",
            "format": "date-time"
          },
          "EncryptionType": {
            "type": "string",
            "description": "Encryption type",
            "compliance_category": "general",
            "format": "date-time"
          }
        }
      },
      {
        "operation": "GetResourcePolicy",
        "python_method": "get_resource_policy",
        "yaml_action": "get_resource_policy",
        "required_params": [
          "ResourceARN"
        ],
        "optional_params": [],
        "total_optional": 0,
        "output_fields": {
          "Policy": {
            "type": "string",
            "description": "Policy details",
            "compliance_category": "security",
            "operators": [
              "equals",
              "not_equals",
              "in",
              "exists"
            ]
          }
        },
        "main_output_field": "Policy",
        "item_fields": []
      },
      {
        "operation": "GetShardIterator",
        "python_method": "get_shard_iterator",
        "yaml_action": "get_shard_iterator",
        "required_params": [
          "ShardId",
          "ShardIteratorType"
        ],
        "optional_params": [
          "StreamName",
          "StartingSequenceNumber",
          "Timestamp",
          "StreamARN"
        ],
        "total_optional": 4,
        "output_fields": {
          "ShardIterator": {
            "type": "string",
            "description": "ShardIterator details",
            "compliance_category": "general",
            "format": "date-time",
            "operators": [
              "equals",
              "not_equals",
              "contains"
            ]
          }
        },
        "main_output_field": "ShardIterator",
        "item_fields": []
      },
      {
        "operation": "IncreaseStreamRetentionPeriod",
        "python_method": "increase_stream_retention_period",
        "yaml_action": "increase_stream_retention_period",
        "required_params": [
          "RetentionPeriodHours"
        ],
        "optional_params": [
          "StreamName",
          "StreamARN"
        ],
        "total_optional": 2,
        "output_fields": {},
        "main_output_field": null,
        "item_fields": []
      },
      {
        "operation": "ListStreamConsumers",
        "python_method": "list_stream_consumers",
        "yaml_action": "list_stream_consumers",
        "required_params": [
          "StreamARN"
        ],
        "optional_params": [
          "NextToken",
          "MaxResults",
          "StreamCreationTimestamp"
        ],
        "total_optional": 3,
        "output_fields": {
          "Consumers": {
            "type": "string",
            "description": "Consumers details",
            "compliance_category": "general",
            "operators": [
              "equals",
              "not_equals",
              "contains"
            ]
          },
          "NextToken": {
            "type": "string",
            "description": "NextToken details",
            "compliance_category": "general",
            "operators": [
              "equals",
              "not_equals",
              "contains"
            ],
            "security_impact": "high"
          }
        },
        "main_output_field": "Consumers",
        "item_fields": {
          "ConsumerName": {
            "type": "string",
            "description": "Consumer name",
            "compliance_category": "general",
            "format": "date-time"
          },
          "ConsumerARN": {
            "type": "string",
            "description": "Consumer arn",
            "compliance_category": "identity",
            "operators": [
              "equals",
              "not_equals",
              "contains",
              "in",
              "exists"
            ]
          },
          "ConsumerStatus": {
            "type": "string",
            "description": "Consumer status",
            "compliance_category": "general",
            "format": "date-time"
          },
          "ConsumerCreationTimestamp": {
            "type": "string",
            "description": "Consumer creation timestamp",
            "compliance_category": "general",
            "format": "date-time"
          }
        }
      },
      {
        "operation": "ListTagsForResource",
        "python_method": "list_tags_for_resource",
        "yaml_action": "list_tags_for_resource",
        "required_params": [
          "ResourceARN"
        ],
        "optional_params": [],
        "total_optional": 0,
        "output_fields": {
          "Tags": {
            "type": "string",
            "description": "Tags details",
            "compliance_category": "general",
            "operators": [
              "equals",
              "not_equals",
              "contains"
            ]
          }
        },
        "main_output_field": "Tags",
        "item_fields": {
          "Key": {
            "type": "string",
            "description": "Key",
            "compliance_category": "security",
            "security_impact": "high"
          },
          "Value": {
            "type": "string",
            "description": "Value",
            "compliance_category": "general"
          }
        }
      },
      {
        "operation": "MergeShards",
        "python_method": "merge_shards",
        "yaml_action": "merge_shards",
        "required_params": [
          "ShardToMerge",
          "AdjacentShardToMerge"
        ],
        "optional_params": [
          "StreamName",
          "StreamARN"
        ],
        "total_optional": 2,
        "output_fields": {},
        "main_output_field": null,
        "item_fields": []
      },
      {
        "operation": "PutRecord",
        "python_method": "put_record",
        "yaml_action": "put_record",
        "required_params": [
          "Data",
          "PartitionKey"
        ],
        "optional_params": [
          "StreamName",
          "ExplicitHashKey",
          "SequenceNumberForOrdering",
          "StreamARN"
        ],
        "total_optional": 4,
        "output_fields": {
          "ShardId": {
            "type": "string",
            "description": "ShardId details",
            "compliance_category": "identity",
            "operators": [
              "equals",
              "not_equals",
              "contains",
              "in",
              "exists"
            ]
          },
          "SequenceNumber": {
            "type": "integer",
            "description": "SequenceNumber details",
            "compliance_category": "general",
            "operators": [
              "equals",
              "not_equals",
              "contains"
            ]
          },
          "EncryptionType": {
            "type": "string",
            "description": "EncryptionType details",
            "compliance_category": "general",
            "operators": [
              "equals",
              "not_equals",
              "contains"
            ]
          }
        },
        "main_output_field": "ShardId",
        "item_fields": []
      },
      {
        "operation": "PutRecords",
        "python_method": "put_records",
        "yaml_action": "put_records",
        "required_params": [
          "Records"
        ],
        "optional_params": [
          "StreamName",
          "StreamARN"
        ],
        "total_optional": 2,
        "output_fields": {
          "FailedRecordCount": {
            "type": "integer",
            "description": "FailedRecordCount details",
            "compliance_category": "general",
            "operators": [
              "equals",
              "not_equals",
              "contains"
            ]
          },
          "Records": {
            "type": "string",
            "description": "Records details",
            "compliance_category": "general",
            "operators": [
              "equals",
              "not_equals",
              "contains"
            ]
          },
          "EncryptionType": {
            "type": "string",
            "description": "EncryptionType details",
            "compliance_category": "general",
            "operators": [
              "equals",
              "not_equals",
              "contains"
            ]
          }
        },
        "main_output_field": "Records",
        "item_fields": {
          "SequenceNumber": {
            "type": "integer",
            "description": "Sequence number",
            "compliance_category": "general"
          },
          "ShardId": {
            "type": "string",
            "description": "Shard id",
            "compliance_category": "identity",
            "operators": [
              "equals",
              "not_equals",
              "in",
              "exists"
            ]
          },
          "ErrorCode": {
            "type": "string",
            "description": "Error code",
            "compliance_category": "general"
          },
          "ErrorMessage": {
            "type": "string",
            "description": "Error message",
            "compliance_category": "general"
          }
        }
      },
      {
        "operation": "PutResourcePolicy",
        "python_method": "put_resource_policy",
        "yaml_action": "put_resource_policy",
        "required_params": [
          "ResourceARN",
          "Policy"
        ],
        "optional_params": [],
        "total_optional": 0,
        "output_fields": {},
        "main_output_field": null,
        "item_fields": []
      },
      {
        "operation": "RegisterStreamConsumer",
        "python_method": "register_stream_consumer",
        "yaml_action": "register_stream_consumer",
        "required_params": [
          "StreamARN",
          "ConsumerName"
        ],
        "optional_params": [
          "Tags"
        ],
        "total_optional": 1,
        "output_fields": {
          "Consumer": {
            "type": "string",
            "description": "Consumer details",
            "compliance_category": "general",
            "operators": [
              "equals",
              "not_equals",
              "contains"
            ]
          }
        },
        "main_output_field": "Consumer",
        "item_fields": {
          "ConsumerName": {
            "type": "string",
            "description": "Consumer name",
            "compliance_category": "general",
            "format": "date-time"
          },
          "ConsumerARN": {
            "type": "string",
            "description": "Consumer arn",
            "compliance_category": "identity",
            "operators": [
              "equals",
              "not_equals",
              "contains",
              "in",
              "exists"
            ]
          },
          "ConsumerStatus": {
            "type": "string",
            "description": "Consumer status",
            "compliance_category": "general",
            "format": "date-time"
          },
          "ConsumerCreationTimestamp": {
            "type": "string",
            "description": "Consumer creation timestamp",
            "compliance_category": "general",
            "format": "date-time"
          }
        }
      },
      {
        "operation": "RemoveTagsFromStream",
        "python_method": "remove_tags_from_stream",
        "yaml_action": "remove_tags_from_stream",
        "required_params": [
          "TagKeys"
        ],
        "optional_params": [
          "StreamName",
          "StreamARN"
        ],
        "total_optional": 2,
        "output_fields": {},
        "main_output_field": null,
        "item_fields": []
      },
      {
        "operation": "SplitShard",
        "python_method": "split_shard",
        "yaml_action": "split_shard",
        "required_params": [
          "ShardToSplit",
          "NewStartingHashKey"
        ],
        "optional_params": [
          "StreamName",
          "StreamARN"
        ],
        "total_optional": 2,
        "output_fields": {},
        "main_output_field": null,
        "item_fields": []
      },
      {
        "operation": "StartStreamEncryption",
        "python_method": "start_stream_encryption",
        "yaml_action": "start_stream_encryption",
        "required_params": [
          "EncryptionType",
          "KeyId"
        ],
        "optional_params": [
          "StreamName",
          "StreamARN"
        ],
        "total_optional": 2,
        "output_fields": {},
        "main_output_field": null,
        "item_fields": []
      },
      {
        "operation": "StopStreamEncryption",
        "python_method": "stop_stream_encryption",
        "yaml_action": "stop_stream_encryption",
        "required_params": [
          "EncryptionType",
          "KeyId"
        ],
        "optional_params": [
          "StreamName",
          "StreamARN"
        ],
        "total_optional": 2,
        "output_fields": {},
        "main_output_field": null,
        "item_fields": []
      },
      {
        "operation": "SubscribeToShard",
        "python_method": "subscribe_to_shard",
        "yaml_action": "subscribe_to_shard",
        "required_params": [
          "ConsumerARN",
          "ShardId",
          "StartingPosition"
        ],
        "optional_params": [],
        "total_optional": 0,
        "output_fields": {
          "EventStream": {
            "type": "string",
            "description": "EventStream details",
            "compliance_category": "general",
            "operators": [
              "equals",
              "not_equals",
              "contains"
            ]
          }
        },
        "main_output_field": "EventStream",
        "item_fields": {
          "SubscribeToShardEvent": {
            "type": "string",
            "description": "Subscribe to shard event",
            "compliance_category": "general"
          },
          "ResourceNotFoundException": {
            "type": "string",
            "description": "Resource not found exception",
            "compliance_category": "general",
            "format": "date-time"
          },
          "ResourceInUseException": {
            "type": "string",
            "description": "Resource in use exception",
            "compliance_category": "general",
            "format": "date-time"
          },
          "KMSDisabledException": {
            "type": "string",
            "description": "Kms disabled exception",
            "compliance_category": "general",
            "format": "date-time"
          },
          "KMSInvalidStateException": {
            "type": "string",
            "description": "Kms invalid state exception",
            "compliance_category": "identity",
            "operators": [
              "equals",
              "not_equals",
              "in",
              "exists"
            ]
          },
          "KMSAccessDeniedException": {
            "type": "string",
            "description": "Kms access denied exception",
            "compliance_category": "general",
            "format": "date-time"
          },
          "KMSNotFoundException": {
            "type": "string",
            "description": "Kms not found exception",
            "compliance_category": "general",
            "format": "date-time"
          },
          "KMSOptInRequired": {
            "type": "string",
            "description": "Kms opt in required",
            "compliance_category": "general"
          },
          "KMSThrottlingException": {
            "type": "string",
            "description": "Kms throttling exception",
            "compliance_category": "general",
            "format": "date-time"
          },
          "InternalFailureException": {
            "type": "string",
            "description": "Internal failure exception",
            "compliance_category": "general",
            "format": "date-time"
          }
        }
      },
      {
        "operation": "TagResource",
        "python_method": "tag_resource",
        "yaml_action": "tag_resource",
        "required_params": [
          "Tags",
          "ResourceARN"
        ],
        "optional_params": [],
        "total_optional": 0,
        "output_fields": {},
        "main_output_field": null,
        "item_fields": []
      },
      {
        "operation": "UntagResource",
        "python_method": "untag_resource",
        "yaml_action": "untag_resource",
        "required_params": [
          "TagKeys",
          "ResourceARN"
        ],
        "optional_params": [],
        "total_optional": 0,
        "output_fields": {},
        "main_output_field": null,
        "item_fields": []
      },
      {
        "operation": "UpdateAccountSettings",
        "python_method": "update_account_settings",
        "yaml_action": "update_account_settings",
        "required_params": [
          "MinimumThroughputBillingCommitment"
        ],
        "optional_params": [],
        "total_optional": 0,
        "output_fields": {
          "MinimumThroughputBillingCommitment": {
            "type": "integer",
            "description": "MinimumThroughputBillingCommitment details",
            "compliance_category": "general",
            "operators": [
              "equals",
              "not_equals",
              "contains"
            ]
          }
        },
        "main_output_field": "MinimumThroughputBillingCommitment",
        "item_fields": {
          "Status": {
            "type": "string",
            "description": "Status",
            "compliance_category": "general",
            "format": "date-time"
          },
          "StartedAt": {
            "type": "string",
            "description": "Started at",
            "compliance_category": "general",
            "format": "date-time"
          },
          "EndedAt": {
            "type": "string",
            "description": "Ended at",
            "compliance_category": "general",
            "format": "date-time"
          },
          "EarliestAllowedEndAt": {
            "type": "string",
            "description": "Earliest allowed end at",
            "compliance_category": "general",
            "format": "date-time"
          }
        }
      },
      {
        "operation": "UpdateMaxRecordSize",
        "python_method": "update_max_record_size",
        "yaml_action": "update_max_record_size",
        "required_params": [
          "MaxRecordSizeInKiB"
        ],
        "optional_params": [
          "StreamARN"
        ],
        "total_optional": 1,
        "output_fields": {},
        "main_output_field": null,
        "item_fields": []
      },
      {
        "operation": "UpdateShardCount",
        "python_method": "update_shard_count",
        "yaml_action": "update_shard_count",
        "required_params": [
          "TargetShardCount",
          "ScalingType"
        ],
        "optional_params": [
          "StreamName",
          "StreamARN"
        ],
        "total_optional": 2,
        "output_fields": {
          "StreamName": {
            "type": "string",
            "description": "StreamName details",
            "compliance_category": "identity",
            "operators": [
              "equals",
              "not_equals",
              "contains",
              "in",
              "exists"
            ]
          },
          "CurrentShardCount": {
            "type": "integer",
            "description": "CurrentShardCount details",
            "compliance_category": "general",
            "operators": [
              "equals",
              "not_equals",
              "contains"
            ]
          },
          "TargetShardCount": {
            "type": "integer",
            "description": "TargetShardCount details",
            "compliance_category": "general",
            "operators": [
              "equals",
              "not_equals",
              "contains"
            ]
          },
          "StreamARN": {
            "type": "string",
            "description": "StreamARN details",
            "compliance_category": "identity",
            "operators": [
              "equals",
              "not_equals",
              "contains",
              "in",
              "exists"
            ]
          }
        },
        "main_output_field": "StreamName",
        "item_fields": []
      },
      {
        "operation": "UpdateStreamMode",
        "python_method": "update_stream_mode",
        "yaml_action": "update_stream_mode",
        "required_params": [
          "StreamARN",
          "StreamModeDetails"
        ],
        "optional_params": [
          "WarmThroughputMiBps"
        ],
        "total_optional": 1,
        "output_fields": {},
        "main_output_field": null,
        "item_fields": []
      },
      {
        "operation": "UpdateStreamWarmThroughput",
        "python_method": "update_stream_warm_throughput",
        "yaml_action": "update_stream_warm_throughput",
        "required_params": [
          "WarmThroughputMiBps"
        ],
        "optional_params": [
          "StreamARN",
          "StreamName"
        ],
        "total_optional": 2,
        "output_fields": {
          "StreamARN": {
            "type": "string",
            "description": "StreamARN details",
            "compliance_category": "identity",
            "operators": [
              "equals",
              "not_equals",
              "contains",
              "in",
              "exists"
            ]
          },
          "StreamName": {
            "type": "string",
            "description": "StreamName details",
            "compliance_category": "identity",
            "operators": [
              "equals",
              "not_equals",
              "contains",
              "in",
              "exists"
            ]
          },
          "WarmThroughput": {
            "type": "string",
            "description": "WarmThroughput details",
            "compliance_category": "general",
            "operators": [
              "equals",
              "not_equals",
              "contains"
            ]
          }
        },
        "main_output_field": "WarmThroughput",
        "item_fields": {
          "TargetMiBps": {
            "type": "string",
            "description": "Target mi bps",
            "compliance_category": "general"
          },
          "CurrentMiBps": {
            "type": "string",
            "description": "Current mi bps",
            "compliance_category": "general"
          }
        }
      }
    ],
    "independent_count": 10,
    "dependent_count": 29
  }
}