{
  "service": "kinesis",
  "issues": {
    "generic_entities": {},
    "ambiguous_tokens": {},
    "unresolved_consumes": [],
    "suspicious_paths": []
  },
  "alias_candidates_not_applied": [],
  "suggested_overrides": [
    {
      "operation": "ListStreamConsumers",
      "type": "produces",
      "key": "Consumers[].ConsumerARN",
      "suggested_entity": "kinesis.stream_arn",
      "confidence": "MEDIUM",
      "reason": "Param 'StreamARN' and output field 'ConsumerARN' match but map to different entities. Suggest unifying to consume entity."
    },
    {
      "operation": "RegisterStreamConsumer",
      "type": "produces",
      "key": "Consumer.ConsumerARN",
      "suggested_entity": "kinesis.stream_arn",
      "confidence": "MEDIUM",
      "reason": "Param 'StreamARN' and output field 'ConsumerARN' match but map to different entities. Suggest unifying to consume entity."
    }
  ]
}