{
  "service": "kinesis",
  "version": "1.0",
  "kind_rules": {
    "read_list": ["List"],
    "read_get": ["Get", "Describe"],
    "write_create": ["Create", "Start", "Generate", "Import", "Enable", "Register"],
    "write_update": ["Update", "Modify", "Put", "Set", "Change", "Reset", "Patch"],
    "write_delete": ["Delete", "Remove", "Terminate", "Destroy", "Disable", "Detach", "Disassociate", "Untag", "Revoke"],
    "write_apply": ["Apply", "Attach", "Associate", "Add", "Tag", "Authorize", "Unauthorize", "Grant"],
    "other": ["default"]
  },
  "entity_aliases": {
    "kinesis.consumer_description_consumer_name": "kinesis.consumer_name",
    "kinesis.shard_adjacent_parent_shard_id": "kinesis.shard_id",
    "kinesis.record_shard_id": "kinesis.shard_id",
    "kinesis.shard_parent_shard_id": "kinesis.shard_id",
    "kinesis.consumer_description_stream_arn": "kinesis.stream_arn",
    "kinesis.consumer_description_consumer_arn": "kinesis.consumer_arn",
    "kinesis.stream_description_key_id": "kinesis.key_id",
    "kinesis.stream_description_stream_arn": "kinesis.stream_arn",
    "kinesis.stream_description_stream_name": "kinesis.stream_name",
    "kinesis.stream_description_summary": "kinesis.stream_description"
  },
  "overrides": {},
  "operations": {
    "DeleteStream": {
      "kind": "write_delete",
      "side_effect": true,
      "sdk": {"client": "kinesis", "method": "delete_stream"},
      "consumes": [],
      "produces": [],
      "notes": ""
    },
    "DeregisterStreamConsumer": {
      "kind": "other",
      "side_effect": true,
      "sdk": {"client": "kinesis", "method": "deregister_stream_consumer"},
      "consumes": [],
      "produces": [],
      "notes": ""
    },
    "DescribeAccountSettings": {
      "kind": "read_get",
      "side_effect": false,
      "sdk": {"client": "kinesis", "method": "describe_account_settings"},
      "consumes": [],
      "produces": [{"entity": "kinesis.minimum_throughput_billing_commitment", "source": "output", "path": "MinimumThroughputBillingCommitment"}, {"entity": "kinesis.minimum_throughput_billing_commitment_status", "source": "item", "path": "MinimumThroughputBillingCommitment.Status"}, {"entity": "kinesis.minimum_throughput_billing_commitment_started_at", "source": "item", "path": "MinimumThroughputBillingCommitment.StartedAt"}, {"entity": "kinesis.minimum_throughput_billing_commitment_ended_at", "source": "item", "path": "MinimumThroughputBillingCommitment.EndedAt"}, {"entity": "kinesis.minimum_throughput_billing_commitment_earliest_allowed_end_at", "source": "item", "path": "MinimumThroughputBillingCommitment.EarliestAllowedEndAt"}],
      "notes": ""
    },
    "DescribeLimits": {
      "kind": "read_get",
      "side_effect": false,
      "sdk": {"client": "kinesis", "method": "describe_limits"},
      "consumes": [],
      "produces": [{"entity": "kinesis.shard_limit", "source": "output", "path": "ShardLimit"}, {"entity": "kinesis.open_shard_count", "source": "output", "path": "OpenShardCount"}, {"entity": "kinesis.on_demand_stream_count", "source": "output", "path": "OnDemandStreamCount"}, {"entity": "kinesis.on_demand_stream_count_limit", "source": "output", "path": "OnDemandStreamCountLimit"}],
      "notes": ""
    },
    "DescribeStream": {
      "kind": "read_get",
      "side_effect": false,
      "sdk": {"client": "kinesis", "method": "describe_stream"},
      "consumes": [],
      "produces": [{"entity": "kinesis.stream_description", "source": "output", "path": "StreamDescription"}, {"entity": "kinesis.stream_name", "source": "item", "path": "StreamDescription.StreamName"}, {"entity": "kinesis.stream_arn", "source": "item", "path": "StreamDescription.StreamARN"}, {"entity": "kinesis.stream_description_stream_status", "source": "item", "path": "StreamDescription.StreamStatus"}, {"entity": "kinesis.stream_description_stream_mode_details", "source": "item", "path": "StreamDescription.StreamModeDetails"}, {"entity": "kinesis.stream_description_shards", "source": "item", "path": "StreamDescription.Shards"}, {"entity": "kinesis.stream_description_has_more_shards", "source": "item", "path": "StreamDescription.HasMoreShards"}, {"entity": "kinesis.stream_description_retention_period_hours", "source": "item", "path": "StreamDescription.RetentionPeriodHours"}, {"entity": "kinesis.stream_description_stream_creation_timestamp", "source": "item", "path": "StreamDescription.StreamCreationTimestamp"}, {"entity": "kinesis.stream_description_enhanced_monitoring", "source": "item", "path": "StreamDescription.EnhancedMonitoring"}, {"entity": "kinesis.stream_description_encryption_type", "source": "item", "path": "StreamDescription.EncryptionType"}, {"entity": "kinesis.key_id", "source": "item", "path": "StreamDescription.KeyId"}],
      "notes": ""
    },
    "DescribeStreamConsumer": {
      "kind": "read_get",
      "side_effect": false,
      "sdk": {"client": "kinesis", "method": "describe_stream_consumer"},
      "consumes": [],
      "produces": [{"entity": "kinesis.consumer_description", "source": "output", "path": "ConsumerDescription"}, {"entity": "kinesis.consumer_name", "source": "item", "path": "ConsumerDescription.ConsumerName"}, {"entity": "kinesis.consumer_arn", "source": "item", "path": "ConsumerDescription.ConsumerARN"}, {"entity": "kinesis.consumer_description_consumer_status", "source": "item", "path": "ConsumerDescription.ConsumerStatus"}, {"entity": "kinesis.consumer_description_consumer_creation_timestamp", "source": "item", "path": "ConsumerDescription.ConsumerCreationTimestamp"}, {"entity": "kinesis.stream_arn", "source": "item", "path": "ConsumerDescription.StreamARN"}],
      "notes": ""
    },
    "DescribeStreamSummary": {
      "kind": "read_get",
      "side_effect": false,
      "sdk": {"client": "kinesis", "method": "describe_stream_summary"},
      "consumes": [],
      "produces": [{"entity": "kinesis.stream_description", "source": "output", "path": "StreamDescriptionSummary"}, {"entity": "kinesis.stream_name", "source": "item", "path": "StreamDescriptionSummary.StreamName"}, {"entity": "kinesis.stream_arn", "source": "item", "path": "StreamDescriptionSummary.StreamARN"}, {"entity": "kinesis.stream_description_stream_status", "source": "item", "path": "StreamDescriptionSummary.StreamStatus"}, {"entity": "kinesis.stream_description_stream_mode_details", "source": "item", "path": "StreamDescriptionSummary.StreamModeDetails"}, {"entity": "kinesis.stream_description_retention_period_hours", "source": "item", "path": "StreamDescriptionSummary.RetentionPeriodHours"}, {"entity": "kinesis.stream_description_stream_creation_timestamp", "source": "item", "path": "StreamDescriptionSummary.StreamCreationTimestamp"}, {"entity": "kinesis.stream_description_enhanced_monitoring", "source": "item", "path": "StreamDescriptionSummary.EnhancedMonitoring"}, {"entity": "kinesis.stream_description_encryption_type", "source": "item", "path": "StreamDescriptionSummary.EncryptionType"}, {"entity": "kinesis.key_id", "source": "item", "path": "StreamDescriptionSummary.KeyId"}, {"entity": "kinesis.stream_description_open_shard_count", "source": "item", "path": "StreamDescriptionSummary.OpenShardCount"}, {"entity": "kinesis.stream_description_consumer_count", "source": "item", "path": "StreamDescriptionSummary.ConsumerCount"}, {"entity": "kinesis.stream_description_warm_throughput", "source": "item", "path": "StreamDescriptionSummary.WarmThroughput"}, {"entity": "kinesis.stream_description_max_record_size_in_ki_b", "source": "item", "path": "StreamDescriptionSummary.MaxRecordSizeInKiB"}],
      "notes": ""
    },
    "ListShards": {
      "kind": "read_list",
      "side_effect": false,
      "sdk": {"client": "kinesis", "method": "list_shards"},
      "consumes": [],
      "produces": [{"entity": "kinesis.shards", "source": "output", "path": "Shards"}, {"entity": "kinesis.next_token", "source": "output", "path": "NextToken"}, {"entity": "kinesis.shard_id", "source": "item", "path": "Shards[].ShardId"}, {"entity": "kinesis.shard_id", "source": "item", "path": "Shards[].ParentShardId"}, {"entity": "kinesis.shard_id", "source": "item", "path": "Shards[].AdjacentParentShardId"}, {"entity": "kinesis.shard_hash_key_range", "source": "item", "path": "Shards[].HashKeyRange"}, {"entity": "kinesis.shard_sequence_number_range", "source": "item", "path": "Shards[].SequenceNumberRange"}],
      "notes": ""
    },
    "ListStreams": {
      "kind": "read_list",
      "side_effect": false,
      "sdk": {"client": "kinesis", "method": "list_streams"},
      "consumes": [],
      "produces": [{"entity": "kinesis.stream_names", "source": "output", "path": "StreamNames"}, {"entity": "kinesis.has_more_streams", "source": "output", "path": "HasMoreStreams"}, {"entity": "kinesis.next_token", "source": "output", "path": "NextToken"}, {"entity": "kinesis.stream_summaries", "source": "output", "path": "StreamSummaries"}],
      "notes": ""
    },
    "ListTagsForStream": {
      "kind": "read_list",
      "side_effect": false,
      "sdk": {"client": "kinesis", "method": "list_tags_for_stream"},
      "consumes": [],
      "produces": [{"entity": "kinesis.tags", "source": "output", "path": "Tags"}, {"entity": "kinesis.has_more_tags", "source": "output", "path": "HasMoreTags"}, {"entity": "kinesis.tag_key", "source": "item", "path": "Tags[].Key"}, {"entity": "kinesis.tag_value", "source": "item", "path": "Tags[].Value"}],
      "notes": ""
    },
    "AddTagsToStream": {
      "kind": "write_apply",
      "side_effect": true,
      "sdk": {"client": "kinesis", "method": "add_tags_to_stream"},
      "consumes": [{"entity": "kinesis.tags", "param": "Tags", "required": true, "source": "internal"}],
      "produces": [],
      "notes": ""
    },
    "CreateStream": {
      "kind": "write_create",
      "side_effect": true,
      "sdk": {"client": "kinesis", "method": "create_stream"},
      "consumes": [{"entity": "kinesis.stream_name", "param": "StreamName", "required": true, "source": "internal"}],
      "produces": [],
      "notes": ""
    },
    "DecreaseStreamRetentionPeriod": {
      "kind": "other",
      "side_effect": true,
      "sdk": {"client": "kinesis", "method": "decrease_stream_retention_period"},
      "consumes": [{"entity": "kinesis.retention_period_hours", "param": "RetentionPeriodHours", "required": true, "source": "external"}],
      "produces": [],
      "notes": ""
    },
    "DeleteResourcePolicy": {
      "kind": "write_delete",
      "side_effect": true,
      "sdk": {"client": "kinesis", "method": "delete_resource_policy"},
      "consumes": [{"entity": "kinesis.resource_arn", "param": "ResourceARN", "required": true, "source": "external"}],
      "produces": [],
      "notes": ""
    },
    "DisableEnhancedMonitoring": {
      "kind": "write_delete",
      "side_effect": true,
      "sdk": {"client": "kinesis", "method": "disable_enhanced_monitoring"},
      "consumes": [{"entity": "kinesis.shard_level_metrics", "param": "ShardLevelMetrics", "required": true, "source": "external"}],
      "produces": [{"entity": "kinesis.stream_name", "source": "output", "path": "StreamName"}, {"entity": "kinesis.current_shard_level_metrics", "source": "output", "path": "CurrentShardLevelMetrics"}, {"entity": "kinesis.desired_shard_level_metrics", "source": "output", "path": "DesiredShardLevelMetrics"}, {"entity": "kinesis.stream_arn", "source": "output", "path": "StreamARN"}],
      "notes": ""
    },
    "EnableEnhancedMonitoring": {
      "kind": "write_create",
      "side_effect": true,
      "sdk": {"client": "kinesis", "method": "enable_enhanced_monitoring"},
      "consumes": [{"entity": "kinesis.shard_level_metrics", "param": "ShardLevelMetrics", "required": true, "source": "external"}],
      "produces": [{"entity": "kinesis.stream_name", "source": "output", "path": "StreamName"}, {"entity": "kinesis.current_shard_level_metrics", "source": "output", "path": "CurrentShardLevelMetrics"}, {"entity": "kinesis.desired_shard_level_metrics", "source": "output", "path": "DesiredShardLevelMetrics"}, {"entity": "kinesis.stream_arn", "source": "output", "path": "StreamARN"}],
      "notes": ""
    },
    "GetRecords": {
      "kind": "read_get",
      "side_effect": false,
      "sdk": {"client": "kinesis", "method": "get_records"},
      "consumes": [{"entity": "kinesis.shard_iterator", "param": "ShardIterator", "required": true, "source": "internal"}],
      "produces": [{"entity": "kinesis.records", "source": "output", "path": "Records"}, {"entity": "kinesis.next_shard_iterator", "source": "output", "path": "NextShardIterator"}, {"entity": "kinesis.millis_behind_latest", "source": "output", "path": "MillisBehindLatest"}, {"entity": "kinesis.child_shards", "source": "output", "path": "ChildShards"}, {"entity": "kinesis.record_sequence_number", "source": "item", "path": "Records.SequenceNumber"}, {"entity": "kinesis.record_approximate_arrival_timestamp", "source": "item", "path": "Records.ApproximateArrivalTimestamp"}, {"entity": "kinesis.record_data", "source": "item", "path": "Records.Data"}, {"entity": "kinesis.record_partition_key", "source": "item", "path": "Records.PartitionKey"}, {"entity": "kinesis.record_encryption_type", "source": "item", "path": "Records.EncryptionType"}],
      "notes": ""
    },
    "GetResourcePolicy": {
      "kind": "read_get",
      "side_effect": false,
      "sdk": {"client": "kinesis", "method": "get_resource_policy"},
      "consumes": [{"entity": "kinesis.resource_arn", "param": "ResourceARN", "required": true, "source": "external"}],
      "produces": [{"entity": "kinesis.policy", "source": "output", "path": "Policy"}],
      "notes": ""
    },
    "GetShardIterator": {
      "kind": "read_get",
      "side_effect": false,
      "sdk": {"client": "kinesis", "method": "get_shard_iterator"},
      "consumes": [{"entity": "kinesis.shard_id", "param": "ShardId", "required": true, "source": "internal"}, {"entity": "kinesis.shard_iterator_type", "param": "ShardIteratorType", "required": true, "source": "external"}],
      "produces": [{"entity": "kinesis.shard_iterator", "source": "output", "path": "ShardIterator"}],
      "notes": ""
    },
    "IncreaseStreamRetentionPeriod": {
      "kind": "other",
      "side_effect": true,
      "sdk": {"client": "kinesis", "method": "increase_stream_retention_period"},
      "consumes": [{"entity": "kinesis.retention_period_hours", "param": "RetentionPeriodHours", "required": true, "source": "external"}],
      "produces": [],
      "notes": ""
    },
    "ListStreamConsumers": {
      "kind": "read_list",
      "side_effect": false,
      "sdk": {"client": "kinesis", "method": "list_stream_consumers"},
      "consumes": [{"entity": "kinesis.stream_arn", "param": "StreamARN", "required": true, "source": "internal"}],
      "produces": [{"entity": "kinesis.consumers", "source": "output", "path": "Consumers"}, {"entity": "kinesis.next_token", "source": "output", "path": "NextToken"}, {"entity": "kinesis.consumer_name", "source": "item", "path": "Consumers[].ConsumerName"}, {"entity": "kinesis.consumer_arn", "source": "item", "path": "Consumers[].ConsumerARN"}, {"entity": "kinesis.consumer_status", "source": "item", "path": "Consumers[].ConsumerStatus"}, {"entity": "kinesis.consumer_creation_timestamp", "source": "item", "path": "Consumers[].ConsumerCreationTimestamp"}],
      "notes": ""
    },
    "ListTagsForResource": {
      "kind": "read_list",
      "side_effect": false,
      "sdk": {"client": "kinesis", "method": "list_tags_for_resource"},
      "consumes": [{"entity": "kinesis.resource_arn", "param": "ResourceARN", "required": true, "source": "external"}],
      "produces": [{"entity": "kinesis.tags", "source": "output", "path": "Tags"}, {"entity": "kinesis.tag_key", "source": "item", "path": "Tags[].Key"}, {"entity": "kinesis.tag_value", "source": "item", "path": "Tags[].Value"}],
      "notes": ""
    },
    "MergeShards": {
      "kind": "other",
      "side_effect": true,
      "sdk": {"client": "kinesis", "method": "merge_shards"},
      "consumes": [{"entity": "kinesis.shard_to_merge", "param": "ShardToMerge", "required": true, "source": "external"}, {"entity": "kinesis.adjacent_shard_to_merge", "param": "AdjacentShardToMerge", "required": true, "source": "external"}],
      "produces": [],
      "notes": ""
    },
    "PutRecord": {
      "kind": "write_update",
      "side_effect": true,
      "sdk": {"client": "kinesis", "method": "put_record"},
      "consumes": [{"entity": "kinesis.data", "param": "Data", "required": true, "source": "external"}, {"entity": "kinesis.partition_key", "param": "PartitionKey", "required": true, "source": "external"}],
      "produces": [{"entity": "kinesis.shard_id", "source": "output", "path": "ShardId"}, {"entity": "kinesis.sequence_number", "source": "output", "path": "SequenceNumber"}, {"entity": "kinesis.encryption_type", "source": "output", "path": "EncryptionType"}],
      "notes": ""
    },
    "PutRecords": {
      "kind": "write_update",
      "side_effect": true,
      "sdk": {"client": "kinesis", "method": "put_records"},
      "consumes": [{"entity": "kinesis.records", "param": "Records", "required": true, "source": "internal"}],
      "produces": [{"entity": "kinesis.failed_record_count", "source": "output", "path": "FailedRecordCount"}, {"entity": "kinesis.records", "source": "output", "path": "Records"}, {"entity": "kinesis.encryption_type", "source": "output", "path": "EncryptionType"}, {"entity": "kinesis.record_sequence_number", "source": "item", "path": "Records.SequenceNumber"}, {"entity": "kinesis.shard_id", "source": "item", "path": "Records.ShardId"}, {"entity": "kinesis.record_error_code", "source": "item", "path": "Records.ErrorCode"}, {"entity": "kinesis.record_error_message", "source": "item", "path": "Records.ErrorMessage"}],
      "notes": ""
    },
    "PutResourcePolicy": {
      "kind": "write_update",
      "side_effect": true,
      "sdk": {"client": "kinesis", "method": "put_resource_policy"},
      "consumes": [{"entity": "kinesis.resource_arn", "param": "ResourceARN", "required": true, "source": "external"}, {"entity": "kinesis.policy", "param": "Policy", "required": true, "source": "internal"}],
      "produces": [],
      "notes": ""
    },
    "RegisterStreamConsumer": {
      "kind": "write_create",
      "side_effect": true,
      "sdk": {"client": "kinesis", "method": "register_stream_consumer"},
      "consumes": [{"entity": "kinesis.stream_arn", "param": "StreamARN", "required": true, "source": "internal"}, {"entity": "kinesis.consumer_name", "param": "ConsumerName", "required": true, "source": "internal"}],
      "produces": [{"entity": "kinesis.consumer", "source": "output", "path": "Consumer"}, {"entity": "kinesis.consumer_name", "source": "item", "path": "Consumer.ConsumerName"}, {"entity": "kinesis.consumer_arn", "source": "item", "path": "Consumer.ConsumerARN"}, {"entity": "kinesis.consumer_status", "source": "item", "path": "Consumer.ConsumerStatus"}, {"entity": "kinesis.consumer_creation_timestamp", "source": "item", "path": "Consumer.ConsumerCreationTimestamp"}],
      "notes": ""
    },
    "RemoveTagsFromStream": {
      "kind": "write_delete",
      "side_effect": true,
      "sdk": {"client": "kinesis", "method": "remove_tags_from_stream"},
      "consumes": [{"entity": "kinesis.tag_keys", "param": "TagKeys", "required": true, "source": "external"}],
      "produces": [],
      "notes": ""
    },
    "SplitShard": {
      "kind": "other",
      "side_effect": true,
      "sdk": {"client": "kinesis", "method": "split_shard"},
      "consumes": [{"entity": "kinesis.shard_to_split", "param": "ShardToSplit", "required": true, "source": "external"}, {"entity": "kinesis.new_starting_hash_key", "param": "NewStartingHashKey", "required": true, "source": "external"}],
      "produces": [],
      "notes": ""
    },
    "StartStreamEncryption": {
      "kind": "write_create",
      "side_effect": true,
      "sdk": {"client": "kinesis", "method": "start_stream_encryption"},
      "consumes": [{"entity": "kinesis.encryption_type", "param": "EncryptionType", "required": true, "source": "internal"}, {"entity": "kinesis.key_id", "param": "KeyId", "required": true, "source": "internal"}],
      "produces": [],
      "notes": ""
    },
    "StopStreamEncryption": {
      "kind": "other",
      "side_effect": true,
      "sdk": {"client": "kinesis", "method": "stop_stream_encryption"},
      "consumes": [{"entity": "kinesis.encryption_type", "param": "EncryptionType", "required": true, "source": "internal"}, {"entity": "kinesis.key_id", "param": "KeyId", "required": true, "source": "internal"}],
      "produces": [],
      "notes": ""
    },
    "SubscribeToShard": {
      "kind": "other",
      "side_effect": true,
      "sdk": {"client": "kinesis", "method": "subscribe_to_shard"},
      "consumes": [{"entity": "kinesis.consumer_arn", "param": "ConsumerARN", "required": true, "source": "internal"}, {"entity": "kinesis.shard_id", "param": "ShardId", "required": true, "source": "internal"}, {"entity": "kinesis.starting_position", "param": "StartingPosition", "required": true, "source": "external"}],
      "produces": [{"entity": "kinesis.event_stream", "source": "output", "path": "EventStream"}, {"entity": "kinesis.event_stream_subscribe_to_shard_event", "source": "item", "path": "EventStream.SubscribeToShardEvent"}, {"entity": "kinesis.event_stream_resource_not_found_exception", "source": "item", "path": "EventStream.ResourceNotFoundException"}, {"entity": "kinesis.event_stream_resource_in_use_exception", "source": "item", "path": "EventStream.ResourceInUseException"}, {"entity": "kinesis.event_stream_kms_disabled_exception", "source": "item", "path": "EventStream.KMSDisabledException"}, {"entity": "kinesis.event_stream_kms_invalid_state_exception", "source": "item", "path": "EventStream.KMSInvalidStateException"}, {"entity": "kinesis.event_stream_kms_access_denied_exception", "source": "item", "path": "EventStream.KMSAccessDeniedException"}, {"entity": "kinesis.event_stream_kms_not_found_exception", "source": "item", "path": "EventStream.KMSNotFoundException"}, {"entity": "kinesis.event_stream_kms_opt_in_required", "source": "item", "path": "EventStream.KMSOptInRequired"}, {"entity": "kinesis.event_stream_kms_throttling_exception", "source": "item", "path": "EventStream.KMSThrottlingException"}, {"entity": "kinesis.event_stream_internal_failure_exception", "source": "item", "path": "EventStream.InternalFailureException"}],
      "notes": ""
    },
    "TagResource": {
      "kind": "write_apply",
      "side_effect": true,
      "sdk": {"client": "kinesis", "method": "tag_resource"},
      "consumes": [{"entity": "kinesis.tags", "param": "Tags", "required": true, "source": "internal"}, {"entity": "kinesis.resource_arn", "param": "ResourceARN", "required": true, "source": "external"}],
      "produces": [],
      "notes": ""
    },
    "UntagResource": {
      "kind": "write_delete",
      "side_effect": true,
      "sdk": {"client": "kinesis", "method": "untag_resource"},
      "consumes": [{"entity": "kinesis.tag_keys", "param": "TagKeys", "required": true, "source": "external"}, {"entity": "kinesis.resource_arn", "param": "ResourceARN", "required": true, "source": "external"}],
      "produces": [],
      "notes": ""
    },
    "UpdateAccountSettings": {
      "kind": "write_update",
      "side_effect": true,
      "sdk": {"client": "kinesis", "method": "update_account_settings"},
      "consumes": [{"entity": "kinesis.minimum_throughput_billing_commitment", "param": "MinimumThroughputBillingCommitment", "required": true, "source": "internal"}],
      "produces": [{"entity": "kinesis.minimum_throughput_billing_commitment", "source": "output", "path": "MinimumThroughputBillingCommitment"}, {"entity": "kinesis.minimum_throughput_billing_commitment_status", "source": "item", "path": "MinimumThroughputBillingCommitment.Status"}, {"entity": "kinesis.minimum_throughput_billing_commitment_started_at", "source": "item", "path": "MinimumThroughputBillingCommitment.StartedAt"}, {"entity": "kinesis.minimum_throughput_billing_commitment_ended_at", "source": "item", "path": "MinimumThroughputBillingCommitment.EndedAt"}, {"entity": "kinesis.minimum_throughput_billing_commitment_earliest_allowed_end_at", "source": "item", "path": "MinimumThroughputBillingCommitment.EarliestAllowedEndAt"}],
      "notes": ""
    },
    "UpdateMaxRecordSize": {
      "kind": "write_update",
      "side_effect": true,
      "sdk": {"client": "kinesis", "method": "update_max_record_size"},
      "consumes": [{"entity": "kinesis.max_record_size_in_ki_b", "param": "MaxRecordSizeInKiB", "required": true, "source": "external"}],
      "produces": [],
      "notes": ""
    },
    "UpdateShardCount": {
      "kind": "write_update",
      "side_effect": true,
      "sdk": {"client": "kinesis", "method": "update_shard_count"},
      "consumes": [{"entity": "kinesis.target_shard_count", "param": "TargetShardCount", "required": true, "source": "internal"}, {"entity": "kinesis.scaling_type", "param": "ScalingType", "required": true, "source": "external"}],
      "produces": [{"entity": "kinesis.stream_name", "source": "output", "path": "StreamName"}, {"entity": "kinesis.current_shard_count", "source": "output", "path": "CurrentShardCount"}, {"entity": "kinesis.target_shard_count", "source": "output", "path": "TargetShardCount"}, {"entity": "kinesis.stream_arn", "source": "output", "path": "StreamARN"}],
      "notes": ""
    },
    "UpdateStreamMode": {
      "kind": "write_update",
      "side_effect": true,
      "sdk": {"client": "kinesis", "method": "update_stream_mode"},
      "consumes": [{"entity": "kinesis.stream_arn", "param": "StreamARN", "required": true, "source": "internal"}, {"entity": "kinesis.stream_mode_details", "param": "StreamModeDetails", "required": true, "source": "external"}],
      "produces": [],
      "notes": ""
    },
    "UpdateStreamWarmThroughput": {
      "kind": "write_update",
      "side_effect": true,
      "sdk": {"client": "kinesis", "method": "update_stream_warm_throughput"},
      "consumes": [{"entity": "kinesis.warm_throughput_mi_bps", "param": "WarmThroughputMiBps", "required": true, "source": "external"}],
      "produces": [{"entity": "kinesis.stream_arn", "source": "output", "path": "StreamARN"}, {"entity": "kinesis.stream_name", "source": "output", "path": "StreamName"}, {"entity": "kinesis.warm_throughput", "source": "output", "path": "WarmThroughput"}, {"entity": "kinesis.warm_throughput_target_mi_bps", "source": "item", "path": "WarmThroughput.TargetMiBps"}, {"entity": "kinesis.warm_throughput_current_mi_bps", "source": "item", "path": "WarmThroughput.CurrentMiBps"}],
      "notes": ""
    }
  }
}