{
  "shield": {
    "service": "shield",
    "total_operations": 36,
    "independent": [
      {
        "operation": "CreateSubscription",
        "python_method": "create_subscription",
        "yaml_action": "create_subscription",
        "required_params": [],
        "optional_params": [],
        "total_optional": 0,
        "output_fields": {},
        "main_output_field": null,
        "item_fields": []
      },
      {
        "operation": "DeleteSubscription",
        "python_method": "delete_subscription",
        "yaml_action": "delete_subscription",
        "required_params": [],
        "optional_params": [],
        "total_optional": 0,
        "output_fields": {},
        "main_output_field": null,
        "item_fields": []
      },
      {
        "operation": "DescribeAttackStatistics",
        "python_method": "describe_attack_statistics",
        "yaml_action": "describe_attack_statistics",
        "required_params": [],
        "optional_params": [],
        "total_optional": 0,
        "output_fields": {
          "TimeRange": {
            "type": "string",
            "description": "TimeRange details",
            "compliance_category": "general",
            "format": "date-time",
            "operators": [
              "equals",
              "not_equals",
              "contains"
            ]
          },
          "DataItems": {
            "type": "string",
            "description": "DataItems details",
            "compliance_category": "general",
            "format": "date-time",
            "operators": [
              "equals",
              "not_equals",
              "contains"
            ]
          }
        },
        "main_output_field": "DataItems",
        "item_fields": {
          "AttackVolume": {
            "type": "string",
            "description": "Attack volume",
            "compliance_category": "general",
            "format": "date-time"
          },
          "AttackCount": {
            "type": "string",
            "description": "Attack count",
            "compliance_category": "general",
            "format": "date-time"
          }
        }
      },
      {
        "operation": "DescribeDRTAccess",
        "python_method": "describe_drt_access",
        "yaml_action": "describe_drt_access",
        "required_params": [],
        "optional_params": [],
        "total_optional": 0,
        "output_fields": {
          "RoleArn": {
            "type": "string",
            "description": "RoleArn details",
            "compliance_category": "identity",
            "operators": [
              "equals",
              "not_equals",
              "contains",
              "in",
              "exists"
            ]
          },
          "LogBucketList": {
            "type": "boolean",
            "description": "LogBucketList details",
            "compliance_category": "general",
            "operators": [
              "equals",
              "not_equals",
              "contains"
            ]
          }
        },
        "main_output_field": "LogBucketList",
        "item_fields": []
      },
      {
        "operation": "DescribeEmergencyContactSettings",
        "python_method": "describe_emergency_contact_settings",
        "yaml_action": "describe_emergency_contact_settings",
        "required_params": [],
        "optional_params": [],
        "total_optional": 0,
        "output_fields": {
          "EmergencyContactList": {
            "type": "boolean",
            "description": "EmergencyContactList details",
            "compliance_category": "general",
            "operators": [
              "equals",
              "not_equals",
              "contains"
            ]
          }
        },
        "main_output_field": "EmergencyContactList",
        "item_fields": {
          "EmailAddress": {
            "type": "string",
            "description": "Email address",
            "compliance_category": "general"
          },
          "PhoneNumber": {
            "type": "string",
            "description": "Phone number",
            "compliance_category": "general",
            "format": "date-time"
          },
          "ContactNotes": {
            "type": "string",
            "description": "Contact notes",
            "compliance_category": "general",
            "format": "date-time"
          }
        }
      },
      {
        "operation": "DescribeProtection",
        "python_method": "describe_protection",
        "yaml_action": "describe_protection",
        "required_params": [],
        "optional_params": [
          "ProtectionId",
          "ResourceArn"
        ],
        "total_optional": 2,
        "output_fields": {
          "Protection": {
            "type": "string",
            "description": "Protection details",
            "compliance_category": "general",
            "operators": [
              "equals",
              "not_equals",
              "contains"
            ]
          }
        },
        "main_output_field": "Protection",
        "item_fields": {
          "Id": {
            "type": "string",
            "description": "Id",
            "compliance_category": "identity",
            "operators": [
              "equals",
              "not_equals",
              "in",
              "exists"
            ]
          },
          "Name": {
            "type": "string",
            "description": "Name",
            "compliance_category": "general"
          },
          "ResourceArn": {
            "type": "string",
            "description": "Resource arn",
            "compliance_category": "identity",
            "operators": [
              "equals",
              "not_equals",
              "contains",
              "in",
              "exists"
            ]
          },
          "HealthCheckIds": {
            "type": "string",
            "description": "Health check ids",
            "compliance_category": "identity",
            "operators": [
              "equals",
              "not_equals",
              "in",
              "exists"
            ]
          },
          "ProtectionArn": {
            "type": "string",
            "description": "Protection arn",
            "compliance_category": "identity",
            "operators": [
              "equals",
              "not_equals",
              "contains",
              "in",
              "exists"
            ]
          },
          "ApplicationLayerAutomaticResponseConfiguration": {
            "type": "string",
            "description": "Application layer automatic response configuration",
            "compliance_category": "general",
            "format": "date-time"
          }
        }
      },
      {
        "operation": "DescribeSubscription",
        "python_method": "describe_subscription",
        "yaml_action": "describe_subscription",
        "required_params": [],
        "optional_params": [],
        "total_optional": 0,
        "output_fields": {
          "Subscription": {
            "type": "string",
            "description": "Subscription details",
            "compliance_category": "general",
            "operators": [
              "equals",
              "not_equals",
              "contains"
            ]
          }
        },
        "main_output_field": "Subscription",
        "item_fields": {
          "StartTime": {
            "type": "string",
            "description": "Start time",
            "compliance_category": "general",
            "format": "date-time"
          },
          "EndTime": {
            "type": "string",
            "description": "End time",
            "compliance_category": "general",
            "format": "date-time"
          },
          "TimeCommitmentInSeconds": {
            "type": "string",
            "description": "Time commitment in seconds",
            "compliance_category": "general",
            "format": "date-time"
          },
          "AutoRenew": {
            "type": "string",
            "description": "Auto renew",
            "compliance_category": "general"
          },
          "Limits": {
            "type": "string",
            "description": "Limits",
            "compliance_category": "general"
          },
          "ProactiveEngagementStatus": {
            "type": "string",
            "description": "Proactive engagement status",
            "compliance_category": "general",
            "format": "date-time"
          },
          "SubscriptionLimits": {
            "type": "string",
            "description": "Subscription limits",
            "compliance_category": "general",
            "format": "date-time"
          },
          "SubscriptionArn": {
            "type": "string",
            "description": "Subscription arn",
            "compliance_category": "identity",
            "operators": [
              "equals",
              "not_equals",
              "contains",
              "in",
              "exists"
            ]
          }
        }
      },
      {
        "operation": "DisableProactiveEngagement",
        "python_method": "disable_proactive_engagement",
        "yaml_action": "disable_proactive_engagement",
        "required_params": [],
        "optional_params": [],
        "total_optional": 0,
        "output_fields": {},
        "main_output_field": null,
        "item_fields": []
      },
      {
        "operation": "DisassociateDRTRole",
        "python_method": "disassociate_drt_role",
        "yaml_action": "disassociate_drt_role",
        "required_params": [],
        "optional_params": [],
        "total_optional": 0,
        "output_fields": {},
        "main_output_field": null,
        "item_fields": []
      },
      {
        "operation": "EnableProactiveEngagement",
        "python_method": "enable_proactive_engagement",
        "yaml_action": "enable_proactive_engagement",
        "required_params": [],
        "optional_params": [],
        "total_optional": 0,
        "output_fields": {},
        "main_output_field": null,
        "item_fields": []
      },
      {
        "operation": "GetSubscriptionState",
        "python_method": "get_subscription_state",
        "yaml_action": "get_subscription_state",
        "required_params": [],
        "optional_params": [],
        "total_optional": 0,
        "output_fields": {
          "SubscriptionState": {
            "type": "string",
            "description": "SubscriptionState details",
            "compliance_category": "general",
            "format": "date-time",
            "operators": [
              "equals",
              "not_equals",
              "contains"
            ]
          }
        },
        "main_output_field": "SubscriptionState",
        "item_fields": []
      },
      {
        "operation": "ListAttacks",
        "python_method": "list_attacks",
        "yaml_action": "list_attacks",
        "required_params": [],
        "optional_params": [
          "ResourceArns",
          "StartTime",
          "EndTime",
          "NextToken",
          "MaxResults"
        ],
        "total_optional": 5,
        "output_fields": {
          "AttackSummaries": {
            "type": "string",
            "description": "AttackSummaries details",
            "compliance_category": "general",
            "format": "date-time",
            "operators": [
              "equals",
              "not_equals",
              "contains"
            ]
          },
          "NextToken": {
            "type": "string",
            "description": "NextToken details",
            "compliance_category": "general",
            "operators": [
              "equals",
              "not_equals",
              "contains"
            ],
            "security_impact": "high"
          }
        },
        "main_output_field": "AttackSummaries",
        "item_fields": {
          "AttackId": {
            "type": "string",
            "description": "Attack id",
            "compliance_category": "identity",
            "operators": [
              "equals",
              "not_equals",
              "in",
              "exists"
            ]
          },
          "ResourceArn": {
            "type": "string",
            "description": "Resource arn",
            "compliance_category": "identity",
            "operators": [
              "equals",
              "not_equals",
              "contains",
              "in",
              "exists"
            ]
          },
          "StartTime": {
            "type": "string",
            "description": "Start time",
            "compliance_category": "general",
            "format": "date-time"
          },
          "EndTime": {
            "type": "string",
            "description": "End time",
            "compliance_category": "general",
            "format": "date-time"
          },
          "AttackVectors": {
            "type": "string",
            "description": "Attack vectors",
            "compliance_category": "general",
            "format": "date-time"
          }
        }
      },
      {
        "operation": "ListProtectionGroups",
        "python_method": "list_protection_groups",
        "yaml_action": "list_protection_groups",
        "required_params": [],
        "optional_params": [
          "NextToken",
          "MaxResults",
          "InclusionFilters"
        ],
        "total_optional": 3,
        "output_fields": {
          "ProtectionGroups": {
            "type": "string",
            "description": "ProtectionGroups details",
            "compliance_category": "general",
            "operators": [
              "equals",
              "not_equals",
              "contains"
            ]
          },
          "NextToken": {
            "type": "string",
            "description": "NextToken details",
            "compliance_category": "general",
            "operators": [
              "equals",
              "not_equals",
              "contains"
            ],
            "security_impact": "high"
          }
        },
        "main_output_field": "ProtectionGroups",
        "item_fields": {
          "ProtectionGroupId": {
            "type": "string",
            "description": "Protection group id",
            "compliance_category": "identity",
            "operators": [
              "equals",
              "not_equals",
              "in",
              "exists"
            ]
          },
          "Aggregation": {
            "type": "string",
            "description": "Aggregation",
            "compliance_category": "general",
            "format": "date-time"
          },
          "Pattern": {
            "type": "string",
            "description": "Pattern",
            "compliance_category": "general",
            "format": "date-time"
          },
          "ResourceType": {
            "type": "string",
            "description": "Resource type",
            "compliance_category": "general"
          },
          "Members": {
            "type": "string",
            "description": "Members",
            "compliance_category": "general"
          },
          "ProtectionGroupArn": {
            "type": "string",
            "description": "Protection group arn",
            "compliance_category": "identity",
            "operators": [
              "equals",
              "not_equals",
              "contains",
              "in",
              "exists"
            ]
          }
        }
      },
      {
        "operation": "ListProtections",
        "python_method": "list_protections",
        "yaml_action": "list_protections",
        "required_params": [],
        "optional_params": [
          "NextToken",
          "MaxResults",
          "InclusionFilters"
        ],
        "total_optional": 3,
        "output_fields": {
          "Protections": {
            "type": "string",
            "description": "Protections details",
            "compliance_category": "general",
            "operators": [
              "equals",
              "not_equals",
              "contains"
            ]
          },
          "NextToken": {
            "type": "string",
            "description": "NextToken details",
            "compliance_category": "general",
            "operators": [
              "equals",
              "not_equals",
              "contains"
            ],
            "security_impact": "high"
          }
        },
        "main_output_field": "Protections",
        "item_fields": {
          "Id": {
            "type": "string",
            "description": "Id",
            "compliance_category": "identity",
            "operators": [
              "equals",
              "not_equals",
              "in",
              "exists"
            ]
          },
          "Name": {
            "type": "string",
            "description": "Name",
            "compliance_category": "general"
          },
          "ResourceArn": {
            "type": "string",
            "description": "Resource arn",
            "compliance_category": "identity",
            "operators": [
              "equals",
              "not_equals",
              "contains",
              "in",
              "exists"
            ]
          },
          "HealthCheckIds": {
            "type": "string",
            "description": "Health check ids",
            "compliance_category": "identity",
            "operators": [
              "equals",
              "not_equals",
              "in",
              "exists"
            ]
          },
          "ProtectionArn": {
            "type": "string",
            "description": "Protection arn",
            "compliance_category": "identity",
            "operators": [
              "equals",
              "not_equals",
              "contains",
              "in",
              "exists"
            ]
          },
          "ApplicationLayerAutomaticResponseConfiguration": {
            "type": "string",
            "description": "Application layer automatic response configuration",
            "compliance_category": "general",
            "format": "date-time"
          }
        }
      },
      {
        "operation": "UpdateEmergencyContactSettings",
        "python_method": "update_emergency_contact_settings",
        "yaml_action": "update_emergency_contact_settings",
        "required_params": [],
        "optional_params": [
          "EmergencyContactList"
        ],
        "total_optional": 1,
        "output_fields": {},
        "main_output_field": null,
        "item_fields": []
      },
      {
        "operation": "UpdateSubscription",
        "python_method": "update_subscription",
        "yaml_action": "update_subscription",
        "required_params": [],
        "optional_params": [
          "AutoRenew"
        ],
        "total_optional": 1,
        "output_fields": {},
        "main_output_field": null,
        "item_fields": []
      }
    ],
    "dependent": [
      {
        "operation": "AssociateDRTLogBucket",
        "python_method": "associate_drt_log_bucket",
        "yaml_action": "associate_drt_log_bucket",
        "required_params": [
          "LogBucket"
        ],
        "optional_params": [],
        "total_optional": 0,
        "output_fields": {},
        "main_output_field": null,
        "item_fields": []
      },
      {
        "operation": "AssociateDRTRole",
        "python_method": "associate_drt_role",
        "yaml_action": "associate_drt_role",
        "required_params": [
          "RoleArn"
        ],
        "optional_params": [],
        "total_optional": 0,
        "output_fields": {},
        "main_output_field": null,
        "item_fields": []
      },
      {
        "operation": "AssociateHealthCheck",
        "python_method": "associate_health_check",
        "yaml_action": "associate_health_check",
        "required_params": [
          "ProtectionId",
          "HealthCheckArn"
        ],
        "optional_params": [],
        "total_optional": 0,
        "output_fields": {},
        "main_output_field": null,
        "item_fields": []
      },
      {
        "operation": "AssociateProactiveEngagementDetails",
        "python_method": "associate_proactive_engagement_details",
        "yaml_action": "associate_proactive_engagement_details",
        "required_params": [
          "EmergencyContactList"
        ],
        "optional_params": [],
        "total_optional": 0,
        "output_fields": {},
        "main_output_field": null,
        "item_fields": []
      },
      {
        "operation": "CreateProtection",
        "python_method": "create_protection",
        "yaml_action": "create_protection",
        "required_params": [
          "Name",
          "ResourceArn"
        ],
        "optional_params": [
          "Tags"
        ],
        "total_optional": 1,
        "output_fields": {
          "ProtectionId": {
            "type": "string",
            "description": "ProtectionId details",
            "compliance_category": "identity",
            "operators": [
              "equals",
              "not_equals",
              "contains",
              "in",
              "exists"
            ]
          }
        },
        "main_output_field": "ProtectionId",
        "item_fields": []
      },
      {
        "operation": "CreateProtectionGroup",
        "python_method": "create_protection_group",
        "yaml_action": "create_protection_group",
        "required_params": [
          "ProtectionGroupId",
          "Aggregation",
          "Pattern"
        ],
        "optional_params": [
          "ResourceType",
          "Members",
          "Tags"
        ],
        "total_optional": 3,
        "output_fields": {},
        "main_output_field": null,
        "item_fields": []
      },
      {
        "operation": "DeleteProtection",
        "python_method": "delete_protection",
        "yaml_action": "delete_protection",
        "required_params": [
          "ProtectionId"
        ],
        "optional_params": [],
        "total_optional": 0,
        "output_fields": {},
        "main_output_field": null,
        "item_fields": []
      },
      {
        "operation": "DeleteProtectionGroup",
        "python_method": "delete_protection_group",
        "yaml_action": "delete_protection_group",
        "required_params": [
          "ProtectionGroupId"
        ],
        "optional_params": [],
        "total_optional": 0,
        "output_fields": {},
        "main_output_field": null,
        "item_fields": []
      },
      {
        "operation": "DescribeAttack",
        "python_method": "describe_attack",
        "yaml_action": "describe_attack",
        "required_params": [
          "AttackId"
        ],
        "optional_params": [],
        "total_optional": 0,
        "output_fields": {
          "Attack": {
            "type": "string",
            "description": "Attack details",
            "compliance_category": "general",
            "format": "date-time",
            "operators": [
              "equals",
              "not_equals",
              "contains"
            ]
          }
        },
        "main_output_field": "Attack",
        "item_fields": {
          "AttackId": {
            "type": "string",
            "description": "Attack id",
            "compliance_category": "identity",
            "operators": [
              "equals",
              "not_equals",
              "in",
              "exists"
            ]
          },
          "ResourceArn": {
            "type": "string",
            "description": "Resource arn",
            "compliance_category": "identity",
            "operators": [
              "equals",
              "not_equals",
              "contains",
              "in",
              "exists"
            ]
          },
          "SubResources": {
            "type": "string",
            "description": "Sub resources",
            "compliance_category": "general"
          },
          "StartTime": {
            "type": "string",
            "description": "Start time",
            "compliance_category": "general",
            "format": "date-time"
          },
          "EndTime": {
            "type": "string",
            "description": "End time",
            "compliance_category": "general",
            "format": "date-time"
          },
          "AttackCounters": {
            "type": "string",
            "description": "Attack counters",
            "compliance_category": "general",
            "format": "date-time"
          },
          "AttackProperties": {
            "type": "string",
            "description": "Attack properties",
            "compliance_category": "general",
            "format": "date-time"
          },
          "Mitigations": {
            "type": "string",
            "description": "Mitigations",
            "compliance_category": "general",
            "format": "date-time"
          }
        }
      },
      {
        "operation": "DescribeProtectionGroup",
        "python_method": "describe_protection_group",
        "yaml_action": "describe_protection_group",
        "required_params": [
          "ProtectionGroupId"
        ],
        "optional_params": [],
        "total_optional": 0,
        "output_fields": {
          "ProtectionGroup": {
            "type": "string",
            "description": "ProtectionGroup details",
            "compliance_category": "general",
            "operators": [
              "equals",
              "not_equals",
              "contains"
            ]
          }
        },
        "main_output_field": "ProtectionGroup",
        "item_fields": {
          "ProtectionGroupId": {
            "type": "string",
            "description": "Protection group id",
            "compliance_category": "identity",
            "operators": [
              "equals",
              "not_equals",
              "in",
              "exists"
            ]
          },
          "Aggregation": {
            "type": "string",
            "description": "Aggregation",
            "compliance_category": "general",
            "format": "date-time"
          },
          "Pattern": {
            "type": "string",
            "description": "Pattern",
            "compliance_category": "general",
            "format": "date-time"
          },
          "ResourceType": {
            "type": "string",
            "description": "Resource type",
            "compliance_category": "general"
          },
          "Members": {
            "type": "string",
            "description": "Members",
            "compliance_category": "general"
          },
          "ProtectionGroupArn": {
            "type": "string",
            "description": "Protection group arn",
            "compliance_category": "identity",
            "operators": [
              "equals",
              "not_equals",
              "contains",
              "in",
              "exists"
            ]
          }
        }
      },
      {
        "operation": "DisableApplicationLayerAutomaticResponse",
        "python_method": "disable_application_layer_automatic_response",
        "yaml_action": "disable_application_layer_automatic_response",
        "required_params": [
          "ResourceArn"
        ],
        "optional_params": [],
        "total_optional": 0,
        "output_fields": {},
        "main_output_field": null,
        "item_fields": []
      },
      {
        "operation": "DisassociateDRTLogBucket",
        "python_method": "disassociate_drt_log_bucket",
        "yaml_action": "disassociate_drt_log_bucket",
        "required_params": [
          "LogBucket"
        ],
        "optional_params": [],
        "total_optional": 0,
        "output_fields": {},
        "main_output_field": null,
        "item_fields": []
      },
      {
        "operation": "DisassociateHealthCheck",
        "python_method": "disassociate_health_check",
        "yaml_action": "disassociate_health_check",
        "required_params": [
          "ProtectionId",
          "HealthCheckArn"
        ],
        "optional_params": [],
        "total_optional": 0,
        "output_fields": {},
        "main_output_field": null,
        "item_fields": []
      },
      {
        "operation": "EnableApplicationLayerAutomaticResponse",
        "python_method": "enable_application_layer_automatic_response",
        "yaml_action": "enable_application_layer_automatic_response",
        "required_params": [
          "ResourceArn",
          "Action"
        ],
        "optional_params": [],
        "total_optional": 0,
        "output_fields": {},
        "main_output_field": null,
        "item_fields": []
      },
      {
        "operation": "ListResourcesInProtectionGroup",
        "python_method": "list_resources_in_protection_group",
        "yaml_action": "list_resources_in_protection_group",
        "required_params": [
          "ProtectionGroupId"
        ],
        "optional_params": [
          "NextToken",
          "MaxResults"
        ],
        "total_optional": 2,
        "output_fields": {
          "ResourceArns": {
            "type": "string",
            "description": "ResourceArns details",
            "compliance_category": "identity",
            "operators": [
              "equals",
              "not_equals",
              "contains",
              "in",
              "exists"
            ]
          },
          "NextToken": {
            "type": "string",
            "description": "NextToken details",
            "compliance_category": "general",
            "operators": [
              "equals",
              "not_equals",
              "contains"
            ],
            "security_impact": "high"
          }
        },
        "main_output_field": "ResourceArns",
        "item_fields": []
      },
      {
        "operation": "ListTagsForResource",
        "python_method": "list_tags_for_resource",
        "yaml_action": "list_tags_for_resource",
        "required_params": [
          "ResourceARN"
        ],
        "optional_params": [],
        "total_optional": 0,
        "output_fields": {
          "Tags": {
            "type": "string",
            "description": "Tags details",
            "compliance_category": "general",
            "operators": [
              "equals",
              "not_equals",
              "contains"
            ]
          }
        },
        "main_output_field": "Tags",
        "item_fields": {
          "Key": {
            "type": "string",
            "description": "Key",
            "compliance_category": "security",
            "security_impact": "high"
          },
          "Value": {
            "type": "string",
            "description": "Value",
            "compliance_category": "general"
          }
        }
      },
      {
        "operation": "TagResource",
        "python_method": "tag_resource",
        "yaml_action": "tag_resource",
        "required_params": [
          "ResourceARN",
          "Tags"
        ],
        "optional_params": [],
        "total_optional": 0,
        "output_fields": {},
        "main_output_field": null,
        "item_fields": []
      },
      {
        "operation": "UntagResource",
        "python_method": "untag_resource",
        "yaml_action": "untag_resource",
        "required_params": [
          "ResourceARN",
          "TagKeys"
        ],
        "optional_params": [],
        "total_optional": 0,
        "output_fields": {},
        "main_output_field": null,
        "item_fields": []
      },
      {
        "operation": "UpdateApplicationLayerAutomaticResponse",
        "python_method": "update_application_layer_automatic_response",
        "yaml_action": "update_application_layer_automatic_response",
        "required_params": [
          "ResourceArn",
          "Action"
        ],
        "optional_params": [],
        "total_optional": 0,
        "output_fields": {},
        "main_output_field": null,
        "item_fields": []
      },
      {
        "operation": "UpdateProtectionGroup",
        "python_method": "update_protection_group",
        "yaml_action": "update_protection_group",
        "required_params": [
          "ProtectionGroupId",
          "Aggregation",
          "Pattern"
        ],
        "optional_params": [
          "ResourceType",
          "Members"
        ],
        "total_optional": 2,
        "output_fields": {},
        "main_output_field": null,
        "item_fields": []
      }
    ],
    "independent_count": 16,
    "dependent_count": 20
  }
}