{
  "service": "shield",
  "seed_from_list": [
    "Aggregation",
    "ApplicationLayerAutomaticResponseConfiguration",
    "AttackId",
    "AttackVectors",
    "EndTime",
    "HealthCheckIds",
    "Id",
    "Key",
    "Members",
    "Name",
    "Pattern",
    "ProtectionArn",
    "ProtectionGroupArn",
    "ProtectionGroupId",
    "ResourceArn",
    "ResourceType",
    "StartTime",
    "Value"
  ],
  "enriched_from_get_describe": [
    "Aggregation",
    "ApplicationLayerAutomaticResponseConfiguration",
    "Attack",
    "AttackCount",
    "AttackCounters",
    "AttackId",
    "AttackProperties",
    "AttackVolume",
    "AutoRenew",
    "ContactNotes",
    "DataItems",
    "EmailAddress",
    "EmergencyContactList",
    "EndTime",
    "HealthCheckIds",
    "Id",
    "Limits",
    "LogBucketList",
    "Members",
    "Mitigations",
    "Name",
    "Pattern",
    "PhoneNumber",
    "ProactiveEngagementStatus",
    "Protection",
    "ProtectionArn",
    "ProtectionGroup",
    "ProtectionGroupArn",
    "ProtectionGroupId",
    "ResourceArn",
    "ResourceType",
    "RoleArn",
    "StartTime",
    "SubResources",
    "Subscription",
    "SubscriptionArn",
    "SubscriptionLimits",
    "SubscriptionState",
    "TimeCommitmentInSeconds",
    "TimeRange"
  ],
  "final_union": [
    "Aggregation",
    "ApplicationLayerAutomaticResponseConfiguration",
    "Attack",
    "AttackCount",
    "AttackCounters",
    "AttackId",
    "AttackProperties",
    "AttackVectors",
    "AttackVolume",
    "AutoRenew",
    "ContactNotes",
    "DataItems",
    "EmailAddress",
    "EmergencyContactList",
    "EndTime",
    "HealthCheckIds",
    "Id",
    "Key",
    "Limits",
    "LogBucketList",
    "Members",
    "Mitigations",
    "Name",
    "Pattern",
    "PhoneNumber",
    "ProactiveEngagementStatus",
    "Protection",
    "ProtectionArn",
    "ProtectionGroup",
    "ProtectionGroupArn",
    "ProtectionGroupId",
    "ResourceArn",
    "ResourceType",
    "RoleArn",
    "StartTime",
    "SubResources",
    "Subscription",
    "SubscriptionArn",
    "SubscriptionLimits",
    "SubscriptionState",
    "TimeCommitmentInSeconds",
    "TimeRange",
    "Value"
  ],
  "source": {
    "operation_registry": "services/shield/operation_registry.json",
    "read_ops_rule": "operation name startswith List/Get/Describe/Search/Lookup",
    "excluded_keys": [
      "nextToken",
      "maxResults"
    ]
  }
}