{
  "service": "shield",
  "fixes": [
    {
      "rule_id": "1",
      "suggested_check": {
        "var": "Name",
        "op": "equals",
        "value": "true",
        "derived": null,
        "derive_key": null
      },
      "suggested_aliases": {
        "entity_aliases": {
          "shield.protection_name": "protection_name"
        },
        "param_aliases": {
          "param": [
            "Name"
          ]
        }
      },
      "confidence": 0.9,
      "reason": "The direct variable 'Name' matches the entity 'shield.protection_name' directly."
    },
    {
      "rule_id": "2",
      "suggested_check": {
        "var": "Name",
        "op": "equals",
        "value": "true",
        "derived": null,
        "derive_key": null
      },
      "suggested_aliases": {
        "entity_aliases": {
          "shield.protection_name": "protection_name"
        },
        "param_aliases": {
          "param": [
            "Name"
          ]
        }
      },
      "confidence": 0.9,
      "reason": "The direct variable 'Name' matches the entity 'shield.protection_name' directly."
    },
    {
      "rule_id": "3",
      "suggested_check": {
        "var": "Name",
        "op": "equals",
        "value": "true",
        "derived": null,
        "derive_key": null
      },
      "suggested_aliases": {
        "entity_aliases": {
          "shield.protection_id_name": "protection_id_name"
        },
        "param_aliases": {
          "param": [
            "Name"
          ]
        }
      },
      "confidence": 0.9,
      "reason": "The direct variable 'Name' matches the entity 'shield.protection_id_name' directly."
    },
    {
      "type": "llm_fix",
      "original": "1",
      "fix": {
        "var": "Name",
        "op": "equals",
        "value": "true",
        "derived": null,
        "derive_key": null
      },
      "confidence": 0.9,
      "reason": "The direct variable 'Name' directly corresponds to the entity 'shield.protection_name' in the context of protection naming.",
      "aliases": {
        "entity_aliases": {
          "shield.protection_name": "shield.protection_name"
        },
        "param_aliases": {
          "param": [
            "Name"
          ]
        }
      }
    },
    {
      "type": "llm_fix",
      "original": "2",
      "fix": {
        "var": "Name",
        "op": "equals",
        "value": "true",
        "derived": null,
        "derive_key": null
      },
      "confidence": 0.9,
      "reason": "The direct variable 'Name' directly corresponds to the entity 'shield.protection_name' in the context of listing protections.",
      "aliases": {
        "entity_aliases": {
          "shield.protection_name": "shield.protection_name"
        },
        "param_aliases": {
          "param": [
            "Name"
          ]
        }
      }
    },
    {
      "type": "llm_fix",
      "original": "3",
      "fix": {
        "var": "Name",
        "op": "equals",
        "value": "true",
        "derived": null,
        "derive_key": null
      },
      "confidence": 0.9,
      "reason": "The direct variable 'Name' is relevant for creating a protection and aligns with the entity 'shield.protection_id_name'.",
      "aliases": {
        "entity_aliases": {
          "shield.protection_id_name": "shield.protection_id_name"
        },
        "param_aliases": {
          "param": [
            "Name"
          ]
        }
      }
    }
  ],
  "summary": {
    "total_fixes": 6,
    "remaining_unresolved": 3
  }
}