{
  "service": "shield",
  "issues": {
    "generic_entities": {},
    "ambiguous_tokens": {
      "name": [
        {
          "mapping": "DescribeProtection.Protection.Name -> shield.protection_name",
          "evidence": "DescribeProtection.Protection.Name",
          "entity": "shield.protection_name"
        },
        {
          "mapping": "ListProtections.Protections[].Name -> shield.protection_name",
          "evidence": "ListProtections.Protections[].Name",
          "entity": "shield.protection_name"
        },
        {
          "mapping": "CreateProtection.Name -> shield.protection_id_name",
          "evidence": "CreateProtection.Name",
          "entity": "shield.protection_id_name"
        }
      ]
    },
    "unresolved_consumes": [],
    "suspicious_paths": []
  },
  "alias_candidates_not_applied": [],
  "suggested_overrides": [
    {
      "operation": "DescribeProtectionGroup",
      "type": "produces",
      "key": "ProtectionGroup.ProtectionGroupId",
      "suggested_entity": "shield.protectiongroup_id",
      "confidence": "MEDIUM",
      "reason": "Param 'ProtectionGroupId' and output field 'ProtectionGroupId' match but map to different entities. Suggest unifying to consume entity."
    }
  ],
  "unresolved_items": [
    {
      "mapping": "DescribeProtection.Protection.Name -> shield.protection_name",
      "evidence": "DescribeProtection.Protection.Name",
      "entity": "shield.protection_name"
    },
    {
      "mapping": "ListProtections.Protections[].Name -> shield.protection_name",
      "evidence": "ListProtections.Protections[].Name",
      "entity": "shield.protection_name"
    },
    {
      "mapping": "CreateProtection.Name -> shield.protection_id_name",
      "evidence": "CreateProtection.Name",
      "entity": "shield.protection_id_name"
    }
  ]
}