{
  "signer": {
    "service": "signer",
    "total_operations": 19,
    "independent": [
      {
        "operation": "ListSigningJobs",
        "python_method": "list_signing_jobs",
        "yaml_action": "list_signing_jobs",
        "required_params": [],
        "optional_params": [
          "status",
          "platformId",
          "requestedBy",
          "maxResults",
          "nextToken"
        ],
        "total_optional": 9,
        "output_fields": {
          "jobs": {
            "type": "string",
            "description": "jobs details",
            "compliance_category": "general",
            "operators": [
              "equals",
              "not_equals",
              "contains"
            ]
          },
          "nextToken": {
            "type": "string",
            "description": "Pagination token for next results",
            "compliance_category": "general",
            "operators": [
              "equals",
              "not_equals",
              "contains"
            ],
            "security_impact": "high"
          }
        },
        "main_output_field": "jobs",
        "item_fields": {
          "jobId": {
            "type": "string",
            "description": "Job id",
            "compliance_category": "identity",
            "operators": [
              "equals",
              "not_equals",
              "in",
              "exists"
            ]
          },
          "source": {
            "type": "string",
            "description": "Source",
            "compliance_category": "general"
          },
          "signedObject": {
            "type": "string",
            "description": "Signed object",
            "compliance_category": "general"
          },
          "signingMaterial": {
            "type": "string",
            "description": "Signing material",
            "compliance_category": "general",
            "format": "date-time"
          },
          "createdAt": {
            "type": "string",
            "format": "date-time",
            "description": "Creation timestamp",
            "compliance_category": "general"
          },
          "status": {
            "type": "string",
            "description": "Resource status",
            "compliance_category": "general",
            "operators": [
              "equals",
              "not_equals",
              "in"
            ]
          },
          "isRevoked": {
            "type": "boolean",
            "description": "Is revoked",
            "compliance_category": "general"
          },
          "profileName": {
            "type": "string",
            "description": "Profile name",
            "compliance_category": "general"
          },
          "profileVersion": {
            "type": "string",
            "description": "Profile version",
            "compliance_category": "general",
            "format": "date-time"
          },
          "platformId": {
            "type": "string",
            "description": "Platform id",
            "compliance_category": "identity",
            "operators": [
              "equals",
              "not_equals",
              "in",
              "exists"
            ]
          },
          "platformDisplayName": {
            "type": "string",
            "description": "Platform display name",
            "compliance_category": "general",
            "format": "date-time"
          },
          "signatureExpiresAt": {
            "type": "string",
            "description": "Signature expires at",
            "compliance_category": "general",
            "format": "date-time"
          },
          "jobOwner": {
            "type": "string",
            "description": "Job owner",
            "compliance_category": "general"
          },
          "jobInvoker": {
            "type": "string",
            "description": "Job invoker",
            "compliance_category": "general"
          }
        }
      },
      {
        "operation": "ListSigningPlatforms",
        "python_method": "list_signing_platforms",
        "yaml_action": "list_signing_platforms",
        "required_params": [],
        "optional_params": [
          "category",
          "partner",
          "target",
          "maxResults",
          "nextToken"
        ],
        "total_optional": 5,
        "output_fields": {
          "platforms": {
            "type": "string",
            "description": "platforms details",
            "compliance_category": "general",
            "format": "date-time",
            "operators": [
              "equals",
              "not_equals",
              "contains"
            ]
          },
          "nextToken": {
            "type": "string",
            "description": "Pagination token for next results",
            "compliance_category": "general",
            "operators": [
              "equals",
              "not_equals",
              "contains"
            ],
            "security_impact": "high"
          }
        },
        "main_output_field": "platforms",
        "item_fields": {
          "platformId": {
            "type": "string",
            "description": "Platform id",
            "compliance_category": "identity",
            "operators": [
              "equals",
              "not_equals",
              "in",
              "exists"
            ]
          },
          "displayName": {
            "type": "boolean",
            "description": "Display name",
            "compliance_category": "general"
          },
          "partner": {
            "type": "string",
            "description": "Partner",
            "compliance_category": "general"
          },
          "target": {
            "type": "string",
            "description": "Target",
            "compliance_category": "general"
          },
          "category": {
            "type": "string",
            "description": "Category",
            "compliance_category": "general",
            "format": "date-time"
          },
          "signingConfiguration": {
            "type": "string",
            "description": "Signing configuration",
            "compliance_category": "general",
            "format": "date-time"
          },
          "signingImageFormat": {
            "type": "string",
            "description": "Signing image format",
            "compliance_category": "general",
            "format": "date-time"
          },
          "maxSizeInMB": {
            "type": "integer",
            "description": "Max size in mb",
            "compliance_category": "general"
          },
          "revocationSupported": {
            "type": "string",
            "description": "Revocation supported",
            "compliance_category": "general",
            "format": "date-time"
          }
        }
      },
      {
        "operation": "ListSigningProfiles",
        "python_method": "list_signing_profiles",
        "yaml_action": "list_signing_profiles",
        "required_params": [],
        "optional_params": [
          "includeCanceled",
          "maxResults",
          "nextToken",
          "platformId",
          "statuses"
        ],
        "total_optional": 5,
        "output_fields": {
          "profiles": {
            "type": "string",
            "description": "profiles details",
            "compliance_category": "general",
            "operators": [
              "equals",
              "not_equals",
              "contains"
            ]
          },
          "nextToken": {
            "type": "string",
            "description": "Pagination token for next results",
            "compliance_category": "general",
            "operators": [
              "equals",
              "not_equals",
              "contains"
            ],
            "security_impact": "high"
          }
        },
        "main_output_field": "profiles",
        "item_fields": {
          "profileName": {
            "type": "string",
            "description": "Profile name",
            "compliance_category": "general"
          },
          "profileVersion": {
            "type": "string",
            "description": "Profile version",
            "compliance_category": "general",
            "format": "date-time"
          },
          "profileVersionArn": {
            "type": "string",
            "description": "Profile version arn",
            "compliance_category": "identity",
            "operators": [
              "equals",
              "not_equals",
              "contains",
              "in",
              "exists"
            ]
          },
          "signingMaterial": {
            "type": "string",
            "description": "Signing material",
            "compliance_category": "general",
            "format": "date-time"
          },
          "signatureValidityPeriod": {
            "type": "string",
            "description": "Signature validity period",
            "compliance_category": "identity",
            "operators": [
              "equals",
              "not_equals",
              "in",
              "exists"
            ]
          },
          "platformId": {
            "type": "string",
            "description": "Platform id",
            "compliance_category": "identity",
            "operators": [
              "equals",
              "not_equals",
              "in",
              "exists"
            ]
          },
          "platformDisplayName": {
            "type": "string",
            "description": "Platform display name",
            "compliance_category": "general",
            "format": "date-time"
          },
          "signingParameters": {
            "type": "string",
            "description": "Signing parameters",
            "compliance_category": "general"
          },
          "status": {
            "type": "string",
            "description": "Resource status",
            "compliance_category": "general",
            "operators": [
              "equals",
              "not_equals",
              "in"
            ]
          },
          "arn": {
            "type": "string",
            "description": "Amazon Resource Name (ARN)",
            "compliance_category": "identity",
            "operators": [
              "equals",
              "not_equals",
              "contains",
              "in",
              "exists"
            ]
          },
          "tags": {
            "type": "array",
            "description": "Resource tags (key-value pairs)",
            "compliance_category": "general",
            "operators": [
              "exists",
              "not_empty",
              "contains"
            ]
          }
        }
      }
    ],
    "dependent": [
      {
        "operation": "AddProfilePermission",
        "python_method": "add_profile_permission",
        "yaml_action": "add_profile_permission",
        "required_params": [
          "action",
          "principal",
          "statementId",
          "profileName"
        ],
        "optional_params": [
          "profileVersion",
          "revisionId"
        ],
        "total_optional": 2,
        "output_fields": {
          "revisionId": {
            "type": "boolean",
            "description": "revisionId details",
            "compliance_category": "identity",
            "operators": [
              "equals",
              "not_equals",
              "contains",
              "in",
              "exists"
            ]
          }
        },
        "main_output_field": "revisionId",
        "item_fields": []
      },
      {
        "operation": "CancelSigningProfile",
        "python_method": "cancel_signing_profile",
        "yaml_action": "cancel_signing_profile",
        "required_params": [
          "profileName"
        ],
        "optional_params": [],
        "total_optional": 0,
        "output_fields": {},
        "main_output_field": null,
        "item_fields": []
      },
      {
        "operation": "DescribeSigningJob",
        "python_method": "describe_signing_job",
        "yaml_action": "describe_signing_job",
        "required_params": [
          "jobId"
        ],
        "optional_params": [],
        "total_optional": 0,
        "output_fields": {
          "jobId": {
            "type": "string",
            "description": "jobId details",
            "compliance_category": "identity",
            "operators": [
              "equals",
              "not_equals",
              "contains",
              "in",
              "exists"
            ]
          },
          "source": {
            "type": "string",
            "description": "source details",
            "compliance_category": "general",
            "operators": [
              "equals",
              "not_equals",
              "contains"
            ]
          },
          "signingMaterial": {
            "type": "string",
            "description": "signingMaterial details",
            "compliance_category": "general",
            "format": "date-time",
            "operators": [
              "equals",
              "not_equals",
              "contains"
            ]
          },
          "platformId": {
            "type": "string",
            "description": "platformId details",
            "compliance_category": "identity",
            "format": "date-time",
            "operators": [
              "equals",
              "not_equals",
              "contains",
              "in",
              "exists"
            ]
          },
          "platformDisplayName": {
            "type": "boolean",
            "description": "platformDisplayName details",
            "compliance_category": "identity",
            "operators": [
              "equals",
              "not_equals",
              "contains",
              "in",
              "exists"
            ]
          },
          "profileName": {
            "type": "string",
            "description": "profileName details",
            "compliance_category": "identity",
            "operators": [
              "equals",
              "not_equals",
              "contains",
              "in",
              "exists"
            ]
          },
          "profileVersion": {
            "type": "string",
            "description": "profileVersion details",
            "compliance_category": "general",
            "operators": [
              "equals",
              "not_equals",
              "contains"
            ]
          },
          "overrides": {
            "type": "string",
            "description": "overrides details",
            "compliance_category": "identity",
            "operators": [
              "equals",
              "not_equals",
              "contains",
              "in",
              "exists"
            ]
          },
          "signingParameters": {
            "type": "string",
            "description": "signingParameters details",
            "compliance_category": "general",
            "operators": [
              "equals",
              "not_equals",
              "contains"
            ]
          },
          "createdAt": {
            "type": "string",
            "description": "Creation timestamp",
            "compliance_category": "general",
            "format": "date-time",
            "operators": [
              "equals",
              "not_equals",
              "contains"
            ]
          },
          "completedAt": {
            "type": "string",
            "description": "Completion timestamp",
            "compliance_category": "general",
            "format": "date-time",
            "operators": [
              "equals",
              "not_equals",
              "contains"
            ]
          },
          "signatureExpiresAt": {
            "type": "string",
            "description": "signatureExpiresAt details",
            "compliance_category": "general",
            "format": "date-time",
            "operators": [
              "equals",
              "not_equals",
              "contains"
            ]
          },
          "requestedBy": {
            "type": "string",
            "description": "requestedBy details",
            "compliance_category": "general",
            "operators": [
              "equals",
              "not_equals",
              "contains"
            ]
          },
          "status": {
            "type": "string",
            "description": "Resource status",
            "compliance_category": "general",
            "format": "date-time",
            "operators": [
              "equals",
              "not_equals",
              "contains"
            ]
          },
          "statusReason": {
            "type": "string",
            "description": "statusReason details",
            "compliance_category": "general",
            "format": "date-time",
            "operators": [
              "equals",
              "not_equals",
              "contains"
            ]
          },
          "revocationRecord": {
            "type": "string",
            "description": "revocationRecord details",
            "compliance_category": "general",
            "format": "date-time",
            "operators": [
              "equals",
              "not_equals",
              "contains"
            ]
          },
          "signedObject": {
            "type": "string",
            "description": "signedObject details",
            "compliance_category": "general",
            "operators": [
              "equals",
              "not_equals",
              "contains"
            ]
          },
          "jobOwner": {
            "type": "string",
            "description": "jobOwner details",
            "compliance_category": "identity",
            "operators": [
              "equals",
              "not_equals",
              "contains",
              "in",
              "exists"
            ]
          },
          "jobInvoker": {
            "type": "string",
            "description": "jobInvoker details",
            "compliance_category": "general",
            "operators": [
              "equals",
              "not_equals",
              "contains"
            ]
          }
        },
        "main_output_field": "source",
        "item_fields": {
          "s3": {
            "type": "string",
            "description": "S",
            "compliance_category": "general"
          }
        }
      },
      {
        "operation": "GetRevocationStatus",
        "python_method": "get_revocation_status",
        "yaml_action": "get_revocation_status",
        "required_params": [
          "signatureTimestamp",
          "platformId",
          "profileVersionArn",
          "jobArn",
          "certificateHashes"
        ],
        "optional_params": [],
        "total_optional": 0,
        "output_fields": {
          "revokedEntities": {
            "type": "string",
            "description": "revokedEntities details",
            "compliance_category": "general",
            "operators": [
              "equals",
              "not_equals",
              "contains"
            ]
          }
        },
        "main_output_field": "revokedEntities",
        "item_fields": []
      },
      {
        "operation": "GetSigningPlatform",
        "python_method": "get_signing_platform",
        "yaml_action": "get_signing_platform",
        "required_params": [
          "platformId"
        ],
        "optional_params": [],
        "total_optional": 0,
        "output_fields": {
          "platformId": {
            "type": "string",
            "description": "platformId details",
            "compliance_category": "identity",
            "format": "date-time",
            "operators": [
              "equals",
              "not_equals",
              "contains",
              "in",
              "exists"
            ]
          },
          "displayName": {
            "type": "boolean",
            "description": "displayName details",
            "compliance_category": "identity",
            "operators": [
              "equals",
              "not_equals",
              "contains",
              "in",
              "exists"
            ]
          },
          "partner": {
            "type": "string",
            "description": "partner details",
            "compliance_category": "general",
            "operators": [
              "equals",
              "not_equals",
              "contains"
            ]
          },
          "target": {
            "type": "string",
            "description": "target details",
            "compliance_category": "general",
            "operators": [
              "equals",
              "not_equals",
              "contains"
            ]
          },
          "category": {
            "type": "string",
            "description": "category details",
            "compliance_category": "general",
            "format": "date-time",
            "operators": [
              "equals",
              "not_equals",
              "contains"
            ]
          },
          "signingConfiguration": {
            "type": "string",
            "description": "signingConfiguration details",
            "compliance_category": "general",
            "format": "date-time",
            "operators": [
              "equals",
              "not_equals",
              "contains"
            ]
          },
          "signingImageFormat": {
            "type": "string",
            "description": "signingImageFormat details",
            "compliance_category": "general",
            "format": "date-time",
            "operators": [
              "equals",
              "not_equals",
              "contains"
            ]
          },
          "maxSizeInMB": {
            "type": "integer",
            "description": "maxSizeInMB details",
            "compliance_category": "general",
            "operators": [
              "equals",
              "not_equals",
              "contains"
            ]
          },
          "revocationSupported": {
            "type": "string",
            "description": "revocationSupported details",
            "compliance_category": "general",
            "format": "date-time",
            "operators": [
              "equals",
              "not_equals",
              "contains"
            ]
          }
        },
        "main_output_field": "signingConfiguration",
        "item_fields": {
          "encryptionAlgorithmOptions": {
            "type": "string",
            "description": "Encryption algorithm options",
            "compliance_category": "general",
            "format": "date-time"
          },
          "hashAlgorithmOptions": {
            "type": "string",
            "description": "Hash algorithm options",
            "compliance_category": "general",
            "format": "date-time"
          }
        }
      },
      {
        "operation": "GetSigningProfile",
        "python_method": "get_signing_profile",
        "yaml_action": "get_signing_profile",
        "required_params": [
          "profileName"
        ],
        "optional_params": [
          "profileOwner"
        ],
        "total_optional": 1,
        "output_fields": {
          "profileName": {
            "type": "string",
            "description": "profileName details",
            "compliance_category": "identity",
            "operators": [
              "equals",
              "not_equals",
              "contains",
              "in",
              "exists"
            ]
          },
          "profileVersion": {
            "type": "string",
            "description": "profileVersion details",
            "compliance_category": "general",
            "operators": [
              "equals",
              "not_equals",
              "contains"
            ]
          },
          "profileVersionArn": {
            "type": "string",
            "description": "profileVersionArn details",
            "compliance_category": "identity",
            "operators": [
              "equals",
              "not_equals",
              "contains",
              "in",
              "exists"
            ]
          },
          "revocationRecord": {
            "type": "string",
            "description": "revocationRecord details",
            "compliance_category": "general",
            "format": "date-time",
            "operators": [
              "equals",
              "not_equals",
              "contains"
            ]
          },
          "signingMaterial": {
            "type": "string",
            "description": "signingMaterial details",
            "compliance_category": "general",
            "format": "date-time",
            "operators": [
              "equals",
              "not_equals",
              "contains"
            ]
          },
          "platformId": {
            "type": "string",
            "description": "platformId details",
            "compliance_category": "identity",
            "format": "date-time",
            "operators": [
              "equals",
              "not_equals",
              "contains",
              "in",
              "exists"
            ]
          },
          "platformDisplayName": {
            "type": "boolean",
            "description": "platformDisplayName details",
            "compliance_category": "identity",
            "operators": [
              "equals",
              "not_equals",
              "contains",
              "in",
              "exists"
            ]
          },
          "signatureValidityPeriod": {
            "type": "string",
            "description": "signatureValidityPeriod details",
            "compliance_category": "identity",
            "format": "date-time",
            "operators": [
              "equals",
              "not_equals",
              "contains",
              "in",
              "exists"
            ]
          },
          "overrides": {
            "type": "string",
            "description": "overrides details",
            "compliance_category": "identity",
            "operators": [
              "equals",
              "not_equals",
              "contains",
              "in",
              "exists"
            ]
          },
          "signingParameters": {
            "type": "string",
            "description": "signingParameters details",
            "compliance_category": "general",
            "operators": [
              "equals",
              "not_equals",
              "contains"
            ]
          },
          "status": {
            "type": "string",
            "description": "Resource status",
            "compliance_category": "general",
            "format": "date-time",
            "operators": [
              "equals",
              "not_equals",
              "contains"
            ]
          },
          "statusReason": {
            "type": "string",
            "description": "statusReason details",
            "compliance_category": "general",
            "format": "date-time",
            "operators": [
              "equals",
              "not_equals",
              "contains"
            ]
          },
          "arn": {
            "type": "string",
            "description": "Amazon Resource Name (ARN)",
            "compliance_category": "identity",
            "operators": [
              "equals",
              "not_equals",
              "contains",
              "in",
              "exists"
            ]
          },
          "tags": {
            "type": "string",
            "description": "Resource tags (key-value pairs)",
            "compliance_category": "general",
            "operators": [
              "equals",
              "not_equals",
              "contains"
            ]
          }
        },
        "main_output_field": "revocationRecord",
        "item_fields": {
          "revocationEffectiveFrom": {
            "type": "string",
            "description": "Revocation effective from",
            "compliance_category": "general",
            "format": "date-time"
          },
          "revokedAt": {
            "type": "string",
            "description": "Revoked at",
            "compliance_category": "general",
            "format": "date-time"
          },
          "revokedBy": {
            "type": "string",
            "description": "Revoked by",
            "compliance_category": "general"
          }
        }
      },
      {
        "operation": "ListProfilePermissions",
        "python_method": "list_profile_permissions",
        "yaml_action": "list_profile_permissions",
        "required_params": [
          "profileName"
        ],
        "optional_params": [
          "nextToken"
        ],
        "total_optional": 1,
        "output_fields": {
          "revisionId": {
            "type": "boolean",
            "description": "revisionId details",
            "compliance_category": "identity",
            "operators": [
              "equals",
              "not_equals",
              "contains",
              "in",
              "exists"
            ]
          },
          "policySizeBytes": {
            "type": "integer",
            "description": "policySizeBytes details",
            "compliance_category": "security",
            "operators": [
              "equals",
              "not_equals",
              "in",
              "exists"
            ]
          },
          "permissions": {
            "type": "boolean",
            "description": "permissions details",
            "compliance_category": "security",
            "operators": [
              "equals",
              "not_equals",
              "in",
              "exists"
            ],
            "security_impact": "medium"
          },
          "nextToken": {
            "type": "string",
            "description": "Pagination token for next results",
            "compliance_category": "general",
            "operators": [
              "equals",
              "not_equals",
              "contains"
            ],
            "security_impact": "high"
          }
        },
        "main_output_field": "permissions",
        "item_fields": {
          "action": {
            "type": "string",
            "description": "Action",
            "compliance_category": "general",
            "format": "date-time"
          },
          "principal": {
            "type": "string",
            "description": "Principal",
            "compliance_category": "general"
          },
          "statementId": {
            "type": "string",
            "description": "Statement id",
            "compliance_category": "identity",
            "operators": [
              "equals",
              "not_equals",
              "in",
              "exists"
            ]
          },
          "profileVersion": {
            "type": "string",
            "description": "Profile version",
            "compliance_category": "general",
            "format": "date-time"
          }
        }
      },
      {
        "operation": "ListTagsForResource",
        "python_method": "list_tags_for_resource",
        "yaml_action": "list_tags_for_resource",
        "required_params": [
          "resourceArn"
        ],
        "optional_params": [],
        "total_optional": 0,
        "output_fields": {
          "tags": {
            "type": "string",
            "description": "Resource tags (key-value pairs)",
            "compliance_category": "general",
            "operators": [
              "equals",
              "not_equals",
              "contains"
            ]
          }
        },
        "main_output_field": "tags",
        "item_fields": []
      },
      {
        "operation": "PutSigningProfile",
        "python_method": "put_signing_profile",
        "yaml_action": "put_signing_profile",
        "required_params": [
          "profileName",
          "platformId"
        ],
        "optional_params": [
          "signingMaterial",
          "signatureValidityPeriod",
          "overrides",
          "signingParameters",
          "tags"
        ],
        "total_optional": 5,
        "output_fields": {
          "arn": {
            "type": "string",
            "description": "Amazon Resource Name (ARN)",
            "compliance_category": "identity",
            "operators": [
              "equals",
              "not_equals",
              "contains",
              "in",
              "exists"
            ]
          },
          "profileVersion": {
            "type": "string",
            "description": "profileVersion details",
            "compliance_category": "general",
            "operators": [
              "equals",
              "not_equals",
              "contains"
            ]
          },
          "profileVersionArn": {
            "type": "string",
            "description": "profileVersionArn details",
            "compliance_category": "identity",
            "operators": [
              "equals",
              "not_equals",
              "contains",
              "in",
              "exists"
            ]
          }
        },
        "main_output_field": "arn",
        "item_fields": []
      },
      {
        "operation": "RemoveProfilePermission",
        "python_method": "remove_profile_permission",
        "yaml_action": "remove_profile_permission",
        "required_params": [
          "revisionId",
          "profileName",
          "statementId"
        ],
        "optional_params": [],
        "total_optional": 0,
        "output_fields": {
          "revisionId": {
            "type": "boolean",
            "description": "revisionId details",
            "compliance_category": "identity",
            "operators": [
              "equals",
              "not_equals",
              "contains",
              "in",
              "exists"
            ]
          }
        },
        "main_output_field": "revisionId",
        "item_fields": []
      },
      {
        "operation": "RevokeSignature",
        "python_method": "revoke_signature",
        "yaml_action": "revoke_signature",
        "required_params": [
          "reason",
          "jobId"
        ],
        "optional_params": [
          "jobOwner"
        ],
        "total_optional": 1,
        "output_fields": {},
        "main_output_field": null,
        "item_fields": []
      },
      {
        "operation": "RevokeSigningProfile",
        "python_method": "revoke_signing_profile",
        "yaml_action": "revoke_signing_profile",
        "required_params": [
          "profileVersion",
          "reason",
          "effectiveTime",
          "profileName"
        ],
        "optional_params": [],
        "total_optional": 0,
        "output_fields": {},
        "main_output_field": null,
        "item_fields": []
      },
      {
        "operation": "SignPayload",
        "python_method": "sign_payload",
        "yaml_action": "sign_payload",
        "required_params": [
          "profileName",
          "payload",
          "payloadFormat"
        ],
        "optional_params": [
          "profileOwner"
        ],
        "total_optional": 1,
        "output_fields": {
          "jobId": {
            "type": "string",
            "description": "jobId details",
            "compliance_category": "identity",
            "operators": [
              "equals",
              "not_equals",
              "contains",
              "in",
              "exists"
            ]
          },
          "jobOwner": {
            "type": "string",
            "description": "jobOwner details",
            "compliance_category": "identity",
            "operators": [
              "equals",
              "not_equals",
              "contains",
              "in",
              "exists"
            ]
          },
          "metadata": {
            "type": "string",
            "description": "metadata details",
            "compliance_category": "general",
            "format": "date-time",
            "operators": [
              "equals",
              "not_equals",
              "contains"
            ]
          },
          "signature": {
            "type": "string",
            "description": "signature details",
            "compliance_category": "general",
            "format": "date-time",
            "operators": [
              "equals",
              "not_equals",
              "contains"
            ]
          }
        },
        "main_output_field": "jobId",
        "item_fields": []
      },
      {
        "operation": "StartSigningJob",
        "python_method": "start_signing_job",
        "yaml_action": "start_signing_job",
        "required_params": [
          "source",
          "destination",
          "profileName",
          "clientRequestToken"
        ],
        "optional_params": [
          "profileOwner"
        ],
        "total_optional": 1,
        "output_fields": {
          "jobId": {
            "type": "string",
            "description": "jobId details",
            "compliance_category": "identity",
            "operators": [
              "equals",
              "not_equals",
              "contains",
              "in",
              "exists"
            ]
          },
          "jobOwner": {
            "type": "string",
            "description": "jobOwner details",
            "compliance_category": "identity",
            "operators": [
              "equals",
              "not_equals",
              "contains",
              "in",
              "exists"
            ]
          }
        },
        "main_output_field": "jobId",
        "item_fields": []
      },
      {
        "operation": "TagResource",
        "python_method": "tag_resource",
        "yaml_action": "tag_resource",
        "required_params": [
          "resourceArn",
          "tags"
        ],
        "optional_params": [],
        "total_optional": 0,
        "output_fields": {},
        "main_output_field": null,
        "item_fields": []
      },
      {
        "operation": "UntagResource",
        "python_method": "untag_resource",
        "yaml_action": "untag_resource",
        "required_params": [
          "resourceArn",
          "tagKeys"
        ],
        "optional_params": [],
        "total_optional": 0,
        "output_fields": {},
        "main_output_field": null,
        "item_fields": []
      }
    ],
    "independent_count": 3,
    "dependent_count": 16
  }
}