{
  "service": "signer",
  "fixes": [
    {
      "rule_id": "1",
      "suggested_check": {
        "var": "status",
        "op": "equals",
        "value": "signer.job_status",
        "derived": null,
        "derive_key": null
      },
      "suggested_aliases": {
        "entity_aliases": {
          "alias": "job_status"
        },
        "param_aliases": {
          "param": [
            "status"
          ]
        }
      },
      "confidence": 0.9,
      "reason": "The status of signing jobs directly corresponds to the job_status entity."
    },
    {
      "rule_id": "2",
      "suggested_check": {
        "var": "status",
        "op": "equals",
        "value": "signer.profil_status",
        "derived": null,
        "derive_key": null
      },
      "suggested_aliases": {
        "entity_aliases": {
          "alias": "profil_status"
        },
        "param_aliases": {
          "param": [
            "status"
          ]
        }
      },
      "confidence": 0.9,
      "reason": "The status of signing profiles directly corresponds to the profil_status entity."
    },
    {
      "rule_id": "3",
      "suggested_check": {
        "var": "status",
        "op": "equals",
        "value": "signer.signing_job_status",
        "derived": null,
        "derive_key": null
      },
      "suggested_aliases": {
        "entity_aliases": {
          "alias": "signing_job_status"
        },
        "param_aliases": {
          "param": [
            "status"
          ]
        }
      },
      "confidence": 0.9,
      "reason": "The status of a signing job directly corresponds to the signing_job_status entity."
    },
    {
      "rule_id": "4",
      "suggested_check": {
        "var": "status",
        "op": "equals",
        "value": "signer.signing_profile_status",
        "derived": null,
        "derive_key": null
      },
      "suggested_aliases": {
        "entity_aliases": {
          "alias": "signing_profile_status"
        },
        "param_aliases": {
          "param": [
            "status"
          ]
        }
      },
      "confidence": 0.9,
      "reason": "The status of a signing profile directly corresponds to the signing_profile_status entity."
    },
    {
      "rule_id": "5",
      "suggested_check": {
        "var": "arn",
        "op": "equals",
        "value": "signer.profil_arn",
        "derived": null,
        "derive_key": null
      },
      "suggested_aliases": {
        "entity_aliases": {
          "alias": "profil_arn"
        },
        "param_aliases": {
          "param": [
            "arn"
          ]
        }
      },
      "confidence": 0.9,
      "reason": "The ARN of signing profiles directly corresponds to the profil_arn entity."
    },
    {
      "rule_id": "6",
      "suggested_check": {
        "var": "arn",
        "op": "equals",
        "value": "signer.signing_profile_arn",
        "derived": null,
        "derive_key": null
      },
      "suggested_aliases": {
        "entity_aliases": {
          "alias": "signing_profile_arn"
        },
        "param_aliases": {
          "param": [
            "arn"
          ]
        }
      },
      "confidence": 0.9,
      "reason": "The ARN of a signing profile directly corresponds to the signing_profile_arn entity."
    },
    {
      "type": "llm_fix",
      "original": "1",
      "fix": {
        "var": "status",
        "op": "equals",
        "value": "signing",
        "derived": "job_status",
        "derive_key": "aws.signer.job_status"
      },
      "confidence": 0.9,
      "reason": "The status of signing jobs directly corresponds to the job_status entity.",
      "aliases": {
        "entity_aliases": {
          "alias": "signer.job_status"
        },
        "param_aliases": {
          "param": [
            "status"
          ]
        }
      }
    },
    {
      "type": "llm_fix",
      "original": "2",
      "fix": {
        "var": "status",
        "op": "equals",
        "value": "active",
        "derived": "profil_status",
        "derive_key": "aws.signer.profil_status"
      },
      "confidence": 0.85,
      "reason": "The status of signing profiles directly corresponds to the profil_status entity.",
      "aliases": {
        "entity_aliases": {
          "alias": "signer.profil_status"
        },
        "param_aliases": {
          "param": [
            "status"
          ]
        }
      }
    },
    {
      "type": "llm_fix",
      "original": "3",
      "fix": {
        "var": "status",
        "op": "equals",
        "value": "completed",
        "derived": "signing_job_status",
        "derive_key": "aws.signer.signing_job_status"
      },
      "confidence": 0.9,
      "reason": "The status of a signing job directly corresponds to the signing_job_status entity.",
      "aliases": {
        "entity_aliases": {
          "alias": "signer.signing_job_status"
        },
        "param_aliases": {
          "param": [
            "status"
          ]
        }
      }
    },
    {
      "type": "llm_fix",
      "original": "4",
      "fix": {
        "var": "arn",
        "op": "equals",
        "value": "signing_profile_arn",
        "derived": "signing_profile_arn",
        "derive_key": "aws.signer.signing_profile_arn"
      },
      "confidence": 0.9,
      "reason": "The ARN of the signing profile directly corresponds to the signing_profile_arn entity.",
      "aliases": {
        "entity_aliases": {
          "alias": "signer.signing_profile_arn"
        },
        "param_aliases": {
          "param": [
            "arn"
          ]
        }
      }
    }
  ],
  "summary": {
    "total_fixes": 10,
    "remaining_unresolved": 7
  }
}