{
  "service": "signer",
  "issues": {
    "generic_entities": {},
    "ambiguous_tokens": {
      "status": [
        {
          "mapping": "ListSigningJobs.jobs[].status -> signer.job_status",
          "evidence": "ListSigningJobs.jobs[].status",
          "entity": "signer.job_status"
        },
        {
          "mapping": "ListSigningProfiles.profiles[].status -> signer.profil_status",
          "evidence": "ListSigningProfiles.profiles[].status",
          "entity": "signer.profil_status"
        },
        {
          "mapping": "DescribeSigningJob.status -> signer.signing_job_status",
          "evidence": "DescribeSigningJob.status",
          "entity": "signer.signing_job_status"
        },
        {
          "mapping": "GetSigningProfile.status -> signer.signing_profile_status",
          "evidence": "GetSigningProfile.status",
          "entity": "signer.signing_profile_status"
        }
      ],
      "arn": [
        {
          "mapping": "ListSigningProfiles.profiles[].arn -> signer.profil_arn",
          "evidence": "ListSigningProfiles.profiles[].arn",
          "entity": "signer.profil_arn"
        },
        {
          "mapping": "GetSigningProfile.arn -> signer.signing_profile_arn",
          "evidence": "GetSigningProfile.arn",
          "entity": "signer.signing_profile_arn"
        },
        {
          "mapping": "PutSigningProfile.arn -> signer.signing_profile_arn",
          "evidence": "PutSigningProfile.arn",
          "entity": "signer.signing_profile_arn"
        }
      ]
    },
    "unresolved_consumes": [],
    "suspicious_paths": []
  },
  "alias_candidates_not_applied": [],
  "suggested_overrides": [
    {
      "operation": "AddProfilePermission",
      "type": "produces",
      "key": "revisionId",
      "suggested_entity": "signer.statement_id",
      "confidence": "MEDIUM",
      "reason": "Param 'statementId' and output field 'revisionId' match but map to different entities. Suggest unifying to consume entity."
    },
    {
      "operation": "DescribeSigningJob",
      "type": "produces",
      "key": "platformId",
      "suggested_entity": "signer.job_id",
      "confidence": "MEDIUM",
      "reason": "Param 'jobId' and output field 'platformId' match but map to different entities. Suggest unifying to consume entity."
    },
    {
      "operation": "RemoveProfilePermission",
      "type": "produces",
      "key": "revisionId",
      "suggested_entity": "signer.statement_id",
      "confidence": "MEDIUM",
      "reason": "Param 'statementId' and output field 'revisionId' match but map to different entities. Suggest unifying to consume entity."
    }
  ],
  "unresolved_items": [
    {
      "mapping": "ListSigningJobs.jobs[].status -> signer.job_status",
      "evidence": "ListSigningJobs.jobs[].status",
      "entity": "signer.job_status"
    },
    {
      "mapping": "ListSigningProfiles.profiles[].status -> signer.profil_status",
      "evidence": "ListSigningProfiles.profiles[].status",
      "entity": "signer.profil_status"
    },
    {
      "mapping": "DescribeSigningJob.status -> signer.signing_job_status",
      "evidence": "DescribeSigningJob.status",
      "entity": "signer.signing_job_status"
    },
    {
      "mapping": "GetSigningProfile.status -> signer.signing_profile_status",
      "evidence": "GetSigningProfile.status",
      "entity": "signer.signing_profile_status"
    },
    {
      "mapping": "ListSigningProfiles.profiles[].arn -> signer.profil_arn",
      "evidence": "ListSigningProfiles.profiles[].arn",
      "entity": "signer.profil_arn"
    },
    {
      "mapping": "GetSigningProfile.arn -> signer.signing_profile_arn",
      "evidence": "GetSigningProfile.arn",
      "entity": "signer.signing_profile_arn"
    },
    {
      "mapping": "PutSigningProfile.arn -> signer.signing_profile_arn",
      "evidence": "PutSigningProfile.arn",
      "entity": "signer.signing_profile_arn"
    }
  ]
}