{
  "service": "signer",
  "version": "1.0",
  "kind_rules": {
    "read_list": ["List"],
    "read_get": ["Get", "Describe"],
    "write_create": ["Create", "Start", "Generate", "Import", "Enable", "Register"],
    "write_update": ["Update", "Modify", "Put", "Set", "Change", "Reset", "Patch"],
    "write_delete": ["Delete", "Remove", "Terminate", "Destroy", "Disable", "Detach", "Disassociate", "Untag", "Revoke"],
    "write_apply": ["Apply", "Attach", "Associate", "Add", "Tag", "Authorize", "Unauthorize", "Grant"],
    "other": ["default"]
  },
  "entity_aliases": {
    "signer.profil_profile_name": "signer.profile_name",
    "signer.job_platform_id": "signer.platform_id",
    "signer.job_profile_name": "signer.profile_name",
    "signer.job_platform_display_name": "signer.platform_display_name",
    "signer.permission_statement_id": "signer.statement_id",
    "signer.profil_platform_id": "signer.platform_id",
    "signer.profil_platform_display_name": "signer.platform_display_name",
    "signer.profil_profile_version_arn": "signer.profile_version_arn"
  },
  "overrides": {},
  "operations": {
    "ListSigningJobs": {
      "kind": "read_list",
      "side_effect": false,
      "sdk": {"client": "signer", "method": "list_signing_jobs"},
      "consumes": [],
      "produces": [{"entity": "signer.jobs", "source": "output", "path": "jobs"}, {"entity": "signer.next_token", "source": "output", "path": "nextToken"}, {"entity": "signer.job_id", "source": "item", "path": "jobs[].jobId"}, {"entity": "signer.job_source", "source": "item", "path": "jobs[].source"}, {"entity": "signer.job_signed_object", "source": "item", "path": "jobs[].signedObject"}, {"entity": "signer.job_signing_material", "source": "item", "path": "jobs[].signingMaterial"}, {"entity": "signer.job_created_at", "source": "item", "path": "jobs[].createdAt"}, {"entity": "signer.job_status", "source": "item", "path": "jobs[].status"}, {"entity": "signer.job_is_revoked", "source": "item", "path": "jobs[].isRevoked"}, {"entity": "signer.profile_name", "source": "item", "path": "jobs[].profileName"}, {"entity": "signer.job_profile_version", "source": "item", "path": "jobs[].profileVersion"}, {"entity": "signer.platform_id", "source": "item", "path": "jobs[].platformId"}, {"entity": "signer.platform_display_name", "source": "item", "path": "jobs[].platformDisplayName"}, {"entity": "signer.job_signature_expires_at", "source": "item", "path": "jobs[].signatureExpiresAt"}, {"entity": "signer.job_owner", "source": "item", "path": "jobs[].jobOwner"}, {"entity": "signer.job_invoker", "source": "item", "path": "jobs[].jobInvoker"}],
      "notes": ""
    },
    "ListSigningPlatforms": {
      "kind": "read_list",
      "side_effect": false,
      "sdk": {"client": "signer", "method": "list_signing_platforms"},
      "consumes": [],
      "produces": [{"entity": "signer.platforms", "source": "output", "path": "platforms"}, {"entity": "signer.next_token", "source": "output", "path": "nextToken"}, {"entity": "signer.platform_id", "source": "item", "path": "platforms[].platformId"}, {"entity": "signer.platform_display_name", "source": "item", "path": "platforms[].displayName"}, {"entity": "signer.platform_partner", "source": "item", "path": "platforms[].partner"}, {"entity": "signer.platform_target", "source": "item", "path": "platforms[].target"}, {"entity": "signer.platform_category", "source": "item", "path": "platforms[].category"}, {"entity": "signer.platform_signing_configuration", "source": "item", "path": "platforms[].signingConfiguration"}, {"entity": "signer.platform_signing_image_format", "source": "item", "path": "platforms[].signingImageFormat"}, {"entity": "signer.platform_max_size_in_mb", "source": "item", "path": "platforms[].maxSizeInMB"}, {"entity": "signer.platform_revocation_supported", "source": "item", "path": "platforms[].revocationSupported"}],
      "notes": ""
    },
    "ListSigningProfiles": {
      "kind": "read_list",
      "side_effect": false,
      "sdk": {"client": "signer", "method": "list_signing_profiles"},
      "consumes": [],
      "produces": [{"entity": "signer.profiles", "source": "output", "path": "profiles"}, {"entity": "signer.next_token", "source": "output", "path": "nextToken"}, {"entity": "signer.profile_name", "source": "item", "path": "profiles[].profileName"}, {"entity": "signer.profil_profile_version", "source": "item", "path": "profiles[].profileVersion"}, {"entity": "signer.profile_version_arn", "source": "item", "path": "profiles[].profileVersionArn"}, {"entity": "signer.profil_signing_material", "source": "item", "path": "profiles[].signingMaterial"}, {"entity": "signer.profil_signature_validity_period", "source": "item", "path": "profiles[].signatureValidityPeriod"}, {"entity": "signer.platform_id", "source": "item", "path": "profiles[].platformId"}, {"entity": "signer.platform_display_name", "source": "item", "path": "profiles[].platformDisplayName"}, {"entity": "signer.profil_signing_parameters", "source": "item", "path": "profiles[].signingParameters"}, {"entity": "signer.profil_status", "source": "item", "path": "profiles[].status"}, {"entity": "signer.profil_arn", "source": "item", "path": "profiles[].arn"}, {"entity": "signer.profil_tags", "source": "item", "path": "profiles[].tags"}],
      "notes": ""
    },
    "AddProfilePermission": {
      "kind": "write_apply",
      "side_effect": true,
      "sdk": {"client": "signer", "method": "add_profile_permission"},
      "consumes": [{"entity": "signer.action", "param": "action", "required": true, "source": "external"}, {"entity": "signer.principal", "param": "principal", "required": true, "source": "external"}, {"entity": "signer.statement_id", "param": "statementId", "required": true, "source": "internal"}, {"entity": "signer.profile_name", "param": "profileName", "required": true, "source": "internal"}],
      "produces": [{"entity": "signer.revision_id", "source": "output", "path": "revisionId"}],
      "notes": ""
    },
    "CancelSigningProfile": {
      "kind": "other",
      "side_effect": true,
      "sdk": {"client": "signer", "method": "cancel_signing_profile"},
      "consumes": [{"entity": "signer.profile_name", "param": "profileName", "required": true, "source": "internal"}],
      "produces": [],
      "notes": ""
    },
    "DescribeSigningJob": {
      "kind": "read_get",
      "side_effect": false,
      "sdk": {"client": "signer", "method": "describe_signing_job"},
      "consumes": [{"entity": "signer.job_id", "param": "jobId", "required": true, "source": "internal"}],
      "produces": [{"entity": "signer.job_id", "source": "output", "path": "jobId"}, {"entity": "signer.source", "source": "output", "path": "source"}, {"entity": "signer.signing_material", "source": "output", "path": "signingMaterial"}, {"entity": "signer.platform_id", "source": "output", "path": "platformId"}, {"entity": "signer.platform_display_name", "source": "output", "path": "platformDisplayName"}, {"entity": "signer.profile_name", "source": "output", "path": "profileName"}, {"entity": "signer.profile_version", "source": "output", "path": "profileVersion"}, {"entity": "signer.overrides", "source": "output", "path": "overrides"}, {"entity": "signer.signing_parameters", "source": "output", "path": "signingParameters"}, {"entity": "signer.created_at", "source": "output", "path": "createdAt"}, {"entity": "signer.completed_at", "source": "output", "path": "completedAt"}, {"entity": "signer.signature_expires_at", "source": "output", "path": "signatureExpiresAt"}, {"entity": "signer.requested_by", "source": "output", "path": "requestedBy"}, {"entity": "signer.signing_job_status", "source": "output", "path": "status"}, {"entity": "signer.status_reason", "source": "output", "path": "statusReason"}, {"entity": "signer.revocation_record", "source": "output", "path": "revocationRecord"}, {"entity": "signer.signed_object", "source": "output", "path": "signedObject"}, {"entity": "signer.job_owner", "source": "output", "path": "jobOwner"}, {"entity": "signer.job_invoker", "source": "output", "path": "jobInvoker"}, {"entity": "signer.source_s3", "source": "item", "path": "source.s3"}],
      "notes": ""
    },
    "GetRevocationStatus": {
      "kind": "read_get",
      "side_effect": false,
      "sdk": {"client": "signer", "method": "get_revocation_status"},
      "consumes": [{"entity": "signer.signature_timestamp", "param": "signatureTimestamp", "required": true, "source": "external"}, {"entity": "signer.platform_id", "param": "platformId", "required": true, "source": "internal"}, {"entity": "signer.profileversion_arn", "param": "profileVersionArn", "required": true, "source": "external"}, {"entity": "signer.job_arn", "param": "jobArn", "required": true, "source": "external"}, {"entity": "signer.certificate_hashes", "param": "certificateHashes", "required": true, "source": "external"}],
      "produces": [{"entity": "signer.revoked_entities", "source": "output", "path": "revokedEntities"}],
      "notes": ""
    },
    "GetSigningPlatform": {
      "kind": "read_get",
      "side_effect": false,
      "sdk": {"client": "signer", "method": "get_signing_platform"},
      "consumes": [{"entity": "signer.platform_id", "param": "platformId", "required": true, "source": "internal"}],
      "produces": [{"entity": "signer.platform_id", "source": "output", "path": "platformId"}, {"entity": "signer.display_name", "source": "output", "path": "displayName"}, {"entity": "signer.partner", "source": "output", "path": "partner"}, {"entity": "signer.target", "source": "output", "path": "target"}, {"entity": "signer.category", "source": "output", "path": "category"}, {"entity": "signer.signing_configuration", "source": "output", "path": "signingConfiguration"}, {"entity": "signer.signing_image_format", "source": "output", "path": "signingImageFormat"}, {"entity": "signer.max_size_in_mb", "source": "output", "path": "maxSizeInMB"}, {"entity": "signer.revocation_supported", "source": "output", "path": "revocationSupported"}, {"entity": "signer.signing_configuration_encryption_algorithm_options", "source": "item", "path": "signingConfiguration.encryptionAlgorithmOptions"}, {"entity": "signer.signing_configuration_hash_algorithm_options", "source": "item", "path": "signingConfiguration.hashAlgorithmOptions"}],
      "notes": ""
    },
    "GetSigningProfile": {
      "kind": "read_get",
      "side_effect": false,
      "sdk": {"client": "signer", "method": "get_signing_profile"},
      "consumes": [{"entity": "signer.profile_name", "param": "profileName", "required": true, "source": "internal"}],
      "produces": [{"entity": "signer.profile_name", "source": "output", "path": "profileName"}, {"entity": "signer.profile_version", "source": "output", "path": "profileVersion"}, {"entity": "signer.profile_version_arn", "source": "output", "path": "profileVersionArn"}, {"entity": "signer.revocation_record", "source": "output", "path": "revocationRecord"}, {"entity": "signer.signing_material", "source": "output", "path": "signingMaterial"}, {"entity": "signer.platform_id", "source": "output", "path": "platformId"}, {"entity": "signer.platform_display_name", "source": "output", "path": "platformDisplayName"}, {"entity": "signer.signature_validity_period", "source": "output", "path": "signatureValidityPeriod"}, {"entity": "signer.overrides", "source": "output", "path": "overrides"}, {"entity": "signer.signing_parameters", "source": "output", "path": "signingParameters"}, {"entity": "signer.signing_profile_status", "source": "output", "path": "status"}, {"entity": "signer.status_reason", "source": "output", "path": "statusReason"}, {"entity": "signer.signing_profile_arn", "source": "output", "path": "arn"}, {"entity": "signer.tags", "source": "output", "path": "tags"}, {"entity": "signer.revocation_record_revocation_effective_from", "source": "item", "path": "revocationRecord.revocationEffectiveFrom"}, {"entity": "signer.revocation_record_revoked_at", "source": "item", "path": "revocationRecord.revokedAt"}, {"entity": "signer.revocation_record_revoked_by", "source": "item", "path": "revocationRecord.revokedBy"}],
      "notes": ""
    },
    "ListProfilePermissions": {
      "kind": "read_list",
      "side_effect": false,
      "sdk": {"client": "signer", "method": "list_profile_permissions"},
      "consumes": [{"entity": "signer.profile_name", "param": "profileName", "required": true, "source": "internal"}],
      "produces": [{"entity": "signer.revision_id", "source": "output", "path": "revisionId"}, {"entity": "signer.policy_size_bytes", "source": "output", "path": "policySizeBytes"}, {"entity": "signer.permissions", "source": "output", "path": "permissions"}, {"entity": "signer.next_token", "source": "output", "path": "nextToken"}, {"entity": "signer.permission_action", "source": "item", "path": "permissions[].action"}, {"entity": "signer.permission_principal", "source": "item", "path": "permissions[].principal"}, {"entity": "signer.statement_id", "source": "item", "path": "permissions[].statementId"}, {"entity": "signer.permission_profile_version", "source": "item", "path": "permissions[].profileVersion"}],
      "notes": ""
    },
    "ListTagsForResource": {
      "kind": "read_list",
      "side_effect": false,
      "sdk": {"client": "signer", "method": "list_tags_for_resource"},
      "consumes": [{"entity": "signer.resource_arn", "param": "resourceArn", "required": true, "source": "external"}],
      "produces": [{"entity": "signer.tags", "source": "output", "path": "tags"}],
      "notes": ""
    },
    "PutSigningProfile": {
      "kind": "write_update",
      "side_effect": true,
      "sdk": {"client": "signer", "method": "put_signing_profile"},
      "consumes": [{"entity": "signer.profile_name", "param": "profileName", "required": true, "source": "internal"}, {"entity": "signer.platform_id", "param": "platformId", "required": true, "source": "internal"}],
      "produces": [{"entity": "signer.signing_profile_arn", "source": "output", "path": "arn"}, {"entity": "signer.profile_version", "source": "output", "path": "profileVersion"}, {"entity": "signer.profile_version_arn", "source": "output", "path": "profileVersionArn"}],
      "notes": ""
    },
    "RemoveProfilePermission": {
      "kind": "write_delete",
      "side_effect": true,
      "sdk": {"client": "signer", "method": "remove_profile_permission"},
      "consumes": [{"entity": "signer.revision_id", "param": "revisionId", "required": true, "source": "internal"}, {"entity": "signer.profile_name", "param": "profileName", "required": true, "source": "internal"}, {"entity": "signer.statement_id", "param": "statementId", "required": true, "source": "internal"}],
      "produces": [{"entity": "signer.revision_id", "source": "output", "path": "revisionId"}],
      "notes": ""
    },
    "RevokeSignature": {
      "kind": "write_delete",
      "side_effect": true,
      "sdk": {"client": "signer", "method": "revoke_signature"},
      "consumes": [{"entity": "signer.reason", "param": "reason", "required": true, "source": "external"}, {"entity": "signer.job_id", "param": "jobId", "required": true, "source": "internal"}],
      "produces": [],
      "notes": ""
    },
    "RevokeSigningProfile": {
      "kind": "write_delete",
      "side_effect": true,
      "sdk": {"client": "signer", "method": "revoke_signing_profile"},
      "consumes": [{"entity": "signer.profile_version", "param": "profileVersion", "required": true, "source": "internal"}, {"entity": "signer.reason", "param": "reason", "required": true, "source": "external"}, {"entity": "signer.effective_time", "param": "effectiveTime", "required": true, "source": "external"}, {"entity": "signer.profile_name", "param": "profileName", "required": true, "source": "internal"}],
      "produces": [],
      "notes": ""
    },
    "SignPayload": {
      "kind": "other",
      "side_effect": true,
      "sdk": {"client": "signer", "method": "sign_payload"},
      "consumes": [{"entity": "signer.profile_name", "param": "profileName", "required": true, "source": "internal"}, {"entity": "signer.payload", "param": "payload", "required": true, "source": "external"}, {"entity": "signer.payload_format", "param": "payloadFormat", "required": true, "source": "external"}],
      "produces": [{"entity": "signer.job_id", "source": "output", "path": "jobId"}, {"entity": "signer.job_owner", "source": "output", "path": "jobOwner"}, {"entity": "signer.metadata", "source": "output", "path": "metadata"}, {"entity": "signer.signature", "source": "output", "path": "signature"}],
      "notes": ""
    },
    "StartSigningJob": {
      "kind": "write_create",
      "side_effect": true,
      "sdk": {"client": "signer", "method": "start_signing_job"},
      "consumes": [{"entity": "signer.source", "param": "source", "required": true, "source": "internal"}, {"entity": "signer.destination", "param": "destination", "required": true, "source": "external"}, {"entity": "signer.profile_name", "param": "profileName", "required": true, "source": "internal"}, {"entity": "signer.client_request_token", "param": "clientRequestToken", "required": true, "source": "external"}],
      "produces": [{"entity": "signer.job_id", "source": "output", "path": "jobId"}, {"entity": "signer.job_owner", "source": "output", "path": "jobOwner"}],
      "notes": ""
    },
    "TagResource": {
      "kind": "write_apply",
      "side_effect": true,
      "sdk": {"client": "signer", "method": "tag_resource"},
      "consumes": [{"entity": "signer.resource_arn", "param": "resourceArn", "required": true, "source": "external"}, {"entity": "signer.tags", "param": "tags", "required": true, "source": "internal"}],
      "produces": [],
      "notes": ""
    },
    "UntagResource": {
      "kind": "write_delete",
      "side_effect": true,
      "sdk": {"client": "signer", "method": "untag_resource"},
      "consumes": [{"entity": "signer.resource_arn", "param": "resourceArn", "required": true, "source": "external"}, {"entity": "signer.tag_keys", "param": "tagKeys", "required": true, "source": "external"}],
      "produces": [],
      "notes": ""
    }
  }
}