{
  "service": "sesv2",
  "issues": {
    "generic_entities": {},
    "ambiguous_tokens": {
      "status": [
        {
          "mapping": "ListMultiRegionEndpoints.MultiRegionEndpoints[].Status -> sesv2.multi_region_endpoint_status",
          "evidence": "ListMultiRegionEndpoints.MultiRegionEndpoints[].Status",
          "entity": "sesv2.multi_region_endpoint_status"
        },
        {
          "mapping": "ListRecommendations.Recommendations[].Status -> sesv2.recommendation_status",
          "evidence": "ListRecommendations.Recommendations[].Status",
          "entity": "sesv2.recommendation_status"
        },
        {
          "mapping": "CreateEmailIdentity.DkimAttributes.Status -> sesv2.dkim_attribut_status",
          "evidence": "CreateEmailIdentity.DkimAttributes.Status",
          "entity": "sesv2.dkim_attribut_status"
        },
        {
          "mapping": "CreateMultiRegionEndpoint.Status -> sesv2.multi_region_endpoint_status",
          "evidence": "CreateMultiRegionEndpoint.Status",
          "entity": "sesv2.multi_region_endpoint_status"
        },
        {
          "mapping": "DeleteMultiRegionEndpoint.Status -> sesv2.multi_region_endpoint_status",
          "evidence": "DeleteMultiRegionEndpoint.Status",
          "entity": "sesv2.multi_region_endpoint_status"
        },
        {
          "mapping": "GetMultiRegionEndpoint.Status -> sesv2.multi_region_endpoint_status",
          "evidence": "GetMultiRegionEndpoint.Status",
          "entity": "sesv2.multi_region_endpoint_status"
        },
        {
          "mapping": "SendBulkEmail.BulkEmailEntryResults.Status -> sesv2.bulk_email_entry_result_status",
          "evidence": "SendBulkEmail.BulkEmailEntryResults.Status",
          "entity": "sesv2.bulk_email_entry_result_status"
        }
      ],
      "name": [
        {
          "mapping": "GetConfigurationSetEventDestinations.EventDestinations.Name -> sesv2.event_destination_name",
          "evidence": "GetConfigurationSetEventDestinations.EventDestinations.Name",
          "entity": "sesv2.event_destination_name"
        },
        {
          "mapping": "GetMessageInsights.EmailTags.Name -> sesv2.email_tag_name",
          "evidence": "GetMessageInsights.EmailTags.Name",
          "entity": "sesv2.email_tag_name"
        }
      ]
    },
    "unresolved_consumes": [],
    "suspicious_paths": []
  },
  "alias_candidates_not_applied": [],
  "suggested_overrides": [
    {
      "operation": "GetConfigurationSet",
      "type": "produces",
      "key": "ConfigurationSetName",
      "suggested_entity": "sesv2.configurationset_name",
      "confidence": "MEDIUM",
      "reason": "Param 'ConfigurationSetName' and output field 'ConfigurationSetName' match but map to different entities. Suggest unifying to consume entity."
    },
    {
      "operation": "GetContact",
      "type": "produces",
      "key": "ContactListName",
      "suggested_entity": "sesv2.contactlist_name",
      "confidence": "MEDIUM",
      "reason": "Param 'ContactListName' and output field 'ContactListName' match but map to different entities. Suggest unifying to consume entity."
    },
    {
      "operation": "GetContactList",
      "type": "produces",
      "key": "ContactListName",
      "suggested_entity": "sesv2.contactlist_name",
      "confidence": "MEDIUM",
      "reason": "Param 'ContactListName' and output field 'ContactListName' match but map to different entities. Suggest unifying to consume entity."
    },
    {
      "operation": "GetDedicatedIp",
      "type": "produces",
      "key": "DedicatedIp.Ip",
      "suggested_entity": "sesv2.ip",
      "confidence": "MEDIUM",
      "reason": "Param 'Ip' and output field 'Ip' match but map to different entities. Suggest unifying to consume entity."
    },
    {
      "operation": "GetDomainStatisticsReport",
      "type": "produces",
      "key": "DailyVolumes.StartDate",
      "suggested_entity": "sesv2.start_date",
      "confidence": "MEDIUM",
      "reason": "Param 'StartDate' and output field 'StartDate' match but map to different entities. Suggest unifying to consume entity."
    },
    {
      "operation": "GetSuppressedDestination",
      "type": "produces",
      "key": "SuppressedDestination.EmailAddress",
      "suggested_entity": "sesv2.email_address",
      "confidence": "MEDIUM",
      "reason": "Param 'EmailAddress' and output field 'EmailAddress' match but map to different entities. Suggest unifying to consume entity."
    }
  ],
  "unresolved_items": [
    {
      "mapping": "ListMultiRegionEndpoints.MultiRegionEndpoints[].Status -> sesv2.multi_region_endpoint_status",
      "evidence": "ListMultiRegionEndpoints.MultiRegionEndpoints[].Status",
      "entity": "sesv2.multi_region_endpoint_status"
    },
    {
      "mapping": "ListRecommendations.Recommendations[].Status -> sesv2.recommendation_status",
      "evidence": "ListRecommendations.Recommendations[].Status",
      "entity": "sesv2.recommendation_status"
    },
    {
      "mapping": "CreateEmailIdentity.DkimAttributes.Status -> sesv2.dkim_attribut_status",
      "evidence": "CreateEmailIdentity.DkimAttributes.Status",
      "entity": "sesv2.dkim_attribut_status"
    },
    {
      "mapping": "CreateMultiRegionEndpoint.Status -> sesv2.multi_region_endpoint_status",
      "evidence": "CreateMultiRegionEndpoint.Status",
      "entity": "sesv2.multi_region_endpoint_status"
    },
    {
      "mapping": "DeleteMultiRegionEndpoint.Status -> sesv2.multi_region_endpoint_status",
      "evidence": "DeleteMultiRegionEndpoint.Status",
      "entity": "sesv2.multi_region_endpoint_status"
    },
    {
      "mapping": "GetMultiRegionEndpoint.Status -> sesv2.multi_region_endpoint_status",
      "evidence": "GetMultiRegionEndpoint.Status",
      "entity": "sesv2.multi_region_endpoint_status"
    },
    {
      "mapping": "SendBulkEmail.BulkEmailEntryResults.Status -> sesv2.bulk_email_entry_result_status",
      "evidence": "SendBulkEmail.BulkEmailEntryResults.Status",
      "entity": "sesv2.bulk_email_entry_result_status"
    },
    {
      "mapping": "GetConfigurationSetEventDestinations.EventDestinations.Name -> sesv2.event_destination_name",
      "evidence": "GetConfigurationSetEventDestinations.EventDestinations.Name",
      "entity": "sesv2.event_destination_name"
    },
    {
      "mapping": "GetMessageInsights.EmailTags.Name -> sesv2.email_tag_name",
      "evidence": "GetMessageInsights.EmailTags.Name",
      "entity": "sesv2.email_tag_name"
    }
  ]
}