{
  "service": "sesv2",
  "version": "1.0",
  "kind_rules": {
    "read_list": ["List"],
    "read_get": ["Get", "Describe"],
    "write_create": ["Create", "Start", "Generate", "Import", "Enable", "Register"],
    "write_update": ["Update", "Modify", "Put", "Set", "Change", "Reset", "Patch"],
    "write_delete": ["Delete", "Remove", "Terminate", "Destroy", "Disable", "Detach", "Disassociate", "Untag", "Revoke"],
    "write_apply": ["Apply", "Attach", "Associate", "Add", "Tag", "Authorize", "Unauthorize", "Grant"],
    "other": ["default"]
  },
  "entity_aliases": {
    "sesv2.domain_deliverability_campaign_campaign_id": "sesv2.campaign_id",
    "sesv2.resource_tenant_tenant_name": "sesv2.tenant_name",
    "sesv2.resource_tenant_resource_arn": "sesv2.resource_arn",
    "sesv2.deliverability_test_report_report_id": "sesv2.report_id",
    "sesv2.bulk_email_entry_result_message_id": "sesv2.message_id",
    "sesv2.templates_metadata_template_name": "sesv2.template_name",
    "sesv2.export_job_job_id": "sesv2.job_id",
    "sesv2.dedicated_ip_pool_pool_name": "sesv2.pool_name",
    "sesv2.recommendation_resource_arn": "sesv2.resource_arn",
    "sesv2.multi_region_endpoint_endpoint_name": "sesv2.endpoint_name",
    "sesv2.tenant_resourc_resource_arn": "sesv2.resource_arn",
    "sesv2.custom_verification_email_templat_template_name": "sesv2.template_name",
    "sesv2.dedicated_ip_pool_name": "sesv2.pool_name",
    "sesv2.import_job_job_id": "sesv2.job_id",
    "sesv2.multi_region_endpoint_endpoint_id": "sesv2.endpoint_id",
    "sesv2.resource_tenant_tenant_id": "sesv2.tenant_id"
  },
  "overrides": {},
  "operations": {
    "GetAccount": {
      "kind": "read_get",
      "side_effect": false,
      "sdk": {"client": "sesv2", "method": "get_account"},
      "consumes": [],
      "produces": [{"entity": "sesv2.dedicated_ip_auto_warmup_enabled", "source": "output", "path": "DedicatedIpAutoWarmupEnabled"}, {"entity": "sesv2.enforcement_status", "source": "output", "path": "EnforcementStatus"}, {"entity": "sesv2.production_access_enabled", "source": "output", "path": "ProductionAccessEnabled"}, {"entity": "sesv2.send_quota", "source": "output", "path": "SendQuota"}, {"entity": "sesv2.sending_enabled", "source": "output", "path": "SendingEnabled"}, {"entity": "sesv2.suppression_attributes", "source": "output", "path": "SuppressionAttributes"}, {"entity": "sesv2.details", "source": "output", "path": "Details"}, {"entity": "sesv2.vdm_attributes", "source": "output", "path": "VdmAttributes"}, {"entity": "sesv2.send_quota_max24_hour_send", "source": "item", "path": "SendQuota.Max24HourSend"}, {"entity": "sesv2.send_quota_max_send_rate", "source": "item", "path": "SendQuota.MaxSendRate"}, {"entity": "sesv2.send_quota_sent_last24_hours", "source": "item", "path": "SendQuota.SentLast24Hours"}],
      "notes": ""
    },
    "GetDedicatedIps": {
      "kind": "read_get",
      "side_effect": false,
      "sdk": {"client": "sesv2", "method": "get_dedicated_ips"},
      "consumes": [],
      "produces": [{"entity": "sesv2.dedicated_ips", "source": "output", "path": "DedicatedIps"}, {"entity": "sesv2.next_token", "source": "output", "path": "NextToken"}, {"entity": "sesv2.dedicated_ip_ip", "source": "item", "path": "DedicatedIps.Ip"}, {"entity": "sesv2.dedicated_ip_warmup_status", "source": "item", "path": "DedicatedIps.WarmupStatus"}, {"entity": "sesv2.dedicated_ip_warmup_percentage", "source": "item", "path": "DedicatedIps.WarmupPercentage"}, {"entity": "sesv2.pool_name", "source": "item", "path": "DedicatedIps.PoolName"}],
      "notes": ""
    },
    "GetDeliverabilityDashboardOptions": {
      "kind": "read_get",
      "side_effect": false,
      "sdk": {"client": "sesv2", "method": "get_deliverability_dashboard_options"},
      "consumes": [],
      "produces": [{"entity": "sesv2.dashboard_enabled", "source": "output", "path": "DashboardEnabled"}, {"entity": "sesv2.subscription_expiry_date", "source": "output", "path": "SubscriptionExpiryDate"}, {"entity": "sesv2.account_status", "source": "output", "path": "AccountStatus"}, {"entity": "sesv2.active_subscribed_domains", "source": "output", "path": "ActiveSubscribedDomains"}, {"entity": "sesv2.pending_expiration_subscribed_domains", "source": "output", "path": "PendingExpirationSubscribedDomains"}, {"entity": "sesv2.active_subscribed_domain_domain", "source": "item", "path": "ActiveSubscribedDomains.Domain"}, {"entity": "sesv2.active_subscribed_domain_subscription_start_date", "source": "item", "path": "ActiveSubscribedDomains.SubscriptionStartDate"}, {"entity": "sesv2.active_subscribed_domain_inbox_placement_tracking_option", "source": "item", "path": "ActiveSubscribedDomains.InboxPlacementTrackingOption"}],
      "notes": ""
    },
    "ListConfigurationSets": {
      "kind": "read_list",
      "side_effect": false,
      "sdk": {"client": "sesv2", "method": "list_configuration_sets"},
      "consumes": [],
      "produces": [{"entity": "sesv2.configuration_sets", "source": "output", "path": "ConfigurationSets"}, {"entity": "sesv2.next_token", "source": "output", "path": "NextToken"}],
      "notes": ""
    },
    "ListContactLists": {
      "kind": "read_list",
      "side_effect": false,
      "sdk": {"client": "sesv2", "method": "list_contact_lists"},
      "consumes": [],
      "produces": [{"entity": "sesv2.contact_lists", "source": "output", "path": "ContactLists"}, {"entity": "sesv2.next_token", "source": "output", "path": "NextToken"}, {"entity": "sesv2.contact_list_name", "source": "item", "path": "ContactLists[].ContactListName"}, {"entity": "sesv2.contact_last_updated_timestamp", "source": "item", "path": "ContactLists[].LastUpdatedTimestamp"}],
      "notes": ""
    },
    "ListCustomVerificationEmailTemplates": {
      "kind": "read_list",
      "side_effect": false,
      "sdk": {"client": "sesv2", "method": "list_custom_verification_email_templates"},
      "consumes": [],
      "produces": [{"entity": "sesv2.custom_verification_email_templates", "source": "output", "path": "CustomVerificationEmailTemplates"}, {"entity": "sesv2.next_token", "source": "output", "path": "NextToken"}, {"entity": "sesv2.template_name", "source": "item", "path": "CustomVerificationEmailTemplates[].TemplateName"}, {"entity": "sesv2.custom_verification_email_templat_from_email_address", "source": "item", "path": "CustomVerificationEmailTemplates[].FromEmailAddress"}, {"entity": "sesv2.custom_verification_email_templat_template_subject", "source": "item", "path": "CustomVerificationEmailTemplates[].TemplateSubject"}, {"entity": "sesv2.custom_verification_email_templat_success_redirection_url", "source": "item", "path": "CustomVerificationEmailTemplates[].SuccessRedirectionURL"}, {"entity": "sesv2.custom_verification_email_templat_failure_redirection_url", "source": "item", "path": "CustomVerificationEmailTemplates[].FailureRedirectionURL"}],
      "notes": ""
    },
    "ListDedicatedIpPools": {
      "kind": "read_list",
      "side_effect": false,
      "sdk": {"client": "sesv2", "method": "list_dedicated_ip_pools"},
      "consumes": [],
      "produces": [{"entity": "sesv2.dedicated_ip_pools", "source": "output", "path": "DedicatedIpPools"}, {"entity": "sesv2.next_token", "source": "output", "path": "NextToken"}],
      "notes": ""
    },
    "ListDeliverabilityTestReports": {
      "kind": "read_list",
      "side_effect": false,
      "sdk": {"client": "sesv2", "method": "list_deliverability_test_reports"},
      "consumes": [],
      "produces": [{"entity": "sesv2.deliverability_test_reports", "source": "output", "path": "DeliverabilityTestReports"}, {"entity": "sesv2.next_token", "source": "output", "path": "NextToken"}, {"entity": "sesv2.report_id", "source": "item", "path": "DeliverabilityTestReports[].ReportId"}, {"entity": "sesv2.deliverability_test_report_report_name", "source": "item", "path": "DeliverabilityTestReports[].ReportName"}, {"entity": "sesv2.deliverability_test_report_subject", "source": "item", "path": "DeliverabilityTestReports[].Subject"}, {"entity": "sesv2.deliverability_test_report_from_email_address", "source": "item", "path": "DeliverabilityTestReports[].FromEmailAddress"}, {"entity": "sesv2.deliverability_test_report_create_date", "source": "item", "path": "DeliverabilityTestReports[].CreateDate"}, {"entity": "sesv2.deliverability_test_report_deliverability_test_status", "source": "item", "path": "DeliverabilityTestReports[].DeliverabilityTestStatus"}],
      "notes": ""
    },
    "ListEmailIdentities": {
      "kind": "read_list",
      "side_effect": false,
      "sdk": {"client": "sesv2", "method": "list_email_identities"},
      "consumes": [],
      "produces": [{"entity": "sesv2.email_identities", "source": "output", "path": "EmailIdentities"}, {"entity": "sesv2.next_token", "source": "output", "path": "NextToken"}, {"entity": "sesv2.email_identity_identity_type", "source": "item", "path": "EmailIdentities[].IdentityType"}, {"entity": "sesv2.email_identity_identity_name", "source": "item", "path": "EmailIdentities[].IdentityName"}, {"entity": "sesv2.email_identity_sending_enabled", "source": "item", "path": "EmailIdentities[].SendingEnabled"}, {"entity": "sesv2.email_identity_verification_status", "source": "item", "path": "EmailIdentities[].VerificationStatus"}],
      "notes": ""
    },
    "ListEmailTemplates": {
      "kind": "read_list",
      "side_effect": false,
      "sdk": {"client": "sesv2", "method": "list_email_templates"},
      "consumes": [],
      "produces": [{"entity": "sesv2.templates_metadata", "source": "output", "path": "TemplatesMetadata"}, {"entity": "sesv2.next_token", "source": "output", "path": "NextToken"}, {"entity": "sesv2.template_name", "source": "item", "path": "TemplatesMetadata[].TemplateName"}, {"entity": "sesv2.templates_metadata_created_timestamp", "source": "item", "path": "TemplatesMetadata[].CreatedTimestamp"}],
      "notes": ""
    },
    "ListExportJobs": {
      "kind": "read_list",
      "side_effect": false,
      "sdk": {"client": "sesv2", "method": "list_export_jobs"},
      "consumes": [],
      "produces": [{"entity": "sesv2.export_jobs", "source": "output", "path": "ExportJobs"}, {"entity": "sesv2.next_token", "source": "output", "path": "NextToken"}, {"entity": "sesv2.job_id", "source": "item", "path": "ExportJobs[].JobId"}, {"entity": "sesv2.export_job_export_source_type", "source": "item", "path": "ExportJobs[].ExportSourceType"}, {"entity": "sesv2.export_job_job_status", "source": "item", "path": "ExportJobs[].JobStatus"}, {"entity": "sesv2.export_job_created_timestamp", "source": "item", "path": "ExportJobs[].CreatedTimestamp"}, {"entity": "sesv2.export_job_completed_timestamp", "source": "item", "path": "ExportJobs[].CompletedTimestamp"}],
      "notes": ""
    },
    "ListImportJobs": {
      "kind": "read_list",
      "side_effect": false,
      "sdk": {"client": "sesv2", "method": "list_import_jobs"},
      "consumes": [],
      "produces": [{"entity": "sesv2.import_jobs", "source": "output", "path": "ImportJobs"}, {"entity": "sesv2.next_token", "source": "output", "path": "NextToken"}, {"entity": "sesv2.job_id", "source": "item", "path": "ImportJobs[].JobId"}, {"entity": "sesv2.import_job_import_destination", "source": "item", "path": "ImportJobs[].ImportDestination"}, {"entity": "sesv2.import_job_job_status", "source": "item", "path": "ImportJobs[].JobStatus"}, {"entity": "sesv2.import_job_created_timestamp", "source": "item", "path": "ImportJobs[].CreatedTimestamp"}, {"entity": "sesv2.import_job_processed_records_count", "source": "item", "path": "ImportJobs[].ProcessedRecordsCount"}, {"entity": "sesv2.import_job_failed_records_count", "source": "item", "path": "ImportJobs[].FailedRecordsCount"}],
      "notes": ""
    },
    "ListMultiRegionEndpoints": {
      "kind": "read_list",
      "side_effect": false,
      "sdk": {"client": "sesv2", "method": "list_multi_region_endpoints"},
      "consumes": [],
      "produces": [{"entity": "sesv2.multi_region_endpoints", "source": "output", "path": "MultiRegionEndpoints"}, {"entity": "sesv2.next_token", "source": "output", "path": "NextToken"}, {"entity": "sesv2.endpoint_name", "source": "item", "path": "MultiRegionEndpoints[].EndpointName"}, {"entity": "sesv2.multi_region_endpoint_status", "source": "item", "path": "MultiRegionEndpoints[].Status"}, {"entity": "sesv2.endpoint_id", "source": "item", "path": "MultiRegionEndpoints[].EndpointId"}, {"entity": "sesv2.multi_region_endpoint_regions", "source": "item", "path": "MultiRegionEndpoints[].Regions"}, {"entity": "sesv2.multi_region_endpoint_created_timestamp", "source": "item", "path": "MultiRegionEndpoints[].CreatedTimestamp"}, {"entity": "sesv2.multi_region_endpoint_last_updated_timestamp", "source": "item", "path": "MultiRegionEndpoints[].LastUpdatedTimestamp"}],
      "notes": ""
    },
    "ListRecommendations": {
      "kind": "read_list",
      "side_effect": false,
      "sdk": {"client": "sesv2", "method": "list_recommendations"},
      "consumes": [],
      "produces": [{"entity": "sesv2.recommendations", "source": "output", "path": "Recommendations"}, {"entity": "sesv2.next_token", "source": "output", "path": "NextToken"}, {"entity": "sesv2.resource_arn", "source": "item", "path": "Recommendations[].ResourceArn"}, {"entity": "sesv2.recommendation_type", "source": "item", "path": "Recommendations[].Type"}, {"entity": "sesv2.recommendation_description", "source": "item", "path": "Recommendations[].Description"}, {"entity": "sesv2.recommendation_status", "source": "item", "path": "Recommendations[].Status"}, {"entity": "sesv2.recommendation_created_timestamp", "source": "item", "path": "Recommendations[].CreatedTimestamp"}, {"entity": "sesv2.recommendation_last_updated_timestamp", "source": "item", "path": "Recommendations[].LastUpdatedTimestamp"}, {"entity": "sesv2.recommendation_impact", "source": "item", "path": "Recommendations[].Impact"}],
      "notes": ""
    },
    "ListReputationEntities": {
      "kind": "read_list",
      "side_effect": false,
      "sdk": {"client": "sesv2", "method": "list_reputation_entities"},
      "consumes": [],
      "produces": [{"entity": "sesv2.reputation_entities", "source": "output", "path": "ReputationEntities"}, {"entity": "sesv2.next_token", "source": "output", "path": "NextToken"}, {"entity": "sesv2.reputation_entity_reference", "source": "item", "path": "ReputationEntities[].ReputationEntityReference"}, {"entity": "sesv2.reputation_entity_type", "source": "item", "path": "ReputationEntities[].ReputationEntityType"}, {"entity": "sesv2.reputation_entity_reputation_management_policy", "source": "item", "path": "ReputationEntities[].ReputationManagementPolicy"}, {"entity": "sesv2.reputation_entity_customer_managed_status", "source": "item", "path": "ReputationEntities[].CustomerManagedStatus"}, {"entity": "sesv2.reputation_entity_aws_ses_managed_status", "source": "item", "path": "ReputationEntities[].AwsSesManagedStatus"}, {"entity": "sesv2.reputation_entity_sending_status_aggregate", "source": "item", "path": "ReputationEntities[].SendingStatusAggregate"}, {"entity": "sesv2.reputation_entity_reputation_impact", "source": "item", "path": "ReputationEntities[].ReputationImpact"}],
      "notes": ""
    },
    "ListSuppressedDestinations": {
      "kind": "read_list",
      "side_effect": false,
      "sdk": {"client": "sesv2", "method": "list_suppressed_destinations"},
      "consumes": [],
      "produces": [{"entity": "sesv2.suppressed_destination_summaries", "source": "output", "path": "SuppressedDestinationSummaries"}, {"entity": "sesv2.next_token", "source": "output", "path": "NextToken"}, {"entity": "sesv2.suppressed_destination_email_address", "source": "item", "path": "SuppressedDestinationSummaries[].EmailAddress"}, {"entity": "sesv2.suppressed_destination_reason", "source": "item", "path": "SuppressedDestinationSummaries[].Reason"}, {"entity": "sesv2.suppressed_destination_last_update_time", "source": "item", "path": "SuppressedDestinationSummaries[].LastUpdateTime"}],
      "notes": ""
    },
    "ListTenants": {
      "kind": "read_list",
      "side_effect": false,
      "sdk": {"client": "sesv2", "method": "list_tenants"},
      "consumes": [],
      "produces": [{"entity": "sesv2.tenants", "source": "output", "path": "Tenants"}, {"entity": "sesv2.next_token", "source": "output", "path": "NextToken"}, {"entity": "sesv2.tenant_name", "source": "item", "path": "Tenants[].TenantName"}, {"entity": "sesv2.tenant_id", "source": "item", "path": "Tenants[].TenantId"}, {"entity": "sesv2.tenant_arn", "source": "item", "path": "Tenants[].TenantArn"}, {"entity": "sesv2.tenant_created_timestamp", "source": "item", "path": "Tenants[].CreatedTimestamp"}],
      "notes": ""
    },
    "PutAccountDedicatedIpWarmupAttributes": {
      "kind": "write_update",
      "side_effect": true,
      "sdk": {"client": "sesv2", "method": "put_account_dedicated_ip_warmup_attributes"},
      "consumes": [],
      "produces": [],
      "notes": ""
    },
    "PutAccountSendingAttributes": {
      "kind": "write_update",
      "side_effect": true,
      "sdk": {"client": "sesv2", "method": "put_account_sending_attributes"},
      "consumes": [],
      "produces": [],
      "notes": ""
    },
    "PutAccountSuppressionAttributes": {
      "kind": "write_update",
      "side_effect": true,
      "sdk": {"client": "sesv2", "method": "put_account_suppression_attributes"},
      "consumes": [],
      "produces": [],
      "notes": ""
    },
    "BatchGetMetricData": {
      "kind": "other",
      "side_effect": true,
      "sdk": {"client": "sesv2", "method": "batch_get_metric_data"},
      "consumes": [{"entity": "sesv2.queries", "param": "Queries", "required": true, "source": "external"}],
      "produces": [{"entity": "sesv2.results", "source": "output", "path": "Results"}, {"entity": "sesv2.errors", "source": "output", "path": "Errors"}, {"entity": "sesv2.result_id", "source": "item", "path": "Results.Id"}, {"entity": "sesv2.result_timestamps", "source": "item", "path": "Results.Timestamps"}, {"entity": "sesv2.result_values", "source": "item", "path": "Results.Values"}],
      "notes": ""
    },
    "CancelExportJob": {
      "kind": "other",
      "side_effect": true,
      "sdk": {"client": "sesv2", "method": "cancel_export_job"},
      "consumes": [{"entity": "sesv2.job_id", "param": "JobId", "required": true, "source": "internal"}],
      "produces": [],
      "notes": ""
    },
    "CreateConfigurationSet": {
      "kind": "write_create",
      "side_effect": true,
      "sdk": {"client": "sesv2", "method": "create_configuration_set"},
      "consumes": [{"entity": "sesv2.configurationset_name", "param": "ConfigurationSetName", "required": true, "source": "external"}],
      "produces": [],
      "notes": ""
    },
    "CreateConfigurationSetEventDestination": {
      "kind": "write_create",
      "side_effect": true,
      "sdk": {"client": "sesv2", "method": "create_configuration_set_event_destination"},
      "consumes": [{"entity": "sesv2.configurationset_name", "param": "ConfigurationSetName", "required": true, "source": "external"}, {"entity": "sesv2.eventdestination_name", "param": "EventDestinationName", "required": true, "source": "external"}, {"entity": "sesv2.event_destination", "param": "EventDestination", "required": true, "source": "external"}],
      "produces": [],
      "notes": ""
    },
    "CreateContact": {
      "kind": "write_create",
      "side_effect": true,
      "sdk": {"client": "sesv2", "method": "create_contact"},
      "consumes": [{"entity": "sesv2.contactlist_name", "param": "ContactListName", "required": true, "source": "external"}, {"entity": "sesv2.email_address", "param": "EmailAddress", "required": true, "source": "internal"}],
      "produces": [],
      "notes": ""
    },
    "CreateContactList": {
      "kind": "write_create",
      "side_effect": true,
      "sdk": {"client": "sesv2", "method": "create_contact_list"},
      "consumes": [{"entity": "sesv2.contactlist_name", "param": "ContactListName", "required": true, "source": "external"}],
      "produces": [],
      "notes": ""
    },
    "CreateCustomVerificationEmailTemplate": {
      "kind": "write_create",
      "side_effect": true,
      "sdk": {"client": "sesv2", "method": "create_custom_verification_email_template"},
      "consumes": [{"entity": "sesv2.template_name", "param": "TemplateName", "required": true, "source": "internal"}, {"entity": "sesv2.from_email_address", "param": "FromEmailAddress", "required": true, "source": "internal"}, {"entity": "sesv2.template_subject", "param": "TemplateSubject", "required": true, "source": "internal"}, {"entity": "sesv2.template_content", "param": "TemplateContent", "required": true, "source": "internal"}, {"entity": "sesv2.success_redirection_url", "param": "SuccessRedirectionURL", "required": true, "source": "internal"}, {"entity": "sesv2.failure_redirection_url", "param": "FailureRedirectionURL", "required": true, "source": "internal"}],
      "produces": [],
      "notes": ""
    },
    "CreateDedicatedIpPool": {
      "kind": "write_create",
      "side_effect": true,
      "sdk": {"client": "sesv2", "method": "create_dedicated_ip_pool"},
      "consumes": [{"entity": "sesv2.pool_name", "param": "PoolName", "required": true, "source": "internal"}],
      "produces": [],
      "notes": ""
    },
    "CreateDeliverabilityTestReport": {
      "kind": "write_create",
      "side_effect": true,
      "sdk": {"client": "sesv2", "method": "create_deliverability_test_report"},
      "consumes": [{"entity": "sesv2.from_email_address", "param": "FromEmailAddress", "required": true, "source": "internal"}, {"entity": "sesv2.content", "param": "Content", "required": true, "source": "external"}],
      "produces": [{"entity": "sesv2.report_id", "source": "output", "path": "ReportId"}, {"entity": "sesv2.deliverability_test_status", "source": "output", "path": "DeliverabilityTestStatus"}],
      "notes": ""
    },
    "CreateEmailIdentity": {
      "kind": "write_create",
      "side_effect": true,
      "sdk": {"client": "sesv2", "method": "create_email_identity"},
      "consumes": [{"entity": "sesv2.email_identity", "param": "EmailIdentity", "required": true, "source": "external"}],
      "produces": [{"entity": "sesv2.identity_type", "source": "output", "path": "IdentityType"}, {"entity": "sesv2.verified_for_sending_status", "source": "output", "path": "VerifiedForSendingStatus"}, {"entity": "sesv2.dkim_attributes", "source": "output", "path": "DkimAttributes"}, {"entity": "sesv2.dkim_attribut_signing_enabled", "source": "item", "path": "DkimAttributes.SigningEnabled"}, {"entity": "sesv2.dkim_attribut_status", "source": "item", "path": "DkimAttributes.Status"}, {"entity": "sesv2.dkim_attribut_tokens", "source": "item", "path": "DkimAttributes.Tokens"}, {"entity": "sesv2.dkim_attribut_signing_attributes_origin", "source": "item", "path": "DkimAttributes.SigningAttributesOrigin"}, {"entity": "sesv2.dkim_attribut_next_signing_key_length", "source": "item", "path": "DkimAttributes.NextSigningKeyLength"}, {"entity": "sesv2.dkim_attribut_current_signing_key_length", "source": "item", "path": "DkimAttributes.CurrentSigningKeyLength"}, {"entity": "sesv2.dkim_attribut_last_key_generation_timestamp", "source": "item", "path": "DkimAttributes.LastKeyGenerationTimestamp"}],
      "notes": ""
    },
    "CreateEmailIdentityPolicy": {
      "kind": "write_create",
      "side_effect": true,
      "sdk": {"client": "sesv2", "method": "create_email_identity_policy"},
      "consumes": [{"entity": "sesv2.email_identity", "param": "EmailIdentity", "required": true, "source": "external"}, {"entity": "sesv2.policy_name", "param": "PolicyName", "required": true, "source": "external"}, {"entity": "sesv2.policy", "param": "Policy", "required": true, "source": "external"}],
      "produces": [],
      "notes": ""
    },
    "CreateEmailTemplate": {
      "kind": "write_create",
      "side_effect": true,
      "sdk": {"client": "sesv2", "method": "create_email_template"},
      "consumes": [{"entity": "sesv2.template_name", "param": "TemplateName", "required": true, "source": "internal"}, {"entity": "sesv2.template_content", "param": "TemplateContent", "required": true, "source": "internal"}],
      "produces": [],
      "notes": ""
    },
    "CreateExportJob": {
      "kind": "write_create",
      "side_effect": true,
      "sdk": {"client": "sesv2", "method": "create_export_job"},
      "consumes": [{"entity": "sesv2.export_data_source", "param": "ExportDataSource", "required": true, "source": "internal"}, {"entity": "sesv2.export_destination", "param": "ExportDestination", "required": true, "source": "internal"}],
      "produces": [{"entity": "sesv2.job_id", "source": "output", "path": "JobId"}],
      "notes": ""
    },
    "CreateImportJob": {
      "kind": "write_create",
      "side_effect": true,
      "sdk": {"client": "sesv2", "method": "create_import_job"},
      "consumes": [{"entity": "sesv2.import_destination", "param": "ImportDestination", "required": true, "source": "internal"}, {"entity": "sesv2.import_data_source", "param": "ImportDataSource", "required": true, "source": "internal"}],
      "produces": [{"entity": "sesv2.job_id", "source": "output", "path": "JobId"}],
      "notes": ""
    },
    "CreateMultiRegionEndpoint": {
      "kind": "write_create",
      "side_effect": true,
      "sdk": {"client": "sesv2", "method": "create_multi_region_endpoint"},
      "consumes": [{"entity": "sesv2.endpoint_name", "param": "EndpointName", "required": true, "source": "internal"}, {"entity": "sesv2.details", "param": "Details", "required": true, "source": "internal"}],
      "produces": [{"entity": "sesv2.multi_region_endpoint_status", "source": "output", "path": "Status"}, {"entity": "sesv2.endpoint_id", "source": "output", "path": "EndpointId"}],
      "notes": ""
    },
    "CreateTenant": {
      "kind": "write_create",
      "side_effect": true,
      "sdk": {"client": "sesv2", "method": "create_tenant"},
      "consumes": [{"entity": "sesv2.tenant_name", "param": "TenantName", "required": true, "source": "internal"}],
      "produces": [{"entity": "sesv2.tenant_name", "source": "output", "path": "TenantName"}, {"entity": "sesv2.tenant_id", "source": "output", "path": "TenantId"}, {"entity": "sesv2.tenant_arn", "source": "output", "path": "TenantArn"}, {"entity": "sesv2.created_timestamp", "source": "output", "path": "CreatedTimestamp"}, {"entity": "sesv2.tags", "source": "output", "path": "Tags"}, {"entity": "sesv2.sending_status", "source": "output", "path": "SendingStatus"}, {"entity": "sesv2.tag_key", "source": "item", "path": "Tags.Key"}, {"entity": "sesv2.tag_value", "source": "item", "path": "Tags.Value"}],
      "notes": ""
    },
    "CreateTenantResourceAssociation": {
      "kind": "write_create",
      "side_effect": true,
      "sdk": {"client": "sesv2", "method": "create_tenant_resource_association"},
      "consumes": [{"entity": "sesv2.tenant_name", "param": "TenantName", "required": true, "source": "internal"}, {"entity": "sesv2.resource_arn", "param": "ResourceArn", "required": true, "source": "internal"}],
      "produces": [],
      "notes": ""
    },
    "DeleteConfigurationSet": {
      "kind": "write_delete",
      "side_effect": true,
      "sdk": {"client": "sesv2", "method": "delete_configuration_set"},
      "consumes": [{"entity": "sesv2.configurationset_name", "param": "ConfigurationSetName", "required": true, "source": "external"}],
      "produces": [],
      "notes": ""
    },
    "DeleteConfigurationSetEventDestination": {
      "kind": "write_delete",
      "side_effect": true,
      "sdk": {"client": "sesv2", "method": "delete_configuration_set_event_destination"},
      "consumes": [{"entity": "sesv2.configurationset_name", "param": "ConfigurationSetName", "required": true, "source": "external"}, {"entity": "sesv2.eventdestination_name", "param": "EventDestinationName", "required": true, "source": "external"}],
      "produces": [],
      "notes": ""
    },
    "DeleteContact": {
      "kind": "write_delete",
      "side_effect": true,
      "sdk": {"client": "sesv2", "method": "delete_contact"},
      "consumes": [{"entity": "sesv2.contactlist_name", "param": "ContactListName", "required": true, "source": "external"}, {"entity": "sesv2.email_address", "param": "EmailAddress", "required": true, "source": "internal"}],
      "produces": [],
      "notes": ""
    },
    "DeleteContactList": {
      "kind": "write_delete",
      "side_effect": true,
      "sdk": {"client": "sesv2", "method": "delete_contact_list"},
      "consumes": [{"entity": "sesv2.contactlist_name", "param": "ContactListName", "required": true, "source": "external"}],
      "produces": [],
      "notes": ""
    },
    "DeleteCustomVerificationEmailTemplate": {
      "kind": "write_delete",
      "side_effect": true,
      "sdk": {"client": "sesv2", "method": "delete_custom_verification_email_template"},
      "consumes": [{"entity": "sesv2.template_name", "param": "TemplateName", "required": true, "source": "internal"}],
      "produces": [],
      "notes": ""
    },
    "DeleteDedicatedIpPool": {
      "kind": "write_delete",
      "side_effect": true,
      "sdk": {"client": "sesv2", "method": "delete_dedicated_ip_pool"},
      "consumes": [{"entity": "sesv2.pool_name", "param": "PoolName", "required": true, "source": "internal"}],
      "produces": [],
      "notes": ""
    },
    "DeleteEmailIdentity": {
      "kind": "write_delete",
      "side_effect": true,
      "sdk": {"client": "sesv2", "method": "delete_email_identity"},
      "consumes": [{"entity": "sesv2.email_identity", "param": "EmailIdentity", "required": true, "source": "external"}],
      "produces": [],
      "notes": ""
    },
    "DeleteEmailIdentityPolicy": {
      "kind": "write_delete",
      "side_effect": true,
      "sdk": {"client": "sesv2", "method": "delete_email_identity_policy"},
      "consumes": [{"entity": "sesv2.email_identity", "param": "EmailIdentity", "required": true, "source": "external"}, {"entity": "sesv2.policy_name", "param": "PolicyName", "required": true, "source": "external"}],
      "produces": [],
      "notes": ""
    },
    "DeleteEmailTemplate": {
      "kind": "write_delete",
      "side_effect": true,
      "sdk": {"client": "sesv2", "method": "delete_email_template"},
      "consumes": [{"entity": "sesv2.template_name", "param": "TemplateName", "required": true, "source": "internal"}],
      "produces": [],
      "notes": ""
    },
    "DeleteMultiRegionEndpoint": {
      "kind": "write_delete",
      "side_effect": true,
      "sdk": {"client": "sesv2", "method": "delete_multi_region_endpoint"},
      "consumes": [{"entity": "sesv2.endpoint_name", "param": "EndpointName", "required": true, "source": "internal"}],
      "produces": [{"entity": "sesv2.multi_region_endpoint_status", "source": "output", "path": "Status"}],
      "notes": ""
    },
    "DeleteSuppressedDestination": {
      "kind": "write_delete",
      "side_effect": true,
      "sdk": {"client": "sesv2", "method": "delete_suppressed_destination"},
      "consumes": [{"entity": "sesv2.email_address", "param": "EmailAddress", "required": true, "source": "internal"}],
      "produces": [],
      "notes": ""
    },
    "DeleteTenant": {
      "kind": "write_delete",
      "side_effect": true,
      "sdk": {"client": "sesv2", "method": "delete_tenant"},
      "consumes": [{"entity": "sesv2.tenant_name", "param": "TenantName", "required": true, "source": "internal"}],
      "produces": [],
      "notes": ""
    },
    "DeleteTenantResourceAssociation": {
      "kind": "write_delete",
      "side_effect": true,
      "sdk": {"client": "sesv2", "method": "delete_tenant_resource_association"},
      "consumes": [{"entity": "sesv2.tenant_name", "param": "TenantName", "required": true, "source": "internal"}, {"entity": "sesv2.resource_arn", "param": "ResourceArn", "required": true, "source": "internal"}],
      "produces": [],
      "notes": ""
    },
    "GetBlacklistReports": {
      "kind": "read_get",
      "side_effect": false,
      "sdk": {"client": "sesv2", "method": "get_blacklist_reports"},
      "consumes": [{"entity": "sesv2.blacklist_item_names", "param": "BlacklistItemNames", "required": true, "source": "external"}],
      "produces": [{"entity": "sesv2.blacklist_report", "source": "output", "path": "BlacklistReport"}],
      "notes": ""
    },
    "GetConfigurationSet": {
      "kind": "read_get",
      "side_effect": false,
      "sdk": {"client": "sesv2", "method": "get_configuration_set"},
      "consumes": [{"entity": "sesv2.configurationset_name", "param": "ConfigurationSetName", "required": true, "source": "external"}],
      "produces": [{"entity": "sesv2.configuration_set_name", "source": "output", "path": "ConfigurationSetName"}, {"entity": "sesv2.tracking_options", "source": "output", "path": "TrackingOptions"}, {"entity": "sesv2.delivery_options", "source": "output", "path": "DeliveryOptions"}, {"entity": "sesv2.reputation_options", "source": "output", "path": "ReputationOptions"}, {"entity": "sesv2.sending_options", "source": "output", "path": "SendingOptions"}, {"entity": "sesv2.tags", "source": "output", "path": "Tags"}, {"entity": "sesv2.suppression_options", "source": "output", "path": "SuppressionOptions"}, {"entity": "sesv2.vdm_options", "source": "output", "path": "VdmOptions"}, {"entity": "sesv2.archiving_options", "source": "output", "path": "ArchivingOptions"}, {"entity": "sesv2.tag_key", "source": "item", "path": "Tags.Key"}, {"entity": "sesv2.tag_value", "source": "item", "path": "Tags.Value"}],
      "notes": ""
    },
    "GetConfigurationSetEventDestinations": {
      "kind": "read_get",
      "side_effect": false,
      "sdk": {"client": "sesv2", "method": "get_configuration_set_event_destinations"},
      "consumes": [{"entity": "sesv2.configurationset_name", "param": "ConfigurationSetName", "required": true, "source": "external"}],
      "produces": [{"entity": "sesv2.event_destinations", "source": "output", "path": "EventDestinations"}, {"entity": "sesv2.event_destination_name", "source": "item", "path": "EventDestinations.Name"}, {"entity": "sesv2.event_destination_enabled", "source": "item", "path": "EventDestinations.Enabled"}, {"entity": "sesv2.event_destination_matching_event_types", "source": "item", "path": "EventDestinations.MatchingEventTypes"}, {"entity": "sesv2.event_destination_kinesis_firehose_destination", "source": "item", "path": "EventDestinations.KinesisFirehoseDestination"}, {"entity": "sesv2.event_destination_cloud_watch_destination", "source": "item", "path": "EventDestinations.CloudWatchDestination"}, {"entity": "sesv2.event_destination_sns_destination", "source": "item", "path": "EventDestinations.SnsDestination"}, {"entity": "sesv2.event_destination_event_bridge_destination", "source": "item", "path": "EventDestinations.EventBridgeDestination"}, {"entity": "sesv2.event_destination_pinpoint_destination", "source": "item", "path": "EventDestinations.PinpointDestination"}],
      "notes": ""
    },
    "GetContact": {
      "kind": "read_get",
      "side_effect": false,
      "sdk": {"client": "sesv2", "method": "get_contact"},
      "consumes": [{"entity": "sesv2.contactlist_name", "param": "ContactListName", "required": true, "source": "external"}, {"entity": "sesv2.email_address", "param": "EmailAddress", "required": true, "source": "internal"}],
      "produces": [{"entity": "sesv2.contact_list_name", "source": "output", "path": "ContactListName"}, {"entity": "sesv2.email_address", "source": "output", "path": "EmailAddress"}, {"entity": "sesv2.topic_preferences", "source": "output", "path": "TopicPreferences"}, {"entity": "sesv2.topic_default_preferences", "source": "output", "path": "TopicDefaultPreferences"}, {"entity": "sesv2.unsubscribe_all", "source": "output", "path": "UnsubscribeAll"}, {"entity": "sesv2.attributes_data", "source": "output", "path": "AttributesData"}, {"entity": "sesv2.created_timestamp", "source": "output", "path": "CreatedTimestamp"}, {"entity": "sesv2.last_updated_timestamp", "source": "output", "path": "LastUpdatedTimestamp"}, {"entity": "sesv2.topic_preferenc_topic_name", "source": "item", "path": "TopicPreferences.TopicName"}, {"entity": "sesv2.topic_preferenc_subscription_status", "source": "item", "path": "TopicPreferences.SubscriptionStatus"}],
      "notes": ""
    },
    "GetContactList": {
      "kind": "read_get",
      "side_effect": false,
      "sdk": {"client": "sesv2", "method": "get_contact_list"},
      "consumes": [{"entity": "sesv2.contactlist_name", "param": "ContactListName", "required": true, "source": "external"}],
      "produces": [{"entity": "sesv2.contact_list_name", "source": "output", "path": "ContactListName"}, {"entity": "sesv2.topics", "source": "output", "path": "Topics"}, {"entity": "sesv2.description", "source": "output", "path": "Description"}, {"entity": "sesv2.created_timestamp", "source": "output", "path": "CreatedTimestamp"}, {"entity": "sesv2.last_updated_timestamp", "source": "output", "path": "LastUpdatedTimestamp"}, {"entity": "sesv2.tags", "source": "output", "path": "Tags"}, {"entity": "sesv2.topic_name", "source": "item", "path": "Topics.TopicName"}, {"entity": "sesv2.topic_display_name", "source": "item", "path": "Topics.DisplayName"}, {"entity": "sesv2.topic_description", "source": "item", "path": "Topics.Description"}, {"entity": "sesv2.topic_default_subscription_status", "source": "item", "path": "Topics.DefaultSubscriptionStatus"}],
      "notes": ""
    },
    "GetCustomVerificationEmailTemplate": {
      "kind": "read_get",
      "side_effect": false,
      "sdk": {"client": "sesv2", "method": "get_custom_verification_email_template"},
      "consumes": [{"entity": "sesv2.template_name", "param": "TemplateName", "required": true, "source": "internal"}],
      "produces": [{"entity": "sesv2.template_name", "source": "output", "path": "TemplateName"}, {"entity": "sesv2.from_email_address", "source": "output", "path": "FromEmailAddress"}, {"entity": "sesv2.template_subject", "source": "output", "path": "TemplateSubject"}, {"entity": "sesv2.template_content", "source": "output", "path": "TemplateContent"}, {"entity": "sesv2.success_redirection_url", "source": "output", "path": "SuccessRedirectionURL"}, {"entity": "sesv2.failure_redirection_url", "source": "output", "path": "FailureRedirectionURL"}],
      "notes": ""
    },
    "GetDedicatedIp": {
      "kind": "read_get",
      "side_effect": false,
      "sdk": {"client": "sesv2", "method": "get_dedicated_ip"},
      "consumes": [{"entity": "sesv2.ip", "param": "Ip", "required": true, "source": "external"}],
      "produces": [{"entity": "sesv2.dedicated_ip", "source": "output", "path": "DedicatedIp"}, {"entity": "sesv2.dedicated_ip_ip", "source": "item", "path": "DedicatedIp.Ip"}, {"entity": "sesv2.dedicated_ip_warmup_status", "source": "item", "path": "DedicatedIp.WarmupStatus"}, {"entity": "sesv2.dedicated_ip_warmup_percentage", "source": "item", "path": "DedicatedIp.WarmupPercentage"}, {"entity": "sesv2.pool_name", "source": "item", "path": "DedicatedIp.PoolName"}],
      "notes": ""
    },
    "GetDedicatedIpPool": {
      "kind": "read_get",
      "side_effect": false,
      "sdk": {"client": "sesv2", "method": "get_dedicated_ip_pool"},
      "consumes": [{"entity": "sesv2.pool_name", "param": "PoolName", "required": true, "source": "internal"}],
      "produces": [{"entity": "sesv2.dedicated_ip_pool", "source": "output", "path": "DedicatedIpPool"}, {"entity": "sesv2.pool_name", "source": "item", "path": "DedicatedIpPool.PoolName"}, {"entity": "sesv2.dedicated_ip_pool_scaling_mode", "source": "item", "path": "DedicatedIpPool.ScalingMode"}],
      "notes": ""
    },
    "GetDeliverabilityTestReport": {
      "kind": "read_get",
      "side_effect": false,
      "sdk": {"client": "sesv2", "method": "get_deliverability_test_report"},
      "consumes": [{"entity": "sesv2.report_id", "param": "ReportId", "required": true, "source": "internal"}],
      "produces": [{"entity": "sesv2.deliverability_test_report", "source": "output", "path": "DeliverabilityTestReport"}, {"entity": "sesv2.overall_placement", "source": "output", "path": "OverallPlacement"}, {"entity": "sesv2.isp_placements", "source": "output", "path": "IspPlacements"}, {"entity": "sesv2.message", "source": "output", "path": "Message"}, {"entity": "sesv2.tags", "source": "output", "path": "Tags"}, {"entity": "sesv2.isp_placement_isp_name", "source": "item", "path": "IspPlacements.IspName"}, {"entity": "sesv2.isp_placement_placement_statistics", "source": "item", "path": "IspPlacements.PlacementStatistics"}],
      "notes": ""
    },
    "GetDomainDeliverabilityCampaign": {
      "kind": "read_get",
      "side_effect": false,
      "sdk": {"client": "sesv2", "method": "get_domain_deliverability_campaign"},
      "consumes": [{"entity": "sesv2.campaign_id", "param": "CampaignId", "required": true, "source": "internal"}],
      "produces": [{"entity": "sesv2.domain_deliverability_campaign", "source": "output", "path": "DomainDeliverabilityCampaign"}, {"entity": "sesv2.campaign_id", "source": "item", "path": "DomainDeliverabilityCampaign.CampaignId"}, {"entity": "sesv2.domain_deliverability_campaign_image_url", "source": "item", "path": "DomainDeliverabilityCampaign.ImageUrl"}, {"entity": "sesv2.domain_deliverability_campaign_subject", "source": "item", "path": "DomainDeliverabilityCampaign.Subject"}, {"entity": "sesv2.domain_deliverability_campaign_from_address", "source": "item", "path": "DomainDeliverabilityCampaign.FromAddress"}, {"entity": "sesv2.domain_deliverability_campaign_sending_ips", "source": "item", "path": "DomainDeliverabilityCampaign.SendingIps"}, {"entity": "sesv2.domain_deliverability_campaign_first_seen_date_time", "source": "item", "path": "DomainDeliverabilityCampaign.FirstSeenDateTime"}, {"entity": "sesv2.domain_deliverability_campaign_last_seen_date_time", "source": "item", "path": "DomainDeliverabilityCampaign.LastSeenDateTime"}, {"entity": "sesv2.domain_deliverability_campaign_inbox_count", "source": "item", "path": "DomainDeliverabilityCampaign.InboxCount"}, {"entity": "sesv2.domain_deliverability_campaign_spam_count", "source": "item", "path": "DomainDeliverabilityCampaign.SpamCount"}, {"entity": "sesv2.domain_deliverability_campaign_read_rate", "source": "item", "path": "DomainDeliverabilityCampaign.ReadRate"}, {"entity": "sesv2.domain_deliverability_campaign_delete_rate", "source": "item", "path": "DomainDeliverabilityCampaign.DeleteRate"}, {"entity": "sesv2.domain_deliverability_campaign_read_delete_rate", "source": "item", "path": "DomainDeliverabilityCampaign.ReadDeleteRate"}, {"entity": "sesv2.domain_deliverability_campaign_projected_volume", "source": "item", "path": "DomainDeliverabilityCampaign.ProjectedVolume"}, {"entity": "sesv2.domain_deliverability_campaign_esps", "source": "item", "path": "DomainDeliverabilityCampaign.Esps"}],
      "notes": ""
    },
    "GetDomainStatisticsReport": {
      "kind": "read_get",
      "side_effect": false,
      "sdk": {"client": "sesv2", "method": "get_domain_statistics_report"},
      "consumes": [{"entity": "sesv2.domain", "param": "Domain", "required": true, "source": "external"}, {"entity": "sesv2.start_date", "param": "StartDate", "required": true, "source": "external"}, {"entity": "sesv2.end_date", "param": "EndDate", "required": true, "source": "external"}],
      "produces": [{"entity": "sesv2.overall_volume", "source": "output", "path": "OverallVolume"}, {"entity": "sesv2.daily_volumes", "source": "output", "path": "DailyVolumes"}, {"entity": "sesv2.daily_volum_start_date", "source": "item", "path": "DailyVolumes.StartDate"}, {"entity": "sesv2.daily_volum_volume_statistics", "source": "item", "path": "DailyVolumes.VolumeStatistics"}, {"entity": "sesv2.daily_volum_domain_isp_placements", "source": "item", "path": "DailyVolumes.DomainIspPlacements"}],
      "notes": ""
    },
    "GetEmailIdentity": {
      "kind": "read_get",
      "side_effect": false,
      "sdk": {"client": "sesv2", "method": "get_email_identity"},
      "consumes": [{"entity": "sesv2.email_identity", "param": "EmailIdentity", "required": true, "source": "external"}],
      "produces": [{"entity": "sesv2.identity_type", "source": "output", "path": "IdentityType"}, {"entity": "sesv2.feedback_forwarding_status", "source": "output", "path": "FeedbackForwardingStatus"}, {"entity": "sesv2.verified_for_sending_status", "source": "output", "path": "VerifiedForSendingStatus"}, {"entity": "sesv2.dkim_attributes", "source": "output", "path": "DkimAttributes"}, {"entity": "sesv2.mail_from_attributes", "source": "output", "path": "MailFromAttributes"}, {"entity": "sesv2.policies", "source": "output", "path": "Policies"}, {"entity": "sesv2.tags", "source": "output", "path": "Tags"}, {"entity": "sesv2.configuration_set_name", "source": "output", "path": "ConfigurationSetName"}, {"entity": "sesv2.verification_status", "source": "output", "path": "VerificationStatus"}, {"entity": "sesv2.verification_info", "source": "output", "path": "VerificationInfo"}, {"entity": "sesv2.tag_key", "source": "item", "path": "Tags.Key"}, {"entity": "sesv2.tag_value", "source": "item", "path": "Tags.Value"}],
      "notes": ""
    },
    "GetEmailIdentityPolicies": {
      "kind": "read_get",
      "side_effect": false,
      "sdk": {"client": "sesv2", "method": "get_email_identity_policies"},
      "consumes": [{"entity": "sesv2.email_identity", "param": "EmailIdentity", "required": true, "source": "external"}],
      "produces": [{"entity": "sesv2.policies", "source": "output", "path": "Policies"}],
      "notes": ""
    },
    "GetEmailTemplate": {
      "kind": "read_get",
      "side_effect": false,
      "sdk": {"client": "sesv2", "method": "get_email_template"},
      "consumes": [{"entity": "sesv2.template_name", "param": "TemplateName", "required": true, "source": "internal"}],
      "produces": [{"entity": "sesv2.template_name", "source": "output", "path": "TemplateName"}, {"entity": "sesv2.template_content", "source": "output", "path": "TemplateContent"}, {"entity": "sesv2.template_content_subject", "source": "item", "path": "TemplateContent.Subject"}, {"entity": "sesv2.template_content_text", "source": "item", "path": "TemplateContent.Text"}, {"entity": "sesv2.template_content_html", "source": "item", "path": "TemplateContent.Html"}],
      "notes": ""
    },
    "GetExportJob": {
      "kind": "read_get",
      "side_effect": false,
      "sdk": {"client": "sesv2", "method": "get_export_job"},
      "consumes": [{"entity": "sesv2.job_id", "param": "JobId", "required": true, "source": "internal"}],
      "produces": [{"entity": "sesv2.job_id", "source": "output", "path": "JobId"}, {"entity": "sesv2.export_source_type", "source": "output", "path": "ExportSourceType"}, {"entity": "sesv2.job_status", "source": "output", "path": "JobStatus"}, {"entity": "sesv2.export_destination", "source": "output", "path": "ExportDestination"}, {"entity": "sesv2.export_data_source", "source": "output", "path": "ExportDataSource"}, {"entity": "sesv2.created_timestamp", "source": "output", "path": "CreatedTimestamp"}, {"entity": "sesv2.completed_timestamp", "source": "output", "path": "CompletedTimestamp"}, {"entity": "sesv2.failure_info", "source": "output", "path": "FailureInfo"}, {"entity": "sesv2.statistics", "source": "output", "path": "Statistics"}, {"entity": "sesv2.export_destination_data_format", "source": "item", "path": "ExportDestination.DataFormat"}, {"entity": "sesv2.export_destination_s3_url", "source": "item", "path": "ExportDestination.S3Url"}],
      "notes": ""
    },
    "GetImportJob": {
      "kind": "read_get",
      "side_effect": false,
      "sdk": {"client": "sesv2", "method": "get_import_job"},
      "consumes": [{"entity": "sesv2.job_id", "param": "JobId", "required": true, "source": "internal"}],
      "produces": [{"entity": "sesv2.job_id", "source": "output", "path": "JobId"}, {"entity": "sesv2.import_destination", "source": "output", "path": "ImportDestination"}, {"entity": "sesv2.import_data_source", "source": "output", "path": "ImportDataSource"}, {"entity": "sesv2.failure_info", "source": "output", "path": "FailureInfo"}, {"entity": "sesv2.job_status", "source": "output", "path": "JobStatus"}, {"entity": "sesv2.created_timestamp", "source": "output", "path": "CreatedTimestamp"}, {"entity": "sesv2.completed_timestamp", "source": "output", "path": "CompletedTimestamp"}, {"entity": "sesv2.processed_records_count", "source": "output", "path": "ProcessedRecordsCount"}, {"entity": "sesv2.failed_records_count", "source": "output", "path": "FailedRecordsCount"}, {"entity": "sesv2.import_destination_suppression_list_destination", "source": "item", "path": "ImportDestination.SuppressionListDestination"}, {"entity": "sesv2.import_destination_contact_list_destination", "source": "item", "path": "ImportDestination.ContactListDestination"}],
      "notes": ""
    },
    "GetMessageInsights": {
      "kind": "read_get",
      "side_effect": false,
      "sdk": {"client": "sesv2", "method": "get_message_insights"},
      "consumes": [{"entity": "sesv2.message_id", "param": "MessageId", "required": true, "source": "internal"}],
      "produces": [{"entity": "sesv2.message_id", "source": "output", "path": "MessageId"}, {"entity": "sesv2.from_email_address", "source": "output", "path": "FromEmailAddress"}, {"entity": "sesv2.subject", "source": "output", "path": "Subject"}, {"entity": "sesv2.email_tags", "source": "output", "path": "EmailTags"}, {"entity": "sesv2.insights", "source": "output", "path": "Insights"}, {"entity": "sesv2.email_tag_name", "source": "item", "path": "EmailTags.Name"}, {"entity": "sesv2.email_tag_value", "source": "item", "path": "EmailTags.Value"}],
      "notes": ""
    },
    "GetMultiRegionEndpoint": {
      "kind": "read_get",
      "side_effect": false,
      "sdk": {"client": "sesv2", "method": "get_multi_region_endpoint"},
      "consumes": [{"entity": "sesv2.endpoint_name", "param": "EndpointName", "required": true, "source": "internal"}],
      "produces": [{"entity": "sesv2.endpoint_name", "source": "output", "path": "EndpointName"}, {"entity": "sesv2.endpoint_id", "source": "output", "path": "EndpointId"}, {"entity": "sesv2.routes", "source": "output", "path": "Routes"}, {"entity": "sesv2.multi_region_endpoint_status", "source": "output", "path": "Status"}, {"entity": "sesv2.created_timestamp", "source": "output", "path": "CreatedTimestamp"}, {"entity": "sesv2.last_updated_timestamp", "source": "output", "path": "LastUpdatedTimestamp"}, {"entity": "sesv2.rout_region", "source": "item", "path": "Routes.Region"}],
      "notes": ""
    },
    "GetReputationEntity": {
      "kind": "read_get",
      "side_effect": false,
      "sdk": {"client": "sesv2", "method": "get_reputation_entity"},
      "consumes": [{"entity": "sesv2.reputation_entity_reference", "param": "ReputationEntityReference", "required": true, "source": "internal"}, {"entity": "sesv2.reputation_entity_type", "param": "ReputationEntityType", "required": true, "source": "internal"}],
      "produces": [{"entity": "sesv2.reputation_entity", "source": "output", "path": "ReputationEntity"}, {"entity": "sesv2.reputation_entity_reference", "source": "item", "path": "ReputationEntity.ReputationEntityReference"}, {"entity": "sesv2.reputation_entity_type", "source": "item", "path": "ReputationEntity.ReputationEntityType"}, {"entity": "sesv2.reputation_entity_reputation_management_policy", "source": "item", "path": "ReputationEntity.ReputationManagementPolicy"}, {"entity": "sesv2.reputation_entity_customer_managed_status", "source": "item", "path": "ReputationEntity.CustomerManagedStatus"}, {"entity": "sesv2.reputation_entity_aws_ses_managed_status", "source": "item", "path": "ReputationEntity.AwsSesManagedStatus"}, {"entity": "sesv2.reputation_entity_sending_status_aggregate", "source": "item", "path": "ReputationEntity.SendingStatusAggregate"}, {"entity": "sesv2.reputation_entity_reputation_impact", "source": "item", "path": "ReputationEntity.ReputationImpact"}],
      "notes": ""
    },
    "GetSuppressedDestination": {
      "kind": "read_get",
      "side_effect": false,
      "sdk": {"client": "sesv2", "method": "get_suppressed_destination"},
      "consumes": [{"entity": "sesv2.email_address", "param": "EmailAddress", "required": true, "source": "internal"}],
      "produces": [{"entity": "sesv2.suppressed_destination", "source": "output", "path": "SuppressedDestination"}, {"entity": "sesv2.suppressed_destination_email_address", "source": "item", "path": "SuppressedDestination.EmailAddress"}, {"entity": "sesv2.suppressed_destination_reason", "source": "item", "path": "SuppressedDestination.Reason"}, {"entity": "sesv2.suppressed_destination_last_update_time", "source": "item", "path": "SuppressedDestination.LastUpdateTime"}, {"entity": "sesv2.suppressed_destination_attributes", "source": "item", "path": "SuppressedDestination.Attributes"}],
      "notes": ""
    },
    "GetTenant": {
      "kind": "read_get",
      "side_effect": false,
      "sdk": {"client": "sesv2", "method": "get_tenant"},
      "consumes": [{"entity": "sesv2.tenant_name", "param": "TenantName", "required": true, "source": "internal"}],
      "produces": [{"entity": "sesv2.tenant", "source": "output", "path": "Tenant"}, {"entity": "sesv2.tenant_name", "source": "item", "path": "Tenant.TenantName"}, {"entity": "sesv2.tenant_id", "source": "item", "path": "Tenant.TenantId"}, {"entity": "sesv2.tenant_arn", "source": "item", "path": "Tenant.TenantArn"}, {"entity": "sesv2.tenant_created_timestamp", "source": "item", "path": "Tenant.CreatedTimestamp"}, {"entity": "sesv2.tenant_tags", "source": "item", "path": "Tenant.Tags"}, {"entity": "sesv2.tenant_sending_status", "source": "item", "path": "Tenant.SendingStatus"}],
      "notes": ""
    },
    "ListContacts": {
      "kind": "read_list",
      "side_effect": false,
      "sdk": {"client": "sesv2", "method": "list_contacts"},
      "consumes": [{"entity": "sesv2.contactlist_name", "param": "ContactListName", "required": true, "source": "external"}],
      "produces": [{"entity": "sesv2.contacts", "source": "output", "path": "Contacts"}, {"entity": "sesv2.next_token", "source": "output", "path": "NextToken"}, {"entity": "sesv2.contact_email_address", "source": "item", "path": "Contacts[].EmailAddress"}, {"entity": "sesv2.contact_topic_preferences", "source": "item", "path": "Contacts[].TopicPreferences"}, {"entity": "sesv2.contact_topic_default_preferences", "source": "item", "path": "Contacts[].TopicDefaultPreferences"}, {"entity": "sesv2.contact_unsubscribe_all", "source": "item", "path": "Contacts[].UnsubscribeAll"}, {"entity": "sesv2.contact_last_updated_timestamp", "source": "item", "path": "Contacts[].LastUpdatedTimestamp"}],
      "notes": ""
    },
    "ListDomainDeliverabilityCampaigns": {
      "kind": "read_list",
      "side_effect": false,
      "sdk": {"client": "sesv2", "method": "list_domain_deliverability_campaigns"},
      "consumes": [{"entity": "sesv2.start_date", "param": "StartDate", "required": true, "source": "external"}, {"entity": "sesv2.end_date", "param": "EndDate", "required": true, "source": "external"}, {"entity": "sesv2.subscribed_domain", "param": "SubscribedDomain", "required": true, "source": "external"}],
      "produces": [{"entity": "sesv2.domain_deliverability_campaigns", "source": "output", "path": "DomainDeliverabilityCampaigns"}, {"entity": "sesv2.next_token", "source": "output", "path": "NextToken"}, {"entity": "sesv2.campaign_id", "source": "item", "path": "DomainDeliverabilityCampaigns[].CampaignId"}, {"entity": "sesv2.domain_deliverability_campaign_image_url", "source": "item", "path": "DomainDeliverabilityCampaigns[].ImageUrl"}, {"entity": "sesv2.domain_deliverability_campaign_subject", "source": "item", "path": "DomainDeliverabilityCampaigns[].Subject"}, {"entity": "sesv2.domain_deliverability_campaign_from_address", "source": "item", "path": "DomainDeliverabilityCampaigns[].FromAddress"}, {"entity": "sesv2.domain_deliverability_campaign_sending_ips", "source": "item", "path": "DomainDeliverabilityCampaigns[].SendingIps"}, {"entity": "sesv2.domain_deliverability_campaign_first_seen_date_time", "source": "item", "path": "DomainDeliverabilityCampaigns[].FirstSeenDateTime"}, {"entity": "sesv2.domain_deliverability_campaign_last_seen_date_time", "source": "item", "path": "DomainDeliverabilityCampaigns[].LastSeenDateTime"}, {"entity": "sesv2.domain_deliverability_campaign_inbox_count", "source": "item", "path": "DomainDeliverabilityCampaigns[].InboxCount"}, {"entity": "sesv2.domain_deliverability_campaign_spam_count", "source": "item", "path": "DomainDeliverabilityCampaigns[].SpamCount"}, {"entity": "sesv2.domain_deliverability_campaign_read_rate", "source": "item", "path": "DomainDeliverabilityCampaigns[].ReadRate"}, {"entity": "sesv2.domain_deliverability_campaign_delete_rate", "source": "item", "path": "DomainDeliverabilityCampaigns[].DeleteRate"}, {"entity": "sesv2.domain_deliverability_campaign_read_delete_rate", "source": "item", "path": "DomainDeliverabilityCampaigns[].ReadDeleteRate"}, {"entity": "sesv2.domain_deliverability_campaign_projected_volume", "source": "item", "path": "DomainDeliverabilityCampaigns[].ProjectedVolume"}, {"entity": "sesv2.domain_deliverability_campaign_esps", "source": "item", "path": "DomainDeliverabilityCampaigns[].Esps"}],
      "notes": ""
    },
    "ListResourceTenants": {
      "kind": "read_list",
      "side_effect": false,
      "sdk": {"client": "sesv2", "method": "list_resource_tenants"},
      "consumes": [{"entity": "sesv2.resource_arn", "param": "ResourceArn", "required": true, "source": "internal"}],
      "produces": [{"entity": "sesv2.resource_tenants", "source": "output", "path": "ResourceTenants"}, {"entity": "sesv2.next_token", "source": "output", "path": "NextToken"}, {"entity": "sesv2.tenant_name", "source": "item", "path": "ResourceTenants[].TenantName"}, {"entity": "sesv2.tenant_id", "source": "item", "path": "ResourceTenants[].TenantId"}, {"entity": "sesv2.resource_arn", "source": "item", "path": "ResourceTenants[].ResourceArn"}, {"entity": "sesv2.resource_tenant_associated_timestamp", "source": "item", "path": "ResourceTenants[].AssociatedTimestamp"}],
      "notes": ""
    },
    "ListTagsForResource": {
      "kind": "read_list",
      "side_effect": false,
      "sdk": {"client": "sesv2", "method": "list_tags_for_resource"},
      "consumes": [{"entity": "sesv2.resource_arn", "param": "ResourceArn", "required": true, "source": "internal"}],
      "produces": [{"entity": "sesv2.tags", "source": "output", "path": "Tags"}, {"entity": "sesv2.tag_key", "source": "item", "path": "Tags[].Key"}, {"entity": "sesv2.tag_value", "source": "item", "path": "Tags[].Value"}],
      "notes": ""
    },
    "ListTenantResources": {
      "kind": "read_list",
      "side_effect": false,
      "sdk": {"client": "sesv2", "method": "list_tenant_resources"},
      "consumes": [{"entity": "sesv2.tenant_name", "param": "TenantName", "required": true, "source": "internal"}],
      "produces": [{"entity": "sesv2.tenant_resources", "source": "output", "path": "TenantResources"}, {"entity": "sesv2.next_token", "source": "output", "path": "NextToken"}, {"entity": "sesv2.tenant_resourc_resource_type", "source": "item", "path": "TenantResources[].ResourceType"}, {"entity": "sesv2.resource_arn", "source": "item", "path": "TenantResources[].ResourceArn"}],
      "notes": ""
    },
    "PutAccountDetails": {
      "kind": "write_update",
      "side_effect": true,
      "sdk": {"client": "sesv2", "method": "put_account_details"},
      "consumes": [{"entity": "sesv2.mail_type", "param": "MailType", "required": true, "source": "external"}, {"entity": "sesv2.website_url", "param": "WebsiteURL", "required": true, "source": "external"}],
      "produces": [],
      "notes": ""
    },
    "PutAccountVdmAttributes": {
      "kind": "write_update",
      "side_effect": true,
      "sdk": {"client": "sesv2", "method": "put_account_vdm_attributes"},
      "consumes": [{"entity": "sesv2.vdm_attributes", "param": "VdmAttributes", "required": true, "source": "internal"}],
      "produces": [],
      "notes": ""
    },
    "PutConfigurationSetArchivingOptions": {
      "kind": "write_update",
      "side_effect": true,
      "sdk": {"client": "sesv2", "method": "put_configuration_set_archiving_options"},
      "consumes": [{"entity": "sesv2.configurationset_name", "param": "ConfigurationSetName", "required": true, "source": "external"}],
      "produces": [],
      "notes": ""
    },
    "PutConfigurationSetDeliveryOptions": {
      "kind": "write_update",
      "side_effect": true,
      "sdk": {"client": "sesv2", "method": "put_configuration_set_delivery_options"},
      "consumes": [{"entity": "sesv2.configurationset_name", "param": "ConfigurationSetName", "required": true, "source": "external"}],
      "produces": [],
      "notes": ""
    },
    "PutConfigurationSetReputationOptions": {
      "kind": "write_update",
      "side_effect": true,
      "sdk": {"client": "sesv2", "method": "put_configuration_set_reputation_options"},
      "consumes": [{"entity": "sesv2.configurationset_name", "param": "ConfigurationSetName", "required": true, "source": "external"}],
      "produces": [],
      "notes": ""
    },
    "PutConfigurationSetSendingOptions": {
      "kind": "write_update",
      "side_effect": true,
      "sdk": {"client": "sesv2", "method": "put_configuration_set_sending_options"},
      "consumes": [{"entity": "sesv2.configurationset_name", "param": "ConfigurationSetName", "required": true, "source": "external"}],
      "produces": [],
      "notes": ""
    },
    "PutConfigurationSetSuppressionOptions": {
      "kind": "write_update",
      "side_effect": true,
      "sdk": {"client": "sesv2", "method": "put_configuration_set_suppression_options"},
      "consumes": [{"entity": "sesv2.configurationset_name", "param": "ConfigurationSetName", "required": true, "source": "external"}],
      "produces": [],
      "notes": ""
    },
    "PutConfigurationSetTrackingOptions": {
      "kind": "write_update",
      "side_effect": true,
      "sdk": {"client": "sesv2", "method": "put_configuration_set_tracking_options"},
      "consumes": [{"entity": "sesv2.configurationset_name", "param": "ConfigurationSetName", "required": true, "source": "external"}],
      "produces": [],
      "notes": ""
    },
    "PutConfigurationSetVdmOptions": {
      "kind": "write_update",
      "side_effect": true,
      "sdk": {"client": "sesv2", "method": "put_configuration_set_vdm_options"},
      "consumes": [{"entity": "sesv2.configurationset_name", "param": "ConfigurationSetName", "required": true, "source": "external"}],
      "produces": [],
      "notes": ""
    },
    "PutDedicatedIpInPool": {
      "kind": "write_update",
      "side_effect": true,
      "sdk": {"client": "sesv2", "method": "put_dedicated_ip_in_pool"},
      "consumes": [{"entity": "sesv2.ip", "param": "Ip", "required": true, "source": "external"}, {"entity": "sesv2.destinationpool_name", "param": "DestinationPoolName", "required": true, "source": "external"}],
      "produces": [],
      "notes": ""
    },
    "PutDedicatedIpPoolScalingAttributes": {
      "kind": "write_update",
      "side_effect": true,
      "sdk": {"client": "sesv2", "method": "put_dedicated_ip_pool_scaling_attributes"},
      "consumes": [{"entity": "sesv2.pool_name", "param": "PoolName", "required": true, "source": "internal"}, {"entity": "sesv2.scaling_mode", "param": "ScalingMode", "required": true, "source": "external"}],
      "produces": [],
      "notes": ""
    },
    "PutDedicatedIpWarmupAttributes": {
      "kind": "write_update",
      "side_effect": true,
      "sdk": {"client": "sesv2", "method": "put_dedicated_ip_warmup_attributes"},
      "consumes": [{"entity": "sesv2.ip", "param": "Ip", "required": true, "source": "external"}, {"entity": "sesv2.warmup_percentage", "param": "WarmupPercentage", "required": true, "source": "external"}],
      "produces": [],
      "notes": ""
    },
    "PutDeliverabilityDashboardOption": {
      "kind": "write_update",
      "side_effect": true,
      "sdk": {"client": "sesv2", "method": "put_deliverability_dashboard_option"},
      "consumes": [{"entity": "sesv2.dashboard_enabled", "param": "DashboardEnabled", "required": true, "source": "internal"}],
      "produces": [],
      "notes": ""
    },
    "PutEmailIdentityConfigurationSetAttributes": {
      "kind": "write_update",
      "side_effect": true,
      "sdk": {"client": "sesv2", "method": "put_email_identity_configuration_set_attributes"},
      "consumes": [{"entity": "sesv2.email_identity", "param": "EmailIdentity", "required": true, "source": "external"}],
      "produces": [],
      "notes": ""
    },
    "PutEmailIdentityDkimAttributes": {
      "kind": "write_update",
      "side_effect": true,
      "sdk": {"client": "sesv2", "method": "put_email_identity_dkim_attributes"},
      "consumes": [{"entity": "sesv2.email_identity", "param": "EmailIdentity", "required": true, "source": "external"}],
      "produces": [],
      "notes": ""
    },
    "PutEmailIdentityDkimSigningAttributes": {
      "kind": "write_update",
      "side_effect": true,
      "sdk": {"client": "sesv2", "method": "put_email_identity_dkim_signing_attributes"},
      "consumes": [{"entity": "sesv2.email_identity", "param": "EmailIdentity", "required": true, "source": "external"}, {"entity": "sesv2.signing_attributes_origin", "param": "SigningAttributesOrigin", "required": true, "source": "external"}],
      "produces": [{"entity": "sesv2.dkim_status", "source": "output", "path": "DkimStatus"}, {"entity": "sesv2.dkim_tokens", "source": "output", "path": "DkimTokens"}],
      "notes": ""
    },
    "PutEmailIdentityFeedbackAttributes": {
      "kind": "write_update",
      "side_effect": true,
      "sdk": {"client": "sesv2", "method": "put_email_identity_feedback_attributes"},
      "consumes": [{"entity": "sesv2.email_identity", "param": "EmailIdentity", "required": true, "source": "external"}],
      "produces": [],
      "notes": ""
    },
    "PutEmailIdentityMailFromAttributes": {
      "kind": "write_update",
      "side_effect": true,
      "sdk": {"client": "sesv2", "method": "put_email_identity_mail_from_attributes"},
      "consumes": [{"entity": "sesv2.email_identity", "param": "EmailIdentity", "required": true, "source": "external"}],
      "produces": [],
      "notes": ""
    },
    "PutSuppressedDestination": {
      "kind": "write_update",
      "side_effect": true,
      "sdk": {"client": "sesv2", "method": "put_suppressed_destination"},
      "consumes": [{"entity": "sesv2.email_address", "param": "EmailAddress", "required": true, "source": "internal"}, {"entity": "sesv2.reason", "param": "Reason", "required": true, "source": "external"}],
      "produces": [],
      "notes": ""
    },
    "SendBulkEmail": {
      "kind": "other",
      "side_effect": true,
      "sdk": {"client": "sesv2", "method": "send_bulk_email"},
      "consumes": [{"entity": "sesv2.default_content", "param": "DefaultContent", "required": true, "source": "external"}, {"entity": "sesv2.bulk_email_entries", "param": "BulkEmailEntries", "required": true, "source": "external"}],
      "produces": [{"entity": "sesv2.bulk_email_entry_results", "source": "output", "path": "BulkEmailEntryResults"}, {"entity": "sesv2.bulk_email_entry_result_status", "source": "item", "path": "BulkEmailEntryResults.Status"}, {"entity": "sesv2.bulk_email_entry_result_error", "source": "item", "path": "BulkEmailEntryResults.Error"}, {"entity": "sesv2.message_id", "source": "item", "path": "BulkEmailEntryResults.MessageId"}],
      "notes": ""
    },
    "SendCustomVerificationEmail": {
      "kind": "other",
      "side_effect": true,
      "sdk": {"client": "sesv2", "method": "send_custom_verification_email"},
      "consumes": [{"entity": "sesv2.email_address", "param": "EmailAddress", "required": true, "source": "internal"}, {"entity": "sesv2.template_name", "param": "TemplateName", "required": true, "source": "internal"}],
      "produces": [{"entity": "sesv2.message_id", "source": "output", "path": "MessageId"}],
      "notes": ""
    },
    "SendEmail": {
      "kind": "other",
      "side_effect": true,
      "sdk": {"client": "sesv2", "method": "send_email"},
      "consumes": [{"entity": "sesv2.content", "param": "Content", "required": true, "source": "external"}],
      "produces": [{"entity": "sesv2.message_id", "source": "output", "path": "MessageId"}],
      "notes": ""
    },
    "TagResource": {
      "kind": "write_apply",
      "side_effect": true,
      "sdk": {"client": "sesv2", "method": "tag_resource"},
      "consumes": [{"entity": "sesv2.resource_arn", "param": "ResourceArn", "required": true, "source": "internal"}, {"entity": "sesv2.tags", "param": "Tags", "required": true, "source": "internal"}],
      "produces": [],
      "notes": ""
    },
    "TestRenderEmailTemplate": {
      "kind": "other",
      "side_effect": true,
      "sdk": {"client": "sesv2", "method": "test_render_email_template"},
      "consumes": [{"entity": "sesv2.template_name", "param": "TemplateName", "required": true, "source": "internal"}, {"entity": "sesv2.template_data", "param": "TemplateData", "required": true, "source": "external"}],
      "produces": [{"entity": "sesv2.rendered_template", "source": "output", "path": "RenderedTemplate"}],
      "notes": ""
    },
    "UntagResource": {
      "kind": "write_delete",
      "side_effect": true,
      "sdk": {"client": "sesv2", "method": "untag_resource"},
      "consumes": [{"entity": "sesv2.resource_arn", "param": "ResourceArn", "required": true, "source": "internal"}, {"entity": "sesv2.tag_keys", "param": "TagKeys", "required": true, "source": "external"}],
      "produces": [],
      "notes": ""
    },
    "UpdateConfigurationSetEventDestination": {
      "kind": "write_update",
      "side_effect": true,
      "sdk": {"client": "sesv2", "method": "update_configuration_set_event_destination"},
      "consumes": [{"entity": "sesv2.configurationset_name", "param": "ConfigurationSetName", "required": true, "source": "external"}, {"entity": "sesv2.eventdestination_name", "param": "EventDestinationName", "required": true, "source": "external"}, {"entity": "sesv2.event_destination", "param": "EventDestination", "required": true, "source": "external"}],
      "produces": [],
      "notes": ""
    },
    "UpdateContact": {
      "kind": "write_update",
      "side_effect": true,
      "sdk": {"client": "sesv2", "method": "update_contact"},
      "consumes": [{"entity": "sesv2.contactlist_name", "param": "ContactListName", "required": true, "source": "external"}, {"entity": "sesv2.email_address", "param": "EmailAddress", "required": true, "source": "internal"}],
      "produces": [],
      "notes": ""
    },
    "UpdateContactList": {
      "kind": "write_update",
      "side_effect": true,
      "sdk": {"client": "sesv2", "method": "update_contact_list"},
      "consumes": [{"entity": "sesv2.contactlist_name", "param": "ContactListName", "required": true, "source": "external"}],
      "produces": [],
      "notes": ""
    },
    "UpdateCustomVerificationEmailTemplate": {
      "kind": "write_update",
      "side_effect": true,
      "sdk": {"client": "sesv2", "method": "update_custom_verification_email_template"},
      "consumes": [{"entity": "sesv2.template_name", "param": "TemplateName", "required": true, "source": "internal"}, {"entity": "sesv2.from_email_address", "param": "FromEmailAddress", "required": true, "source": "internal"}, {"entity": "sesv2.template_subject", "param": "TemplateSubject", "required": true, "source": "internal"}, {"entity": "sesv2.template_content", "param": "TemplateContent", "required": true, "source": "internal"}, {"entity": "sesv2.success_redirection_url", "param": "SuccessRedirectionURL", "required": true, "source": "internal"}, {"entity": "sesv2.failure_redirection_url", "param": "FailureRedirectionURL", "required": true, "source": "internal"}],
      "produces": [],
      "notes": ""
    },
    "UpdateEmailIdentityPolicy": {
      "kind": "write_update",
      "side_effect": true,
      "sdk": {"client": "sesv2", "method": "update_email_identity_policy"},
      "consumes": [{"entity": "sesv2.email_identity", "param": "EmailIdentity", "required": true, "source": "external"}, {"entity": "sesv2.policy_name", "param": "PolicyName", "required": true, "source": "external"}, {"entity": "sesv2.policy", "param": "Policy", "required": true, "source": "external"}],
      "produces": [],
      "notes": ""
    },
    "UpdateEmailTemplate": {
      "kind": "write_update",
      "side_effect": true,
      "sdk": {"client": "sesv2", "method": "update_email_template"},
      "consumes": [{"entity": "sesv2.template_name", "param": "TemplateName", "required": true, "source": "internal"}, {"entity": "sesv2.template_content", "param": "TemplateContent", "required": true, "source": "internal"}],
      "produces": [],
      "notes": ""
    },
    "UpdateReputationEntityCustomerManagedStatus": {
      "kind": "write_update",
      "side_effect": true,
      "sdk": {"client": "sesv2", "method": "update_reputation_entity_customer_managed_status"},
      "consumes": [{"entity": "sesv2.reputation_entity_type", "param": "ReputationEntityType", "required": true, "source": "internal"}, {"entity": "sesv2.reputation_entity_reference", "param": "ReputationEntityReference", "required": true, "source": "internal"}, {"entity": "sesv2.sending_status", "param": "SendingStatus", "required": true, "source": "internal"}],
      "produces": [],
      "notes": ""
    },
    "UpdateReputationEntityPolicy": {
      "kind": "write_update",
      "side_effect": true,
      "sdk": {"client": "sesv2", "method": "update_reputation_entity_policy"},
      "consumes": [{"entity": "sesv2.reputation_entity_type", "param": "ReputationEntityType", "required": true, "source": "internal"}, {"entity": "sesv2.reputation_entity_reference", "param": "ReputationEntityReference", "required": true, "source": "internal"}, {"entity": "sesv2.reputation_entity_policy", "param": "ReputationEntityPolicy", "required": true, "source": "external"}],
      "produces": [],
      "notes": ""
    }
  }
}