{
  "service": "lookoutequipment",
  "op_consumes": {
    "ListDataIngestionJobs": [],
    "ListDatasets": [],
    "ListInferenceSchedulers": [],
    "ListLabelGroups": [],
    "ListModels": [],
    "ListRetrainingSchedulers": [],
    "CreateDataset": ["lookoutequipment.dataset_name", "lookoutequipment.client_token"],
    "CreateInferenceScheduler": ["lookoutequipment.role_arn", "lookoutequipment.data_output_configuration", "lookoutequipment.client_token", "lookoutequipment.model_name", "lookoutequipment.data_upload_frequency", "lookoutequipment.data_input_configuration", "lookoutequipment.inferencescheduler_name"],
    "CreateLabel": ["lookoutequipment.start_time", "lookoutequipment.rating", "lookoutequipment.client_token", "lookoutequipment.labelgroup_name", "lookoutequipment.end_time"],
    "CreateLabelGroup": ["lookoutequipment.labelgroup_name", "lookoutequipment.client_token"],
    "CreateModel": ["lookoutequipment.model_name", "lookoutequipment.dataset_name", "lookoutequipment.client_token"],
    "CreateRetrainingScheduler": ["lookoutequipment.model_name", "lookoutequipment.lookback_window", "lookoutequipment.client_token", "lookoutequipment.retraining_frequency"],
    "DeleteDataset": ["lookoutequipment.dataset_name"],
    "DeleteInferenceScheduler": ["lookoutequipment.inferencescheduler_name"],
    "DeleteLabel": ["lookoutequipment.labelgroup_name", "lookoutequipment.label_id"],
    "DeleteLabelGroup": ["lookoutequipment.labelgroup_name"],
    "DeleteModel": ["lookoutequipment.model_name"],
    "DeleteResourcePolicy": ["lookoutequipment.resource_arn"],
    "DeleteRetrainingScheduler": ["lookoutequipment.model_name"],
    "DescribeDataIngestionJob": ["lookoutequipment.job_id"],
    "DescribeDataset": ["lookoutequipment.dataset_name"],
    "DescribeInferenceScheduler": ["lookoutequipment.inferencescheduler_name"],
    "DescribeLabel": ["lookoutequipment.labelgroup_name", "lookoutequipment.label_id"],
    "DescribeLabelGroup": ["lookoutequipment.labelgroup_name"],
    "DescribeModel": ["lookoutequipment.model_name"],
    "DescribeModelVersion": ["lookoutequipment.model_name", "lookoutequipment.model_version"],
    "DescribeResourcePolicy": ["lookoutequipment.resource_arn"],
    "DescribeRetrainingScheduler": ["lookoutequipment.model_name"],
    "ImportDataset": ["lookoutequipment.sourcedataset_arn", "lookoutequipment.client_token"],
    "ImportModelVersion": ["lookoutequipment.sourcemodelversion_arn", "lookoutequipment.dataset_name", "lookoutequipment.client_token"],
    "ListInferenceEvents": ["lookoutequipment.interval_start_time", "lookoutequipment.interval_end_time", "lookoutequipment.inferencescheduler_name"],
    "ListInferenceExecutions": ["lookoutequipment.inferencescheduler_name"],
    "ListLabels": ["lookoutequipment.labelgroup_name"],
    "ListModelVersions": ["lookoutequipment.model_name"],
    "ListSensorStatistics": ["lookoutequipment.dataset_name"],
    "ListTagsForResource": ["lookoutequipment.resource_arn"],
    "PutResourcePolicy": ["lookoutequipment.resource_policy", "lookoutequipment.client_token", "lookoutequipment.resource_arn"],
    "StartDataIngestionJob": ["lookoutequipment.dataset_name", "lookoutequipment.client_token", "lookoutequipment.role_arn", "lookoutequipment.ingestion_input_configuration"],
    "StartInferenceScheduler": ["lookoutequipment.inferencescheduler_name"],
    "StartRetrainingScheduler": ["lookoutequipment.model_name"],
    "StopInferenceScheduler": ["lookoutequipment.inferencescheduler_name"],
    "StopRetrainingScheduler": ["lookoutequipment.model_name"],
    "TagResource": ["lookoutequipment.resource_arn", "lookoutequipment.tags"],
    "UntagResource": ["lookoutequipment.tag_keys", "lookoutequipment.resource_arn"],
    "UpdateActiveModelVersion": ["lookoutequipment.model_name", "lookoutequipment.model_version"],
    "UpdateInferenceScheduler": ["lookoutequipment.inferencescheduler_name"],
    "UpdateLabelGroup": ["lookoutequipment.labelgroup_name"],
    "UpdateModel": ["lookoutequipment.model_name"],
    "UpdateRetrainingScheduler": ["lookoutequipment.model_name"]
  },
  "op_produces": {
    "ListDataIngestionJobs": ["lookoutequipment.data_ingestion_job_summaries", "lookoutequipment.job_id", "lookoutequipment.dataset_arn", "lookoutequipment.next_token", "lookoutequipment.data_ingestion_job_ingestion_input_configuration", "lookoutequipment.dataset_name", "lookoutequipment.ingestion_job_status"],
    "ListDatasets": ["lookoutequipment.dataset_arn", "lookoutequipment.next_token", "lookoutequipment.dataset_status", "lookoutequipment.dataset_name", "lookoutequipment.dataset_created_at", "lookoutequipment.dataset_summaries"],
    "ListInferenceSchedulers": ["lookoutequipment.model_arn", "lookoutequipment.inference_scheduler_latest_inference_result", "lookoutequipment.next_token", "lookoutequipment.inference_scheduler_arn", "lookoutequipment.model_name", "lookoutequipment.inference_scheduler_name", "lookoutequipment.inference_scheduler_status", "lookoutequipment.inference_scheduler_data_upload_frequency", "lookoutequipment.inference_scheduler_summaries", "lookoutequipment.inference_scheduler_data_delay_offset_in_minutes"],
    "ListLabelGroups": ["lookoutequipment.label_group_name", "lookoutequipment.label_group_summaries", "lookoutequipment.next_token", "lookoutequipment.label_group_updated_at", "lookoutequipment.label_group_arn", "lookoutequipment.label_group_created_at"],
    "ListModels": ["lookoutequipment.model_arn", "lookoutequipment.model_latest_scheduled_retraining_status", "lookoutequipment.next_token", "lookoutequipment.dataset_arn", "lookoutequipment.model_summaries", "lookoutequipment.dataset_name", "lookoutequipment.model_created_at", "lookoutequipment.model_latest_scheduled_retraining_model_version", "lookoutequipment.model_retraining_scheduler_status", "lookoutequipment.model_quality", "lookoutequipment.model_name", "lookoutequipment.model_active_model_version", "lookoutequipment.model_next_scheduled_retraining_start_date", "lookoutequipment.model_version_arn", "lookoutequipment.model_status", "lookoutequipment.model_diagnostics_output_configuration", "lookoutequipment.model_latest_scheduled_retraining_start_time"],
    "ListRetrainingSchedulers": ["lookoutequipment.retraining_scheduler_retraining_start_date", "lookoutequipment.model_arn", "lookoutequipment.next_token", "lookoutequipment.retraining_scheduler_lookback_window", "lookoutequipment.retraining_scheduler_retraining_frequency", "lookoutequipment.model_name", "lookoutequipment.retraining_scheduler_summaries", "lookoutequipment.retraining_scheduler_status"],
    "CreateDataset": ["lookoutequipment.dataset_status", "lookoutequipment.dataset_name", "lookoutequipment.dataset_arn"],
    "CreateInferenceScheduler": ["lookoutequipment.inference_scheduler_arn", "lookoutequipment.model_quality", "lookoutequipment.inference_scheduler_status", "lookoutequipment.inference_scheduler_name"],
    "CreateLabel": ["lookoutequipment.label_id"],
    "CreateLabelGroup": ["lookoutequipment.label_group_name", "lookoutequipment.label_group_arn"],
    "CreateModel": ["lookoutequipment.model_arn", "lookoutequipment.model_status"],
    "CreateRetrainingScheduler": ["lookoutequipment.model_name", "lookoutequipment.retraining_scheduler_status", "lookoutequipment.model_arn"],
    "DeleteDataset": [],
    "DeleteInferenceScheduler": [],
    "DeleteLabel": [],
    "DeleteLabelGroup": [],
    "DeleteModel": [],
    "DeleteResourcePolicy": [],
    "DeleteRetrainingScheduler": [],
    "DescribeDataIngestionJob": ["lookoutequipment.start_time", "lookoutequipment.role_arn", "lookoutequipment.job_id", "lookoutequipment.status_detail", "lookoutequipment.dataset_arn", "lookoutequipment.ingested_data_size", "lookoutequipment.ingestion_input_configuration_s3_input_configuration", "lookoutequipment.ingestion_job_status", "lookoutequipment.end_time", "lookoutequipment.ingestion_input_configuration", "lookoutequipment.created_at", "lookoutequipment.failed_reason", "lookoutequipment.data_quality_summary", "lookoutequipment.ingested_files_summary"],
    "DescribeDataset": ["lookoutequipment.start_time", "lookoutequipment.role_arn", "lookoutequipment.ingested_files_summary", "lookoutequipment.dataset_arn", "lookoutequipment.dataset_name", "lookoutequipment.dataset_status", "lookoutequipment.ingestion_input_configuration_s3_input_configuration", "lookoutequipment.end_time", "lookoutequipment.server_side_kms_key_id", "lookoutequipment.created_at", "lookoutequipment.last_updated_at", "lookoutequipment.ingestion_input_configuration", "lookoutequipment.data_quality_summary", "lookoutequipment.schema"],
    "DescribeInferenceScheduler": ["lookoutequipment.model_arn", "lookoutequipment.role_arn", "lookoutequipment.data_delay_offset_in_minutes", "lookoutequipment.inference_scheduler_arn", "lookoutequipment.data_output_configuration", "lookoutequipment.updated_at", "lookoutequipment.model_name", "lookoutequipment.inference_scheduler_status", "lookoutequipment.inference_scheduler_name", "lookoutequipment.data_upload_frequency", "lookoutequipment.latest_inference_result", "lookoutequipment.server_side_kms_key_id", "lookoutequipment.created_at", "lookoutequipment.data_input_configuration_input_time_zone_offset", "lookoutequipment.data_input_configuration", "lookoutequipment.data_input_configuration_inference_input_name_configuration", "lookoutequipment.data_input_configuration_s3_input_configuration"],
    "DescribeLabel": ["lookoutequipment.start_time", "lookoutequipment.label_id", "lookoutequipment.label_group_name", "lookoutequipment.rating", "lookoutequipment.equipment", "lookoutequipment.end_time", "lookoutequipment.label_group_arn", "lookoutequipment.created_at", "lookoutequipment.fault_code", "lookoutequipment.notes"],
    "DescribeLabelGroup": ["lookoutequipment.label_group_name", "lookoutequipment.updated_at", "lookoutequipment.label_group_arn", "lookoutequipment.created_at", "lookoutequipment.fault_codes"],
    "DescribeModel": ["lookoutequipment.latest_scheduled_retraining_available_data_in_days", "lookoutequipment.model_arn", "lookoutequipment.role_arn", "lookoutequipment.active_model_version", "lookoutequipment.label_group_name", "lookoutequipment.dataset_arn", "lookoutequipment.accumulated_inference_data_end_time", "lookoutequipment.training_execution_start_time", "lookoutequipment.model_name", "lookoutequipment.model_version_arn", "lookoutequipment.evaluation_data_start_time", "lookoutequipment.failed_reason", "lookoutequipment.model_version_activated_at", "lookoutequipment.data_pre_processing_configuration", "lookoutequipment.previous_active_model_version", "lookoutequipment.import_job_start_time", "lookoutequipment.training_data_end_time", "lookoutequipment.latest_scheduled_retraining_status", "lookoutequipment.training_execution_end_time", "lookoutequipment.labels_input_configuration_s3_input_configuration", "lookoutequipment.accumulated_inference_data_start_time", "lookoutequipment.model_diagnostics_output_configuration", "lookoutequipment.evaluation_data_end_time", "lookoutequipment.schema", "lookoutequipment.import_job_end_time", "lookoutequipment.last_updated_time", "lookoutequipment.dataset_name", "lookoutequipment.created_at", "lookoutequipment.retraining_scheduler_status", "lookoutequipment.latest_scheduled_retraining_model_version", "lookoutequipment.model_metrics", "lookoutequipment.next_scheduled_retraining_start_date", "lookoutequipment.off_condition", "lookoutequipment.previous_model_version_activated_at", "lookoutequipment.prior_model_metrics", "lookoutequipment.training_data_start_time", "lookoutequipment.model_quality", "lookoutequipment.latest_scheduled_retraining_start_time", "lookoutequipment.latest_scheduled_retraining_failed_reason", "lookoutequipment.model_status", "lookoutequipment.server_side_kms_key_id", "lookoutequipment.labels_input_configuration"],
    "DescribeModelVersion": ["lookoutequipment.model_arn", "lookoutequipment.role_arn", "lookoutequipment.label_group_name", "lookoutequipment.dataset_arn", "lookoutequipment.training_execution_start_time", "lookoutequipment.model_name", "lookoutequipment.model_version_arn", "lookoutequipment.evaluation_data_start_time", "lookoutequipment.failed_reason", "lookoutequipment.source_type", "lookoutequipment.data_pre_processing_configuration", "lookoutequipment.import_job_start_time", "lookoutequipment.retraining_available_data_in_days", "lookoutequipment.imported_data_size_in_bytes", "lookoutequipment.training_data_end_time", "lookoutequipment.model_version", "lookoutequipment.training_execution_end_time", "lookoutequipment.labels_input_configuration_s3_input_configuration", "lookoutequipment.model_diagnostics_output_configuration", "lookoutequipment.evaluation_data_end_time", "lookoutequipment.model_version_status", "lookoutequipment.schema", "lookoutequipment.import_job_end_time", "lookoutequipment.auto_promotion_result", "lookoutequipment.last_updated_time", "lookoutequipment.auto_promotion_result_reason", "lookoutequipment.dataset_name", "lookoutequipment.created_at", "lookoutequipment.model_metrics", "lookoutequipment.off_condition", "lookoutequipment.prior_model_metrics", "lookoutequipment.training_data_start_time", "lookoutequipment.model_quality", "lookoutequipment.model_diagnostics_results_object", "lookoutequipment.server_side_kms_key_id", "lookoutequipment.labels_input_configuration"],
    "DescribeResourcePolicy": ["lookoutequipment.resource_policy", "lookoutequipment.creation_time", "lookoutequipment.policy_revision_id", "lookoutequipment.last_modified_time"],
    "DescribeRetrainingScheduler": ["lookoutequipment.model_arn", "lookoutequipment.retraining_frequency", "lookoutequipment.updated_at", "lookoutequipment.model_name", "lookoutequipment.lookback_window", "lookoutequipment.created_at", "lookoutequipment.retraining_start_date", "lookoutequipment.retraining_scheduler_status", "lookoutequipment.promote_mode"],
    "ImportDataset": ["lookoutequipment.dataset_name", "lookoutequipment.import_dataset_status", "lookoutequipment.job_id", "lookoutequipment.dataset_arn"],
    "ImportModelVersion": ["lookoutequipment.model_arn", "lookoutequipment.import_model_version_status", "lookoutequipment.model_version", "lookoutequipment.model_name", "lookoutequipment.model_version_arn"],
    "ListInferenceEvents": ["lookoutequipment.inference_event_event_start_time", "lookoutequipment.next_token", "lookoutequipment.inference_scheduler_arn", "lookoutequipment.inference_event_event_duration_in_seconds", "lookoutequipment.inference_scheduler_name", "lookoutequipment.inference_event_diagnostics", "lookoutequipment.inference_event_event_end_time", "lookoutequipment.inference_event_summaries"],
    "ListInferenceExecutions": ["lookoutequipment.inference_execution_summaries", "lookoutequipment.model_arn", "lookoutequipment.inference_execution_model_version", "lookoutequipment.next_token", "lookoutequipment.inference_scheduler_arn", "lookoutequipment.inference_execution_failed_reason", "lookoutequipment.inference_execution_data_output_configuration", "lookoutequipment.model_name", "lookoutequipment.inference_scheduler_name", "lookoutequipment.model_version_arn", "lookoutequipment.inference_execution_customer_result_object", "lookoutequipment.inference_execution_status", "lookoutequipment.inference_execution_data_start_time", "lookoutequipment.inference_execution_data_end_time", "lookoutequipment.inference_execution_scheduled_start_time", "lookoutequipment.inference_execution_data_input_configuration"],
    "ListLabels": ["lookoutequipment.label_rating", "lookoutequipment.label_id", "lookoutequipment.label_group_name", "lookoutequipment.label_summaries", "lookoutequipment.next_token", "lookoutequipment.label_fault_code", "lookoutequipment.label_start_time", "lookoutequipment.label_group_arn", "lookoutequipment.label_created_at", "lookoutequipment.label_equipment", "lookoutequipment.label_end_time"],
    "ListModelVersions": ["lookoutequipment.model_arn", "lookoutequipment.model_version_model_quality", "lookoutequipment.model_version_summaries", "lookoutequipment.next_token", "lookoutequipment.model_version_model_version", "lookoutequipment.model_version_created_at", "lookoutequipment.model_name", "lookoutequipment.model_version_arn", "lookoutequipment.model_version_source_type", "lookoutequipment.model_version_status"],
    "ListSensorStatistics": ["lookoutequipment.sensor_statistics_component_name", "lookoutequipment.sensor_statistics_categorical_values", "lookoutequipment.sensor_statistics_large_timestamp_gaps", "lookoutequipment.sensor_statistics_data_start_time", "lookoutequipment.next_token", "lookoutequipment.sensor_statistics_data_end_time", "lookoutequipment.sensor_statistics_invalid_date_entries", "lookoutequipment.sensor_statistics_summaries", "lookoutequipment.sensor_statistics_data_exists", "lookoutequipment.sensor_statistics_multiple_operating_modes", "lookoutequipment.sensor_statistics_duplicate_timestamps", "lookoutequipment.sensor_statistics_invalid_values", "lookoutequipment.sensor_statistics_monotonic_values", "lookoutequipment.sensor_statistics_sensor_name", "lookoutequipment.sensor_statistics_missing_values"],
    "ListTagsForResource": ["lookoutequipment.tag_value", "lookoutequipment.tags", "lookoutequipment.tag_key"],
    "PutResourcePolicy": ["lookoutequipment.policy_revision_id", "lookoutequipment.resource_arn"],
    "StartDataIngestionJob": ["lookoutequipment.ingestion_job_status", "lookoutequipment.job_id"],
    "StartInferenceScheduler": ["lookoutequipment.model_arn", "lookoutequipment.inference_scheduler_arn", "lookoutequipment.model_name", "lookoutequipment.inference_scheduler_status", "lookoutequipment.inference_scheduler_name"],
    "StartRetrainingScheduler": ["lookoutequipment.model_name", "lookoutequipment.retraining_scheduler_status", "lookoutequipment.model_arn"],
    "StopInferenceScheduler": ["lookoutequipment.model_arn", "lookoutequipment.inference_scheduler_arn", "lookoutequipment.model_name", "lookoutequipment.inference_scheduler_status", "lookoutequipment.inference_scheduler_name"],
    "StopRetrainingScheduler": ["lookoutequipment.model_name", "lookoutequipment.retraining_scheduler_status", "lookoutequipment.model_arn"],
    "TagResource": [],
    "UntagResource": [],
    "UpdateActiveModelVersion": ["lookoutequipment.previous_active_version", "lookoutequipment.model_arn", "lookoutequipment.current_active_version_arn", "lookoutequipment.current_active_version", "lookoutequipment.model_name", "lookoutequipment.previous_active_version_arn"],
    "UpdateInferenceScheduler": [],
    "UpdateLabelGroup": [],
    "UpdateModel": [],
    "UpdateRetrainingScheduler": []
  },
  "entity_producers": {
    "lookoutequipment.next_token": ["ListRetrainingSchedulers", "ListDataIngestionJobs", "ListLabelGroups", "ListSensorStatistics", "ListModelVersions", "ListInferenceSchedulers", "ListModels", "ListLabels", "ListInferenceEvents", "ListDatasets", "ListInferenceExecutions"],
    "lookoutequipment.data_ingestion_job_summaries": ["ListDataIngestionJobs"],
    "lookoutequipment.job_id": ["StartDataIngestionJob", "ImportDataset", "ListDataIngestionJobs", "DescribeDataIngestionJob"],
    "lookoutequipment.dataset_name": ["CreateDataset", "ListDataIngestionJobs", "ListModels", "ImportDataset", "DescribeDataset", "ListDatasets", "DescribeModel", "DescribeModelVersion"],
    "lookoutequipment.dataset_arn": ["CreateDataset", "ListDataIngestionJobs", "ListModels", "ImportDataset", "DescribeDataIngestionJob", "DescribeDataset", "ListDatasets", "DescribeModel", "DescribeModelVersion"],
    "lookoutequipment.data_ingestion_job_ingestion_input_configuration": ["ListDataIngestionJobs"],
    "lookoutequipment.ingestion_job_status": ["StartDataIngestionJob", "ListDataIngestionJobs", "DescribeDataIngestionJob"],
    "lookoutequipment.dataset_summaries": ["ListDatasets"],
    "lookoutequipment.dataset_status": ["DescribeDataset", "ListDatasets", "CreateDataset"],
    "lookoutequipment.dataset_created_at": ["ListDatasets"],
    "lookoutequipment.inference_scheduler_summaries": ["ListInferenceSchedulers"],
    "lookoutequipment.model_name": ["StopInferenceScheduler", "ListRetrainingSchedulers", "StopRetrainingScheduler", "DescribeRetrainingScheduler", "ListModelVersions", "ListInferenceSchedulers", "ListModels", "ListInferenceExecutions", "StartRetrainingScheduler", "CreateRetrainingScheduler", "UpdateActiveModelVersion", "ImportModelVersion", "DescribeModelVersion", "DescribeInferenceScheduler", "DescribeModel", "StartInferenceScheduler"],
    "lookoutequipment.model_arn": ["StopInferenceScheduler", "ListRetrainingSchedulers", "StopRetrainingScheduler", "DescribeRetrainingScheduler", "ListModelVersions", "ListInferenceSchedulers", "ListModels", "ListInferenceExecutions", "StartRetrainingScheduler", "CreateRetrainingScheduler", "UpdateActiveModelVersion", "CreateModel", "ImportModelVersion", "DescribeModelVersion", "DescribeInferenceScheduler", "DescribeModel", "StartInferenceScheduler"],
    "lookoutequipment.inference_scheduler_name": ["StopInferenceScheduler", "ListInferenceSchedulers", "ListInferenceExecutions", "ListInferenceEvents", "CreateInferenceScheduler", "DescribeInferenceScheduler", "StartInferenceScheduler"],
    "lookoutequipment.inference_scheduler_arn": ["StopInferenceScheduler", "ListInferenceSchedulers", "ListInferenceExecutions", "ListInferenceEvents", "CreateInferenceScheduler", "DescribeInferenceScheduler", "StartInferenceScheduler"],
    "lookoutequipment.inference_scheduler_status": ["StopInferenceScheduler", "ListInferenceSchedulers", "CreateInferenceScheduler", "DescribeInferenceScheduler", "StartInferenceScheduler"],
    "lookoutequipment.inference_scheduler_data_delay_offset_in_minutes": ["ListInferenceSchedulers"],
    "lookoutequipment.inference_scheduler_data_upload_frequency": ["ListInferenceSchedulers"],
    "lookoutequipment.inference_scheduler_latest_inference_result": ["ListInferenceSchedulers"],
    "lookoutequipment.label_group_summaries": ["ListLabelGroups"],
    "lookoutequipment.label_group_name": ["ListLabelGroups", "DescribeLabelGroup", "CreateLabelGroup", "ListLabels", "DescribeLabel", "DescribeModelVersion", "DescribeModel"],
    "lookoutequipment.label_group_arn": ["ListLabelGroups", "DescribeLabelGroup", "CreateLabelGroup", "ListLabels", "DescribeLabel"],
    "lookoutequipment.label_group_created_at": ["ListLabelGroups"],
    "lookoutequipment.label_group_updated_at": ["ListLabelGroups"],
    "lookoutequipment.model_summaries": ["ListModels"],
    "lookoutequipment.model_status": ["DescribeModel", "CreateModel", "ListModels"],
    "lookoutequipment.model_created_at": ["ListModels"],
    "lookoutequipment.model_active_model_version": ["ListModels"],
    "lookoutequipment.model_version_arn": ["ListModelVersions", "ListModels", "ListInferenceExecutions", "ImportModelVersion", "DescribeModelVersion", "DescribeModel"],
    "lookoutequipment.model_latest_scheduled_retraining_status": ["ListModels"],
    "lookoutequipment.model_latest_scheduled_retraining_model_version": ["ListModels"],
    "lookoutequipment.model_latest_scheduled_retraining_start_time": ["ListModels"],
    "lookoutequipment.model_next_scheduled_retraining_start_date": ["ListModels"],
    "lookoutequipment.model_retraining_scheduler_status": ["ListModels"],
    "lookoutequipment.model_diagnostics_output_configuration": ["DescribeModelVersion", "DescribeModel", "ListModels"],
    "lookoutequipment.model_quality": ["CreateInferenceScheduler", "DescribeModelVersion", "DescribeModel", "ListModels"],
    "lookoutequipment.retraining_scheduler_summaries": ["ListRetrainingSchedulers"],
    "lookoutequipment.retraining_scheduler_status": ["ListRetrainingSchedulers", "StopRetrainingScheduler", "DescribeRetrainingScheduler", "StartRetrainingScheduler", "CreateRetrainingScheduler", "DescribeModel"],
    "lookoutequipment.retraining_scheduler_retraining_start_date": ["ListRetrainingSchedulers"],
    "lookoutequipment.retraining_scheduler_retraining_frequency": ["ListRetrainingSchedulers"],
    "lookoutequipment.retraining_scheduler_lookback_window": ["ListRetrainingSchedulers"],
    "lookoutequipment.label_id": ["CreateLabel", "DescribeLabel", "ListLabels"],
    "lookoutequipment.ingestion_input_configuration": ["DescribeDataset", "DescribeDataIngestionJob"],
    "lookoutequipment.role_arn": ["DescribeDataIngestionJob", "DescribeDataset", "DescribeModelVersion", "DescribeInferenceScheduler", "DescribeModel"],
    "lookoutequipment.created_at": ["DescribeLabelGroup", "DescribeRetrainingScheduler", "DescribeDataIngestionJob", "DescribeDataset", "DescribeLabel", "DescribeModelVersion", "DescribeInferenceScheduler", "DescribeModel"],
    "lookoutequipment.failed_reason": ["DescribeModelVersion", "DescribeModel", "DescribeDataIngestionJob"],
    "lookoutequipment.data_quality_summary": ["DescribeDataset", "DescribeDataIngestionJob"],
    "lookoutequipment.ingested_files_summary": ["DescribeDataset", "DescribeDataIngestionJob"],
    "lookoutequipment.status_detail": ["DescribeDataIngestionJob"],
    "lookoutequipment.ingested_data_size": ["DescribeDataIngestionJob"],
    "lookoutequipment.start_time": ["DescribeDataset", "DescribeLabel", "DescribeDataIngestionJob"],
    "lookoutequipment.end_time": ["DescribeDataset", "DescribeLabel", "DescribeDataIngestionJob"],
    "lookoutequipment.ingestion_input_configuration_s3_input_configuration": ["DescribeDataset", "DescribeDataIngestionJob"],
    "lookoutequipment.last_updated_at": ["DescribeDataset"],
    "lookoutequipment.schema": ["DescribeDataset", "DescribeModelVersion", "DescribeModel"],
    "lookoutequipment.server_side_kms_key_id": ["DescribeDataset", "DescribeModelVersion", "DescribeInferenceScheduler", "DescribeModel"],
    "lookoutequipment.data_delay_offset_in_minutes": ["DescribeInferenceScheduler"],
    "lookoutequipment.data_upload_frequency": ["DescribeInferenceScheduler"],
    "lookoutequipment.updated_at": ["DescribeRetrainingScheduler", "DescribeInferenceScheduler", "DescribeLabelGroup"],
    "lookoutequipment.data_input_configuration": ["DescribeInferenceScheduler"],
    "lookoutequipment.data_output_configuration": ["DescribeInferenceScheduler"],
    "lookoutequipment.latest_inference_result": ["DescribeInferenceScheduler"],
    "lookoutequipment.data_input_configuration_s3_input_configuration": ["DescribeInferenceScheduler"],
    "lookoutequipment.data_input_configuration_input_time_zone_offset": ["DescribeInferenceScheduler"],
    "lookoutequipment.data_input_configuration_inference_input_name_configuration": ["DescribeInferenceScheduler"],
    "lookoutequipment.rating": ["DescribeLabel"],
    "lookoutequipment.fault_code": ["DescribeLabel"],
    "lookoutequipment.notes": ["DescribeLabel"],
    "lookoutequipment.equipment": ["DescribeLabel"],
    "lookoutequipment.fault_codes": ["DescribeLabelGroup"],
    "lookoutequipment.labels_input_configuration": ["DescribeModelVersion", "DescribeModel"],
    "lookoutequipment.training_data_start_time": ["DescribeModelVersion", "DescribeModel"],
    "lookoutequipment.training_data_end_time": ["DescribeModelVersion", "DescribeModel"],
    "lookoutequipment.evaluation_data_start_time": ["DescribeModelVersion", "DescribeModel"],
    "lookoutequipment.evaluation_data_end_time": ["DescribeModelVersion", "DescribeModel"],
    "lookoutequipment.data_pre_processing_configuration": ["DescribeModelVersion", "DescribeModel"],
    "lookoutequipment.training_execution_start_time": ["DescribeModelVersion", "DescribeModel"],
    "lookoutequipment.training_execution_end_time": ["DescribeModelVersion", "DescribeModel"],
    "lookoutequipment.model_metrics": ["DescribeModelVersion", "DescribeModel"],
    "lookoutequipment.last_updated_time": ["DescribeModelVersion", "DescribeModel"],
    "lookoutequipment.off_condition": ["DescribeModelVersion", "DescribeModel"],
    "lookoutequipment.import_job_start_time": ["DescribeModelVersion", "DescribeModel"],
    "lookoutequipment.import_job_end_time": ["DescribeModelVersion", "DescribeModel"],
    "lookoutequipment.active_model_version": ["DescribeModel"],
    "lookoutequipment.model_version_activated_at": ["DescribeModel"],
    "lookoutequipment.previous_active_model_version": ["DescribeModel"],
    "lookoutequipment.previous_model_version_activated_at": ["DescribeModel"],
    "lookoutequipment.prior_model_metrics": ["DescribeModelVersion", "DescribeModel"],
    "lookoutequipment.latest_scheduled_retraining_failed_reason": ["DescribeModel"],
    "lookoutequipment.latest_scheduled_retraining_status": ["DescribeModel"],
    "lookoutequipment.latest_scheduled_retraining_model_version": ["DescribeModel"],
    "lookoutequipment.latest_scheduled_retraining_start_time": ["DescribeModel"],
    "lookoutequipment.latest_scheduled_retraining_available_data_in_days": ["DescribeModel"],
    "lookoutequipment.next_scheduled_retraining_start_date": ["DescribeModel"],
    "lookoutequipment.accumulated_inference_data_start_time": ["DescribeModel"],
    "lookoutequipment.accumulated_inference_data_end_time": ["DescribeModel"],
    "lookoutequipment.labels_input_configuration_s3_input_configuration": ["DescribeModelVersion", "DescribeModel"],
    "lookoutequipment.model_version": ["DescribeModelVersion", "ImportModelVersion"],
    "lookoutequipment.model_version_status": ["DescribeModelVersion", "ListModelVersions"],
    "lookoutequipment.source_type": ["DescribeModelVersion"],
    "lookoutequipment.imported_data_size_in_bytes": ["DescribeModelVersion"],
    "lookoutequipment.retraining_available_data_in_days": ["DescribeModelVersion"],
    "lookoutequipment.auto_promotion_result": ["DescribeModelVersion"],
    "lookoutequipment.auto_promotion_result_reason": ["DescribeModelVersion"],
    "lookoutequipment.model_diagnostics_results_object": ["DescribeModelVersion"],
    "lookoutequipment.policy_revision_id": ["PutResourcePolicy", "DescribeResourcePolicy"],
    "lookoutequipment.resource_policy": ["DescribeResourcePolicy"],
    "lookoutequipment.creation_time": ["DescribeResourcePolicy"],
    "lookoutequipment.last_modified_time": ["DescribeResourcePolicy"],
    "lookoutequipment.retraining_start_date": ["DescribeRetrainingScheduler"],
    "lookoutequipment.retraining_frequency": ["DescribeRetrainingScheduler"],
    "lookoutequipment.lookback_window": ["DescribeRetrainingScheduler"],
    "lookoutequipment.promote_mode": ["DescribeRetrainingScheduler"],
    "lookoutequipment.import_dataset_status": ["ImportDataset"],
    "lookoutequipment.import_model_version_status": ["ImportModelVersion"],
    "lookoutequipment.inference_event_summaries": ["ListInferenceEvents"],
    "lookoutequipment.inference_event_event_start_time": ["ListInferenceEvents"],
    "lookoutequipment.inference_event_event_end_time": ["ListInferenceEvents"],
    "lookoutequipment.inference_event_diagnostics": ["ListInferenceEvents"],
    "lookoutequipment.inference_event_event_duration_in_seconds": ["ListInferenceEvents"],
    "lookoutequipment.inference_execution_summaries": ["ListInferenceExecutions"],
    "lookoutequipment.inference_execution_scheduled_start_time": ["ListInferenceExecutions"],
    "lookoutequipment.inference_execution_data_start_time": ["ListInferenceExecutions"],
    "lookoutequipment.inference_execution_data_end_time": ["ListInferenceExecutions"],
    "lookoutequipment.inference_execution_data_input_configuration": ["ListInferenceExecutions"],
    "lookoutequipment.inference_execution_data_output_configuration": ["ListInferenceExecutions"],
    "lookoutequipment.inference_execution_customer_result_object": ["ListInferenceExecutions"],
    "lookoutequipment.inference_execution_status": ["ListInferenceExecutions"],
    "lookoutequipment.inference_execution_failed_reason": ["ListInferenceExecutions"],
    "lookoutequipment.inference_execution_model_version": ["ListInferenceExecutions"],
    "lookoutequipment.label_summaries": ["ListLabels"],
    "lookoutequipment.label_start_time": ["ListLabels"],
    "lookoutequipment.label_end_time": ["ListLabels"],
    "lookoutequipment.label_rating": ["ListLabels"],
    "lookoutequipment.label_fault_code": ["ListLabels"],
    "lookoutequipment.label_equipment": ["ListLabels"],
    "lookoutequipment.label_created_at": ["ListLabels"],
    "lookoutequipment.model_version_summaries": ["ListModelVersions"],
    "lookoutequipment.model_version_model_version": ["ListModelVersions"],
    "lookoutequipment.model_version_created_at": ["ListModelVersions"],
    "lookoutequipment.model_version_source_type": ["ListModelVersions"],
    "lookoutequipment.model_version_model_quality": ["ListModelVersions"],
    "lookoutequipment.sensor_statistics_summaries": ["ListSensorStatistics"],
    "lookoutequipment.sensor_statistics_component_name": ["ListSensorStatistics"],
    "lookoutequipment.sensor_statistics_sensor_name": ["ListSensorStatistics"],
    "lookoutequipment.sensor_statistics_data_exists": ["ListSensorStatistics"],
    "lookoutequipment.sensor_statistics_missing_values": ["ListSensorStatistics"],
    "lookoutequipment.sensor_statistics_invalid_values": ["ListSensorStatistics"],
    "lookoutequipment.sensor_statistics_invalid_date_entries": ["ListSensorStatistics"],
    "lookoutequipment.sensor_statistics_duplicate_timestamps": ["ListSensorStatistics"],
    "lookoutequipment.sensor_statistics_categorical_values": ["ListSensorStatistics"],
    "lookoutequipment.sensor_statistics_multiple_operating_modes": ["ListSensorStatistics"],
    "lookoutequipment.sensor_statistics_large_timestamp_gaps": ["ListSensorStatistics"],
    "lookoutequipment.sensor_statistics_monotonic_values": ["ListSensorStatistics"],
    "lookoutequipment.sensor_statistics_data_start_time": ["ListSensorStatistics"],
    "lookoutequipment.sensor_statistics_data_end_time": ["ListSensorStatistics"],
    "lookoutequipment.tags": ["ListTagsForResource"],
    "lookoutequipment.tag_key": ["ListTagsForResource"],
    "lookoutequipment.tag_value": ["ListTagsForResource"],
    "lookoutequipment.resource_arn": ["PutResourcePolicy"],
    "lookoutequipment.current_active_version": ["UpdateActiveModelVersion"],
    "lookoutequipment.previous_active_version": ["UpdateActiveModelVersion"],
    "lookoutequipment.current_active_version_arn": ["UpdateActiveModelVersion"],
    "lookoutequipment.previous_active_version_arn": ["UpdateActiveModelVersion"]
  },
  "entity_consumers": {
    "lookoutequipment.dataset_name": ["CreateDataset", "ListSensorStatistics", "DeleteDataset", "StartDataIngestionJob", "DescribeDataset", "CreateModel", "ImportModelVersion"],
    "lookoutequipment.client_token": ["CreateDataset", "CreateLabel", "StartDataIngestionJob", "CreateRetrainingScheduler", "PutResourcePolicy", "CreateModel", "CreateLabelGroup", "ImportModelVersion", "CreateInferenceScheduler", "ImportDataset"],
    "lookoutequipment.model_name": ["UpdateModel", "DeleteModel", "DeleteRetrainingScheduler", "StopRetrainingScheduler", "DescribeRetrainingScheduler", "ListModelVersions", "UpdateRetrainingScheduler", "StartRetrainingScheduler", "CreateRetrainingScheduler", "UpdateActiveModelVersion", "CreateModel", "CreateInferenceScheduler", "DescribeModelVersion", "DescribeModel"],
    "lookoutequipment.inferencescheduler_name": ["StopInferenceScheduler", "UpdateInferenceScheduler", "ListInferenceExecutions", "DeleteInferenceScheduler", "ListInferenceEvents", "CreateInferenceScheduler", "DescribeInferenceScheduler", "StartInferenceScheduler"],
    "lookoutequipment.data_upload_frequency": ["CreateInferenceScheduler"],
    "lookoutequipment.data_input_configuration": ["CreateInferenceScheduler"],
    "lookoutequipment.data_output_configuration": ["CreateInferenceScheduler"],
    "lookoutequipment.role_arn": ["StartDataIngestionJob", "CreateInferenceScheduler"],
    "lookoutequipment.labelgroup_name": ["DeleteLabel", "DeleteLabelGroup", "DescribeLabelGroup", "CreateLabel", "UpdateLabelGroup", "CreateLabelGroup", "ListLabels", "DescribeLabel"],
    "lookoutequipment.start_time": ["CreateLabel"],
    "lookoutequipment.end_time": ["CreateLabel"],
    "lookoutequipment.rating": ["CreateLabel"],
    "lookoutequipment.retraining_frequency": ["CreateRetrainingScheduler"],
    "lookoutequipment.lookback_window": ["CreateRetrainingScheduler"],
    "lookoutequipment.label_id": ["DeleteLabel", "DescribeLabel"],
    "lookoutequipment.resource_arn": ["UntagResource", "ListTagsForResource", "DescribeResourcePolicy", "DeleteResourcePolicy", "PutResourcePolicy", "TagResource"],
    "lookoutequipment.job_id": ["DescribeDataIngestionJob"],
    "lookoutequipment.model_version": ["DescribeModelVersion", "UpdateActiveModelVersion"],
    "lookoutequipment.sourcedataset_arn": ["ImportDataset"],
    "lookoutequipment.sourcemodelversion_arn": ["ImportModelVersion"],
    "lookoutequipment.interval_start_time": ["ListInferenceEvents"],
    "lookoutequipment.interval_end_time": ["ListInferenceEvents"],
    "lookoutequipment.resource_policy": ["PutResourcePolicy"],
    "lookoutequipment.ingestion_input_configuration": ["StartDataIngestionJob"],
    "lookoutequipment.tags": ["TagResource"],
    "lookoutequipment.tag_keys": ["UntagResource"]
  },
  "external_entities": ["lookoutequipment.client_token", "lookoutequipment.inferencescheduler_name", "lookoutequipment.interval_end_time", "lookoutequipment.interval_start_time", "lookoutequipment.labelgroup_name", "lookoutequipment.sourcedataset_arn", "lookoutequipment.sourcemodelversion_arn", "lookoutequipment.tag_keys"]
}