{
  "workdocs": {
    "service": "workdocs",
    "total_operations": 44,
    "independent": [
      {
        "operation": "DescribeActivities",
        "python_method": "describe_activities",
        "yaml_action": "describe_activities",
        "required_params": [],
        "optional_params": [
          "AuthenticationToken",
          "StartTime",
          "EndTime",
          "OrganizationId",
          "ActivityTypes"
        ],
        "total_optional": 10,
        "output_fields": {
          "UserActivities": {
            "type": "string",
            "description": "UserActivities details",
            "compliance_category": "general",
            "operators": [
              "equals",
              "not_equals",
              "contains"
            ]
          },
          "Marker": {
            "type": "string",
            "description": "Marker details",
            "compliance_category": "general",
            "operators": [
              "equals",
              "not_equals",
              "contains"
            ]
          }
        },
        "main_output_field": "UserActivities",
        "item_fields": {
          "Type": {
            "type": "string",
            "description": "Type",
            "compliance_category": "general"
          },
          "TimeStamp": {
            "type": "string",
            "description": "Time stamp",
            "compliance_category": "general",
            "format": "date-time"
          },
          "IsIndirectActivity": {
            "type": "boolean",
            "description": "Is indirect activity",
            "compliance_category": "general"
          },
          "OrganizationId": {
            "type": "string",
            "description": "Organization id",
            "compliance_category": "identity",
            "operators": [
              "equals",
              "not_equals",
              "in",
              "exists"
            ]
          },
          "Initiator": {
            "type": "string",
            "description": "Initiator",
            "compliance_category": "general",
            "format": "date-time"
          },
          "Participants": {
            "type": "string",
            "description": "Participants",
            "compliance_category": "general"
          },
          "ResourceMetadata": {
            "type": "string",
            "description": "Resource metadata",
            "compliance_category": "general",
            "format": "date-time"
          },
          "OriginalParent": {
            "type": "string",
            "description": "Original parent",
            "compliance_category": "general"
          },
          "CommentMetadata": {
            "type": "string",
            "description": "Comment metadata",
            "compliance_category": "general",
            "format": "date-time"
          }
        }
      },
      {
        "operation": "DescribeUsers",
        "python_method": "describe_users",
        "yaml_action": "describe_users",
        "required_params": [],
        "optional_params": [
          "AuthenticationToken",
          "OrganizationId",
          "UserIds",
          "Query",
          "Include"
        ],
        "total_optional": 10,
        "output_fields": {
          "Users": {
            "type": "string",
            "description": "Users details",
            "compliance_category": "general",
            "operators": [
              "equals",
              "not_equals",
              "contains"
            ]
          },
          "TotalNumberOfUsers": {
            "type": "integer",
            "description": "TotalNumberOfUsers details",
            "compliance_category": "general",
            "operators": [
              "equals",
              "not_equals",
              "contains"
            ]
          },
          "Marker": {
            "type": "string",
            "description": "Marker details",
            "compliance_category": "general",
            "operators": [
              "equals",
              "not_equals",
              "contains"
            ]
          }
        },
        "main_output_field": "Users",
        "item_fields": {
          "Id": {
            "type": "string",
            "description": "Id",
            "compliance_category": "identity",
            "operators": [
              "equals",
              "not_equals",
              "in",
              "exists"
            ]
          },
          "Username": {
            "type": "string",
            "description": "Username",
            "compliance_category": "general"
          },
          "EmailAddress": {
            "type": "string",
            "description": "Email address",
            "compliance_category": "general"
          },
          "GivenName": {
            "type": "string",
            "description": "Given name",
            "compliance_category": "general"
          },
          "Surname": {
            "type": "string",
            "description": "Surname",
            "compliance_category": "general"
          },
          "OrganizationId": {
            "type": "string",
            "description": "Organization id",
            "compliance_category": "identity",
            "operators": [
              "equals",
              "not_equals",
              "in",
              "exists"
            ]
          },
          "RootFolderId": {
            "type": "string",
            "description": "Root folder id",
            "compliance_category": "identity",
            "operators": [
              "equals",
              "not_equals",
              "in",
              "exists"
            ]
          },
          "RecycleBinFolderId": {
            "type": "string",
            "description": "Recycle bin folder id",
            "compliance_category": "identity",
            "operators": [
              "equals",
              "not_equals",
              "in",
              "exists"
            ]
          },
          "Status": {
            "type": "string",
            "description": "Status",
            "compliance_category": "general",
            "format": "date-time"
          },
          "Type": {
            "type": "string",
            "description": "Type",
            "compliance_category": "general"
          },
          "CreatedTimestamp": {
            "type": "string",
            "description": "Created timestamp",
            "compliance_category": "general",
            "format": "date-time"
          },
          "ModifiedTimestamp": {
            "type": "string",
            "description": "Modified timestamp",
            "compliance_category": "general",
            "format": "date-time"
          },
          "TimeZoneId": {
            "type": "string",
            "description": "Time zone id",
            "compliance_category": "identity",
            "operators": [
              "equals",
              "not_equals",
              "in",
              "exists"
            ]
          },
          "Locale": {
            "type": "string",
            "description": "Locale",
            "compliance_category": "general"
          },
          "Storage": {
            "type": "string",
            "description": "Storage",
            "compliance_category": "general"
          }
        }
      },
      {
        "operation": "GetResources",
        "python_method": "get_resources",
        "yaml_action": "get_resources",
        "required_params": [],
        "optional_params": [
          "AuthenticationToken",
          "UserId",
          "CollectionType",
          "Limit",
          "Marker"
        ],
        "total_optional": 5,
        "output_fields": {
          "Folders": {
            "type": "string",
            "description": "Folders details",
            "compliance_category": "general",
            "operators": [
              "equals",
              "not_equals",
              "contains"
            ]
          },
          "Documents": {
            "type": "string",
            "description": "Documents details",
            "compliance_category": "general",
            "operators": [
              "equals",
              "not_equals",
              "contains"
            ]
          },
          "Marker": {
            "type": "string",
            "description": "Marker details",
            "compliance_category": "general",
            "operators": [
              "equals",
              "not_equals",
              "contains"
            ]
          }
        },
        "main_output_field": "Folders",
        "item_fields": {
          "Id": {
            "type": "string",
            "description": "Id",
            "compliance_category": "identity",
            "operators": [
              "equals",
              "not_equals",
              "in",
              "exists"
            ]
          },
          "Name": {
            "type": "string",
            "description": "Name",
            "compliance_category": "general"
          },
          "CreatorId": {
            "type": "string",
            "description": "Creator id",
            "compliance_category": "identity",
            "operators": [
              "equals",
              "not_equals",
              "in",
              "exists"
            ]
          },
          "ParentFolderId": {
            "type": "string",
            "description": "Parent folder id",
            "compliance_category": "identity",
            "operators": [
              "equals",
              "not_equals",
              "in",
              "exists"
            ]
          },
          "CreatedTimestamp": {
            "type": "string",
            "description": "Created timestamp",
            "compliance_category": "general",
            "format": "date-time"
          },
          "ModifiedTimestamp": {
            "type": "string",
            "description": "Modified timestamp",
            "compliance_category": "general",
            "format": "date-time"
          },
          "ResourceState": {
            "type": "string",
            "description": "Resource state",
            "compliance_category": "general",
            "format": "date-time"
          },
          "Signature": {
            "type": "string",
            "description": "Signature",
            "compliance_category": "general",
            "format": "date-time"
          },
          "Labels": {
            "type": "array",
            "description": "Labels",
            "compliance_category": "general",
            "operators": [
              "exists",
              "not_empty",
              "contains"
            ]
          },
          "Size": {
            "type": "integer",
            "description": "Size",
            "compliance_category": "general"
          },
          "LatestVersionSize": {
            "type": "string",
            "description": "Latest version size",
            "compliance_category": "general",
            "format": "date-time"
          }
        }
      },
      {
        "operation": "InitiateDocumentVersionUpload",
        "python_method": "initiate_document_version_upload",
        "yaml_action": "initiate_document_version_upload",
        "required_params": [],
        "optional_params": [
          "AuthenticationToken",
          "Id",
          "Name",
          "ContentCreatedTimestamp",
          "ContentModifiedTimestamp"
        ],
        "total_optional": 8,
        "output_fields": {
          "Metadata": {
            "type": "string",
            "description": "Metadata details",
            "compliance_category": "general",
            "format": "date-time",
            "operators": [
              "equals",
              "not_equals",
              "contains"
            ]
          },
          "UploadMetadata": {
            "type": "string",
            "description": "UploadMetadata details",
            "compliance_category": "general",
            "format": "date-time",
            "operators": [
              "equals",
              "not_equals",
              "contains"
            ]
          }
        },
        "main_output_field": "Metadata",
        "item_fields": {
          "Id": {
            "type": "string",
            "description": "Id",
            "compliance_category": "identity",
            "operators": [
              "equals",
              "not_equals",
              "in",
              "exists"
            ]
          },
          "CreatorId": {
            "type": "string",
            "description": "Creator id",
            "compliance_category": "identity",
            "operators": [
              "equals",
              "not_equals",
              "in",
              "exists"
            ]
          },
          "ParentFolderId": {
            "type": "string",
            "description": "Parent folder id",
            "compliance_category": "identity",
            "operators": [
              "equals",
              "not_equals",
              "in",
              "exists"
            ]
          },
          "CreatedTimestamp": {
            "type": "string",
            "description": "Created timestamp",
            "compliance_category": "general",
            "format": "date-time"
          },
          "ModifiedTimestamp": {
            "type": "string",
            "description": "Modified timestamp",
            "compliance_category": "general",
            "format": "date-time"
          },
          "LatestVersionMetadata": {
            "type": "string",
            "description": "Latest version metadata",
            "compliance_category": "general",
            "format": "date-time"
          },
          "ResourceState": {
            "type": "string",
            "description": "Resource state",
            "compliance_category": "general",
            "format": "date-time"
          },
          "Labels": {
            "type": "array",
            "description": "Labels",
            "compliance_category": "general",
            "operators": [
              "exists",
              "not_empty",
              "contains"
            ]
          }
        }
      },
      {
        "operation": "SearchResources",
        "python_method": "search_resources",
        "yaml_action": "search_resources",
        "required_params": [],
        "optional_params": [
          "AuthenticationToken",
          "QueryText",
          "QueryScopes",
          "OrganizationId",
          "AdditionalResponseFields"
        ],
        "total_optional": 9,
        "output_fields": {
          "Items": {
            "type": "string",
            "description": "Items details",
            "compliance_category": "general",
            "operators": [
              "equals",
              "not_equals",
              "contains"
            ]
          },
          "Marker": {
            "type": "string",
            "description": "Marker details",
            "compliance_category": "general",
            "operators": [
              "equals",
              "not_equals",
              "contains"
            ]
          }
        },
        "main_output_field": "Items",
        "item_fields": {
          "ResourceType": {
            "type": "string",
            "description": "Resource type",
            "compliance_category": "general"
          },
          "WebUrl": {
            "type": "string",
            "description": "Web url",
            "compliance_category": "general"
          },
          "DocumentMetadata": {
            "type": "string",
            "description": "Document metadata",
            "compliance_category": "general",
            "format": "date-time"
          },
          "FolderMetadata": {
            "type": "string",
            "description": "Folder metadata",
            "compliance_category": "general",
            "format": "date-time"
          },
          "CommentMetadata": {
            "type": "string",
            "description": "Comment metadata",
            "compliance_category": "general",
            "format": "date-time"
          },
          "DocumentVersionMetadata": {
            "type": "string",
            "description": "Document version metadata",
            "compliance_category": "general",
            "format": "date-time"
          }
        }
      }
    ],
    "dependent": [
      {
        "operation": "AbortDocumentVersionUpload",
        "python_method": "abort_document_version_upload",
        "yaml_action": "abort_document_version_upload",
        "required_params": [
          "DocumentId",
          "VersionId"
        ],
        "optional_params": [
          "AuthenticationToken"
        ],
        "total_optional": 1,
        "output_fields": {},
        "main_output_field": null,
        "item_fields": []
      },
      {
        "operation": "ActivateUser",
        "python_method": "activate_user",
        "yaml_action": "activate_user",
        "required_params": [
          "UserId"
        ],
        "optional_params": [
          "AuthenticationToken"
        ],
        "total_optional": 1,
        "output_fields": {
          "User": {
            "type": "string",
            "description": "User details",
            "compliance_category": "general",
            "operators": [
              "equals",
              "not_equals",
              "contains"
            ]
          }
        },
        "main_output_field": "User",
        "item_fields": {
          "Id": {
            "type": "string",
            "description": "Id",
            "compliance_category": "identity",
            "operators": [
              "equals",
              "not_equals",
              "in",
              "exists"
            ]
          },
          "Username": {
            "type": "string",
            "description": "Username",
            "compliance_category": "general"
          },
          "EmailAddress": {
            "type": "string",
            "description": "Email address",
            "compliance_category": "general"
          },
          "GivenName": {
            "type": "string",
            "description": "Given name",
            "compliance_category": "general"
          },
          "Surname": {
            "type": "string",
            "description": "Surname",
            "compliance_category": "general"
          },
          "OrganizationId": {
            "type": "string",
            "description": "Organization id",
            "compliance_category": "identity",
            "operators": [
              "equals",
              "not_equals",
              "in",
              "exists"
            ]
          },
          "RootFolderId": {
            "type": "string",
            "description": "Root folder id",
            "compliance_category": "identity",
            "operators": [
              "equals",
              "not_equals",
              "in",
              "exists"
            ]
          },
          "RecycleBinFolderId": {
            "type": "string",
            "description": "Recycle bin folder id",
            "compliance_category": "identity",
            "operators": [
              "equals",
              "not_equals",
              "in",
              "exists"
            ]
          },
          "Status": {
            "type": "string",
            "description": "Status",
            "compliance_category": "general",
            "format": "date-time"
          },
          "Type": {
            "type": "string",
            "description": "Type",
            "compliance_category": "general"
          },
          "CreatedTimestamp": {
            "type": "string",
            "description": "Created timestamp",
            "compliance_category": "general",
            "format": "date-time"
          },
          "ModifiedTimestamp": {
            "type": "string",
            "description": "Modified timestamp",
            "compliance_category": "general",
            "format": "date-time"
          },
          "TimeZoneId": {
            "type": "string",
            "description": "Time zone id",
            "compliance_category": "identity",
            "operators": [
              "equals",
              "not_equals",
              "in",
              "exists"
            ]
          },
          "Locale": {
            "type": "string",
            "description": "Locale",
            "compliance_category": "general"
          },
          "Storage": {
            "type": "string",
            "description": "Storage",
            "compliance_category": "general"
          }
        }
      },
      {
        "operation": "AddResourcePermissions",
        "python_method": "add_resource_permissions",
        "yaml_action": "add_resource_permissions",
        "required_params": [
          "ResourceId",
          "Principals"
        ],
        "optional_params": [
          "AuthenticationToken",
          "NotificationOptions"
        ],
        "total_optional": 2,
        "output_fields": {
          "ShareResults": {
            "type": "string",
            "description": "ShareResults details",
            "compliance_category": "general",
            "operators": [
              "equals",
              "not_equals",
              "contains"
            ]
          }
        },
        "main_output_field": "ShareResults",
        "item_fields": {
          "PrincipalId": {
            "type": "string",
            "description": "Principal id",
            "compliance_category": "identity",
            "operators": [
              "equals",
              "not_equals",
              "in",
              "exists"
            ]
          },
          "InviteePrincipalId": {
            "type": "string",
            "description": "Invitee principal id",
            "compliance_category": "identity",
            "operators": [
              "equals",
              "not_equals",
              "in",
              "exists"
            ]
          },
          "Role": {
            "type": "string",
            "description": "Role",
            "compliance_category": "general"
          },
          "Status": {
            "type": "string",
            "description": "Status",
            "compliance_category": "general",
            "format": "date-time"
          },
          "ShareId": {
            "type": "string",
            "description": "Share id",
            "compliance_category": "identity",
            "operators": [
              "equals",
              "not_equals",
              "in",
              "exists"
            ]
          },
          "StatusMessage": {
            "type": "string",
            "description": "Status message",
            "compliance_category": "general",
            "format": "date-time"
          }
        }
      },
      {
        "operation": "CreateComment",
        "python_method": "create_comment",
        "yaml_action": "create_comment",
        "required_params": [
          "DocumentId",
          "VersionId",
          "Text"
        ],
        "optional_params": [
          "AuthenticationToken",
          "ParentId",
          "ThreadId",
          "Visibility",
          "NotifyCollaborators"
        ],
        "total_optional": 5,
        "output_fields": {
          "Comment": {
            "type": "string",
            "description": "Comment details",
            "compliance_category": "general",
            "operators": [
              "equals",
              "not_equals",
              "contains"
            ]
          }
        },
        "main_output_field": "Comment",
        "item_fields": {
          "CommentId": {
            "type": "string",
            "description": "Comment id",
            "compliance_category": "identity",
            "operators": [
              "equals",
              "not_equals",
              "in",
              "exists"
            ]
          },
          "ParentId": {
            "type": "string",
            "description": "Parent id",
            "compliance_category": "identity",
            "operators": [
              "equals",
              "not_equals",
              "in",
              "exists"
            ]
          },
          "ThreadId": {
            "type": "string",
            "description": "Thread id",
            "compliance_category": "identity",
            "operators": [
              "equals",
              "not_equals",
              "in",
              "exists"
            ]
          },
          "Text": {
            "type": "string",
            "description": "Text",
            "compliance_category": "general"
          },
          "Contributor": {
            "type": "string",
            "description": "Contributor",
            "compliance_category": "general",
            "format": "date-time"
          },
          "CreatedTimestamp": {
            "type": "string",
            "description": "Created timestamp",
            "compliance_category": "general",
            "format": "date-time"
          },
          "Status": {
            "type": "string",
            "description": "Status",
            "compliance_category": "general",
            "format": "date-time"
          },
          "Visibility": {
            "type": "boolean",
            "description": "Visibility",
            "compliance_category": "general"
          },
          "RecipientId": {
            "type": "string",
            "description": "Recipient id",
            "compliance_category": "identity",
            "operators": [
              "equals",
              "not_equals",
              "in",
              "exists"
            ]
          }
        }
      },
      {
        "operation": "CreateCustomMetadata",
        "python_method": "create_custom_metadata",
        "yaml_action": "create_custom_metadata",
        "required_params": [
          "ResourceId",
          "CustomMetadata"
        ],
        "optional_params": [
          "AuthenticationToken",
          "VersionId"
        ],
        "total_optional": 2,
        "output_fields": {},
        "main_output_field": null,
        "item_fields": []
      },
      {
        "operation": "CreateFolder",
        "python_method": "create_folder",
        "yaml_action": "create_folder",
        "required_params": [
          "ParentFolderId"
        ],
        "optional_params": [
          "AuthenticationToken",
          "Name"
        ],
        "total_optional": 2,
        "output_fields": {
          "Metadata": {
            "type": "string",
            "description": "Metadata details",
            "compliance_category": "general",
            "format": "date-time",
            "operators": [
              "equals",
              "not_equals",
              "contains"
            ]
          }
        },
        "main_output_field": "Metadata",
        "item_fields": {
          "Id": {
            "type": "string",
            "description": "Id",
            "compliance_category": "identity",
            "operators": [
              "equals",
              "not_equals",
              "in",
              "exists"
            ]
          },
          "Name": {
            "type": "string",
            "description": "Name",
            "compliance_category": "general"
          },
          "CreatorId": {
            "type": "string",
            "description": "Creator id",
            "compliance_category": "identity",
            "operators": [
              "equals",
              "not_equals",
              "in",
              "exists"
            ]
          },
          "ParentFolderId": {
            "type": "string",
            "description": "Parent folder id",
            "compliance_category": "identity",
            "operators": [
              "equals",
              "not_equals",
              "in",
              "exists"
            ]
          },
          "CreatedTimestamp": {
            "type": "string",
            "description": "Created timestamp",
            "compliance_category": "general",
            "format": "date-time"
          },
          "ModifiedTimestamp": {
            "type": "string",
            "description": "Modified timestamp",
            "compliance_category": "general",
            "format": "date-time"
          },
          "ResourceState": {
            "type": "string",
            "description": "Resource state",
            "compliance_category": "general",
            "format": "date-time"
          },
          "Signature": {
            "type": "string",
            "description": "Signature",
            "compliance_category": "general",
            "format": "date-time"
          },
          "Labels": {
            "type": "array",
            "description": "Labels",
            "compliance_category": "general",
            "operators": [
              "exists",
              "not_empty",
              "contains"
            ]
          },
          "Size": {
            "type": "integer",
            "description": "Size",
            "compliance_category": "general"
          },
          "LatestVersionSize": {
            "type": "string",
            "description": "Latest version size",
            "compliance_category": "general",
            "format": "date-time"
          }
        }
      },
      {
        "operation": "CreateLabels",
        "python_method": "create_labels",
        "yaml_action": "create_labels",
        "required_params": [
          "ResourceId",
          "Labels"
        ],
        "optional_params": [
          "AuthenticationToken"
        ],
        "total_optional": 1,
        "output_fields": {},
        "main_output_field": null,
        "item_fields": []
      },
      {
        "operation": "CreateNotificationSubscription",
        "python_method": "create_notification_subscription",
        "yaml_action": "create_notification_subscription",
        "required_params": [
          "OrganizationId",
          "Endpoint",
          "Protocol",
          "SubscriptionType"
        ],
        "optional_params": [],
        "total_optional": 0,
        "output_fields": {
          "Subscription": {
            "type": "string",
            "description": "Subscription details",
            "compliance_category": "general",
            "operators": [
              "equals",
              "not_equals",
              "contains"
            ]
          }
        },
        "main_output_field": "Subscription",
        "item_fields": {
          "SubscriptionId": {
            "type": "string",
            "description": "Subscription id",
            "compliance_category": "identity",
            "operators": [
              "equals",
              "not_equals",
              "in",
              "exists"
            ]
          },
          "EndPoint": {
            "type": "string",
            "description": "End point",
            "compliance_category": "general"
          },
          "Protocol": {
            "type": "string",
            "description": "Protocol",
            "compliance_category": "general"
          }
        }
      },
      {
        "operation": "CreateUser",
        "python_method": "create_user",
        "yaml_action": "create_user",
        "required_params": [
          "Username",
          "GivenName",
          "Surname",
          "Password"
        ],
        "optional_params": [
          "OrganizationId",
          "EmailAddress",
          "TimeZoneId",
          "StorageRule",
          "AuthenticationToken"
        ],
        "total_optional": 5,
        "output_fields": {
          "User": {
            "type": "string",
            "description": "User details",
            "compliance_category": "general",
            "operators": [
              "equals",
              "not_equals",
              "contains"
            ]
          }
        },
        "main_output_field": "User",
        "item_fields": {
          "Id": {
            "type": "string",
            "description": "Id",
            "compliance_category": "identity",
            "operators": [
              "equals",
              "not_equals",
              "in",
              "exists"
            ]
          },
          "Username": {
            "type": "string",
            "description": "Username",
            "compliance_category": "general"
          },
          "EmailAddress": {
            "type": "string",
            "description": "Email address",
            "compliance_category": "general"
          },
          "GivenName": {
            "type": "string",
            "description": "Given name",
            "compliance_category": "general"
          },
          "Surname": {
            "type": "string",
            "description": "Surname",
            "compliance_category": "general"
          },
          "OrganizationId": {
            "type": "string",
            "description": "Organization id",
            "compliance_category": "identity",
            "operators": [
              "equals",
              "not_equals",
              "in",
              "exists"
            ]
          },
          "RootFolderId": {
            "type": "string",
            "description": "Root folder id",
            "compliance_category": "identity",
            "operators": [
              "equals",
              "not_equals",
              "in",
              "exists"
            ]
          },
          "RecycleBinFolderId": {
            "type": "string",
            "description": "Recycle bin folder id",
            "compliance_category": "identity",
            "operators": [
              "equals",
              "not_equals",
              "in",
              "exists"
            ]
          },
          "Status": {
            "type": "string",
            "description": "Status",
            "compliance_category": "general",
            "format": "date-time"
          },
          "Type": {
            "type": "string",
            "description": "Type",
            "compliance_category": "general"
          },
          "CreatedTimestamp": {
            "type": "string",
            "description": "Created timestamp",
            "compliance_category": "general",
            "format": "date-time"
          },
          "ModifiedTimestamp": {
            "type": "string",
            "description": "Modified timestamp",
            "compliance_category": "general",
            "format": "date-time"
          },
          "TimeZoneId": {
            "type": "string",
            "description": "Time zone id",
            "compliance_category": "identity",
            "operators": [
              "equals",
              "not_equals",
              "in",
              "exists"
            ]
          },
          "Locale": {
            "type": "string",
            "description": "Locale",
            "compliance_category": "general"
          },
          "Storage": {
            "type": "string",
            "description": "Storage",
            "compliance_category": "general"
          }
        }
      },
      {
        "operation": "DeactivateUser",
        "python_method": "deactivate_user",
        "yaml_action": "deactivate_user",
        "required_params": [
          "UserId"
        ],
        "optional_params": [
          "AuthenticationToken"
        ],
        "total_optional": 1,
        "output_fields": {},
        "main_output_field": null,
        "item_fields": []
      },
      {
        "operation": "DeleteComment",
        "python_method": "delete_comment",
        "yaml_action": "delete_comment",
        "required_params": [
          "DocumentId",
          "VersionId",
          "CommentId"
        ],
        "optional_params": [
          "AuthenticationToken"
        ],
        "total_optional": 1,
        "output_fields": {},
        "main_output_field": null,
        "item_fields": []
      },
      {
        "operation": "DeleteCustomMetadata",
        "python_method": "delete_custom_metadata",
        "yaml_action": "delete_custom_metadata",
        "required_params": [
          "ResourceId"
        ],
        "optional_params": [
          "AuthenticationToken",
          "VersionId",
          "Keys",
          "DeleteAll"
        ],
        "total_optional": 4,
        "output_fields": {},
        "main_output_field": null,
        "item_fields": []
      },
      {
        "operation": "DeleteDocument",
        "python_method": "delete_document",
        "yaml_action": "delete_document",
        "required_params": [
          "DocumentId"
        ],
        "optional_params": [
          "AuthenticationToken"
        ],
        "total_optional": 1,
        "output_fields": {},
        "main_output_field": null,
        "item_fields": []
      },
      {
        "operation": "DeleteDocumentVersion",
        "python_method": "delete_document_version",
        "yaml_action": "delete_document_version",
        "required_params": [
          "DocumentId",
          "VersionId",
          "DeletePriorVersions"
        ],
        "optional_params": [
          "AuthenticationToken"
        ],
        "total_optional": 1,
        "output_fields": {},
        "main_output_field": null,
        "item_fields": []
      },
      {
        "operation": "DeleteFolder",
        "python_method": "delete_folder",
        "yaml_action": "delete_folder",
        "required_params": [
          "FolderId"
        ],
        "optional_params": [
          "AuthenticationToken"
        ],
        "total_optional": 1,
        "output_fields": {},
        "main_output_field": null,
        "item_fields": []
      },
      {
        "operation": "DeleteFolderContents",
        "python_method": "delete_folder_contents",
        "yaml_action": "delete_folder_contents",
        "required_params": [
          "FolderId"
        ],
        "optional_params": [
          "AuthenticationToken"
        ],
        "total_optional": 1,
        "output_fields": {},
        "main_output_field": null,
        "item_fields": []
      },
      {
        "operation": "DeleteLabels",
        "python_method": "delete_labels",
        "yaml_action": "delete_labels",
        "required_params": [
          "ResourceId"
        ],
        "optional_params": [
          "AuthenticationToken",
          "Labels",
          "DeleteAll"
        ],
        "total_optional": 3,
        "output_fields": {},
        "main_output_field": null,
        "item_fields": []
      },
      {
        "operation": "DeleteNotificationSubscription",
        "python_method": "delete_notification_subscription",
        "yaml_action": "delete_notification_subscription",
        "required_params": [
          "SubscriptionId",
          "OrganizationId"
        ],
        "optional_params": [],
        "total_optional": 0,
        "output_fields": {},
        "main_output_field": null,
        "item_fields": []
      },
      {
        "operation": "DeleteUser",
        "python_method": "delete_user",
        "yaml_action": "delete_user",
        "required_params": [
          "UserId"
        ],
        "optional_params": [
          "AuthenticationToken"
        ],
        "total_optional": 1,
        "output_fields": {},
        "main_output_field": null,
        "item_fields": []
      },
      {
        "operation": "DescribeComments",
        "python_method": "describe_comments",
        "yaml_action": "describe_comments",
        "required_params": [
          "DocumentId",
          "VersionId"
        ],
        "optional_params": [
          "AuthenticationToken",
          "Limit",
          "Marker"
        ],
        "total_optional": 3,
        "output_fields": {
          "Comments": {
            "type": "string",
            "description": "Comments details",
            "compliance_category": "general",
            "operators": [
              "equals",
              "not_equals",
              "contains"
            ]
          },
          "Marker": {
            "type": "string",
            "description": "Marker details",
            "compliance_category": "general",
            "operators": [
              "equals",
              "not_equals",
              "contains"
            ]
          }
        },
        "main_output_field": "Comments",
        "item_fields": {
          "CommentId": {
            "type": "string",
            "description": "Comment id",
            "compliance_category": "identity",
            "operators": [
              "equals",
              "not_equals",
              "in",
              "exists"
            ]
          },
          "ParentId": {
            "type": "string",
            "description": "Parent id",
            "compliance_category": "identity",
            "operators": [
              "equals",
              "not_equals",
              "in",
              "exists"
            ]
          },
          "ThreadId": {
            "type": "string",
            "description": "Thread id",
            "compliance_category": "identity",
            "operators": [
              "equals",
              "not_equals",
              "in",
              "exists"
            ]
          },
          "Text": {
            "type": "string",
            "description": "Text",
            "compliance_category": "general"
          },
          "Contributor": {
            "type": "string",
            "description": "Contributor",
            "compliance_category": "general",
            "format": "date-time"
          },
          "CreatedTimestamp": {
            "type": "string",
            "description": "Created timestamp",
            "compliance_category": "general",
            "format": "date-time"
          },
          "Status": {
            "type": "string",
            "description": "Status",
            "compliance_category": "general",
            "format": "date-time"
          },
          "Visibility": {
            "type": "boolean",
            "description": "Visibility",
            "compliance_category": "general"
          },
          "RecipientId": {
            "type": "string",
            "description": "Recipient id",
            "compliance_category": "identity",
            "operators": [
              "equals",
              "not_equals",
              "in",
              "exists"
            ]
          }
        }
      },
      {
        "operation": "DescribeDocumentVersions",
        "python_method": "describe_document_versions",
        "yaml_action": "describe_document_versions",
        "required_params": [
          "DocumentId"
        ],
        "optional_params": [
          "AuthenticationToken",
          "Marker",
          "Limit",
          "Include",
          "Fields"
        ],
        "total_optional": 5,
        "output_fields": {
          "DocumentVersions": {
            "type": "string",
            "description": "DocumentVersions details",
            "compliance_category": "general",
            "operators": [
              "equals",
              "not_equals",
              "contains"
            ]
          },
          "Marker": {
            "type": "string",
            "description": "Marker details",
            "compliance_category": "general",
            "operators": [
              "equals",
              "not_equals",
              "contains"
            ]
          }
        },
        "main_output_field": "DocumentVersions",
        "item_fields": {
          "Id": {
            "type": "string",
            "description": "Id",
            "compliance_category": "identity",
            "operators": [
              "equals",
              "not_equals",
              "in",
              "exists"
            ]
          },
          "Name": {
            "type": "string",
            "description": "Name",
            "compliance_category": "general"
          },
          "ContentType": {
            "type": "string",
            "description": "Content type",
            "compliance_category": "general",
            "format": "date-time"
          },
          "Size": {
            "type": "integer",
            "description": "Size",
            "compliance_category": "general"
          },
          "Signature": {
            "type": "string",
            "description": "Signature",
            "compliance_category": "general",
            "format": "date-time"
          },
          "Status": {
            "type": "string",
            "description": "Status",
            "compliance_category": "general",
            "format": "date-time"
          },
          "CreatedTimestamp": {
            "type": "string",
            "description": "Created timestamp",
            "compliance_category": "general",
            "format": "date-time"
          },
          "ModifiedTimestamp": {
            "type": "string",
            "description": "Modified timestamp",
            "compliance_category": "general",
            "format": "date-time"
          },
          "ContentCreatedTimestamp": {
            "type": "string",
            "description": "Content created timestamp",
            "compliance_category": "general",
            "format": "date-time"
          },
          "ContentModifiedTimestamp": {
            "type": "string",
            "description": "Content modified timestamp",
            "compliance_category": "general",
            "format": "date-time"
          },
          "CreatorId": {
            "type": "string",
            "description": "Creator id",
            "compliance_category": "identity",
            "operators": [
              "equals",
              "not_equals",
              "in",
              "exists"
            ]
          },
          "Thumbnail": {
            "type": "string",
            "description": "Thumbnail",
            "compliance_category": "general"
          },
          "Source": {
            "type": "string",
            "description": "Source",
            "compliance_category": "general"
          }
        }
      },
      {
        "operation": "DescribeFolderContents",
        "python_method": "describe_folder_contents",
        "yaml_action": "describe_folder_contents",
        "required_params": [
          "FolderId"
        ],
        "optional_params": [
          "AuthenticationToken",
          "Sort",
          "Order",
          "Limit",
          "Marker"
        ],
        "total_optional": 7,
        "output_fields": {
          "Folders": {
            "type": "string",
            "description": "Folders details",
            "compliance_category": "general",
            "operators": [
              "equals",
              "not_equals",
              "contains"
            ]
          },
          "Documents": {
            "type": "string",
            "description": "Documents details",
            "compliance_category": "general",
            "operators": [
              "equals",
              "not_equals",
              "contains"
            ]
          },
          "Marker": {
            "type": "string",
            "description": "Marker details",
            "compliance_category": "general",
            "operators": [
              "equals",
              "not_equals",
              "contains"
            ]
          }
        },
        "main_output_field": "Folders",
        "item_fields": {
          "Id": {
            "type": "string",
            "description": "Id",
            "compliance_category": "identity",
            "operators": [
              "equals",
              "not_equals",
              "in",
              "exists"
            ]
          },
          "Name": {
            "type": "string",
            "description": "Name",
            "compliance_category": "general"
          },
          "CreatorId": {
            "type": "string",
            "description": "Creator id",
            "compliance_category": "identity",
            "operators": [
              "equals",
              "not_equals",
              "in",
              "exists"
            ]
          },
          "ParentFolderId": {
            "type": "string",
            "description": "Parent folder id",
            "compliance_category": "identity",
            "operators": [
              "equals",
              "not_equals",
              "in",
              "exists"
            ]
          },
          "CreatedTimestamp": {
            "type": "string",
            "description": "Created timestamp",
            "compliance_category": "general",
            "format": "date-time"
          },
          "ModifiedTimestamp": {
            "type": "string",
            "description": "Modified timestamp",
            "compliance_category": "general",
            "format": "date-time"
          },
          "ResourceState": {
            "type": "string",
            "description": "Resource state",
            "compliance_category": "general",
            "format": "date-time"
          },
          "Signature": {
            "type": "string",
            "description": "Signature",
            "compliance_category": "general",
            "format": "date-time"
          },
          "Labels": {
            "type": "array",
            "description": "Labels",
            "compliance_category": "general",
            "operators": [
              "exists",
              "not_empty",
              "contains"
            ]
          },
          "Size": {
            "type": "integer",
            "description": "Size",
            "compliance_category": "general"
          },
          "LatestVersionSize": {
            "type": "string",
            "description": "Latest version size",
            "compliance_category": "general",
            "format": "date-time"
          }
        }
      },
      {
        "operation": "DescribeGroups",
        "python_method": "describe_groups",
        "yaml_action": "describe_groups",
        "required_params": [
          "SearchQuery"
        ],
        "optional_params": [
          "AuthenticationToken",
          "OrganizationId",
          "Marker",
          "Limit"
        ],
        "total_optional": 4,
        "output_fields": {
          "Groups": {
            "type": "string",
            "description": "Groups details",
            "compliance_category": "general",
            "operators": [
              "equals",
              "not_equals",
              "contains"
            ]
          },
          "Marker": {
            "type": "string",
            "description": "Marker details",
            "compliance_category": "general",
            "operators": [
              "equals",
              "not_equals",
              "contains"
            ]
          }
        },
        "main_output_field": "Groups",
        "item_fields": {
          "Id": {
            "type": "string",
            "description": "Id",
            "compliance_category": "identity",
            "operators": [
              "equals",
              "not_equals",
              "in",
              "exists"
            ]
          },
          "Name": {
            "type": "string",
            "description": "Name",
            "compliance_category": "general"
          }
        }
      },
      {
        "operation": "DescribeNotificationSubscriptions",
        "python_method": "describe_notification_subscriptions",
        "yaml_action": "describe_notification_subscriptions",
        "required_params": [
          "OrganizationId"
        ],
        "optional_params": [
          "Marker",
          "Limit"
        ],
        "total_optional": 2,
        "output_fields": {
          "Subscriptions": {
            "type": "string",
            "description": "Subscriptions details",
            "compliance_category": "general",
            "operators": [
              "equals",
              "not_equals",
              "contains"
            ]
          },
          "Marker": {
            "type": "string",
            "description": "Marker details",
            "compliance_category": "general",
            "operators": [
              "equals",
              "not_equals",
              "contains"
            ]
          }
        },
        "main_output_field": "Subscriptions",
        "item_fields": {
          "SubscriptionId": {
            "type": "string",
            "description": "Subscription id",
            "compliance_category": "identity",
            "operators": [
              "equals",
              "not_equals",
              "in",
              "exists"
            ]
          },
          "EndPoint": {
            "type": "string",
            "description": "End point",
            "compliance_category": "general"
          },
          "Protocol": {
            "type": "string",
            "description": "Protocol",
            "compliance_category": "general"
          }
        }
      },
      {
        "operation": "DescribeResourcePermissions",
        "python_method": "describe_resource_permissions",
        "yaml_action": "describe_resource_permissions",
        "required_params": [
          "ResourceId"
        ],
        "optional_params": [
          "AuthenticationToken",
          "PrincipalId",
          "Limit",
          "Marker"
        ],
        "total_optional": 4,
        "output_fields": {
          "Principals": {
            "type": "string",
            "description": "Principals details",
            "compliance_category": "identity",
            "operators": [
              "equals",
              "not_equals",
              "contains",
              "in",
              "exists"
            ]
          },
          "Marker": {
            "type": "string",
            "description": "Marker details",
            "compliance_category": "general",
            "operators": [
              "equals",
              "not_equals",
              "contains"
            ]
          }
        },
        "main_output_field": "Principals",
        "item_fields": {
          "Id": {
            "type": "string",
            "description": "Id",
            "compliance_category": "identity",
            "operators": [
              "equals",
              "not_equals",
              "in",
              "exists"
            ]
          },
          "Type": {
            "type": "string",
            "description": "Type",
            "compliance_category": "general"
          },
          "Roles": {
            "type": "string",
            "description": "Roles",
            "compliance_category": "general"
          }
        }
      },
      {
        "operation": "DescribeRootFolders",
        "python_method": "describe_root_folders",
        "yaml_action": "describe_root_folders",
        "required_params": [
          "AuthenticationToken"
        ],
        "optional_params": [
          "Limit",
          "Marker"
        ],
        "total_optional": 2,
        "output_fields": {
          "Folders": {
            "type": "string",
            "description": "Folders details",
            "compliance_category": "general",
            "operators": [
              "equals",
              "not_equals",
              "contains"
            ]
          },
          "Marker": {
            "type": "string",
            "description": "Marker details",
            "compliance_category": "general",
            "operators": [
              "equals",
              "not_equals",
              "contains"
            ]
          }
        },
        "main_output_field": "Folders",
        "item_fields": {
          "Id": {
            "type": "string",
            "description": "Id",
            "compliance_category": "identity",
            "operators": [
              "equals",
              "not_equals",
              "in",
              "exists"
            ]
          },
          "Name": {
            "type": "string",
            "description": "Name",
            "compliance_category": "general"
          },
          "CreatorId": {
            "type": "string",
            "description": "Creator id",
            "compliance_category": "identity",
            "operators": [
              "equals",
              "not_equals",
              "in",
              "exists"
            ]
          },
          "ParentFolderId": {
            "type": "string",
            "description": "Parent folder id",
            "compliance_category": "identity",
            "operators": [
              "equals",
              "not_equals",
              "in",
              "exists"
            ]
          },
          "CreatedTimestamp": {
            "type": "string",
            "description": "Created timestamp",
            "compliance_category": "general",
            "format": "date-time"
          },
          "ModifiedTimestamp": {
            "type": "string",
            "description": "Modified timestamp",
            "compliance_category": "general",
            "format": "date-time"
          },
          "ResourceState": {
            "type": "string",
            "description": "Resource state",
            "compliance_category": "general",
            "format": "date-time"
          },
          "Signature": {
            "type": "string",
            "description": "Signature",
            "compliance_category": "general",
            "format": "date-time"
          },
          "Labels": {
            "type": "array",
            "description": "Labels",
            "compliance_category": "general",
            "operators": [
              "exists",
              "not_empty",
              "contains"
            ]
          },
          "Size": {
            "type": "integer",
            "description": "Size",
            "compliance_category": "general"
          },
          "LatestVersionSize": {
            "type": "string",
            "description": "Latest version size",
            "compliance_category": "general",
            "format": "date-time"
          }
        }
      },
      {
        "operation": "GetCurrentUser",
        "python_method": "get_current_user",
        "yaml_action": "get_current_user",
        "required_params": [
          "AuthenticationToken"
        ],
        "optional_params": [],
        "total_optional": 0,
        "output_fields": {
          "User": {
            "type": "string",
            "description": "User details",
            "compliance_category": "general",
            "operators": [
              "equals",
              "not_equals",
              "contains"
            ]
          }
        },
        "main_output_field": "User",
        "item_fields": {
          "Id": {
            "type": "string",
            "description": "Id",
            "compliance_category": "identity",
            "operators": [
              "equals",
              "not_equals",
              "in",
              "exists"
            ]
          },
          "Username": {
            "type": "string",
            "description": "Username",
            "compliance_category": "general"
          },
          "EmailAddress": {
            "type": "string",
            "description": "Email address",
            "compliance_category": "general"
          },
          "GivenName": {
            "type": "string",
            "description": "Given name",
            "compliance_category": "general"
          },
          "Surname": {
            "type": "string",
            "description": "Surname",
            "compliance_category": "general"
          },
          "OrganizationId": {
            "type": "string",
            "description": "Organization id",
            "compliance_category": "identity",
            "operators": [
              "equals",
              "not_equals",
              "in",
              "exists"
            ]
          },
          "RootFolderId": {
            "type": "string",
            "description": "Root folder id",
            "compliance_category": "identity",
            "operators": [
              "equals",
              "not_equals",
              "in",
              "exists"
            ]
          },
          "RecycleBinFolderId": {
            "type": "string",
            "description": "Recycle bin folder id",
            "compliance_category": "identity",
            "operators": [
              "equals",
              "not_equals",
              "in",
              "exists"
            ]
          },
          "Status": {
            "type": "string",
            "description": "Status",
            "compliance_category": "general",
            "format": "date-time"
          },
          "Type": {
            "type": "string",
            "description": "Type",
            "compliance_category": "general"
          },
          "CreatedTimestamp": {
            "type": "string",
            "description": "Created timestamp",
            "compliance_category": "general",
            "format": "date-time"
          },
          "ModifiedTimestamp": {
            "type": "string",
            "description": "Modified timestamp",
            "compliance_category": "general",
            "format": "date-time"
          },
          "TimeZoneId": {
            "type": "string",
            "description": "Time zone id",
            "compliance_category": "identity",
            "operators": [
              "equals",
              "not_equals",
              "in",
              "exists"
            ]
          },
          "Locale": {
            "type": "string",
            "description": "Locale",
            "compliance_category": "general"
          },
          "Storage": {
            "type": "string",
            "description": "Storage",
            "compliance_category": "general"
          }
        }
      },
      {
        "operation": "GetDocument",
        "python_method": "get_document",
        "yaml_action": "get_document",
        "required_params": [
          "DocumentId"
        ],
        "optional_params": [
          "AuthenticationToken",
          "IncludeCustomMetadata"
        ],
        "total_optional": 2,
        "output_fields": {
          "Metadata": {
            "type": "string",
            "description": "Metadata details",
            "compliance_category": "general",
            "format": "date-time",
            "operators": [
              "equals",
              "not_equals",
              "contains"
            ]
          },
          "CustomMetadata": {
            "type": "string",
            "description": "CustomMetadata details",
            "compliance_category": "general",
            "format": "date-time",
            "operators": [
              "equals",
              "not_equals",
              "contains"
            ]
          }
        },
        "main_output_field": "Metadata",
        "item_fields": {
          "Id": {
            "type": "string",
            "description": "Id",
            "compliance_category": "identity",
            "operators": [
              "equals",
              "not_equals",
              "in",
              "exists"
            ]
          },
          "CreatorId": {
            "type": "string",
            "description": "Creator id",
            "compliance_category": "identity",
            "operators": [
              "equals",
              "not_equals",
              "in",
              "exists"
            ]
          },
          "ParentFolderId": {
            "type": "string",
            "description": "Parent folder id",
            "compliance_category": "identity",
            "operators": [
              "equals",
              "not_equals",
              "in",
              "exists"
            ]
          },
          "CreatedTimestamp": {
            "type": "string",
            "description": "Created timestamp",
            "compliance_category": "general",
            "format": "date-time"
          },
          "ModifiedTimestamp": {
            "type": "string",
            "description": "Modified timestamp",
            "compliance_category": "general",
            "format": "date-time"
          },
          "LatestVersionMetadata": {
            "type": "string",
            "description": "Latest version metadata",
            "compliance_category": "general",
            "format": "date-time"
          },
          "ResourceState": {
            "type": "string",
            "description": "Resource state",
            "compliance_category": "general",
            "format": "date-time"
          },
          "Labels": {
            "type": "array",
            "description": "Labels",
            "compliance_category": "general",
            "operators": [
              "exists",
              "not_empty",
              "contains"
            ]
          }
        }
      },
      {
        "operation": "GetDocumentPath",
        "python_method": "get_document_path",
        "yaml_action": "get_document_path",
        "required_params": [
          "DocumentId"
        ],
        "optional_params": [
          "AuthenticationToken",
          "Limit",
          "Fields",
          "Marker"
        ],
        "total_optional": 4,
        "output_fields": {
          "Path": {
            "type": "string",
            "description": "Path details",
            "compliance_category": "general",
            "format": "date-time",
            "operators": [
              "equals",
              "not_equals",
              "contains"
            ]
          }
        },
        "main_output_field": "Path",
        "item_fields": {
          "Components": {
            "type": "string",
            "description": "Components",
            "compliance_category": "general",
            "format": "date-time"
          }
        }
      },
      {
        "operation": "GetDocumentVersion",
        "python_method": "get_document_version",
        "yaml_action": "get_document_version",
        "required_params": [
          "DocumentId",
          "VersionId"
        ],
        "optional_params": [
          "AuthenticationToken",
          "Fields",
          "IncludeCustomMetadata"
        ],
        "total_optional": 3,
        "output_fields": {
          "Metadata": {
            "type": "string",
            "description": "Metadata details",
            "compliance_category": "general",
            "format": "date-time",
            "operators": [
              "equals",
              "not_equals",
              "contains"
            ]
          },
          "CustomMetadata": {
            "type": "string",
            "description": "CustomMetadata details",
            "compliance_category": "general",
            "format": "date-time",
            "operators": [
              "equals",
              "not_equals",
              "contains"
            ]
          }
        },
        "main_output_field": "Metadata",
        "item_fields": {
          "Id": {
            "type": "string",
            "description": "Id",
            "compliance_category": "identity",
            "operators": [
              "equals",
              "not_equals",
              "in",
              "exists"
            ]
          },
          "Name": {
            "type": "string",
            "description": "Name",
            "compliance_category": "general"
          },
          "ContentType": {
            "type": "string",
            "description": "Content type",
            "compliance_category": "general",
            "format": "date-time"
          },
          "Size": {
            "type": "integer",
            "description": "Size",
            "compliance_category": "general"
          },
          "Signature": {
            "type": "string",
            "description": "Signature",
            "compliance_category": "general",
            "format": "date-time"
          },
          "Status": {
            "type": "string",
            "description": "Status",
            "compliance_category": "general",
            "format": "date-time"
          },
          "CreatedTimestamp": {
            "type": "string",
            "description": "Created timestamp",
            "compliance_category": "general",
            "format": "date-time"
          },
          "ModifiedTimestamp": {
            "type": "string",
            "description": "Modified timestamp",
            "compliance_category": "general",
            "format": "date-time"
          },
          "ContentCreatedTimestamp": {
            "type": "string",
            "description": "Content created timestamp",
            "compliance_category": "general",
            "format": "date-time"
          },
          "ContentModifiedTimestamp": {
            "type": "string",
            "description": "Content modified timestamp",
            "compliance_category": "general",
            "format": "date-time"
          },
          "CreatorId": {
            "type": "string",
            "description": "Creator id",
            "compliance_category": "identity",
            "operators": [
              "equals",
              "not_equals",
              "in",
              "exists"
            ]
          },
          "Thumbnail": {
            "type": "string",
            "description": "Thumbnail",
            "compliance_category": "general"
          },
          "Source": {
            "type": "string",
            "description": "Source",
            "compliance_category": "general"
          }
        }
      },
      {
        "operation": "GetFolder",
        "python_method": "get_folder",
        "yaml_action": "get_folder",
        "required_params": [
          "FolderId"
        ],
        "optional_params": [
          "AuthenticationToken",
          "IncludeCustomMetadata"
        ],
        "total_optional": 2,
        "output_fields": {
          "Metadata": {
            "type": "string",
            "description": "Metadata details",
            "compliance_category": "general",
            "format": "date-time",
            "operators": [
              "equals",
              "not_equals",
              "contains"
            ]
          },
          "CustomMetadata": {
            "type": "string",
            "description": "CustomMetadata details",
            "compliance_category": "general",
            "format": "date-time",
            "operators": [
              "equals",
              "not_equals",
              "contains"
            ]
          }
        },
        "main_output_field": "Metadata",
        "item_fields": {
          "Id": {
            "type": "string",
            "description": "Id",
            "compliance_category": "identity",
            "operators": [
              "equals",
              "not_equals",
              "in",
              "exists"
            ]
          },
          "Name": {
            "type": "string",
            "description": "Name",
            "compliance_category": "general"
          },
          "CreatorId": {
            "type": "string",
            "description": "Creator id",
            "compliance_category": "identity",
            "operators": [
              "equals",
              "not_equals",
              "in",
              "exists"
            ]
          },
          "ParentFolderId": {
            "type": "string",
            "description": "Parent folder id",
            "compliance_category": "identity",
            "operators": [
              "equals",
              "not_equals",
              "in",
              "exists"
            ]
          },
          "CreatedTimestamp": {
            "type": "string",
            "description": "Created timestamp",
            "compliance_category": "general",
            "format": "date-time"
          },
          "ModifiedTimestamp": {
            "type": "string",
            "description": "Modified timestamp",
            "compliance_category": "general",
            "format": "date-time"
          },
          "ResourceState": {
            "type": "string",
            "description": "Resource state",
            "compliance_category": "general",
            "format": "date-time"
          },
          "Signature": {
            "type": "string",
            "description": "Signature",
            "compliance_category": "general",
            "format": "date-time"
          },
          "Labels": {
            "type": "array",
            "description": "Labels",
            "compliance_category": "general",
            "operators": [
              "exists",
              "not_empty",
              "contains"
            ]
          },
          "Size": {
            "type": "integer",
            "description": "Size",
            "compliance_category": "general"
          },
          "LatestVersionSize": {
            "type": "string",
            "description": "Latest version size",
            "compliance_category": "general",
            "format": "date-time"
          }
        }
      },
      {
        "operation": "GetFolderPath",
        "python_method": "get_folder_path",
        "yaml_action": "get_folder_path",
        "required_params": [
          "FolderId"
        ],
        "optional_params": [
          "AuthenticationToken",
          "Limit",
          "Fields",
          "Marker"
        ],
        "total_optional": 4,
        "output_fields": {
          "Path": {
            "type": "string",
            "description": "Path details",
            "compliance_category": "general",
            "format": "date-time",
            "operators": [
              "equals",
              "not_equals",
              "contains"
            ]
          }
        },
        "main_output_field": "Path",
        "item_fields": {
          "Components": {
            "type": "string",
            "description": "Components",
            "compliance_category": "general",
            "format": "date-time"
          }
        }
      },
      {
        "operation": "RemoveAllResourcePermissions",
        "python_method": "remove_all_resource_permissions",
        "yaml_action": "remove_all_resource_permissions",
        "required_params": [
          "ResourceId"
        ],
        "optional_params": [
          "AuthenticationToken"
        ],
        "total_optional": 1,
        "output_fields": {},
        "main_output_field": null,
        "item_fields": []
      },
      {
        "operation": "RemoveResourcePermission",
        "python_method": "remove_resource_permission",
        "yaml_action": "remove_resource_permission",
        "required_params": [
          "ResourceId",
          "PrincipalId"
        ],
        "optional_params": [
          "AuthenticationToken",
          "PrincipalType"
        ],
        "total_optional": 2,
        "output_fields": {},
        "main_output_field": null,
        "item_fields": []
      },
      {
        "operation": "RestoreDocumentVersions",
        "python_method": "restore_document_versions",
        "yaml_action": "restore_document_versions",
        "required_params": [
          "DocumentId"
        ],
        "optional_params": [
          "AuthenticationToken"
        ],
        "total_optional": 1,
        "output_fields": {},
        "main_output_field": null,
        "item_fields": []
      },
      {
        "operation": "UpdateDocument",
        "python_method": "update_document",
        "yaml_action": "update_document",
        "required_params": [
          "DocumentId"
        ],
        "optional_params": [
          "AuthenticationToken",
          "Name",
          "ParentFolderId",
          "ResourceState"
        ],
        "total_optional": 4,
        "output_fields": {},
        "main_output_field": null,
        "item_fields": []
      },
      {
        "operation": "UpdateDocumentVersion",
        "python_method": "update_document_version",
        "yaml_action": "update_document_version",
        "required_params": [
          "DocumentId",
          "VersionId"
        ],
        "optional_params": [
          "AuthenticationToken",
          "VersionStatus"
        ],
        "total_optional": 2,
        "output_fields": {},
        "main_output_field": null,
        "item_fields": []
      },
      {
        "operation": "UpdateFolder",
        "python_method": "update_folder",
        "yaml_action": "update_folder",
        "required_params": [
          "FolderId"
        ],
        "optional_params": [
          "AuthenticationToken",
          "Name",
          "ParentFolderId",
          "ResourceState"
        ],
        "total_optional": 4,
        "output_fields": {},
        "main_output_field": null,
        "item_fields": []
      },
      {
        "operation": "UpdateUser",
        "python_method": "update_user",
        "yaml_action": "update_user",
        "required_params": [
          "UserId"
        ],
        "optional_params": [
          "AuthenticationToken",
          "GivenName",
          "Surname",
          "Type",
          "StorageRule"
        ],
        "total_optional": 8,
        "output_fields": {
          "User": {
            "type": "string",
            "description": "User details",
            "compliance_category": "general",
            "operators": [
              "equals",
              "not_equals",
              "contains"
            ]
          }
        },
        "main_output_field": "User",
        "item_fields": {
          "Id": {
            "type": "string",
            "description": "Id",
            "compliance_category": "identity",
            "operators": [
              "equals",
              "not_equals",
              "in",
              "exists"
            ]
          },
          "Username": {
            "type": "string",
            "description": "Username",
            "compliance_category": "general"
          },
          "EmailAddress": {
            "type": "string",
            "description": "Email address",
            "compliance_category": "general"
          },
          "GivenName": {
            "type": "string",
            "description": "Given name",
            "compliance_category": "general"
          },
          "Surname": {
            "type": "string",
            "description": "Surname",
            "compliance_category": "general"
          },
          "OrganizationId": {
            "type": "string",
            "description": "Organization id",
            "compliance_category": "identity",
            "operators": [
              "equals",
              "not_equals",
              "in",
              "exists"
            ]
          },
          "RootFolderId": {
            "type": "string",
            "description": "Root folder id",
            "compliance_category": "identity",
            "operators": [
              "equals",
              "not_equals",
              "in",
              "exists"
            ]
          },
          "RecycleBinFolderId": {
            "type": "string",
            "description": "Recycle bin folder id",
            "compliance_category": "identity",
            "operators": [
              "equals",
              "not_equals",
              "in",
              "exists"
            ]
          },
          "Status": {
            "type": "string",
            "description": "Status",
            "compliance_category": "general",
            "format": "date-time"
          },
          "Type": {
            "type": "string",
            "description": "Type",
            "compliance_category": "general"
          },
          "CreatedTimestamp": {
            "type": "string",
            "description": "Created timestamp",
            "compliance_category": "general",
            "format": "date-time"
          },
          "ModifiedTimestamp": {
            "type": "string",
            "description": "Modified timestamp",
            "compliance_category": "general",
            "format": "date-time"
          },
          "TimeZoneId": {
            "type": "string",
            "description": "Time zone id",
            "compliance_category": "identity",
            "operators": [
              "equals",
              "not_equals",
              "in",
              "exists"
            ]
          },
          "Locale": {
            "type": "string",
            "description": "Locale",
            "compliance_category": "general"
          },
          "Storage": {
            "type": "string",
            "description": "Storage",
            "compliance_category": "general"
          }
        }
      }
    ],
    "independent_count": 5,
    "dependent_count": 39
  }
}