{
  "service": "workdocs",
  "seed_from_list": [
    "CommentMetadata",
    "DocumentMetadata",
    "DocumentVersionMetadata",
    "FolderMetadata",
    "ResourceType",
    "WebUrl"
  ],
  "enriched_from_get_describe": [
    "CommentId",
    "CommentMetadata",
    "Comments",
    "Components",
    "ContentCreatedTimestamp",
    "ContentModifiedTimestamp",
    "ContentType",
    "Contributor",
    "CreatedTimestamp",
    "CreatorId",
    "CustomMetadata",
    "DocumentVersions",
    "Documents",
    "EmailAddress",
    "EndPoint",
    "Folders",
    "GivenName",
    "Groups",
    "Id",
    "Initiator",
    "IsIndirectActivity",
    "Labels",
    "LatestVersionMetadata",
    "LatestVersionSize",
    "Locale",
    "Marker",
    "Metadata",
    "ModifiedTimestamp",
    "Name",
    "OrganizationId",
    "OriginalParent",
    "ParentFolderId",
    "ParentId",
    "Participants",
    "Path",
    "Principals",
    "Protocol",
    "RecipientId",
    "RecycleBinFolderId",
    "ResourceMetadata",
    "ResourceState",
    "Roles",
    "RootFolderId",
    "Signature",
    "Size",
    "Source",
    "Status",
    "Storage",
    "SubscriptionId",
    "Subscriptions",
    "Surname",
    "Text",
    "ThreadId",
    "Thumbnail",
    "TimeStamp",
    "TimeZoneId",
    "TotalNumberOfUsers",
    "Type",
    "User",
    "UserActivities",
    "Username",
    "Users",
    "Visibility"
  ],
  "final_union": [
    "CommentId",
    "CommentMetadata",
    "Comments",
    "Components",
    "ContentCreatedTimestamp",
    "ContentModifiedTimestamp",
    "ContentType",
    "Contributor",
    "CreatedTimestamp",
    "CreatorId",
    "CustomMetadata",
    "DocumentMetadata",
    "DocumentVersionMetadata",
    "DocumentVersions",
    "Documents",
    "EmailAddress",
    "EndPoint",
    "FolderMetadata",
    "Folders",
    "GivenName",
    "Groups",
    "Id",
    "Initiator",
    "IsIndirectActivity",
    "Labels",
    "LatestVersionMetadata",
    "LatestVersionSize",
    "Locale",
    "Marker",
    "Metadata",
    "ModifiedTimestamp",
    "Name",
    "OrganizationId",
    "OriginalParent",
    "ParentFolderId",
    "ParentId",
    "Participants",
    "Path",
    "Principals",
    "Protocol",
    "RecipientId",
    "RecycleBinFolderId",
    "ResourceMetadata",
    "ResourceState",
    "ResourceType",
    "Roles",
    "RootFolderId",
    "Signature",
    "Size",
    "Source",
    "Status",
    "Storage",
    "SubscriptionId",
    "Subscriptions",
    "Surname",
    "Text",
    "ThreadId",
    "Thumbnail",
    "TimeStamp",
    "TimeZoneId",
    "TotalNumberOfUsers",
    "Type",
    "User",
    "UserActivities",
    "Username",
    "Users",
    "Visibility",
    "WebUrl"
  ],
  "source": {
    "operation_registry": "services/workdocs/operation_registry.json",
    "read_ops_rule": "operation name startswith List/Get/Describe/Search/Lookup",
    "excluded_keys": [
      "nextToken",
      "maxResults"
    ]
  }
}