{
  "service": "workdocs",
  "issues": {
    "generic_entities": {},
    "ambiguous_tokens": {
      "id": [
        {
          "mapping": "DescribeUsers.Users.Id -> workdocs.user_id",
          "evidence": "DescribeUsers.Users.Id",
          "entity": "workdocs.user_id"
        },
        {
          "mapping": "GetResources.Folders.Id -> workdocs.folder_id",
          "evidence": "GetResources.Folders.Id",
          "entity": "workdocs.folder_id"
        },
        {
          "mapping": "InitiateDocumentVersionUpload.Metadata.Id -> workdocs.metadata_id",
          "evidence": "InitiateDocumentVersionUpload.Metadata.Id",
          "entity": "workdocs.metadata_id"
        },
        {
          "mapping": "ActivateUser.User.Id -> workdocs.user_id",
          "evidence": "ActivateUser.User.Id",
          "entity": "workdocs.user_id"
        },
        {
          "mapping": "CreateFolder.Metadata.Id -> workdocs.metadata_id",
          "evidence": "CreateFolder.Metadata.Id",
          "entity": "workdocs.metadata_id"
        },
        {
          "mapping": "CreateUser.User.Id -> workdocs.user_id",
          "evidence": "CreateUser.User.Id",
          "entity": "workdocs.user_id"
        },
        {
          "mapping": "DescribeDocumentVersions.DocumentVersions.Id -> workdocs.version_id",
          "evidence": "DescribeDocumentVersions.DocumentVersions.Id",
          "entity": "workdocs.version_id"
        },
        {
          "mapping": "DescribeFolderContents.Folders.Id -> workdocs.folder_id",
          "evidence": "DescribeFolderContents.Folders.Id",
          "entity": "workdocs.folder_id"
        },
        {
          "mapping": "DescribeGroups.Groups.Id -> workdocs.group_id",
          "evidence": "DescribeGroups.Groups.Id",
          "entity": "workdocs.group_id"
        },
        {
          "mapping": "DescribeResourcePermissions.Principals.Id -> workdocs.principal_id",
          "evidence": "DescribeResourcePermissions.Principals.Id",
          "entity": "workdocs.principal_id"
        },
        {
          "mapping": "DescribeRootFolders.Folders.Id -> workdocs.folder_id",
          "evidence": "DescribeRootFolders.Folders.Id",
          "entity": "workdocs.folder_id"
        },
        {
          "mapping": "GetCurrentUser.User.Id -> workdocs.user_id",
          "evidence": "GetCurrentUser.User.Id",
          "entity": "workdocs.user_id"
        },
        {
          "mapping": "GetDocument.Metadata.Id -> workdocs.metadata_id",
          "evidence": "GetDocument.Metadata.Id",
          "entity": "workdocs.metadata_id"
        },
        {
          "mapping": "GetDocumentVersion.Metadata.Id -> workdocs.metadata_id",
          "evidence": "GetDocumentVersion.Metadata.Id",
          "entity": "workdocs.metadata_id"
        },
        {
          "mapping": "GetFolder.Metadata.Id -> workdocs.metadata_id",
          "evidence": "GetFolder.Metadata.Id",
          "entity": "workdocs.metadata_id"
        },
        {
          "mapping": "UpdateUser.User.Id -> workdocs.user_id",
          "evidence": "UpdateUser.User.Id",
          "entity": "workdocs.user_id"
        }
      ],
      "status": [
        {
          "mapping": "DescribeUsers.Users.Status -> workdocs.user_status",
          "evidence": "DescribeUsers.Users.Status",
          "entity": "workdocs.user_status"
        },
        {
          "mapping": "ActivateUser.User.Status -> workdocs.user_status",
          "evidence": "ActivateUser.User.Status",
          "entity": "workdocs.user_status"
        },
        {
          "mapping": "AddResourcePermissions.ShareResults.Status -> workdocs.share_result_status",
          "evidence": "AddResourcePermissions.ShareResults.Status",
          "entity": "workdocs.share_result_status"
        },
        {
          "mapping": "CreateComment.Comment.Status -> workdocs.comment_status",
          "evidence": "CreateComment.Comment.Status",
          "entity": "workdocs.comment_status"
        },
        {
          "mapping": "CreateUser.User.Status -> workdocs.user_status",
          "evidence": "CreateUser.User.Status",
          "entity": "workdocs.user_status"
        },
        {
          "mapping": "DescribeComments.Comments.Status -> workdocs.comment_status",
          "evidence": "DescribeComments.Comments.Status",
          "entity": "workdocs.comment_status"
        },
        {
          "mapping": "DescribeDocumentVersions.DocumentVersions.Status -> workdocs.document_version_status",
          "evidence": "DescribeDocumentVersions.DocumentVersions.Status",
          "entity": "workdocs.document_version_status"
        },
        {
          "mapping": "GetCurrentUser.User.Status -> workdocs.user_status",
          "evidence": "GetCurrentUser.User.Status",
          "entity": "workdocs.user_status"
        },
        {
          "mapping": "GetDocumentVersion.Metadata.Status -> workdocs.metadata_status",
          "evidence": "GetDocumentVersion.Metadata.Status",
          "entity": "workdocs.metadata_status"
        },
        {
          "mapping": "UpdateUser.User.Status -> workdocs.user_status",
          "evidence": "UpdateUser.User.Status",
          "entity": "workdocs.user_status"
        }
      ],
      "name": [
        {
          "mapping": "GetResources.Folders.Name -> workdocs.folder_name",
          "evidence": "GetResources.Folders.Name",
          "entity": "workdocs.folder_name"
        },
        {
          "mapping": "CreateFolder.Metadata.Name -> workdocs.metadata_name",
          "evidence": "CreateFolder.Metadata.Name",
          "entity": "workdocs.metadata_name"
        },
        {
          "mapping": "DescribeDocumentVersions.DocumentVersions.Name -> workdocs.document_version_name",
          "evidence": "DescribeDocumentVersions.DocumentVersions.Name",
          "entity": "workdocs.document_version_name"
        },
        {
          "mapping": "DescribeFolderContents.Folders.Name -> workdocs.folder_name",
          "evidence": "DescribeFolderContents.Folders.Name",
          "entity": "workdocs.folder_name"
        },
        {
          "mapping": "DescribeGroups.Groups.Name -> workdocs.group_name",
          "evidence": "DescribeGroups.Groups.Name",
          "entity": "workdocs.group_name"
        },
        {
          "mapping": "DescribeRootFolders.Folders.Name -> workdocs.folder_name",
          "evidence": "DescribeRootFolders.Folders.Name",
          "entity": "workdocs.folder_name"
        },
        {
          "mapping": "GetDocumentVersion.Metadata.Name -> workdocs.metadata_name",
          "evidence": "GetDocumentVersion.Metadata.Name",
          "entity": "workdocs.metadata_name"
        },
        {
          "mapping": "GetFolder.Metadata.Name -> workdocs.metadata_name",
          "evidence": "GetFolder.Metadata.Name",
          "entity": "workdocs.metadata_name"
        }
      ]
    },
    "unresolved_consumes": [],
    "suspicious_paths": []
  },
  "alias_candidates_not_applied": [],
  "suggested_overrides": [
    {
      "operation": "ActivateUser",
      "type": "produces",
      "key": "User.OrganizationId",
      "suggested_entity": "workdocs.user_id",
      "confidence": "MEDIUM",
      "reason": "Param 'UserId' and output field 'OrganizationId' match but map to different entities. Suggest unifying to consume entity."
    },
    {
      "operation": "ActivateUser",
      "type": "produces",
      "key": "User.RootFolderId",
      "suggested_entity": "workdocs.user_id",
      "confidence": "MEDIUM",
      "reason": "Param 'UserId' and output field 'RootFolderId' match but map to different entities. Suggest unifying to consume entity."
    },
    {
      "operation": "ActivateUser",
      "type": "produces",
      "key": "User.RecycleBinFolderId",
      "suggested_entity": "workdocs.user_id",
      "confidence": "MEDIUM",
      "reason": "Param 'UserId' and output field 'RecycleBinFolderId' match but map to different entities. Suggest unifying to consume entity."
    },
    {
      "operation": "ActivateUser",
      "type": "produces",
      "key": "User.TimeZoneId",
      "suggested_entity": "workdocs.user_id",
      "confidence": "MEDIUM",
      "reason": "Param 'UserId' and output field 'TimeZoneId' match but map to different entities. Suggest unifying to consume entity."
    },
    {
      "operation": "AddResourcePermissions",
      "type": "produces",
      "key": "ShareResults.PrincipalId",
      "suggested_entity": "workdocs.resource_id",
      "confidence": "MEDIUM",
      "reason": "Param 'ResourceId' and output field 'PrincipalId' match but map to different entities. Suggest unifying to consume entity."
    },
    {
      "operation": "AddResourcePermissions",
      "type": "produces",
      "key": "ShareResults.InviteePrincipalId",
      "suggested_entity": "workdocs.resource_id",
      "confidence": "MEDIUM",
      "reason": "Param 'ResourceId' and output field 'InviteePrincipalId' match but map to different entities. Suggest unifying to consume entity."
    },
    {
      "operation": "AddResourcePermissions",
      "type": "produces",
      "key": "ShareResults.ShareId",
      "suggested_entity": "workdocs.resource_id",
      "confidence": "MEDIUM",
      "reason": "Param 'ResourceId' and output field 'ShareId' match but map to different entities. Suggest unifying to consume entity."
    },
    {
      "operation": "CreateComment",
      "type": "produces",
      "key": "Comment.CommentId",
      "suggested_entity": "workdocs.document_id",
      "confidence": "MEDIUM",
      "reason": "Param 'DocumentId' and output field 'CommentId' match but map to different entities. Suggest unifying to consume entity."
    },
    {
      "operation": "CreateComment",
      "type": "produces",
      "key": "Comment.ParentId",
      "suggested_entity": "workdocs.document_id",
      "confidence": "MEDIUM",
      "reason": "Param 'DocumentId' and output field 'ParentId' match but map to different entities. Suggest unifying to consume entity."
    },
    {
      "operation": "CreateComment",
      "type": "produces",
      "key": "Comment.ThreadId",
      "suggested_entity": "workdocs.document_id",
      "confidence": "MEDIUM",
      "reason": "Param 'DocumentId' and output field 'ThreadId' match but map to different entities. Suggest unifying to consume entity."
    },
    {
      "operation": "CreateComment",
      "type": "produces",
      "key": "Comment.RecipientId",
      "suggested_entity": "workdocs.document_id",
      "confidence": "MEDIUM",
      "reason": "Param 'DocumentId' and output field 'RecipientId' match but map to different entities. Suggest unifying to consume entity."
    },
    {
      "operation": "CreateComment",
      "type": "produces",
      "key": "Comment.CommentId",
      "suggested_entity": "workdocs.version_id",
      "confidence": "MEDIUM",
      "reason": "Param 'VersionId' and output field 'CommentId' match but map to different entities. Suggest unifying to consume entity."
    },
    {
      "operation": "CreateComment",
      "type": "produces",
      "key": "Comment.ParentId",
      "suggested_entity": "workdocs.version_id",
      "confidence": "MEDIUM",
      "reason": "Param 'VersionId' and output field 'ParentId' match but map to different entities. Suggest unifying to consume entity."
    },
    {
      "operation": "CreateComment",
      "type": "produces",
      "key": "Comment.ThreadId",
      "suggested_entity": "workdocs.version_id",
      "confidence": "MEDIUM",
      "reason": "Param 'VersionId' and output field 'ThreadId' match but map to different entities. Suggest unifying to consume entity."
    },
    {
      "operation": "CreateComment",
      "type": "produces",
      "key": "Comment.RecipientId",
      "suggested_entity": "workdocs.version_id",
      "confidence": "MEDIUM",
      "reason": "Param 'VersionId' and output field 'RecipientId' match but map to different entities. Suggest unifying to consume entity."
    },
    {
      "operation": "CreateComment",
      "type": "produces",
      "key": "Comment.Text",
      "suggested_entity": "workdocs.text",
      "confidence": "MEDIUM",
      "reason": "Param 'Text' and output field 'Text' match but map to different entities. Suggest unifying to consume entity."
    },
    {
      "operation": "CreateFolder",
      "type": "produces",
      "key": "Metadata.Id",
      "suggested_entity": "workdocs.parentfolder_id",
      "confidence": "MEDIUM",
      "reason": "Param 'ParentFolderId' and output field 'Id' match but map to different entities. Suggest unifying to consume entity."
    },
    {
      "operation": "CreateFolder",
      "type": "produces",
      "key": "Metadata.CreatorId",
      "suggested_entity": "workdocs.parentfolder_id",
      "confidence": "MEDIUM",
      "reason": "Param 'ParentFolderId' and output field 'CreatorId' match but map to different entities. Suggest unifying to consume entity."
    },
    {
      "operation": "CreateFolder",
      "type": "produces",
      "key": "Metadata.ParentFolderId",
      "suggested_entity": "workdocs.parentfolder_id",
      "confidence": "MEDIUM",
      "reason": "Param 'ParentFolderId' and output field 'ParentFolderId' match but map to different entities. Suggest unifying to consume entity."
    },
    {
      "operation": "CreateNotificationSubscription",
      "type": "produces",
      "key": "Subscription.SubscriptionId",
      "suggested_entity": "workdocs.organization_id",
      "confidence": "MEDIUM",
      "reason": "Param 'OrganizationId' and output field 'SubscriptionId' match but map to different entities. Suggest unifying to consume entity."
    }
  ],
  "unresolved_items": [
    {
      "mapping": "DescribeUsers.Users.Id -> workdocs.user_id",
      "evidence": "DescribeUsers.Users.Id",
      "entity": "workdocs.user_id"
    },
    {
      "mapping": "GetResources.Folders.Id -> workdocs.folder_id",
      "evidence": "GetResources.Folders.Id",
      "entity": "workdocs.folder_id"
    },
    {
      "mapping": "InitiateDocumentVersionUpload.Metadata.Id -> workdocs.metadata_id",
      "evidence": "InitiateDocumentVersionUpload.Metadata.Id",
      "entity": "workdocs.metadata_id"
    },
    {
      "mapping": "ActivateUser.User.Id -> workdocs.user_id",
      "evidence": "ActivateUser.User.Id",
      "entity": "workdocs.user_id"
    },
    {
      "mapping": "CreateFolder.Metadata.Id -> workdocs.metadata_id",
      "evidence": "CreateFolder.Metadata.Id",
      "entity": "workdocs.metadata_id"
    },
    {
      "mapping": "CreateUser.User.Id -> workdocs.user_id",
      "evidence": "CreateUser.User.Id",
      "entity": "workdocs.user_id"
    },
    {
      "mapping": "DescribeDocumentVersions.DocumentVersions.Id -> workdocs.version_id",
      "evidence": "DescribeDocumentVersions.DocumentVersions.Id",
      "entity": "workdocs.version_id"
    },
    {
      "mapping": "DescribeFolderContents.Folders.Id -> workdocs.folder_id",
      "evidence": "DescribeFolderContents.Folders.Id",
      "entity": "workdocs.folder_id"
    },
    {
      "mapping": "DescribeGroups.Groups.Id -> workdocs.group_id",
      "evidence": "DescribeGroups.Groups.Id",
      "entity": "workdocs.group_id"
    },
    {
      "mapping": "DescribeResourcePermissions.Principals.Id -> workdocs.principal_id",
      "evidence": "DescribeResourcePermissions.Principals.Id",
      "entity": "workdocs.principal_id"
    },
    {
      "mapping": "DescribeRootFolders.Folders.Id -> workdocs.folder_id",
      "evidence": "DescribeRootFolders.Folders.Id",
      "entity": "workdocs.folder_id"
    },
    {
      "mapping": "GetCurrentUser.User.Id -> workdocs.user_id",
      "evidence": "GetCurrentUser.User.Id",
      "entity": "workdocs.user_id"
    },
    {
      "mapping": "GetDocument.Metadata.Id -> workdocs.metadata_id",
      "evidence": "GetDocument.Metadata.Id",
      "entity": "workdocs.metadata_id"
    },
    {
      "mapping": "GetDocumentVersion.Metadata.Id -> workdocs.metadata_id",
      "evidence": "GetDocumentVersion.Metadata.Id",
      "entity": "workdocs.metadata_id"
    },
    {
      "mapping": "GetFolder.Metadata.Id -> workdocs.metadata_id",
      "evidence": "GetFolder.Metadata.Id",
      "entity": "workdocs.metadata_id"
    },
    {
      "mapping": "UpdateUser.User.Id -> workdocs.user_id",
      "evidence": "UpdateUser.User.Id",
      "entity": "workdocs.user_id"
    },
    {
      "mapping": "DescribeUsers.Users.Status -> workdocs.user_status",
      "evidence": "DescribeUsers.Users.Status",
      "entity": "workdocs.user_status"
    },
    {
      "mapping": "ActivateUser.User.Status -> workdocs.user_status",
      "evidence": "ActivateUser.User.Status",
      "entity": "workdocs.user_status"
    },
    {
      "mapping": "AddResourcePermissions.ShareResults.Status -> workdocs.share_result_status",
      "evidence": "AddResourcePermissions.ShareResults.Status",
      "entity": "workdocs.share_result_status"
    },
    {
      "mapping": "CreateComment.Comment.Status -> workdocs.comment_status",
      "evidence": "CreateComment.Comment.Status",
      "entity": "workdocs.comment_status"
    },
    {
      "mapping": "CreateUser.User.Status -> workdocs.user_status",
      "evidence": "CreateUser.User.Status",
      "entity": "workdocs.user_status"
    },
    {
      "mapping": "DescribeComments.Comments.Status -> workdocs.comment_status",
      "evidence": "DescribeComments.Comments.Status",
      "entity": "workdocs.comment_status"
    },
    {
      "mapping": "DescribeDocumentVersions.DocumentVersions.Status -> workdocs.document_version_status",
      "evidence": "DescribeDocumentVersions.DocumentVersions.Status",
      "entity": "workdocs.document_version_status"
    },
    {
      "mapping": "GetCurrentUser.User.Status -> workdocs.user_status",
      "evidence": "GetCurrentUser.User.Status",
      "entity": "workdocs.user_status"
    },
    {
      "mapping": "GetDocumentVersion.Metadata.Status -> workdocs.metadata_status",
      "evidence": "GetDocumentVersion.Metadata.Status",
      "entity": "workdocs.metadata_status"
    },
    {
      "mapping": "UpdateUser.User.Status -> workdocs.user_status",
      "evidence": "UpdateUser.User.Status",
      "entity": "workdocs.user_status"
    },
    {
      "mapping": "GetResources.Folders.Name -> workdocs.folder_name",
      "evidence": "GetResources.Folders.Name",
      "entity": "workdocs.folder_name"
    },
    {
      "mapping": "CreateFolder.Metadata.Name -> workdocs.metadata_name",
      "evidence": "CreateFolder.Metadata.Name",
      "entity": "workdocs.metadata_name"
    },
    {
      "mapping": "DescribeDocumentVersions.DocumentVersions.Name -> workdocs.document_version_name",
      "evidence": "DescribeDocumentVersions.DocumentVersions.Name",
      "entity": "workdocs.document_version_name"
    },
    {
      "mapping": "DescribeFolderContents.Folders.Name -> workdocs.folder_name",
      "evidence": "DescribeFolderContents.Folders.Name",
      "entity": "workdocs.folder_name"
    },
    {
      "mapping": "DescribeGroups.Groups.Name -> workdocs.group_name",
      "evidence": "DescribeGroups.Groups.Name",
      "entity": "workdocs.group_name"
    },
    {
      "mapping": "DescribeRootFolders.Folders.Name -> workdocs.folder_name",
      "evidence": "DescribeRootFolders.Folders.Name",
      "entity": "workdocs.folder_name"
    },
    {
      "mapping": "GetDocumentVersion.Metadata.Name -> workdocs.metadata_name",
      "evidence": "GetDocumentVersion.Metadata.Name",
      "entity": "workdocs.metadata_name"
    },
    {
      "mapping": "GetFolder.Metadata.Name -> workdocs.metadata_name",
      "evidence": "GetFolder.Metadata.Name",
      "entity": "workdocs.metadata_name"
    }
  ]
}