{
  "service": "workdocs",
  "version": "1.0",
  "kind_rules": {
    "read_list": ["List"],
    "read_get": ["Get", "Describe"],
    "write_create": ["Create", "Start", "Generate", "Import", "Enable", "Register"],
    "write_update": ["Update", "Modify", "Put", "Set", "Change", "Reset", "Patch"],
    "write_delete": ["Delete", "Remove", "Terminate", "Destroy", "Disable", "Detach", "Disassociate", "Untag", "Revoke"],
    "write_apply": ["Apply", "Attach", "Associate", "Add", "Tag", "Authorize", "Unauthorize", "Grant"],
    "other": ["default"]
  },
  "entity_aliases": {
    "workdocs.document_version_id": "workdocs.version_id",
    "workdocs.user_given_name": "workdocs.given_name",
    "workdocs.user_root_folder_id": "workdocs.folder_id",
    "workdocs.user_activity_organization_id": "workdocs.organization_id",
    "workdocs.folder_parent_folder_id": "workdocs.folder_id",
    "workdocs.user_recycle_bin_folder_id": "workdocs.folder_id",
    "workdocs.metadata_parent_folder_id": "workdocs.folder_id",
    "workdocs.share_result_principal_id": "workdocs.principal_id",
    "workdocs.share_result_invitee_principal_id": "workdocs.principal_id",
    "workdocs.user_organization_id": "workdocs.organization_id"
  },
  "overrides": {},
  "operations": {
    "DescribeActivities": {
      "kind": "read_get",
      "side_effect": false,
      "sdk": {"client": "workdocs", "method": "describe_activities"},
      "consumes": [],
      "produces": [{"entity": "workdocs.user_activities", "source": "output", "path": "UserActivities"}, {"entity": "workdocs.marker", "source": "output", "path": "Marker"}, {"entity": "workdocs.user_activity_type", "source": "item", "path": "UserActivities.Type"}, {"entity": "workdocs.user_activity_time_stamp", "source": "item", "path": "UserActivities.TimeStamp"}, {"entity": "workdocs.user_activity_is_indirect_activity", "source": "item", "path": "UserActivities.IsIndirectActivity"}, {"entity": "workdocs.organization_id", "source": "item", "path": "UserActivities.OrganizationId"}, {"entity": "workdocs.user_activity_initiator", "source": "item", "path": "UserActivities.Initiator"}, {"entity": "workdocs.user_activity_participants", "source": "item", "path": "UserActivities.Participants"}, {"entity": "workdocs.user_activity_resource_metadata", "source": "item", "path": "UserActivities.ResourceMetadata"}, {"entity": "workdocs.user_activity_original_parent", "source": "item", "path": "UserActivities.OriginalParent"}, {"entity": "workdocs.user_activity_comment_metadata", "source": "item", "path": "UserActivities.CommentMetadata"}],
      "notes": ""
    },
    "DescribeUsers": {
      "kind": "read_get",
      "side_effect": false,
      "sdk": {"client": "workdocs", "method": "describe_users"},
      "consumes": [],
      "produces": [{"entity": "workdocs.users", "source": "output", "path": "Users"}, {"entity": "workdocs.total_number_of_users", "source": "output", "path": "TotalNumberOfUsers"}, {"entity": "workdocs.marker", "source": "output", "path": "Marker"}, {"entity": "workdocs.user_id", "source": "item", "path": "Users.Id"}, {"entity": "workdocs.user_username", "source": "item", "path": "Users.Username"}, {"entity": "workdocs.user_email_address", "source": "item", "path": "Users.EmailAddress"}, {"entity": "workdocs.given_name", "source": "item", "path": "Users.GivenName"}, {"entity": "workdocs.user_surname", "source": "item", "path": "Users.Surname"}, {"entity": "workdocs.organization_id", "source": "item", "path": "Users.OrganizationId"}, {"entity": "workdocs.folder_id", "source": "item", "path": "Users.RootFolderId"}, {"entity": "workdocs.folder_id", "source": "item", "path": "Users.RecycleBinFolderId"}, {"entity": "workdocs.user_status", "source": "item", "path": "Users.Status"}, {"entity": "workdocs.user_type", "source": "item", "path": "Users.Type"}, {"entity": "workdocs.user_created_timestamp", "source": "item", "path": "Users.CreatedTimestamp"}, {"entity": "workdocs.user_modified_timestamp", "source": "item", "path": "Users.ModifiedTimestamp"}, {"entity": "workdocs.user_time_zone_id", "source": "item", "path": "Users.TimeZoneId"}, {"entity": "workdocs.user_locale", "source": "item", "path": "Users.Locale"}, {"entity": "workdocs.user_storage", "source": "item", "path": "Users.Storage"}],
      "notes": ""
    },
    "GetResources": {
      "kind": "read_get",
      "side_effect": false,
      "sdk": {"client": "workdocs", "method": "get_resources"},
      "consumes": [],
      "produces": [{"entity": "workdocs.folders", "source": "output", "path": "Folders"}, {"entity": "workdocs.documents", "source": "output", "path": "Documents"}, {"entity": "workdocs.marker", "source": "output", "path": "Marker"}, {"entity": "workdocs.folder_id", "source": "item", "path": "Folders.Id"}, {"entity": "workdocs.folder_name", "source": "item", "path": "Folders.Name"}, {"entity": "workdocs.folder_creator_id", "source": "item", "path": "Folders.CreatorId"}, {"entity": "workdocs.folder_id", "source": "item", "path": "Folders.ParentFolderId"}, {"entity": "workdocs.folder_created_timestamp", "source": "item", "path": "Folders.CreatedTimestamp"}, {"entity": "workdocs.folder_modified_timestamp", "source": "item", "path": "Folders.ModifiedTimestamp"}, {"entity": "workdocs.folder_resource_state", "source": "item", "path": "Folders.ResourceState"}, {"entity": "workdocs.folder_signature", "source": "item", "path": "Folders.Signature"}, {"entity": "workdocs.folder_labels", "source": "item", "path": "Folders.Labels"}, {"entity": "workdocs.folder_size", "source": "item", "path": "Folders.Size"}, {"entity": "workdocs.folder_latest_version_size", "source": "item", "path": "Folders.LatestVersionSize"}],
      "notes": ""
    },
    "InitiateDocumentVersionUpload": {
      "kind": "other",
      "side_effect": true,
      "sdk": {"client": "workdocs", "method": "initiate_document_version_upload"},
      "consumes": [],
      "produces": [{"entity": "workdocs.metadata", "source": "output", "path": "Metadata"}, {"entity": "workdocs.upload_metadata", "source": "output", "path": "UploadMetadata"}, {"entity": "workdocs.metadata_id", "source": "item", "path": "Metadata.Id"}, {"entity": "workdocs.metadata_creator_id", "source": "item", "path": "Metadata.CreatorId"}, {"entity": "workdocs.folder_id", "source": "item", "path": "Metadata.ParentFolderId"}, {"entity": "workdocs.metadata_created_timestamp", "source": "item", "path": "Metadata.CreatedTimestamp"}, {"entity": "workdocs.metadata_modified_timestamp", "source": "item", "path": "Metadata.ModifiedTimestamp"}, {"entity": "workdocs.metadata_latest_version_metadata", "source": "item", "path": "Metadata.LatestVersionMetadata"}, {"entity": "workdocs.metadata_resource_state", "source": "item", "path": "Metadata.ResourceState"}, {"entity": "workdocs.metadata_labels", "source": "item", "path": "Metadata.Labels"}],
      "notes": ""
    },
    "SearchResources": {
      "kind": "other",
      "side_effect": true,
      "sdk": {"client": "workdocs", "method": "search_resources"},
      "consumes": [],
      "produces": [{"entity": "workdocs.items", "source": "output", "path": "Items"}, {"entity": "workdocs.marker", "source": "output", "path": "Marker"}, {"entity": "workdocs.item_resource_type", "source": "item", "path": "Items.ResourceType"}, {"entity": "workdocs.item_web_url", "source": "item", "path": "Items.WebUrl"}, {"entity": "workdocs.item_document_metadata", "source": "item", "path": "Items.DocumentMetadata"}, {"entity": "workdocs.item_folder_metadata", "source": "item", "path": "Items.FolderMetadata"}, {"entity": "workdocs.item_comment_metadata", "source": "item", "path": "Items.CommentMetadata"}, {"entity": "workdocs.item_document_version_metadata", "source": "item", "path": "Items.DocumentVersionMetadata"}],
      "notes": ""
    },
    "AbortDocumentVersionUpload": {
      "kind": "other",
      "side_effect": true,
      "sdk": {"client": "workdocs", "method": "abort_document_version_upload"},
      "consumes": [{"entity": "workdocs.document_id", "param": "DocumentId", "required": true, "source": "external"}, {"entity": "workdocs.version_id", "param": "VersionId", "required": true, "source": "internal"}],
      "produces": [],
      "notes": ""
    },
    "ActivateUser": {
      "kind": "other",
      "side_effect": true,
      "sdk": {"client": "workdocs", "method": "activate_user"},
      "consumes": [{"entity": "workdocs.user_id", "param": "UserId", "required": true, "source": "internal"}],
      "produces": [{"entity": "workdocs.user", "source": "output", "path": "User"}, {"entity": "workdocs.user_id", "source": "item", "path": "User.Id"}, {"entity": "workdocs.user_username", "source": "item", "path": "User.Username"}, {"entity": "workdocs.user_email_address", "source": "item", "path": "User.EmailAddress"}, {"entity": "workdocs.given_name", "source": "item", "path": "User.GivenName"}, {"entity": "workdocs.user_surname", "source": "item", "path": "User.Surname"}, {"entity": "workdocs.organization_id", "source": "item", "path": "User.OrganizationId"}, {"entity": "workdocs.folder_id", "source": "item", "path": "User.RootFolderId"}, {"entity": "workdocs.folder_id", "source": "item", "path": "User.RecycleBinFolderId"}, {"entity": "workdocs.user_status", "source": "item", "path": "User.Status"}, {"entity": "workdocs.user_type", "source": "item", "path": "User.Type"}, {"entity": "workdocs.user_created_timestamp", "source": "item", "path": "User.CreatedTimestamp"}, {"entity": "workdocs.user_modified_timestamp", "source": "item", "path": "User.ModifiedTimestamp"}, {"entity": "workdocs.user_time_zone_id", "source": "item", "path": "User.TimeZoneId"}, {"entity": "workdocs.user_locale", "source": "item", "path": "User.Locale"}, {"entity": "workdocs.user_storage", "source": "item", "path": "User.Storage"}],
      "notes": ""
    },
    "AddResourcePermissions": {
      "kind": "write_apply",
      "side_effect": true,
      "sdk": {"client": "workdocs", "method": "add_resource_permissions"},
      "consumes": [{"entity": "workdocs.resource_id", "param": "ResourceId", "required": true, "source": "external"}, {"entity": "workdocs.principals", "param": "Principals", "required": true, "source": "internal"}],
      "produces": [{"entity": "workdocs.share_results", "source": "output", "path": "ShareResults"}, {"entity": "workdocs.principal_id", "source": "item", "path": "ShareResults.PrincipalId"}, {"entity": "workdocs.principal_id", "source": "item", "path": "ShareResults.InviteePrincipalId"}, {"entity": "workdocs.share_result_role", "source": "item", "path": "ShareResults.Role"}, {"entity": "workdocs.share_result_status", "source": "item", "path": "ShareResults.Status"}, {"entity": "workdocs.share_result_share_id", "source": "item", "path": "ShareResults.ShareId"}, {"entity": "workdocs.share_result_status_message", "source": "item", "path": "ShareResults.StatusMessage"}],
      "notes": ""
    },
    "CreateComment": {
      "kind": "write_create",
      "side_effect": true,
      "sdk": {"client": "workdocs", "method": "create_comment"},
      "consumes": [{"entity": "workdocs.document_id", "param": "DocumentId", "required": true, "source": "external"}, {"entity": "workdocs.version_id", "param": "VersionId", "required": true, "source": "internal"}, {"entity": "workdocs.text", "param": "Text", "required": true, "source": "external"}],
      "produces": [{"entity": "workdocs.comment", "source": "output", "path": "Comment"}, {"entity": "workdocs.comment_id", "source": "item", "path": "Comment.CommentId"}, {"entity": "workdocs.comment_parent_id", "source": "item", "path": "Comment.ParentId"}, {"entity": "workdocs.comment_thread_id", "source": "item", "path": "Comment.ThreadId"}, {"entity": "workdocs.comment_text", "source": "item", "path": "Comment.Text"}, {"entity": "workdocs.comment_contributor", "source": "item", "path": "Comment.Contributor"}, {"entity": "workdocs.comment_created_timestamp", "source": "item", "path": "Comment.CreatedTimestamp"}, {"entity": "workdocs.comment_status", "source": "item", "path": "Comment.Status"}, {"entity": "workdocs.comment_visibility", "source": "item", "path": "Comment.Visibility"}, {"entity": "workdocs.comment_recipient_id", "source": "item", "path": "Comment.RecipientId"}],
      "notes": ""
    },
    "CreateCustomMetadata": {
      "kind": "write_create",
      "side_effect": true,
      "sdk": {"client": "workdocs", "method": "create_custom_metadata"},
      "consumes": [{"entity": "workdocs.resource_id", "param": "ResourceId", "required": true, "source": "external"}, {"entity": "workdocs.custom_metadata", "param": "CustomMetadata", "required": true, "source": "internal"}],
      "produces": [],
      "notes": ""
    },
    "CreateFolder": {
      "kind": "write_create",
      "side_effect": true,
      "sdk": {"client": "workdocs", "method": "create_folder"},
      "consumes": [{"entity": "workdocs.parentfolder_id", "param": "ParentFolderId", "required": true, "source": "external"}],
      "produces": [{"entity": "workdocs.metadata", "source": "output", "path": "Metadata"}, {"entity": "workdocs.metadata_id", "source": "item", "path": "Metadata.Id"}, {"entity": "workdocs.metadata_name", "source": "item", "path": "Metadata.Name"}, {"entity": "workdocs.metadata_creator_id", "source": "item", "path": "Metadata.CreatorId"}, {"entity": "workdocs.folder_id", "source": "item", "path": "Metadata.ParentFolderId"}, {"entity": "workdocs.metadata_created_timestamp", "source": "item", "path": "Metadata.CreatedTimestamp"}, {"entity": "workdocs.metadata_modified_timestamp", "source": "item", "path": "Metadata.ModifiedTimestamp"}, {"entity": "workdocs.metadata_resource_state", "source": "item", "path": "Metadata.ResourceState"}, {"entity": "workdocs.metadata_signature", "source": "item", "path": "Metadata.Signature"}, {"entity": "workdocs.metadata_labels", "source": "item", "path": "Metadata.Labels"}, {"entity": "workdocs.metadata_size", "source": "item", "path": "Metadata.Size"}, {"entity": "workdocs.metadata_latest_version_size", "source": "item", "path": "Metadata.LatestVersionSize"}],
      "notes": ""
    },
    "CreateLabels": {
      "kind": "write_create",
      "side_effect": true,
      "sdk": {"client": "workdocs", "method": "create_labels"},
      "consumes": [{"entity": "workdocs.resource_id", "param": "ResourceId", "required": true, "source": "external"}, {"entity": "workdocs.labels", "param": "Labels", "required": true, "source": "external"}],
      "produces": [],
      "notes": ""
    },
    "CreateNotificationSubscription": {
      "kind": "write_create",
      "side_effect": true,
      "sdk": {"client": "workdocs", "method": "create_notification_subscription"},
      "consumes": [{"entity": "workdocs.organization_id", "param": "OrganizationId", "required": true, "source": "internal"}, {"entity": "workdocs.endpoint", "param": "Endpoint", "required": true, "source": "external"}, {"entity": "workdocs.protocol", "param": "Protocol", "required": true, "source": "external"}, {"entity": "workdocs.subscription_type", "param": "SubscriptionType", "required": true, "source": "external"}],
      "produces": [{"entity": "workdocs.subscription", "source": "output", "path": "Subscription"}, {"entity": "workdocs.subscription_id", "source": "item", "path": "Subscription.SubscriptionId"}, {"entity": "workdocs.subscription_end_point", "source": "item", "path": "Subscription.EndPoint"}, {"entity": "workdocs.subscription_protocol", "source": "item", "path": "Subscription.Protocol"}],
      "notes": ""
    },
    "CreateUser": {
      "kind": "write_create",
      "side_effect": true,
      "sdk": {"client": "workdocs", "method": "create_user"},
      "consumes": [{"entity": "workdocs.user_name", "param": "Username", "required": true, "source": "external"}, {"entity": "workdocs.given_name", "param": "GivenName", "required": true, "source": "internal"}, {"entity": "workdocs.sur_name", "param": "Surname", "required": true, "source": "external"}, {"entity": "workdocs.password", "param": "Password", "required": true, "source": "external"}],
      "produces": [{"entity": "workdocs.user", "source": "output", "path": "User"}, {"entity": "workdocs.user_id", "source": "item", "path": "User.Id"}, {"entity": "workdocs.user_username", "source": "item", "path": "User.Username"}, {"entity": "workdocs.user_email_address", "source": "item", "path": "User.EmailAddress"}, {"entity": "workdocs.given_name", "source": "item", "path": "User.GivenName"}, {"entity": "workdocs.user_surname", "source": "item", "path": "User.Surname"}, {"entity": "workdocs.organization_id", "source": "item", "path": "User.OrganizationId"}, {"entity": "workdocs.folder_id", "source": "item", "path": "User.RootFolderId"}, {"entity": "workdocs.folder_id", "source": "item", "path": "User.RecycleBinFolderId"}, {"entity": "workdocs.user_status", "source": "item", "path": "User.Status"}, {"entity": "workdocs.user_type", "source": "item", "path": "User.Type"}, {"entity": "workdocs.user_created_timestamp", "source": "item", "path": "User.CreatedTimestamp"}, {"entity": "workdocs.user_modified_timestamp", "source": "item", "path": "User.ModifiedTimestamp"}, {"entity": "workdocs.user_time_zone_id", "source": "item", "path": "User.TimeZoneId"}, {"entity": "workdocs.user_locale", "source": "item", "path": "User.Locale"}, {"entity": "workdocs.user_storage", "source": "item", "path": "User.Storage"}],
      "notes": ""
    },
    "DeactivateUser": {
      "kind": "other",
      "side_effect": true,
      "sdk": {"client": "workdocs", "method": "deactivate_user"},
      "consumes": [{"entity": "workdocs.user_id", "param": "UserId", "required": true, "source": "internal"}],
      "produces": [],
      "notes": ""
    },
    "DeleteComment": {
      "kind": "write_delete",
      "side_effect": true,
      "sdk": {"client": "workdocs", "method": "delete_comment"},
      "consumes": [{"entity": "workdocs.document_id", "param": "DocumentId", "required": true, "source": "external"}, {"entity": "workdocs.version_id", "param": "VersionId", "required": true, "source": "internal"}, {"entity": "workdocs.comment_id", "param": "CommentId", "required": true, "source": "internal"}],
      "produces": [],
      "notes": ""
    },
    "DeleteCustomMetadata": {
      "kind": "write_delete",
      "side_effect": true,
      "sdk": {"client": "workdocs", "method": "delete_custom_metadata"},
      "consumes": [{"entity": "workdocs.resource_id", "param": "ResourceId", "required": true, "source": "external"}],
      "produces": [],
      "notes": ""
    },
    "DeleteDocument": {
      "kind": "write_delete",
      "side_effect": true,
      "sdk": {"client": "workdocs", "method": "delete_document"},
      "consumes": [{"entity": "workdocs.document_id", "param": "DocumentId", "required": true, "source": "external"}],
      "produces": [],
      "notes": ""
    },
    "DeleteDocumentVersion": {
      "kind": "write_delete",
      "side_effect": true,
      "sdk": {"client": "workdocs", "method": "delete_document_version"},
      "consumes": [{"entity": "workdocs.document_id", "param": "DocumentId", "required": true, "source": "external"}, {"entity": "workdocs.version_id", "param": "VersionId", "required": true, "source": "internal"}, {"entity": "workdocs.delete_prior_versions", "param": "DeletePriorVersions", "required": true, "source": "external"}],
      "produces": [],
      "notes": ""
    },
    "DeleteFolder": {
      "kind": "write_delete",
      "side_effect": true,
      "sdk": {"client": "workdocs", "method": "delete_folder"},
      "consumes": [{"entity": "workdocs.folder_id", "param": "FolderId", "required": true, "source": "internal"}],
      "produces": [],
      "notes": ""
    },
    "DeleteFolderContents": {
      "kind": "write_delete",
      "side_effect": true,
      "sdk": {"client": "workdocs", "method": "delete_folder_contents"},
      "consumes": [{"entity": "workdocs.folder_id", "param": "FolderId", "required": true, "source": "internal"}],
      "produces": [],
      "notes": ""
    },
    "DeleteLabels": {
      "kind": "write_delete",
      "side_effect": true,
      "sdk": {"client": "workdocs", "method": "delete_labels"},
      "consumes": [{"entity": "workdocs.resource_id", "param": "ResourceId", "required": true, "source": "external"}],
      "produces": [],
      "notes": ""
    },
    "DeleteNotificationSubscription": {
      "kind": "write_delete",
      "side_effect": true,
      "sdk": {"client": "workdocs", "method": "delete_notification_subscription"},
      "consumes": [{"entity": "workdocs.subscription_id", "param": "SubscriptionId", "required": true, "source": "internal"}, {"entity": "workdocs.organization_id", "param": "OrganizationId", "required": true, "source": "internal"}],
      "produces": [],
      "notes": ""
    },
    "DeleteUser": {
      "kind": "write_delete",
      "side_effect": true,
      "sdk": {"client": "workdocs", "method": "delete_user"},
      "consumes": [{"entity": "workdocs.user_id", "param": "UserId", "required": true, "source": "internal"}],
      "produces": [],
      "notes": ""
    },
    "DescribeComments": {
      "kind": "read_get",
      "side_effect": false,
      "sdk": {"client": "workdocs", "method": "describe_comments"},
      "consumes": [{"entity": "workdocs.document_id", "param": "DocumentId", "required": true, "source": "external"}, {"entity": "workdocs.version_id", "param": "VersionId", "required": true, "source": "internal"}],
      "produces": [{"entity": "workdocs.comments", "source": "output", "path": "Comments"}, {"entity": "workdocs.marker", "source": "output", "path": "Marker"}, {"entity": "workdocs.comment_id", "source": "item", "path": "Comments.CommentId"}, {"entity": "workdocs.comment_parent_id", "source": "item", "path": "Comments.ParentId"}, {"entity": "workdocs.comment_thread_id", "source": "item", "path": "Comments.ThreadId"}, {"entity": "workdocs.comment_text", "source": "item", "path": "Comments.Text"}, {"entity": "workdocs.comment_contributor", "source": "item", "path": "Comments.Contributor"}, {"entity": "workdocs.comment_created_timestamp", "source": "item", "path": "Comments.CreatedTimestamp"}, {"entity": "workdocs.comment_status", "source": "item", "path": "Comments.Status"}, {"entity": "workdocs.comment_visibility", "source": "item", "path": "Comments.Visibility"}, {"entity": "workdocs.comment_recipient_id", "source": "item", "path": "Comments.RecipientId"}],
      "notes": ""
    },
    "DescribeDocumentVersions": {
      "kind": "read_get",
      "side_effect": false,
      "sdk": {"client": "workdocs", "method": "describe_document_versions"},
      "consumes": [{"entity": "workdocs.document_id", "param": "DocumentId", "required": true, "source": "external"}],
      "produces": [{"entity": "workdocs.document_versions", "source": "output", "path": "DocumentVersions"}, {"entity": "workdocs.marker", "source": "output", "path": "Marker"}, {"entity": "workdocs.version_id", "source": "item", "path": "DocumentVersions.Id"}, {"entity": "workdocs.document_version_name", "source": "item", "path": "DocumentVersions.Name"}, {"entity": "workdocs.document_version_content_type", "source": "item", "path": "DocumentVersions.ContentType"}, {"entity": "workdocs.document_version_size", "source": "item", "path": "DocumentVersions.Size"}, {"entity": "workdocs.document_version_signature", "source": "item", "path": "DocumentVersions.Signature"}, {"entity": "workdocs.document_version_status", "source": "item", "path": "DocumentVersions.Status"}, {"entity": "workdocs.document_version_created_timestamp", "source": "item", "path": "DocumentVersions.CreatedTimestamp"}, {"entity": "workdocs.document_version_modified_timestamp", "source": "item", "path": "DocumentVersions.ModifiedTimestamp"}, {"entity": "workdocs.document_version_content_created_timestamp", "source": "item", "path": "DocumentVersions.ContentCreatedTimestamp"}, {"entity": "workdocs.document_version_content_modified_timestamp", "source": "item", "path": "DocumentVersions.ContentModifiedTimestamp"}, {"entity": "workdocs.document_version_creator_id", "source": "item", "path": "DocumentVersions.CreatorId"}, {"entity": "workdocs.document_version_thumbnail", "source": "item", "path": "DocumentVersions.Thumbnail"}, {"entity": "workdocs.document_version_source", "source": "item", "path": "DocumentVersions.Source"}],
      "notes": ""
    },
    "DescribeFolderContents": {
      "kind": "read_get",
      "side_effect": false,
      "sdk": {"client": "workdocs", "method": "describe_folder_contents"},
      "consumes": [{"entity": "workdocs.folder_id", "param": "FolderId", "required": true, "source": "internal"}],
      "produces": [{"entity": "workdocs.folders", "source": "output", "path": "Folders"}, {"entity": "workdocs.documents", "source": "output", "path": "Documents"}, {"entity": "workdocs.marker", "source": "output", "path": "Marker"}, {"entity": "workdocs.folder_id", "source": "item", "path": "Folders.Id"}, {"entity": "workdocs.folder_name", "source": "item", "path": "Folders.Name"}, {"entity": "workdocs.folder_creator_id", "source": "item", "path": "Folders.CreatorId"}, {"entity": "workdocs.folder_id", "source": "item", "path": "Folders.ParentFolderId"}, {"entity": "workdocs.folder_created_timestamp", "source": "item", "path": "Folders.CreatedTimestamp"}, {"entity": "workdocs.folder_modified_timestamp", "source": "item", "path": "Folders.ModifiedTimestamp"}, {"entity": "workdocs.folder_resource_state", "source": "item", "path": "Folders.ResourceState"}, {"entity": "workdocs.folder_signature", "source": "item", "path": "Folders.Signature"}, {"entity": "workdocs.folder_labels", "source": "item", "path": "Folders.Labels"}, {"entity": "workdocs.folder_size", "source": "item", "path": "Folders.Size"}, {"entity": "workdocs.folder_latest_version_size", "source": "item", "path": "Folders.LatestVersionSize"}],
      "notes": ""
    },
    "DescribeGroups": {
      "kind": "read_get",
      "side_effect": false,
      "sdk": {"client": "workdocs", "method": "describe_groups"},
      "consumes": [{"entity": "workdocs.search_query", "param": "SearchQuery", "required": true, "source": "external"}],
      "produces": [{"entity": "workdocs.groups", "source": "output", "path": "Groups"}, {"entity": "workdocs.marker", "source": "output", "path": "Marker"}, {"entity": "workdocs.group_id", "source": "item", "path": "Groups.Id"}, {"entity": "workdocs.group_name", "source": "item", "path": "Groups.Name"}],
      "notes": ""
    },
    "DescribeNotificationSubscriptions": {
      "kind": "read_get",
      "side_effect": false,
      "sdk": {"client": "workdocs", "method": "describe_notification_subscriptions"},
      "consumes": [{"entity": "workdocs.organization_id", "param": "OrganizationId", "required": true, "source": "internal"}],
      "produces": [{"entity": "workdocs.subscriptions", "source": "output", "path": "Subscriptions"}, {"entity": "workdocs.marker", "source": "output", "path": "Marker"}, {"entity": "workdocs.subscription_id", "source": "item", "path": "Subscriptions.SubscriptionId"}, {"entity": "workdocs.subscription_end_point", "source": "item", "path": "Subscriptions.EndPoint"}, {"entity": "workdocs.subscription_protocol", "source": "item", "path": "Subscriptions.Protocol"}],
      "notes": ""
    },
    "DescribeResourcePermissions": {
      "kind": "read_get",
      "side_effect": false,
      "sdk": {"client": "workdocs", "method": "describe_resource_permissions"},
      "consumes": [{"entity": "workdocs.resource_id", "param": "ResourceId", "required": true, "source": "external"}],
      "produces": [{"entity": "workdocs.principals", "source": "output", "path": "Principals"}, {"entity": "workdocs.marker", "source": "output", "path": "Marker"}, {"entity": "workdocs.principal_id", "source": "item", "path": "Principals.Id"}, {"entity": "workdocs.principal_type", "source": "item", "path": "Principals.Type"}, {"entity": "workdocs.principal_roles", "source": "item", "path": "Principals.Roles"}],
      "notes": ""
    },
    "DescribeRootFolders": {
      "kind": "read_get",
      "side_effect": false,
      "sdk": {"client": "workdocs", "method": "describe_root_folders"},
      "consumes": [{"entity": "workdocs.authentication_token", "param": "AuthenticationToken", "required": true, "source": "external"}],
      "produces": [{"entity": "workdocs.folders", "source": "output", "path": "Folders"}, {"entity": "workdocs.marker", "source": "output", "path": "Marker"}, {"entity": "workdocs.folder_id", "source": "item", "path": "Folders.Id"}, {"entity": "workdocs.folder_name", "source": "item", "path": "Folders.Name"}, {"entity": "workdocs.folder_creator_id", "source": "item", "path": "Folders.CreatorId"}, {"entity": "workdocs.folder_id", "source": "item", "path": "Folders.ParentFolderId"}, {"entity": "workdocs.folder_created_timestamp", "source": "item", "path": "Folders.CreatedTimestamp"}, {"entity": "workdocs.folder_modified_timestamp", "source": "item", "path": "Folders.ModifiedTimestamp"}, {"entity": "workdocs.folder_resource_state", "source": "item", "path": "Folders.ResourceState"}, {"entity": "workdocs.folder_signature", "source": "item", "path": "Folders.Signature"}, {"entity": "workdocs.folder_labels", "source": "item", "path": "Folders.Labels"}, {"entity": "workdocs.folder_size", "source": "item", "path": "Folders.Size"}, {"entity": "workdocs.folder_latest_version_size", "source": "item", "path": "Folders.LatestVersionSize"}],
      "notes": ""
    },
    "GetCurrentUser": {
      "kind": "read_get",
      "side_effect": false,
      "sdk": {"client": "workdocs", "method": "get_current_user"},
      "consumes": [{"entity": "workdocs.authentication_token", "param": "AuthenticationToken", "required": true, "source": "external"}],
      "produces": [{"entity": "workdocs.user", "source": "output", "path": "User"}, {"entity": "workdocs.user_id", "source": "item", "path": "User.Id"}, {"entity": "workdocs.user_username", "source": "item", "path": "User.Username"}, {"entity": "workdocs.user_email_address", "source": "item", "path": "User.EmailAddress"}, {"entity": "workdocs.given_name", "source": "item", "path": "User.GivenName"}, {"entity": "workdocs.user_surname", "source": "item", "path": "User.Surname"}, {"entity": "workdocs.organization_id", "source": "item", "path": "User.OrganizationId"}, {"entity": "workdocs.folder_id", "source": "item", "path": "User.RootFolderId"}, {"entity": "workdocs.folder_id", "source": "item", "path": "User.RecycleBinFolderId"}, {"entity": "workdocs.user_status", "source": "item", "path": "User.Status"}, {"entity": "workdocs.user_type", "source": "item", "path": "User.Type"}, {"entity": "workdocs.user_created_timestamp", "source": "item", "path": "User.CreatedTimestamp"}, {"entity": "workdocs.user_modified_timestamp", "source": "item", "path": "User.ModifiedTimestamp"}, {"entity": "workdocs.user_time_zone_id", "source": "item", "path": "User.TimeZoneId"}, {"entity": "workdocs.user_locale", "source": "item", "path": "User.Locale"}, {"entity": "workdocs.user_storage", "source": "item", "path": "User.Storage"}],
      "notes": ""
    },
    "GetDocument": {
      "kind": "read_get",
      "side_effect": false,
      "sdk": {"client": "workdocs", "method": "get_document"},
      "consumes": [{"entity": "workdocs.document_id", "param": "DocumentId", "required": true, "source": "external"}],
      "produces": [{"entity": "workdocs.metadata", "source": "output", "path": "Metadata"}, {"entity": "workdocs.custom_metadata", "source": "output", "path": "CustomMetadata"}, {"entity": "workdocs.metadata_id", "source": "item", "path": "Metadata.Id"}, {"entity": "workdocs.metadata_creator_id", "source": "item", "path": "Metadata.CreatorId"}, {"entity": "workdocs.folder_id", "source": "item", "path": "Metadata.ParentFolderId"}, {"entity": "workdocs.metadata_created_timestamp", "source": "item", "path": "Metadata.CreatedTimestamp"}, {"entity": "workdocs.metadata_modified_timestamp", "source": "item", "path": "Metadata.ModifiedTimestamp"}, {"entity": "workdocs.metadata_latest_version_metadata", "source": "item", "path": "Metadata.LatestVersionMetadata"}, {"entity": "workdocs.metadata_resource_state", "source": "item", "path": "Metadata.ResourceState"}, {"entity": "workdocs.metadata_labels", "source": "item", "path": "Metadata.Labels"}],
      "notes": ""
    },
    "GetDocumentPath": {
      "kind": "read_get",
      "side_effect": false,
      "sdk": {"client": "workdocs", "method": "get_document_path"},
      "consumes": [{"entity": "workdocs.document_id", "param": "DocumentId", "required": true, "source": "external"}],
      "produces": [{"entity": "workdocs.path", "source": "output", "path": "Path"}, {"entity": "workdocs.path_components", "source": "item", "path": "Path.Components"}],
      "notes": ""
    },
    "GetDocumentVersion": {
      "kind": "read_get",
      "side_effect": false,
      "sdk": {"client": "workdocs", "method": "get_document_version"},
      "consumes": [{"entity": "workdocs.document_id", "param": "DocumentId", "required": true, "source": "external"}, {"entity": "workdocs.version_id", "param": "VersionId", "required": true, "source": "internal"}],
      "produces": [{"entity": "workdocs.metadata", "source": "output", "path": "Metadata"}, {"entity": "workdocs.custom_metadata", "source": "output", "path": "CustomMetadata"}, {"entity": "workdocs.metadata_id", "source": "item", "path": "Metadata.Id"}, {"entity": "workdocs.metadata_name", "source": "item", "path": "Metadata.Name"}, {"entity": "workdocs.metadata_content_type", "source": "item", "path": "Metadata.ContentType"}, {"entity": "workdocs.metadata_size", "source": "item", "path": "Metadata.Size"}, {"entity": "workdocs.metadata_signature", "source": "item", "path": "Metadata.Signature"}, {"entity": "workdocs.metadata_status", "source": "item", "path": "Metadata.Status"}, {"entity": "workdocs.metadata_created_timestamp", "source": "item", "path": "Metadata.CreatedTimestamp"}, {"entity": "workdocs.metadata_modified_timestamp", "source": "item", "path": "Metadata.ModifiedTimestamp"}, {"entity": "workdocs.metadata_content_created_timestamp", "source": "item", "path": "Metadata.ContentCreatedTimestamp"}, {"entity": "workdocs.metadata_content_modified_timestamp", "source": "item", "path": "Metadata.ContentModifiedTimestamp"}, {"entity": "workdocs.metadata_creator_id", "source": "item", "path": "Metadata.CreatorId"}, {"entity": "workdocs.metadata_thumbnail", "source": "item", "path": "Metadata.Thumbnail"}, {"entity": "workdocs.metadata_source", "source": "item", "path": "Metadata.Source"}],
      "notes": ""
    },
    "GetFolder": {
      "kind": "read_get",
      "side_effect": false,
      "sdk": {"client": "workdocs", "method": "get_folder"},
      "consumes": [{"entity": "workdocs.folder_id", "param": "FolderId", "required": true, "source": "internal"}],
      "produces": [{"entity": "workdocs.metadata", "source": "output", "path": "Metadata"}, {"entity": "workdocs.custom_metadata", "source": "output", "path": "CustomMetadata"}, {"entity": "workdocs.metadata_id", "source": "item", "path": "Metadata.Id"}, {"entity": "workdocs.metadata_name", "source": "item", "path": "Metadata.Name"}, {"entity": "workdocs.metadata_creator_id", "source": "item", "path": "Metadata.CreatorId"}, {"entity": "workdocs.folder_id", "source": "item", "path": "Metadata.ParentFolderId"}, {"entity": "workdocs.metadata_created_timestamp", "source": "item", "path": "Metadata.CreatedTimestamp"}, {"entity": "workdocs.metadata_modified_timestamp", "source": "item", "path": "Metadata.ModifiedTimestamp"}, {"entity": "workdocs.metadata_resource_state", "source": "item", "path": "Metadata.ResourceState"}, {"entity": "workdocs.metadata_signature", "source": "item", "path": "Metadata.Signature"}, {"entity": "workdocs.metadata_labels", "source": "item", "path": "Metadata.Labels"}, {"entity": "workdocs.metadata_size", "source": "item", "path": "Metadata.Size"}, {"entity": "workdocs.metadata_latest_version_size", "source": "item", "path": "Metadata.LatestVersionSize"}],
      "notes": ""
    },
    "GetFolderPath": {
      "kind": "read_get",
      "side_effect": false,
      "sdk": {"client": "workdocs", "method": "get_folder_path"},
      "consumes": [{"entity": "workdocs.folder_id", "param": "FolderId", "required": true, "source": "internal"}],
      "produces": [{"entity": "workdocs.path", "source": "output", "path": "Path"}, {"entity": "workdocs.path_components", "source": "item", "path": "Path.Components"}],
      "notes": ""
    },
    "RemoveAllResourcePermissions": {
      "kind": "write_delete",
      "side_effect": true,
      "sdk": {"client": "workdocs", "method": "remove_all_resource_permissions"},
      "consumes": [{"entity": "workdocs.resource_id", "param": "ResourceId", "required": true, "source": "external"}],
      "produces": [],
      "notes": ""
    },
    "RemoveResourcePermission": {
      "kind": "write_delete",
      "side_effect": true,
      "sdk": {"client": "workdocs", "method": "remove_resource_permission"},
      "consumes": [{"entity": "workdocs.resource_id", "param": "ResourceId", "required": true, "source": "external"}, {"entity": "workdocs.principal_id", "param": "PrincipalId", "required": true, "source": "internal"}],
      "produces": [],
      "notes": ""
    },
    "RestoreDocumentVersions": {
      "kind": "other",
      "side_effect": true,
      "sdk": {"client": "workdocs", "method": "restore_document_versions"},
      "consumes": [{"entity": "workdocs.document_id", "param": "DocumentId", "required": true, "source": "external"}],
      "produces": [],
      "notes": ""
    },
    "UpdateDocument": {
      "kind": "write_update",
      "side_effect": true,
      "sdk": {"client": "workdocs", "method": "update_document"},
      "consumes": [{"entity": "workdocs.document_id", "param": "DocumentId", "required": true, "source": "external"}],
      "produces": [],
      "notes": ""
    },
    "UpdateDocumentVersion": {
      "kind": "write_update",
      "side_effect": true,
      "sdk": {"client": "workdocs", "method": "update_document_version"},
      "consumes": [{"entity": "workdocs.document_id", "param": "DocumentId", "required": true, "source": "external"}, {"entity": "workdocs.version_id", "param": "VersionId", "required": true, "source": "internal"}],
      "produces": [],
      "notes": ""
    },
    "UpdateFolder": {
      "kind": "write_update",
      "side_effect": true,
      "sdk": {"client": "workdocs", "method": "update_folder"},
      "consumes": [{"entity": "workdocs.folder_id", "param": "FolderId", "required": true, "source": "internal"}],
      "produces": [],
      "notes": ""
    },
    "UpdateUser": {
      "kind": "write_update",
      "side_effect": true,
      "sdk": {"client": "workdocs", "method": "update_user"},
      "consumes": [{"entity": "workdocs.user_id", "param": "UserId", "required": true, "source": "internal"}],
      "produces": [{"entity": "workdocs.user", "source": "output", "path": "User"}, {"entity": "workdocs.user_id", "source": "item", "path": "User.Id"}, {"entity": "workdocs.user_username", "source": "item", "path": "User.Username"}, {"entity": "workdocs.user_email_address", "source": "item", "path": "User.EmailAddress"}, {"entity": "workdocs.given_name", "source": "item", "path": "User.GivenName"}, {"entity": "workdocs.user_surname", "source": "item", "path": "User.Surname"}, {"entity": "workdocs.organization_id", "source": "item", "path": "User.OrganizationId"}, {"entity": "workdocs.folder_id", "source": "item", "path": "User.RootFolderId"}, {"entity": "workdocs.folder_id", "source": "item", "path": "User.RecycleBinFolderId"}, {"entity": "workdocs.user_status", "source": "item", "path": "User.Status"}, {"entity": "workdocs.user_type", "source": "item", "path": "User.Type"}, {"entity": "workdocs.user_created_timestamp", "source": "item", "path": "User.CreatedTimestamp"}, {"entity": "workdocs.user_modified_timestamp", "source": "item", "path": "User.ModifiedTimestamp"}, {"entity": "workdocs.user_time_zone_id", "source": "item", "path": "User.TimeZoneId"}, {"entity": "workdocs.user_locale", "source": "item", "path": "User.Locale"}, {"entity": "workdocs.user_storage", "source": "item", "path": "User.Storage"}],
      "notes": ""
    }
  }
}