{
  "ssm-sap": {
    "service": "ssm-sap",
    "total_operations": 27,
    "independent": [
      {
        "operation": "GetApplication",
        "python_method": "get_application",
        "yaml_action": "get_application",
        "required_params": [],
        "optional_params": [
          "ApplicationId",
          "ApplicationArn",
          "AppRegistryArn"
        ],
        "total_optional": 3,
        "output_fields": {
          "Application": {
            "type": "string",
            "description": "Application details",
            "compliance_category": "general",
            "format": "date-time",
            "operators": [
              "equals",
              "not_equals",
              "contains"
            ]
          },
          "Tags": {
            "type": "string",
            "description": "Tags details",
            "compliance_category": "general",
            "operators": [
              "equals",
              "not_equals",
              "contains"
            ]
          }
        },
        "main_output_field": "Application",
        "item_fields": {
          "Id": {
            "type": "string",
            "description": "Id",
            "compliance_category": "identity",
            "operators": [
              "equals",
              "not_equals",
              "in",
              "exists"
            ]
          },
          "Type": {
            "type": "string",
            "description": "Type",
            "compliance_category": "general"
          },
          "Arn": {
            "type": "string",
            "description": "Arn",
            "compliance_category": "identity",
            "operators": [
              "equals",
              "not_equals",
              "contains",
              "in",
              "exists"
            ]
          },
          "AppRegistryArn": {
            "type": "string",
            "description": "App registry arn",
            "compliance_category": "identity",
            "operators": [
              "equals",
              "not_equals",
              "contains",
              "in",
              "exists"
            ]
          },
          "Status": {
            "type": "string",
            "description": "Status",
            "compliance_category": "general",
            "format": "date-time"
          },
          "DiscoveryStatus": {
            "type": "string",
            "description": "Discovery status",
            "compliance_category": "general",
            "format": "date-time"
          },
          "Components": {
            "type": "string",
            "description": "Components",
            "compliance_category": "general",
            "format": "date-time"
          },
          "LastUpdated": {
            "type": "string",
            "description": "Last updated",
            "compliance_category": "general",
            "format": "date-time"
          },
          "StatusMessage": {
            "type": "string",
            "description": "Status message",
            "compliance_category": "general",
            "format": "date-time"
          },
          "AssociatedApplicationArns": {
            "type": "string",
            "description": "Associated application arns",
            "compliance_category": "identity",
            "operators": [
              "equals",
              "not_equals",
              "contains",
              "in",
              "exists"
            ]
          }
        }
      },
      {
        "operation": "GetDatabase",
        "python_method": "get_database",
        "yaml_action": "get_database",
        "required_params": [],
        "optional_params": [
          "ApplicationId",
          "ComponentId",
          "DatabaseId",
          "DatabaseArn"
        ],
        "total_optional": 4,
        "output_fields": {
          "Database": {
            "type": "string",
            "description": "Database details",
            "compliance_category": "general",
            "format": "date-time",
            "operators": [
              "equals",
              "not_equals",
              "contains"
            ]
          },
          "Tags": {
            "type": "string",
            "description": "Tags details",
            "compliance_category": "general",
            "operators": [
              "equals",
              "not_equals",
              "contains"
            ]
          }
        },
        "main_output_field": "Database",
        "item_fields": {
          "ApplicationId": {
            "type": "string",
            "description": "Application id",
            "compliance_category": "identity",
            "operators": [
              "equals",
              "not_equals",
              "in",
              "exists"
            ]
          },
          "ComponentId": {
            "type": "string",
            "description": "Component id",
            "compliance_category": "identity",
            "operators": [
              "equals",
              "not_equals",
              "in",
              "exists"
            ]
          },
          "Credentials": {
            "type": "string",
            "description": "Credentials",
            "compliance_category": "general"
          },
          "DatabaseId": {
            "type": "string",
            "description": "Database id",
            "compliance_category": "identity",
            "operators": [
              "equals",
              "not_equals",
              "in",
              "exists"
            ]
          },
          "DatabaseName": {
            "type": "string",
            "description": "Database name",
            "compliance_category": "general",
            "format": "date-time"
          },
          "DatabaseType": {
            "type": "string",
            "description": "Database type",
            "compliance_category": "general",
            "format": "date-time"
          },
          "Arn": {
            "type": "string",
            "description": "Arn",
            "compliance_category": "identity",
            "operators": [
              "equals",
              "not_equals",
              "contains",
              "in",
              "exists"
            ]
          },
          "Status": {
            "type": "string",
            "description": "Status",
            "compliance_category": "general",
            "format": "date-time"
          },
          "PrimaryHost": {
            "type": "string",
            "description": "Primary host",
            "compliance_category": "general"
          },
          "SQLPort": {
            "type": "string",
            "description": "Sql port",
            "compliance_category": "general"
          },
          "LastUpdated": {
            "type": "string",
            "description": "Last updated",
            "compliance_category": "general",
            "format": "date-time"
          },
          "ConnectedComponentArns": {
            "type": "string",
            "description": "Connected component arns",
            "compliance_category": "identity",
            "operators": [
              "equals",
              "not_equals",
              "contains",
              "in",
              "exists"
            ]
          }
        }
      },
      {
        "operation": "ListApplications",
        "python_method": "list_applications",
        "yaml_action": "list_applications",
        "required_params": [],
        "optional_params": [
          "NextToken",
          "MaxResults",
          "Filters"
        ],
        "total_optional": 3,
        "output_fields": {
          "Applications": {
            "type": "string",
            "description": "Applications details",
            "compliance_category": "general",
            "format": "date-time",
            "operators": [
              "equals",
              "not_equals",
              "contains"
            ]
          },
          "NextToken": {
            "type": "string",
            "description": "NextToken details",
            "compliance_category": "general",
            "operators": [
              "equals",
              "not_equals",
              "contains"
            ],
            "security_impact": "high"
          }
        },
        "main_output_field": "Applications",
        "item_fields": {
          "Id": {
            "type": "string",
            "description": "Id",
            "compliance_category": "identity",
            "operators": [
              "equals",
              "not_equals",
              "in",
              "exists"
            ]
          },
          "DiscoveryStatus": {
            "type": "string",
            "description": "Discovery status",
            "compliance_category": "general",
            "format": "date-time"
          },
          "Type": {
            "type": "string",
            "description": "Type",
            "compliance_category": "general"
          },
          "Arn": {
            "type": "string",
            "description": "Arn",
            "compliance_category": "identity",
            "operators": [
              "equals",
              "not_equals",
              "contains",
              "in",
              "exists"
            ]
          },
          "Tags": {
            "type": "array",
            "description": "Tags",
            "compliance_category": "general",
            "operators": [
              "exists",
              "not_empty",
              "contains"
            ]
          }
        }
      },
      {
        "operation": "ListComponents",
        "python_method": "list_components",
        "yaml_action": "list_components",
        "required_params": [],
        "optional_params": [
          "ApplicationId",
          "NextToken",
          "MaxResults"
        ],
        "total_optional": 3,
        "output_fields": {
          "Components": {
            "type": "string",
            "description": "Components details",
            "compliance_category": "general",
            "operators": [
              "equals",
              "not_equals",
              "contains"
            ]
          },
          "NextToken": {
            "type": "string",
            "description": "NextToken details",
            "compliance_category": "general",
            "operators": [
              "equals",
              "not_equals",
              "contains"
            ],
            "security_impact": "high"
          }
        },
        "main_output_field": "Components",
        "item_fields": {
          "ApplicationId": {
            "type": "string",
            "description": "Application id",
            "compliance_category": "identity",
            "operators": [
              "equals",
              "not_equals",
              "in",
              "exists"
            ]
          },
          "ComponentId": {
            "type": "string",
            "description": "Component id",
            "compliance_category": "identity",
            "operators": [
              "equals",
              "not_equals",
              "in",
              "exists"
            ]
          },
          "ComponentType": {
            "type": "string",
            "description": "Component type",
            "compliance_category": "general",
            "format": "date-time"
          },
          "Tags": {
            "type": "array",
            "description": "Tags",
            "compliance_category": "general",
            "operators": [
              "exists",
              "not_empty",
              "contains"
            ]
          },
          "Arn": {
            "type": "string",
            "description": "Arn",
            "compliance_category": "identity",
            "operators": [
              "equals",
              "not_equals",
              "contains",
              "in",
              "exists"
            ]
          }
        }
      },
      {
        "operation": "ListConfigurationCheckDefinitions",
        "python_method": "list_configuration_check_definitions",
        "yaml_action": "list_configuration_check_definitions",
        "required_params": [],
        "optional_params": [
          "MaxResults",
          "NextToken"
        ],
        "total_optional": 2,
        "output_fields": {
          "ConfigurationChecks": {
            "type": "string",
            "description": "ConfigurationChecks details",
            "compliance_category": "general",
            "format": "date-time",
            "operators": [
              "equals",
              "not_equals",
              "contains"
            ]
          },
          "NextToken": {
            "type": "string",
            "description": "NextToken details",
            "compliance_category": "general",
            "operators": [
              "equals",
              "not_equals",
              "contains"
            ],
            "security_impact": "high"
          }
        },
        "main_output_field": "ConfigurationChecks",
        "item_fields": {
          "Id": {
            "type": "string",
            "description": "Id",
            "compliance_category": "identity",
            "operators": [
              "equals",
              "not_equals",
              "in",
              "exists"
            ]
          },
          "Name": {
            "type": "string",
            "description": "Name",
            "compliance_category": "general"
          },
          "Description": {
            "type": "string",
            "description": "Description",
            "compliance_category": "general",
            "format": "date-time"
          },
          "ApplicableApplicationTypes": {
            "type": "string",
            "description": "Applicable application types",
            "compliance_category": "general",
            "format": "date-time"
          }
        }
      },
      {
        "operation": "ListDatabases",
        "python_method": "list_databases",
        "yaml_action": "list_databases",
        "required_params": [],
        "optional_params": [
          "ApplicationId",
          "ComponentId",
          "NextToken",
          "MaxResults"
        ],
        "total_optional": 4,
        "output_fields": {
          "Databases": {
            "type": "string",
            "description": "Databases details",
            "compliance_category": "general",
            "format": "date-time",
            "operators": [
              "equals",
              "not_equals",
              "contains"
            ]
          },
          "NextToken": {
            "type": "string",
            "description": "NextToken details",
            "compliance_category": "general",
            "operators": [
              "equals",
              "not_equals",
              "contains"
            ],
            "security_impact": "high"
          }
        },
        "main_output_field": "Databases",
        "item_fields": {
          "ApplicationId": {
            "type": "string",
            "description": "Application id",
            "compliance_category": "identity",
            "operators": [
              "equals",
              "not_equals",
              "in",
              "exists"
            ]
          },
          "ComponentId": {
            "type": "string",
            "description": "Component id",
            "compliance_category": "identity",
            "operators": [
              "equals",
              "not_equals",
              "in",
              "exists"
            ]
          },
          "DatabaseId": {
            "type": "string",
            "description": "Database id",
            "compliance_category": "identity",
            "operators": [
              "equals",
              "not_equals",
              "in",
              "exists"
            ]
          },
          "DatabaseType": {
            "type": "string",
            "description": "Database type",
            "compliance_category": "general",
            "format": "date-time"
          },
          "Arn": {
            "type": "string",
            "description": "Arn",
            "compliance_category": "identity",
            "operators": [
              "equals",
              "not_equals",
              "contains",
              "in",
              "exists"
            ]
          },
          "Tags": {
            "type": "array",
            "description": "Tags",
            "compliance_category": "general",
            "operators": [
              "exists",
              "not_empty",
              "contains"
            ]
          }
        }
      }
    ],
    "dependent": [
      {
        "operation": "DeleteResourcePermission",
        "python_method": "delete_resource_permission",
        "yaml_action": "delete_resource_permission",
        "required_params": [
          "ResourceArn"
        ],
        "optional_params": [
          "ActionType",
          "SourceResourceArn"
        ],
        "total_optional": 2,
        "output_fields": {
          "Policy": {
            "type": "string",
            "description": "Policy details",
            "compliance_category": "security",
            "operators": [
              "equals",
              "not_equals",
              "in",
              "exists"
            ]
          }
        },
        "main_output_field": "Policy",
        "item_fields": []
      },
      {
        "operation": "DeregisterApplication",
        "python_method": "deregister_application",
        "yaml_action": "deregister_application",
        "required_params": [
          "ApplicationId"
        ],
        "optional_params": [],
        "total_optional": 0,
        "output_fields": {},
        "main_output_field": null,
        "item_fields": []
      },
      {
        "operation": "GetComponent",
        "python_method": "get_component",
        "yaml_action": "get_component",
        "required_params": [
          "ApplicationId",
          "ComponentId"
        ],
        "optional_params": [],
        "total_optional": 0,
        "output_fields": {
          "Component": {
            "type": "string",
            "description": "Component details",
            "compliance_category": "general",
            "operators": [
              "equals",
              "not_equals",
              "contains"
            ]
          },
          "Tags": {
            "type": "string",
            "description": "Tags details",
            "compliance_category": "general",
            "operators": [
              "equals",
              "not_equals",
              "contains"
            ]
          }
        },
        "main_output_field": "Component",
        "item_fields": {
          "ComponentId": {
            "type": "string",
            "description": "Component id",
            "compliance_category": "identity",
            "operators": [
              "equals",
              "not_equals",
              "in",
              "exists"
            ]
          },
          "Sid": {
            "type": "string",
            "description": "Sid",
            "compliance_category": "identity",
            "operators": [
              "equals",
              "not_equals",
              "in",
              "exists"
            ]
          },
          "SystemNumber": {
            "type": "integer",
            "description": "System number",
            "compliance_category": "general"
          },
          "ParentComponent": {
            "type": "string",
            "description": "Parent component",
            "compliance_category": "general",
            "format": "date-time"
          },
          "ChildComponents": {
            "type": "string",
            "description": "Child components",
            "compliance_category": "general",
            "format": "date-time"
          },
          "ApplicationId": {
            "type": "string",
            "description": "Application id",
            "compliance_category": "identity",
            "operators": [
              "equals",
              "not_equals",
              "in",
              "exists"
            ]
          },
          "ComponentType": {
            "type": "string",
            "description": "Component type",
            "compliance_category": "general",
            "format": "date-time"
          },
          "Status": {
            "type": "string",
            "description": "Status",
            "compliance_category": "general",
            "format": "date-time"
          },
          "SapHostname": {
            "type": "string",
            "description": "Sap hostname",
            "compliance_category": "general"
          },
          "SapFeature": {
            "type": "string",
            "description": "Sap feature",
            "compliance_category": "general",
            "format": "date-time"
          },
          "SapKernelVersion": {
            "type": "string",
            "description": "Sap kernel version",
            "compliance_category": "general",
            "format": "date-time"
          },
          "HdbVersion": {
            "type": "string",
            "description": "Hdb version",
            "compliance_category": "general",
            "format": "date-time"
          },
          "Resilience": {
            "type": "string",
            "description": "Resilience",
            "compliance_category": "general"
          },
          "AssociatedHost": {
            "type": "string",
            "description": "Associated host",
            "compliance_category": "general",
            "format": "date-time"
          },
          "Databases": {
            "type": "string",
            "description": "Databases",
            "compliance_category": "general",
            "format": "date-time"
          },
          "Hosts": {
            "type": "string",
            "description": "Hosts",
            "compliance_category": "general"
          },
          "PrimaryHost": {
            "type": "string",
            "description": "Primary host",
            "compliance_category": "general"
          },
          "DatabaseConnection": {
            "type": "string",
            "description": "Database connection",
            "compliance_category": "general",
            "format": "date-time"
          },
          "LastUpdated": {
            "type": "string",
            "description": "Last updated",
            "compliance_category": "general",
            "format": "date-time"
          },
          "Arn": {
            "type": "string",
            "description": "Arn",
            "compliance_category": "identity",
            "operators": [
              "equals",
              "not_equals",
              "contains",
              "in",
              "exists"
            ]
          }
        }
      },
      {
        "operation": "GetConfigurationCheckOperation",
        "python_method": "get_configuration_check_operation",
        "yaml_action": "get_configuration_check_operation",
        "required_params": [
          "OperationId"
        ],
        "optional_params": [],
        "total_optional": 0,
        "output_fields": {
          "ConfigurationCheckOperation": {
            "type": "string",
            "description": "ConfigurationCheckOperation details",
            "compliance_category": "general",
            "format": "date-time",
            "operators": [
              "equals",
              "not_equals",
              "contains"
            ]
          }
        },
        "main_output_field": "ConfigurationCheckOperation",
        "item_fields": {
          "Id": {
            "type": "string",
            "description": "Id",
            "compliance_category": "identity",
            "operators": [
              "equals",
              "not_equals",
              "in",
              "exists"
            ]
          },
          "ApplicationId": {
            "type": "string",
            "description": "Application id",
            "compliance_category": "identity",
            "operators": [
              "equals",
              "not_equals",
              "in",
              "exists"
            ]
          },
          "Status": {
            "type": "string",
            "description": "Status",
            "compliance_category": "general",
            "format": "date-time"
          },
          "StatusMessage": {
            "type": "string",
            "description": "Status message",
            "compliance_category": "general",
            "format": "date-time"
          },
          "ConfigurationCheckId": {
            "type": "string",
            "description": "Configuration check id",
            "compliance_category": "identity",
            "operators": [
              "equals",
              "not_equals",
              "in",
              "exists"
            ]
          },
          "ConfigurationCheckName": {
            "type": "string",
            "description": "Configuration check name",
            "compliance_category": "general",
            "format": "date-time"
          },
          "ConfigurationCheckDescription": {
            "type": "string",
            "description": "Configuration check description",
            "compliance_category": "general",
            "format": "date-time"
          },
          "StartTime": {
            "type": "string",
            "description": "Start time",
            "compliance_category": "general",
            "format": "date-time"
          },
          "EndTime": {
            "type": "string",
            "description": "End time",
            "compliance_category": "general",
            "format": "date-time"
          },
          "RuleStatusCounts": {
            "type": "string",
            "description": "Rule status counts",
            "compliance_category": "general",
            "format": "date-time"
          }
        }
      },
      {
        "operation": "GetOperation",
        "python_method": "get_operation",
        "yaml_action": "get_operation",
        "required_params": [
          "OperationId"
        ],
        "optional_params": [],
        "total_optional": 0,
        "output_fields": {
          "Operation": {
            "type": "string",
            "description": "Operation details",
            "compliance_category": "general",
            "format": "date-time",
            "operators": [
              "equals",
              "not_equals",
              "contains"
            ]
          }
        },
        "main_output_field": "Operation",
        "item_fields": {
          "Id": {
            "type": "string",
            "description": "Id",
            "compliance_category": "identity",
            "operators": [
              "equals",
              "not_equals",
              "in",
              "exists"
            ]
          },
          "Type": {
            "type": "string",
            "description": "Type",
            "compliance_category": "general"
          },
          "Status": {
            "type": "string",
            "description": "Status",
            "compliance_category": "general",
            "format": "date-time"
          },
          "StatusMessage": {
            "type": "string",
            "description": "Status message",
            "compliance_category": "general",
            "format": "date-time"
          },
          "Properties": {
            "type": "string",
            "description": "Properties",
            "compliance_category": "general"
          },
          "ResourceType": {
            "type": "string",
            "description": "Resource type",
            "compliance_category": "general"
          },
          "ResourceId": {
            "type": "string",
            "description": "Resource id",
            "compliance_category": "identity",
            "operators": [
              "equals",
              "not_equals",
              "in",
              "exists"
            ]
          },
          "ResourceArn": {
            "type": "string",
            "description": "Resource arn",
            "compliance_category": "identity",
            "operators": [
              "equals",
              "not_equals",
              "contains",
              "in",
              "exists"
            ]
          },
          "StartTime": {
            "type": "string",
            "description": "Start time",
            "compliance_category": "general",
            "format": "date-time"
          },
          "EndTime": {
            "type": "string",
            "description": "End time",
            "compliance_category": "general",
            "format": "date-time"
          },
          "LastUpdatedTime": {
            "type": "string",
            "description": "Last updated time",
            "compliance_category": "general",
            "format": "date-time"
          }
        }
      },
      {
        "operation": "GetResourcePermission",
        "python_method": "get_resource_permission",
        "yaml_action": "get_resource_permission",
        "required_params": [
          "ResourceArn"
        ],
        "optional_params": [
          "ActionType"
        ],
        "total_optional": 1,
        "output_fields": {
          "Policy": {
            "type": "string",
            "description": "Policy details",
            "compliance_category": "security",
            "operators": [
              "equals",
              "not_equals",
              "in",
              "exists"
            ]
          }
        },
        "main_output_field": "Policy",
        "item_fields": []
      },
      {
        "operation": "ListConfigurationCheckOperations",
        "python_method": "list_configuration_check_operations",
        "yaml_action": "list_configuration_check_operations",
        "required_params": [
          "ApplicationId"
        ],
        "optional_params": [
          "ListMode",
          "MaxResults",
          "NextToken",
          "Filters"
        ],
        "total_optional": 4,
        "output_fields": {
          "ConfigurationCheckOperations": {
            "type": "string",
            "description": "ConfigurationCheckOperations details",
            "compliance_category": "general",
            "format": "date-time",
            "operators": [
              "equals",
              "not_equals",
              "contains"
            ]
          },
          "NextToken": {
            "type": "string",
            "description": "NextToken details",
            "compliance_category": "general",
            "operators": [
              "equals",
              "not_equals",
              "contains"
            ],
            "security_impact": "high"
          }
        },
        "main_output_field": "ConfigurationCheckOperations",
        "item_fields": {
          "Id": {
            "type": "string",
            "description": "Id",
            "compliance_category": "identity",
            "operators": [
              "equals",
              "not_equals",
              "in",
              "exists"
            ]
          },
          "ApplicationId": {
            "type": "string",
            "description": "Application id",
            "compliance_category": "identity",
            "operators": [
              "equals",
              "not_equals",
              "in",
              "exists"
            ]
          },
          "Status": {
            "type": "string",
            "description": "Status",
            "compliance_category": "general",
            "format": "date-time"
          },
          "StatusMessage": {
            "type": "string",
            "description": "Status message",
            "compliance_category": "general",
            "format": "date-time"
          },
          "ConfigurationCheckId": {
            "type": "string",
            "description": "Configuration check id",
            "compliance_category": "identity",
            "operators": [
              "equals",
              "not_equals",
              "in",
              "exists"
            ]
          },
          "ConfigurationCheckName": {
            "type": "string",
            "description": "Configuration check name",
            "compliance_category": "general",
            "format": "date-time"
          },
          "ConfigurationCheckDescription": {
            "type": "string",
            "description": "Configuration check description",
            "compliance_category": "general",
            "format": "date-time"
          },
          "StartTime": {
            "type": "string",
            "description": "Start time",
            "compliance_category": "general",
            "format": "date-time"
          },
          "EndTime": {
            "type": "string",
            "description": "End time",
            "compliance_category": "general",
            "format": "date-time"
          },
          "RuleStatusCounts": {
            "type": "string",
            "description": "Rule status counts",
            "compliance_category": "general",
            "format": "date-time"
          }
        }
      },
      {
        "operation": "ListOperationEvents",
        "python_method": "list_operation_events",
        "yaml_action": "list_operation_events",
        "required_params": [
          "OperationId"
        ],
        "optional_params": [
          "MaxResults",
          "NextToken",
          "Filters"
        ],
        "total_optional": 3,
        "output_fields": {
          "OperationEvents": {
            "type": "string",
            "description": "OperationEvents details",
            "compliance_category": "general",
            "format": "date-time",
            "operators": [
              "equals",
              "not_equals",
              "contains"
            ]
          },
          "NextToken": {
            "type": "string",
            "description": "NextToken details",
            "compliance_category": "general",
            "operators": [
              "equals",
              "not_equals",
              "contains"
            ],
            "security_impact": "high"
          }
        },
        "main_output_field": "OperationEvents",
        "item_fields": {
          "Description": {
            "type": "string",
            "description": "Description",
            "compliance_category": "general",
            "format": "date-time"
          },
          "Resource": {
            "type": "string",
            "description": "Resource",
            "compliance_category": "general"
          },
          "Status": {
            "type": "string",
            "description": "Status",
            "compliance_category": "general",
            "format": "date-time"
          },
          "StatusMessage": {
            "type": "string",
            "description": "Status message",
            "compliance_category": "general",
            "format": "date-time"
          },
          "Timestamp": {
            "type": "string",
            "description": "Timestamp",
            "compliance_category": "general",
            "format": "date-time"
          }
        }
      },
      {
        "operation": "ListOperations",
        "python_method": "list_operations",
        "yaml_action": "list_operations",
        "required_params": [
          "ApplicationId"
        ],
        "optional_params": [
          "MaxResults",
          "NextToken",
          "Filters"
        ],
        "total_optional": 3,
        "output_fields": {
          "Operations": {
            "type": "string",
            "description": "Operations details",
            "compliance_category": "general",
            "format": "date-time",
            "operators": [
              "equals",
              "not_equals",
              "contains"
            ]
          },
          "NextToken": {
            "type": "string",
            "description": "NextToken details",
            "compliance_category": "general",
            "operators": [
              "equals",
              "not_equals",
              "contains"
            ],
            "security_impact": "high"
          }
        },
        "main_output_field": "Operations",
        "item_fields": {
          "Id": {
            "type": "string",
            "description": "Id",
            "compliance_category": "identity",
            "operators": [
              "equals",
              "not_equals",
              "in",
              "exists"
            ]
          },
          "Type": {
            "type": "string",
            "description": "Type",
            "compliance_category": "general"
          },
          "Status": {
            "type": "string",
            "description": "Status",
            "compliance_category": "general",
            "format": "date-time"
          },
          "StatusMessage": {
            "type": "string",
            "description": "Status message",
            "compliance_category": "general",
            "format": "date-time"
          },
          "Properties": {
            "type": "string",
            "description": "Properties",
            "compliance_category": "general"
          },
          "ResourceType": {
            "type": "string",
            "description": "Resource type",
            "compliance_category": "general"
          },
          "ResourceId": {
            "type": "string",
            "description": "Resource id",
            "compliance_category": "identity",
            "operators": [
              "equals",
              "not_equals",
              "in",
              "exists"
            ]
          },
          "ResourceArn": {
            "type": "string",
            "description": "Resource arn",
            "compliance_category": "identity",
            "operators": [
              "equals",
              "not_equals",
              "contains",
              "in",
              "exists"
            ]
          },
          "StartTime": {
            "type": "string",
            "description": "Start time",
            "compliance_category": "general",
            "format": "date-time"
          },
          "EndTime": {
            "type": "string",
            "description": "End time",
            "compliance_category": "general",
            "format": "date-time"
          },
          "LastUpdatedTime": {
            "type": "string",
            "description": "Last updated time",
            "compliance_category": "general",
            "format": "date-time"
          }
        }
      },
      {
        "operation": "ListSubCheckResults",
        "python_method": "list_sub_check_results",
        "yaml_action": "list_sub_check_results",
        "required_params": [
          "OperationId"
        ],
        "optional_params": [
          "MaxResults",
          "NextToken"
        ],
        "total_optional": 2,
        "output_fields": {
          "SubCheckResults": {
            "type": "string",
            "description": "SubCheckResults details",
            "compliance_category": "general",
            "operators": [
              "equals",
              "not_equals",
              "contains"
            ]
          },
          "NextToken": {
            "type": "string",
            "description": "NextToken details",
            "compliance_category": "general",
            "operators": [
              "equals",
              "not_equals",
              "contains"
            ],
            "security_impact": "high"
          }
        },
        "main_output_field": "SubCheckResults",
        "item_fields": {
          "Id": {
            "type": "string",
            "description": "Id",
            "compliance_category": "identity",
            "operators": [
              "equals",
              "not_equals",
              "in",
              "exists"
            ]
          },
          "Name": {
            "type": "string",
            "description": "Name",
            "compliance_category": "general"
          },
          "Description": {
            "type": "string",
            "description": "Description",
            "compliance_category": "general",
            "format": "date-time"
          },
          "References": {
            "type": "string",
            "description": "References",
            "compliance_category": "general"
          }
        }
      },
      {
        "operation": "ListSubCheckRuleResults",
        "python_method": "list_sub_check_rule_results",
        "yaml_action": "list_sub_check_rule_results",
        "required_params": [
          "SubCheckResultId"
        ],
        "optional_params": [
          "MaxResults",
          "NextToken"
        ],
        "total_optional": 2,
        "output_fields": {
          "RuleResults": {
            "type": "string",
            "description": "RuleResults details",
            "compliance_category": "general",
            "operators": [
              "equals",
              "not_equals",
              "contains"
            ]
          },
          "NextToken": {
            "type": "string",
            "description": "NextToken details",
            "compliance_category": "general",
            "operators": [
              "equals",
              "not_equals",
              "contains"
            ],
            "security_impact": "high"
          }
        },
        "main_output_field": "RuleResults",
        "item_fields": {
          "Id": {
            "type": "string",
            "description": "Id",
            "compliance_category": "identity",
            "operators": [
              "equals",
              "not_equals",
              "in",
              "exists"
            ]
          },
          "Description": {
            "type": "string",
            "description": "Description",
            "compliance_category": "general",
            "format": "date-time"
          },
          "Status": {
            "type": "string",
            "description": "Status",
            "compliance_category": "general",
            "format": "date-time"
          },
          "Message": {
            "type": "string",
            "description": "Message",
            "compliance_category": "general"
          },
          "Metadata": {
            "type": "string",
            "description": "Metadata",
            "compliance_category": "general",
            "format": "date-time"
          }
        }
      },
      {
        "operation": "ListTagsForResource",
        "python_method": "list_tags_for_resource",
        "yaml_action": "list_tags_for_resource",
        "required_params": [
          "resourceArn"
        ],
        "optional_params": [],
        "total_optional": 0,
        "output_fields": {
          "tags": {
            "type": "string",
            "description": "Resource tags (key-value pairs)",
            "compliance_category": "general",
            "operators": [
              "equals",
              "not_equals",
              "contains"
            ]
          }
        },
        "main_output_field": "tags",
        "item_fields": []
      },
      {
        "operation": "PutResourcePermission",
        "python_method": "put_resource_permission",
        "yaml_action": "put_resource_permission",
        "required_params": [
          "ActionType",
          "SourceResourceArn",
          "ResourceArn"
        ],
        "optional_params": [],
        "total_optional": 0,
        "output_fields": {
          "Policy": {
            "type": "string",
            "description": "Policy details",
            "compliance_category": "security",
            "operators": [
              "equals",
              "not_equals",
              "in",
              "exists"
            ]
          }
        },
        "main_output_field": "Policy",
        "item_fields": []
      },
      {
        "operation": "RegisterApplication",
        "python_method": "register_application",
        "yaml_action": "register_application",
        "required_params": [
          "ApplicationId",
          "ApplicationType",
          "Instances"
        ],
        "optional_params": [
          "SapInstanceNumber",
          "Sid",
          "Tags",
          "Credentials",
          "DatabaseArn"
        ],
        "total_optional": 6,
        "output_fields": {
          "Application": {
            "type": "string",
            "description": "Application details",
            "compliance_category": "general",
            "format": "date-time",
            "operators": [
              "equals",
              "not_equals",
              "contains"
            ]
          },
          "OperationId": {
            "type": "string",
            "description": "OperationId details",
            "compliance_category": "identity",
            "format": "date-time",
            "operators": [
              "equals",
              "not_equals",
              "contains",
              "in",
              "exists"
            ]
          }
        },
        "main_output_field": "Application",
        "item_fields": {
          "Id": {
            "type": "string",
            "description": "Id",
            "compliance_category": "identity",
            "operators": [
              "equals",
              "not_equals",
              "in",
              "exists"
            ]
          },
          "Type": {
            "type": "string",
            "description": "Type",
            "compliance_category": "general"
          },
          "Arn": {
            "type": "string",
            "description": "Arn",
            "compliance_category": "identity",
            "operators": [
              "equals",
              "not_equals",
              "contains",
              "in",
              "exists"
            ]
          },
          "AppRegistryArn": {
            "type": "string",
            "description": "App registry arn",
            "compliance_category": "identity",
            "operators": [
              "equals",
              "not_equals",
              "contains",
              "in",
              "exists"
            ]
          },
          "Status": {
            "type": "string",
            "description": "Status",
            "compliance_category": "general",
            "format": "date-time"
          },
          "DiscoveryStatus": {
            "type": "string",
            "description": "Discovery status",
            "compliance_category": "general",
            "format": "date-time"
          },
          "Components": {
            "type": "string",
            "description": "Components",
            "compliance_category": "general",
            "format": "date-time"
          },
          "LastUpdated": {
            "type": "string",
            "description": "Last updated",
            "compliance_category": "general",
            "format": "date-time"
          },
          "StatusMessage": {
            "type": "string",
            "description": "Status message",
            "compliance_category": "general",
            "format": "date-time"
          },
          "AssociatedApplicationArns": {
            "type": "string",
            "description": "Associated application arns",
            "compliance_category": "identity",
            "operators": [
              "equals",
              "not_equals",
              "contains",
              "in",
              "exists"
            ]
          }
        }
      },
      {
        "operation": "StartApplication",
        "python_method": "start_application",
        "yaml_action": "start_application",
        "required_params": [
          "ApplicationId"
        ],
        "optional_params": [],
        "total_optional": 0,
        "output_fields": {
          "OperationId": {
            "type": "string",
            "description": "OperationId details",
            "compliance_category": "identity",
            "format": "date-time",
            "operators": [
              "equals",
              "not_equals",
              "contains",
              "in",
              "exists"
            ]
          }
        },
        "main_output_field": "OperationId",
        "item_fields": []
      },
      {
        "operation": "StartApplicationRefresh",
        "python_method": "start_application_refresh",
        "yaml_action": "start_application_refresh",
        "required_params": [
          "ApplicationId"
        ],
        "optional_params": [],
        "total_optional": 0,
        "output_fields": {
          "OperationId": {
            "type": "string",
            "description": "OperationId details",
            "compliance_category": "identity",
            "format": "date-time",
            "operators": [
              "equals",
              "not_equals",
              "contains",
              "in",
              "exists"
            ]
          }
        },
        "main_output_field": "OperationId",
        "item_fields": []
      },
      {
        "operation": "StartConfigurationChecks",
        "python_method": "start_configuration_checks",
        "yaml_action": "start_configuration_checks",
        "required_params": [
          "ApplicationId"
        ],
        "optional_params": [
          "ConfigurationCheckIds"
        ],
        "total_optional": 1,
        "output_fields": {
          "ConfigurationCheckOperations": {
            "type": "string",
            "description": "ConfigurationCheckOperations details",
            "compliance_category": "general",
            "format": "date-time",
            "operators": [
              "equals",
              "not_equals",
              "contains"
            ]
          }
        },
        "main_output_field": "ConfigurationCheckOperations",
        "item_fields": {
          "Id": {
            "type": "string",
            "description": "Id",
            "compliance_category": "identity",
            "operators": [
              "equals",
              "not_equals",
              "in",
              "exists"
            ]
          },
          "ApplicationId": {
            "type": "string",
            "description": "Application id",
            "compliance_category": "identity",
            "operators": [
              "equals",
              "not_equals",
              "in",
              "exists"
            ]
          },
          "Status": {
            "type": "string",
            "description": "Status",
            "compliance_category": "general",
            "format": "date-time"
          },
          "StatusMessage": {
            "type": "string",
            "description": "Status message",
            "compliance_category": "general",
            "format": "date-time"
          },
          "ConfigurationCheckId": {
            "type": "string",
            "description": "Configuration check id",
            "compliance_category": "identity",
            "operators": [
              "equals",
              "not_equals",
              "in",
              "exists"
            ]
          },
          "ConfigurationCheckName": {
            "type": "string",
            "description": "Configuration check name",
            "compliance_category": "general",
            "format": "date-time"
          },
          "ConfigurationCheckDescription": {
            "type": "string",
            "description": "Configuration check description",
            "compliance_category": "general",
            "format": "date-time"
          },
          "StartTime": {
            "type": "string",
            "description": "Start time",
            "compliance_category": "general",
            "format": "date-time"
          },
          "EndTime": {
            "type": "string",
            "description": "End time",
            "compliance_category": "general",
            "format": "date-time"
          },
          "RuleStatusCounts": {
            "type": "string",
            "description": "Rule status counts",
            "compliance_category": "general",
            "format": "date-time"
          }
        }
      },
      {
        "operation": "StopApplication",
        "python_method": "stop_application",
        "yaml_action": "stop_application",
        "required_params": [
          "ApplicationId"
        ],
        "optional_params": [
          "StopConnectedEntity",
          "IncludeEc2InstanceShutdown"
        ],
        "total_optional": 2,
        "output_fields": {
          "OperationId": {
            "type": "string",
            "description": "OperationId details",
            "compliance_category": "identity",
            "format": "date-time",
            "operators": [
              "equals",
              "not_equals",
              "contains",
              "in",
              "exists"
            ]
          }
        },
        "main_output_field": "OperationId",
        "item_fields": []
      },
      {
        "operation": "TagResource",
        "python_method": "tag_resource",
        "yaml_action": "tag_resource",
        "required_params": [
          "resourceArn",
          "tags"
        ],
        "optional_params": [],
        "total_optional": 0,
        "output_fields": {},
        "main_output_field": null,
        "item_fields": []
      },
      {
        "operation": "UntagResource",
        "python_method": "untag_resource",
        "yaml_action": "untag_resource",
        "required_params": [
          "resourceArn",
          "tagKeys"
        ],
        "optional_params": [],
        "total_optional": 0,
        "output_fields": {},
        "main_output_field": null,
        "item_fields": []
      },
      {
        "operation": "UpdateApplicationSettings",
        "python_method": "update_application_settings",
        "yaml_action": "update_application_settings",
        "required_params": [
          "ApplicationId"
        ],
        "optional_params": [
          "CredentialsToAddOrUpdate",
          "CredentialsToRemove",
          "Backint",
          "DatabaseArn"
        ],
        "total_optional": 4,
        "output_fields": {
          "Message": {
            "type": "string",
            "description": "Message details",
            "compliance_category": "general",
            "operators": [
              "equals",
              "not_equals",
              "contains"
            ]
          },
          "OperationIds": {
            "type": "string",
            "description": "OperationIds details",
            "compliance_category": "identity",
            "format": "date-time",
            "operators": [
              "equals",
              "not_equals",
              "contains",
              "in",
              "exists"
            ]
          }
        },
        "main_output_field": "OperationIds",
        "item_fields": []
      }
    ],
    "independent_count": 6,
    "dependent_count": 21
  }
}