{
  "service": "ssm-sap",
  "fixes": [
    {
      "rule_id": "GetApplication.Application.Id -> ssm-sap.application_id",
      "suggested_check": {
        "var": "ApplicationId",
        "op": "equals",
        "value": "true",
        "derived": null,
        "derive_key": null
      },
      "suggested_aliases": {
        "entity_aliases": {
          "ssm-sap.application_id": "ApplicationId"
        },
        "param_aliases": {}
      },
      "confidence": 0.9,
      "reason": "ApplicationId directly corresponds to the application ID in the context of the SSM SAP service."
    },
    {
      "rule_id": "ListApplications.Applications[].Id -> ssm-sap.application_id",
      "suggested_check": {
        "var": "ApplicationId",
        "op": "equals",
        "value": "true",
        "derived": null,
        "derive_key": null
      },
      "suggested_aliases": {
        "entity_aliases": {
          "ssm-sap.application_id": "ApplicationId"
        },
        "param_aliases": {}
      },
      "confidence": 0.9,
      "reason": "ApplicationId directly corresponds to the application ID in the context of the SSM SAP service."
    },
    {
      "rule_id": "ListConfigurationCheckDefinitions.ConfigurationChecks[].Id -> ssm-sap.configuration_check_id",
      "suggested_check": {
        "var": "ConfigurationCheckId",
        "op": "equals",
        "value": "true",
        "derived": null,
        "derive_key": null
      },
      "suggested_aliases": {
        "entity_aliases": {
          "ssm-sap.configuration_check_id": "ConfigurationCheckId"
        },
        "param_aliases": {}
      },
      "confidence": 0.85,
      "reason": "ConfigurationCheckId directly corresponds to the configuration check ID in the context of the SSM SAP service."
    },
    {
      "rule_id": "GetConfigurationCheckOperation.ConfigurationCheckOperation.Id -> ssm-sap.operation_id",
      "suggested_check": {
        "var": "Operation",
        "op": "equals",
        "value": "true",
        "derived": null,
        "derive_key": null
      },
      "suggested_aliases": {
        "entity_aliases": {
          "ssm-sap.operation_id": "Operation"
        },
        "param_aliases": {}
      },
      "confidence": 0.8,
      "reason": "Operation directly corresponds to the operation ID in the context of the SSM SAP service."
    },
    {
      "rule_id": "GetOperation.Operation.Id -> ssm-sap.operation_id",
      "suggested_check": {
        "var": "Operation",
        "op": "equals",
        "value": "true",
        "derived": null,
        "derive_key": null
      },
      "suggested_aliases": {
        "entity_aliases": {
          "ssm-sap.operation_id": "Operation"
        },
        "param_aliases": {}
      },
      "confidence": 0.8,
      "reason": "Operation directly corresponds to the operation ID in the context of the SSM SAP service."
    },
    {
      "rule_id": "ListConfigurationCheckOperations.ConfigurationCheckOperations[].Id -> ssm-sap.operation_id",
      "suggested_check": {
        "var": "Operation",
        "op": "equals",
        "value": "true",
        "derived": null,
        "derive_key": null
      },
      "suggested_aliases": {
        "entity_aliases": {
          "ssm-sap.operation_id": "Operation"
        },
        "param_aliases": {}
      },
      "confidence": 0.8,
      "reason": "Operation directly corresponds to the operation ID in the context of the SSM SAP service."
    },
    {
      "rule_id": "ListOperations.Operations[].Id -> ssm-sap.operation_id",
      "suggested_check": {
        "var": "Operation",
        "op": "equals",
        "value": "true",
        "derived": null,
        "derive_key": null
      },
      "suggested_aliases": {
        "entity_aliases": {
          "ssm-sap.operation_id": "Operation"
        },
        "param_aliases": {}
      },
      "confidence": 0.8,
      "reason": "Operation directly corresponds to the operation ID in the context of the SSM SAP service."
    },
    {
      "rule_id": "ListSubCheckResults.SubCheckResults[].Id -> ssm-sap.sub_check_result_id",
      "suggested_check": {
        "var": "ComponentId",
        "op": "equals",
        "value": "true",
        "derived": null,
        "derive_key": null
      },
      "suggested_aliases": {
        "entity_aliases": {
          "ssm-sap.sub_check_result_id": "ComponentId"
        },
        "param_aliases": {}
      },
      "confidence": 0.85,
      "reason": "ComponentId can be interpreted as a unique identifier for sub-check results in the context of the SSM SAP service."
    },
    {
      "rule_id": "ListSubCheckRuleResults.RuleResults[].Id -> ssm-sap.rule_result_id",
      "suggested_check": {
        "var": "ComponentId",
        "op": "equals",
        "value": "true",
        "derived": null,
        "derive_key": null
      },
      "suggested_aliases": {
        "entity_aliases": {
          "ssm-sap.rule_result_id": "ComponentId"
        },
        "param_aliases": {}
      },
      "confidence": 0.85,
      "reason": "ComponentId can be interpreted as a unique identifier for rule results in the context of the SSM SAP service."
    },
    {
      "rule_id": "RegisterApplication.Application.Id -> ssm-sap.application_id",
      "suggested_check": {
        "var": "ApplicationId",
        "op": "equals",
        "value": "true",
        "derived": null,
        "derive_key": null
      },
      "suggested_aliases": {
        "entity_aliases": {
          "ssm-sap.application_id": "ApplicationId"
        },
        "param_aliases": {}
      },
      "confidence": 0.9,
      "reason": "ApplicationId directly corresponds to the application ID in the context of the SSM SAP service."
    },
    {
      "type": "llm_fix",
      "original": "GetApplication.Application.Id -> ssm-sap.application_id",
      "fix": {
        "var": "ApplicationId",
        "op": "equals",
        "value": "true",
        "derived": null,
        "derive_key": null
      },
      "confidence": 0.9,
      "reason": "ApplicationId directly corresponds to the application ID in the context of SSM SAP.",
      "aliases": {
        "entity_aliases": {
          "ssm-sap.application_id": "ApplicationId"
        },
        "param_aliases": {}
      }
    },
    {
      "type": "llm_fix",
      "original": "ListApplications.Applications[].Id -> ssm-sap.application_id",
      "fix": {
        "var": "ApplicationId",
        "op": "equals",
        "value": "true",
        "derived": null,
        "derive_key": null
      },
      "confidence": 0.9,
      "reason": "ApplicationId directly corresponds to the application ID in the context of SSM SAP.",
      "aliases": {
        "entity_aliases": {
          "ssm-sap.application_id": "ApplicationId"
        },
        "param_aliases": {}
      }
    },
    {
      "type": "llm_fix",
      "original": "ListConfigurationCheckDefinitions.ConfigurationChecks[].Id -> ssm-sap.configuration_check_id",
      "fix": {
        "var": "ConfigurationCheckId",
        "op": "equals",
        "value": "true",
        "derived": null,
        "derive_key": null
      },
      "confidence": 0.85,
      "reason": "ConfigurationCheckId directly corresponds to the configuration check ID in the context of SSM SAP.",
      "aliases": {
        "entity_aliases": {
          "ssm-sap.configuration_check_id": "ConfigurationCheckId"
        },
        "param_aliases": {}
      }
    },
    {
      "type": "llm_fix",
      "original": "GetConfigurationCheckOperation.ConfigurationCheckOperation.Id -> ssm-sap.operation_id",
      "fix": {
        "var": "Operation",
        "op": "equals",
        "value": "true",
        "derived": null,
        "derive_key": null
      },
      "confidence": 0.9,
      "reason": "Operation directly corresponds to the operation ID in the context of SSM SAP.",
      "aliases": {
        "entity_aliases": {
          "ssm-sap.operation_id": "Operation"
        },
        "param_aliases": {}
      }
    },
    {
      "type": "llm_fix",
      "original": "GetOperation.Operation.Id -> ssm-sap.operation_id",
      "fix": {
        "var": "Operation",
        "op": "equals",
        "value": "true",
        "derived": null,
        "derive_key": null
      },
      "confidence": 0.9,
      "reason": "Operation directly corresponds to the operation ID in the context of SSM SAP.",
      "aliases": {
        "entity_aliases": {
          "ssm-sap.operation_id": "Operation"
        },
        "param_aliases": {}
      }
    },
    {
      "type": "llm_fix",
      "original": "ListConfigurationCheckOperations.ConfigurationCheckOperations[].Id -> ssm-sap.operation_id",
      "fix": {
        "var": "Operation",
        "op": "equals",
        "value": "true",
        "derived": null,
        "derive_key": null
      },
      "confidence": 0.9,
      "reason": "Operation directly corresponds to the operation ID in the context of SSM SAP.",
      "aliases": {
        "entity_aliases": {
          "ssm-sap.operation_id": "Operation"
        },
        "param_aliases": {}
      }
    },
    {
      "type": "llm_fix",
      "original": "ListOperations.Operations[].Id -> ssm-sap.operation_id",
      "fix": {
        "var": "Operation",
        "op": "equals",
        "value": "true",
        "derived": null,
        "derive_key": null
      },
      "confidence": 0.9,
      "reason": "Operation directly corresponds to the operation ID in the context of SSM SAP.",
      "aliases": {
        "entity_aliases": {
          "ssm-sap.operation_id": "Operation"
        },
        "param_aliases": {}
      }
    },
    {
      "type": "llm_fix",
      "original": "RegisterApplication.Application.Id -> ssm-sap.application_id",
      "fix": {
        "var": "ApplicationId",
        "op": "equals",
        "value": "true",
        "derived": null,
        "derive_key": null
      },
      "confidence": 0.9,
      "reason": "ApplicationId directly corresponds to the application ID in the context of SSM SAP.",
      "aliases": {
        "entity_aliases": {
          "ssm-sap.application_id": "ApplicationId"
        },
        "param_aliases": {}
      }
    }
  ],
  "summary": {
    "total_fixes": 18,
    "remaining_unresolved": 31
  }
}