{
  "service": "ssm-sap",
  "version": "1.0",
  "kind_rules": {
    "read_list": ["List"],
    "read_get": ["Get", "Describe"],
    "write_create": ["Create", "Start", "Generate", "Import", "Enable", "Register"],
    "write_update": ["Update", "Modify", "Put", "Set", "Change", "Reset", "Patch"],
    "write_delete": ["Delete", "Remove", "Terminate", "Destroy", "Disable", "Detach", "Disassociate", "Untag", "Revoke"],
    "write_apply": ["Apply", "Attach", "Associate", "Add", "Tag", "Authorize", "Unauthorize", "Grant"],
    "other": ["default"]
  },
  "entity_aliases": {
    "ssm-sap.component_application_id": "ssm-sap.application_id",
    "ssm-sap.configuration_check_operation_id": "ssm-sap.operation_id",
    "ssm-sap.database_component_id": "ssm-sap.component_id",
    "ssm-sap.configuration_check_operation_application_id": "ssm-sap.application_id",
    "ssm-sap.databas_component_id": "ssm-sap.component_id",
    "ssm-sap.database_application_id": "ssm-sap.application_id",
    "ssm-sap.operation_resource_arn": "ssm-sap.resource_arn",
    "ssm-sap.databas_application_id": "ssm-sap.application_id"
  },
  "overrides": {},
  "operations": {
    "GetApplication": {
      "kind": "read_get",
      "side_effect": false,
      "sdk": {"client": "ssm-sap", "method": "get_application"},
      "consumes": [],
      "produces": [{"entity": "ssm-sap.application", "source": "output", "path": "Application"}, {"entity": "ssm-sap.tags", "source": "output", "path": "Tags"}, {"entity": "ssm-sap.application_id", "source": "item", "path": "Application.Id"}, {"entity": "ssm-sap.application_type", "source": "item", "path": "Application.Type"}, {"entity": "ssm-sap.application_arn", "source": "item", "path": "Application.Arn"}, {"entity": "ssm-sap.application_app_registry_arn", "source": "item", "path": "Application.AppRegistryArn"}, {"entity": "ssm-sap.application_status", "source": "item", "path": "Application.Status"}, {"entity": "ssm-sap.application_discovery_status", "source": "item", "path": "Application.DiscoveryStatus"}, {"entity": "ssm-sap.application_components", "source": "item", "path": "Application.Components"}, {"entity": "ssm-sap.application_last_updated", "source": "item", "path": "Application.LastUpdated"}, {"entity": "ssm-sap.application_status_message", "source": "item", "path": "Application.StatusMessage"}, {"entity": "ssm-sap.application_associated_application_arns", "source": "item", "path": "Application.AssociatedApplicationArns"}],
      "notes": ""
    },
    "GetDatabase": {
      "kind": "read_get",
      "side_effect": false,
      "sdk": {"client": "ssm-sap", "method": "get_database"},
      "consumes": [],
      "produces": [{"entity": "ssm-sap.database", "source": "output", "path": "Database"}, {"entity": "ssm-sap.tags", "source": "output", "path": "Tags"}, {"entity": "ssm-sap.application_id", "source": "item", "path": "Database.ApplicationId"}, {"entity": "ssm-sap.component_id", "source": "item", "path": "Database.ComponentId"}, {"entity": "ssm-sap.database_credentials", "source": "item", "path": "Database.Credentials"}, {"entity": "ssm-sap.database_id", "source": "item", "path": "Database.DatabaseId"}, {"entity": "ssm-sap.database_name", "source": "item", "path": "Database.DatabaseName"}, {"entity": "ssm-sap.database_type", "source": "item", "path": "Database.DatabaseType"}, {"entity": "ssm-sap.database_arn", "source": "item", "path": "Database.Arn"}, {"entity": "ssm-sap.database_status", "source": "item", "path": "Database.Status"}, {"entity": "ssm-sap.database_primary_host", "source": "item", "path": "Database.PrimaryHost"}, {"entity": "ssm-sap.database_sql_port", "source": "item", "path": "Database.SQLPort"}, {"entity": "ssm-sap.database_last_updated", "source": "item", "path": "Database.LastUpdated"}, {"entity": "ssm-sap.database_connected_component_arns", "source": "item", "path": "Database.ConnectedComponentArns"}],
      "notes": ""
    },
    "ListApplications": {
      "kind": "read_list",
      "side_effect": false,
      "sdk": {"client": "ssm-sap", "method": "list_applications"},
      "consumes": [],
      "produces": [{"entity": "ssm-sap.applications", "source": "output", "path": "Applications"}, {"entity": "ssm-sap.next_token", "source": "output", "path": "NextToken"}, {"entity": "ssm-sap.application_id", "source": "item", "path": "Applications[].Id"}, {"entity": "ssm-sap.application_discovery_status", "source": "item", "path": "Applications[].DiscoveryStatus"}, {"entity": "ssm-sap.application_type", "source": "item", "path": "Applications[].Type"}, {"entity": "ssm-sap.application_arn", "source": "item", "path": "Applications[].Arn"}, {"entity": "ssm-sap.application_tags", "source": "item", "path": "Applications[].Tags"}],
      "notes": ""
    },
    "ListComponents": {
      "kind": "read_list",
      "side_effect": false,
      "sdk": {"client": "ssm-sap", "method": "list_components"},
      "consumes": [],
      "produces": [{"entity": "ssm-sap.components", "source": "output", "path": "Components"}, {"entity": "ssm-sap.next_token", "source": "output", "path": "NextToken"}, {"entity": "ssm-sap.application_id", "source": "item", "path": "Components[].ApplicationId"}, {"entity": "ssm-sap.component_id", "source": "item", "path": "Components[].ComponentId"}, {"entity": "ssm-sap.component_type", "source": "item", "path": "Components[].ComponentType"}, {"entity": "ssm-sap.component_tags", "source": "item", "path": "Components[].Tags"}, {"entity": "ssm-sap.component_arn", "source": "item", "path": "Components[].Arn"}],
      "notes": ""
    },
    "ListConfigurationCheckDefinitions": {
      "kind": "read_list",
      "side_effect": false,
      "sdk": {"client": "ssm-sap", "method": "list_configuration_check_definitions"},
      "consumes": [],
      "produces": [{"entity": "ssm-sap.configuration_checks", "source": "output", "path": "ConfigurationChecks"}, {"entity": "ssm-sap.next_token", "source": "output", "path": "NextToken"}, {"entity": "ssm-sap.configuration_check_id", "source": "item", "path": "ConfigurationChecks[].Id"}, {"entity": "ssm-sap.configuration_check_name", "source": "item", "path": "ConfigurationChecks[].Name"}, {"entity": "ssm-sap.configuration_check_description", "source": "item", "path": "ConfigurationChecks[].Description"}, {"entity": "ssm-sap.configuration_check_applicable_application_types", "source": "item", "path": "ConfigurationChecks[].ApplicableApplicationTypes"}],
      "notes": ""
    },
    "ListDatabases": {
      "kind": "read_list",
      "side_effect": false,
      "sdk": {"client": "ssm-sap", "method": "list_databases"},
      "consumes": [],
      "produces": [{"entity": "ssm-sap.databases", "source": "output", "path": "Databases"}, {"entity": "ssm-sap.next_token", "source": "output", "path": "NextToken"}, {"entity": "ssm-sap.application_id", "source": "item", "path": "Databases[].ApplicationId"}, {"entity": "ssm-sap.component_id", "source": "item", "path": "Databases[].ComponentId"}, {"entity": "ssm-sap.databas_database_id", "source": "item", "path": "Databases[].DatabaseId"}, {"entity": "ssm-sap.databas_database_type", "source": "item", "path": "Databases[].DatabaseType"}, {"entity": "ssm-sap.databas_arn", "source": "item", "path": "Databases[].Arn"}, {"entity": "ssm-sap.databas_tags", "source": "item", "path": "Databases[].Tags"}],
      "notes": ""
    },
    "DeleteResourcePermission": {
      "kind": "write_delete",
      "side_effect": true,
      "sdk": {"client": "ssm-sap", "method": "delete_resource_permission"},
      "consumes": [{"entity": "ssm-sap.resource_arn", "param": "ResourceArn", "required": true, "source": "internal"}],
      "produces": [{"entity": "ssm-sap.policy", "source": "output", "path": "Policy"}],
      "notes": ""
    },
    "DeregisterApplication": {
      "kind": "other",
      "side_effect": true,
      "sdk": {"client": "ssm-sap", "method": "deregister_application"},
      "consumes": [{"entity": "ssm-sap.application_id", "param": "ApplicationId", "required": true, "source": "internal"}],
      "produces": [],
      "notes": ""
    },
    "GetComponent": {
      "kind": "read_get",
      "side_effect": false,
      "sdk": {"client": "ssm-sap", "method": "get_component"},
      "consumes": [{"entity": "ssm-sap.application_id", "param": "ApplicationId", "required": true, "source": "internal"}, {"entity": "ssm-sap.component_id", "param": "ComponentId", "required": true, "source": "internal"}],
      "produces": [{"entity": "ssm-sap.component", "source": "output", "path": "Component"}, {"entity": "ssm-sap.tags", "source": "output", "path": "Tags"}, {"entity": "ssm-sap.component_id", "source": "item", "path": "Component.ComponentId"}, {"entity": "ssm-sap.component_sid", "source": "item", "path": "Component.Sid"}, {"entity": "ssm-sap.component_system_number", "source": "item", "path": "Component.SystemNumber"}, {"entity": "ssm-sap.component_parent_component", "source": "item", "path": "Component.ParentComponent"}, {"entity": "ssm-sap.component_child_components", "source": "item", "path": "Component.ChildComponents"}, {"entity": "ssm-sap.application_id", "source": "item", "path": "Component.ApplicationId"}, {"entity": "ssm-sap.component_type", "source": "item", "path": "Component.ComponentType"}, {"entity": "ssm-sap.component_status", "source": "item", "path": "Component.Status"}, {"entity": "ssm-sap.component_sap_hostname", "source": "item", "path": "Component.SapHostname"}, {"entity": "ssm-sap.component_sap_feature", "source": "item", "path": "Component.SapFeature"}, {"entity": "ssm-sap.component_sap_kernel_version", "source": "item", "path": "Component.SapKernelVersion"}, {"entity": "ssm-sap.component_hdb_version", "source": "item", "path": "Component.HdbVersion"}, {"entity": "ssm-sap.component_resilience", "source": "item", "path": "Component.Resilience"}, {"entity": "ssm-sap.component_associated_host", "source": "item", "path": "Component.AssociatedHost"}, {"entity": "ssm-sap.component_databases", "source": "item", "path": "Component.Databases"}, {"entity": "ssm-sap.component_hosts", "source": "item", "path": "Component.Hosts"}, {"entity": "ssm-sap.component_primary_host", "source": "item", "path": "Component.PrimaryHost"}, {"entity": "ssm-sap.component_database_connection", "source": "item", "path": "Component.DatabaseConnection"}, {"entity": "ssm-sap.component_last_updated", "source": "item", "path": "Component.LastUpdated"}, {"entity": "ssm-sap.component_arn", "source": "item", "path": "Component.Arn"}],
      "notes": ""
    },
    "GetConfigurationCheckOperation": {
      "kind": "read_get",
      "side_effect": false,
      "sdk": {"client": "ssm-sap", "method": "get_configuration_check_operation"},
      "consumes": [{"entity": "ssm-sap.operation_id", "param": "OperationId", "required": true, "source": "internal"}],
      "produces": [{"entity": "ssm-sap.configuration_check_operation", "source": "output", "path": "ConfigurationCheckOperation"}, {"entity": "ssm-sap.operation_id", "source": "item", "path": "ConfigurationCheckOperation.Id"}, {"entity": "ssm-sap.application_id", "source": "item", "path": "ConfigurationCheckOperation.ApplicationId"}, {"entity": "ssm-sap.configuration_check_operation_status", "source": "item", "path": "ConfigurationCheckOperation.Status"}, {"entity": "ssm-sap.configuration_check_operation_status_message", "source": "item", "path": "ConfigurationCheckOperation.StatusMessage"}, {"entity": "ssm-sap.configuration_check_operation_configuration_check_id", "source": "item", "path": "ConfigurationCheckOperation.ConfigurationCheckId"}, {"entity": "ssm-sap.configuration_check_operation_configuration_check_name", "source": "item", "path": "ConfigurationCheckOperation.ConfigurationCheckName"}, {"entity": "ssm-sap.configuration_check_operation_configuration_check_description", "source": "item", "path": "ConfigurationCheckOperation.ConfigurationCheckDescription"}, {"entity": "ssm-sap.configuration_check_operation_start_time", "source": "item", "path": "ConfigurationCheckOperation.StartTime"}, {"entity": "ssm-sap.configuration_check_operation_end_time", "source": "item", "path": "ConfigurationCheckOperation.EndTime"}, {"entity": "ssm-sap.configuration_check_operation_rule_status_counts", "source": "item", "path": "ConfigurationCheckOperation.RuleStatusCounts"}],
      "notes": ""
    },
    "GetOperation": {
      "kind": "read_get",
      "side_effect": false,
      "sdk": {"client": "ssm-sap", "method": "get_operation"},
      "consumes": [{"entity": "ssm-sap.operation_id", "param": "OperationId", "required": true, "source": "internal"}],
      "produces": [{"entity": "ssm-sap.operation", "source": "output", "path": "Operation"}, {"entity": "ssm-sap.operation_id", "source": "item", "path": "Operation.Id"}, {"entity": "ssm-sap.operation_type", "source": "item", "path": "Operation.Type"}, {"entity": "ssm-sap.operation_status", "source": "item", "path": "Operation.Status"}, {"entity": "ssm-sap.operation_status_message", "source": "item", "path": "Operation.StatusMessage"}, {"entity": "ssm-sap.operation_properties", "source": "item", "path": "Operation.Properties"}, {"entity": "ssm-sap.operation_resource_type", "source": "item", "path": "Operation.ResourceType"}, {"entity": "ssm-sap.operation_resource_id", "source": "item", "path": "Operation.ResourceId"}, {"entity": "ssm-sap.resource_arn", "source": "item", "path": "Operation.ResourceArn"}, {"entity": "ssm-sap.operation_start_time", "source": "item", "path": "Operation.StartTime"}, {"entity": "ssm-sap.operation_end_time", "source": "item", "path": "Operation.EndTime"}, {"entity": "ssm-sap.operation_last_updated_time", "source": "item", "path": "Operation.LastUpdatedTime"}],
      "notes": ""
    },
    "GetResourcePermission": {
      "kind": "read_get",
      "side_effect": false,
      "sdk": {"client": "ssm-sap", "method": "get_resource_permission"},
      "consumes": [{"entity": "ssm-sap.resource_arn", "param": "ResourceArn", "required": true, "source": "internal"}],
      "produces": [{"entity": "ssm-sap.policy", "source": "output", "path": "Policy"}],
      "notes": ""
    },
    "ListConfigurationCheckOperations": {
      "kind": "read_list",
      "side_effect": false,
      "sdk": {"client": "ssm-sap", "method": "list_configuration_check_operations"},
      "consumes": [{"entity": "ssm-sap.application_id", "param": "ApplicationId", "required": true, "source": "internal"}],
      "produces": [{"entity": "ssm-sap.configuration_check_operations", "source": "output", "path": "ConfigurationCheckOperations"}, {"entity": "ssm-sap.next_token", "source": "output", "path": "NextToken"}, {"entity": "ssm-sap.operation_id", "source": "item", "path": "ConfigurationCheckOperations[].Id"}, {"entity": "ssm-sap.application_id", "source": "item", "path": "ConfigurationCheckOperations[].ApplicationId"}, {"entity": "ssm-sap.configuration_check_operation_status", "source": "item", "path": "ConfigurationCheckOperations[].Status"}, {"entity": "ssm-sap.configuration_check_operation_status_message", "source": "item", "path": "ConfigurationCheckOperations[].StatusMessage"}, {"entity": "ssm-sap.configuration_check_operation_configuration_check_id", "source": "item", "path": "ConfigurationCheckOperations[].ConfigurationCheckId"}, {"entity": "ssm-sap.configuration_check_operation_configuration_check_name", "source": "item", "path": "ConfigurationCheckOperations[].ConfigurationCheckName"}, {"entity": "ssm-sap.configuration_check_operation_configuration_check_description", "source": "item", "path": "ConfigurationCheckOperations[].ConfigurationCheckDescription"}, {"entity": "ssm-sap.configuration_check_operation_start_time", "source": "item", "path": "ConfigurationCheckOperations[].StartTime"}, {"entity": "ssm-sap.configuration_check_operation_end_time", "source": "item", "path": "ConfigurationCheckOperations[].EndTime"}, {"entity": "ssm-sap.configuration_check_operation_rule_status_counts", "source": "item", "path": "ConfigurationCheckOperations[].RuleStatusCounts"}],
      "notes": ""
    },
    "ListOperationEvents": {
      "kind": "read_list",
      "side_effect": false,
      "sdk": {"client": "ssm-sap", "method": "list_operation_events"},
      "consumes": [{"entity": "ssm-sap.operation_id", "param": "OperationId", "required": true, "source": "internal"}],
      "produces": [{"entity": "ssm-sap.operation_events", "source": "output", "path": "OperationEvents"}, {"entity": "ssm-sap.next_token", "source": "output", "path": "NextToken"}, {"entity": "ssm-sap.operation_event_description", "source": "item", "path": "OperationEvents[].Description"}, {"entity": "ssm-sap.operation_event_resource", "source": "item", "path": "OperationEvents[].Resource"}, {"entity": "ssm-sap.operation_event_status", "source": "item", "path": "OperationEvents[].Status"}, {"entity": "ssm-sap.operation_event_status_message", "source": "item", "path": "OperationEvents[].StatusMessage"}, {"entity": "ssm-sap.operation_event_timestamp", "source": "item", "path": "OperationEvents[].Timestamp"}],
      "notes": ""
    },
    "ListOperations": {
      "kind": "read_list",
      "side_effect": false,
      "sdk": {"client": "ssm-sap", "method": "list_operations"},
      "consumes": [{"entity": "ssm-sap.application_id", "param": "ApplicationId", "required": true, "source": "internal"}],
      "produces": [{"entity": "ssm-sap.operations", "source": "output", "path": "Operations"}, {"entity": "ssm-sap.next_token", "source": "output", "path": "NextToken"}, {"entity": "ssm-sap.operation_id", "source": "item", "path": "Operations[].Id"}, {"entity": "ssm-sap.operation_type", "source": "item", "path": "Operations[].Type"}, {"entity": "ssm-sap.operation_status", "source": "item", "path": "Operations[].Status"}, {"entity": "ssm-sap.operation_status_message", "source": "item", "path": "Operations[].StatusMessage"}, {"entity": "ssm-sap.operation_properties", "source": "item", "path": "Operations[].Properties"}, {"entity": "ssm-sap.operation_resource_type", "source": "item", "path": "Operations[].ResourceType"}, {"entity": "ssm-sap.operation_resource_id", "source": "item", "path": "Operations[].ResourceId"}, {"entity": "ssm-sap.resource_arn", "source": "item", "path": "Operations[].ResourceArn"}, {"entity": "ssm-sap.operation_start_time", "source": "item", "path": "Operations[].StartTime"}, {"entity": "ssm-sap.operation_end_time", "source": "item", "path": "Operations[].EndTime"}, {"entity": "ssm-sap.operation_last_updated_time", "source": "item", "path": "Operations[].LastUpdatedTime"}],
      "notes": ""
    },
    "ListSubCheckResults": {
      "kind": "read_list",
      "side_effect": false,
      "sdk": {"client": "ssm-sap", "method": "list_sub_check_results"},
      "consumes": [{"entity": "ssm-sap.operation_id", "param": "OperationId", "required": true, "source": "internal"}],
      "produces": [{"entity": "ssm-sap.sub_check_results", "source": "output", "path": "SubCheckResults"}, {"entity": "ssm-sap.next_token", "source": "output", "path": "NextToken"}, {"entity": "ssm-sap.sub_check_result_id", "source": "item", "path": "SubCheckResults[].Id"}, {"entity": "ssm-sap.sub_check_result_name", "source": "item", "path": "SubCheckResults[].Name"}, {"entity": "ssm-sap.sub_check_result_description", "source": "item", "path": "SubCheckResults[].Description"}, {"entity": "ssm-sap.sub_check_result_references", "source": "item", "path": "SubCheckResults[].References"}],
      "notes": ""
    },
    "ListSubCheckRuleResults": {
      "kind": "read_list",
      "side_effect": false,
      "sdk": {"client": "ssm-sap", "method": "list_sub_check_rule_results"},
      "consumes": [{"entity": "ssm-sap.subcheckresult_id", "param": "SubCheckResultId", "required": true, "source": "external"}],
      "produces": [{"entity": "ssm-sap.rule_results", "source": "output", "path": "RuleResults"}, {"entity": "ssm-sap.next_token", "source": "output", "path": "NextToken"}, {"entity": "ssm-sap.rule_result_id", "source": "item", "path": "RuleResults[].Id"}, {"entity": "ssm-sap.rule_result_description", "source": "item", "path": "RuleResults[].Description"}, {"entity": "ssm-sap.rule_result_status", "source": "item", "path": "RuleResults[].Status"}, {"entity": "ssm-sap.rule_result_message", "source": "item", "path": "RuleResults[].Message"}, {"entity": "ssm-sap.rule_result_metadata", "source": "item", "path": "RuleResults[].Metadata"}],
      "notes": ""
    },
    "ListTagsForResource": {
      "kind": "read_list",
      "side_effect": false,
      "sdk": {"client": "ssm-sap", "method": "list_tags_for_resource"},
      "consumes": [{"entity": "ssm-sap.resource_arn", "param": "resourceArn", "required": true, "source": "internal"}],
      "produces": [{"entity": "ssm-sap.tags", "source": "output", "path": "tags"}],
      "notes": ""
    },
    "PutResourcePermission": {
      "kind": "write_update",
      "side_effect": true,
      "sdk": {"client": "ssm-sap", "method": "put_resource_permission"},
      "consumes": [{"entity": "ssm-sap.action_type", "param": "ActionType", "required": true, "source": "external"}, {"entity": "ssm-sap.sourceresource_arn", "param": "SourceResourceArn", "required": true, "source": "external"}, {"entity": "ssm-sap.resource_arn", "param": "ResourceArn", "required": true, "source": "internal"}],
      "produces": [{"entity": "ssm-sap.policy", "source": "output", "path": "Policy"}],
      "notes": ""
    },
    "RegisterApplication": {
      "kind": "write_create",
      "side_effect": true,
      "sdk": {"client": "ssm-sap", "method": "register_application"},
      "consumes": [{"entity": "ssm-sap.application_id", "param": "ApplicationId", "required": true, "source": "internal"}, {"entity": "ssm-sap.application_type", "param": "ApplicationType", "required": true, "source": "internal"}, {"entity": "ssm-sap.instances", "param": "Instances", "required": true, "source": "external"}],
      "produces": [{"entity": "ssm-sap.application", "source": "output", "path": "Application"}, {"entity": "ssm-sap.operation_id", "source": "output", "path": "OperationId"}, {"entity": "ssm-sap.application_id", "source": "item", "path": "Application.Id"}, {"entity": "ssm-sap.application_type", "source": "item", "path": "Application.Type"}, {"entity": "ssm-sap.application_arn", "source": "item", "path": "Application.Arn"}, {"entity": "ssm-sap.application_app_registry_arn", "source": "item", "path": "Application.AppRegistryArn"}, {"entity": "ssm-sap.application_status", "source": "item", "path": "Application.Status"}, {"entity": "ssm-sap.application_discovery_status", "source": "item", "path": "Application.DiscoveryStatus"}, {"entity": "ssm-sap.application_components", "source": "item", "path": "Application.Components"}, {"entity": "ssm-sap.application_last_updated", "source": "item", "path": "Application.LastUpdated"}, {"entity": "ssm-sap.application_status_message", "source": "item", "path": "Application.StatusMessage"}, {"entity": "ssm-sap.application_associated_application_arns", "source": "item", "path": "Application.AssociatedApplicationArns"}],
      "notes": ""
    },
    "StartApplication": {
      "kind": "write_create",
      "side_effect": true,
      "sdk": {"client": "ssm-sap", "method": "start_application"},
      "consumes": [{"entity": "ssm-sap.application_id", "param": "ApplicationId", "required": true, "source": "internal"}],
      "produces": [{"entity": "ssm-sap.operation_id", "source": "output", "path": "OperationId"}],
      "notes": ""
    },
    "StartApplicationRefresh": {
      "kind": "write_create",
      "side_effect": true,
      "sdk": {"client": "ssm-sap", "method": "start_application_refresh"},
      "consumes": [{"entity": "ssm-sap.application_id", "param": "ApplicationId", "required": true, "source": "internal"}],
      "produces": [{"entity": "ssm-sap.operation_id", "source": "output", "path": "OperationId"}],
      "notes": ""
    },
    "StartConfigurationChecks": {
      "kind": "write_create",
      "side_effect": true,
      "sdk": {"client": "ssm-sap", "method": "start_configuration_checks"},
      "consumes": [{"entity": "ssm-sap.application_id", "param": "ApplicationId", "required": true, "source": "internal"}],
      "produces": [{"entity": "ssm-sap.configuration_check_operations", "source": "output", "path": "ConfigurationCheckOperations"}, {"entity": "ssm-sap.operation_id", "source": "item", "path": "ConfigurationCheckOperations.Id"}, {"entity": "ssm-sap.application_id", "source": "item", "path": "ConfigurationCheckOperations.ApplicationId"}, {"entity": "ssm-sap.configuration_check_operation_status", "source": "item", "path": "ConfigurationCheckOperations.Status"}, {"entity": "ssm-sap.configuration_check_operation_status_message", "source": "item", "path": "ConfigurationCheckOperations.StatusMessage"}, {"entity": "ssm-sap.configuration_check_operation_configuration_check_id", "source": "item", "path": "ConfigurationCheckOperations.ConfigurationCheckId"}, {"entity": "ssm-sap.configuration_check_operation_configuration_check_name", "source": "item", "path": "ConfigurationCheckOperations.ConfigurationCheckName"}, {"entity": "ssm-sap.configuration_check_operation_configuration_check_description", "source": "item", "path": "ConfigurationCheckOperations.ConfigurationCheckDescription"}, {"entity": "ssm-sap.configuration_check_operation_start_time", "source": "item", "path": "ConfigurationCheckOperations.StartTime"}, {"entity": "ssm-sap.configuration_check_operation_end_time", "source": "item", "path": "ConfigurationCheckOperations.EndTime"}, {"entity": "ssm-sap.configuration_check_operation_rule_status_counts", "source": "item", "path": "ConfigurationCheckOperations.RuleStatusCounts"}],
      "notes": ""
    },
    "StopApplication": {
      "kind": "other",
      "side_effect": true,
      "sdk": {"client": "ssm-sap", "method": "stop_application"},
      "consumes": [{"entity": "ssm-sap.application_id", "param": "ApplicationId", "required": true, "source": "internal"}],
      "produces": [{"entity": "ssm-sap.operation_id", "source": "output", "path": "OperationId"}],
      "notes": ""
    },
    "TagResource": {
      "kind": "write_apply",
      "side_effect": true,
      "sdk": {"client": "ssm-sap", "method": "tag_resource"},
      "consumes": [{"entity": "ssm-sap.resource_arn", "param": "resourceArn", "required": true, "source": "internal"}, {"entity": "ssm-sap.tags", "param": "tags", "required": true, "source": "internal"}],
      "produces": [],
      "notes": ""
    },
    "UntagResource": {
      "kind": "write_delete",
      "side_effect": true,
      "sdk": {"client": "ssm-sap", "method": "untag_resource"},
      "consumes": [{"entity": "ssm-sap.resource_arn", "param": "resourceArn", "required": true, "source": "internal"}, {"entity": "ssm-sap.tag_keys", "param": "tagKeys", "required": true, "source": "external"}],
      "produces": [],
      "notes": ""
    },
    "UpdateApplicationSettings": {
      "kind": "write_update",
      "side_effect": true,
      "sdk": {"client": "ssm-sap", "method": "update_application_settings"},
      "consumes": [{"entity": "ssm-sap.application_id", "param": "ApplicationId", "required": true, "source": "internal"}],
      "produces": [{"entity": "ssm-sap.message", "source": "output", "path": "Message"}, {"entity": "ssm-sap.operation_ids", "source": "output", "path": "OperationIds"}],
      "notes": ""
    }
  }
}