{
  "service": "servicecatalog",
  "op_consumes": {
    "DescribeProduct": [],
    "DescribeProductAsAdmin": [],
    "DescribeProvisionedProduct": [],
    "DescribeProvisioningArtifact": [],
    "DescribeProvisioningParameters": [],
    "DisableAWSOrganizationsAccess": [],
    "EnableAWSOrganizationsAccess": [],
    "GetAWSOrganizationsAccessStatus": [],
    "GetProvisionedProductOutputs": [],
    "ListAcceptedPortfolioShares": [],
    "ListPortfolios": [],
    "ListProvisionedProductPlans": [],
    "ListRecordHistory": [],
    "ListServiceActions": [],
    "ListTagOptions": [],
    "ScanProvisionedProducts": [],
    "SearchProducts": [],
    "SearchProductsAsAdmin": [],
    "SearchProvisionedProducts": [],
    "AcceptPortfolioShare": ["servicecatalog.portfolio_id"],
    "AssociateBudgetWithResource": ["servicecatalog.budget_name", "servicecatalog.resource_id"],
    "AssociatePrincipalWithPortfolio": ["servicecatalog.principal_arn", "servicecatalog.principal_type", "servicecatalog.portfolio_id"],
    "AssociateProductWithPortfolio": ["servicecatalog.product_id", "servicecatalog.portfolio_id"],
    "AssociateServiceActionWithProvisioningArtifact": ["servicecatalog.product_id", "servicecatalog.provisioningartifact_id", "servicecatalog.serviceaction_id"],
    "AssociateTagOptionWithResource": ["servicecatalog.resource_id", "servicecatalog.tagoption_id"],
    "BatchAssociateServiceActionWithProvisioningArtifact": ["servicecatalog.service_action_associations"],
    "BatchDisassociateServiceActionFromProvisioningArtifact": ["servicecatalog.service_action_associations"],
    "CopyProduct": ["servicecatalog.idempotency_token", "servicecatalog.sourceproduct_arn"],
    "CreateConstraint": ["servicecatalog.product_id", "servicecatalog.portfolio_id", "servicecatalog.type", "servicecatalog.parameters", "servicecatalog.idempotency_token"],
    "CreatePortfolio": ["servicecatalog.display_name", "servicecatalog.idempotency_token", "servicecatalog.provider_name"],
    "CreatePortfolioShare": ["servicecatalog.portfolio_id"],
    "CreateProduct": ["servicecatalog.tag_name", "servicecatalog.owner", "servicecatalog.product_type", "servicecatalog.idempotency_token"],
    "CreateProvisionedProductPlan": ["servicecatalog.product_id", "servicecatalog.plan_name", "servicecatalog.plan_type", "servicecatalog.provisionedproduct_name", "servicecatalog.idempotency_token", "servicecatalog.provisioningartifact_id"],
    "CreateProvisioningArtifact": ["servicecatalog.product_id", "servicecatalog.parameters", "servicecatalog.idempotency_token"],
    "CreateServiceAction": ["servicecatalog.definition_type", "servicecatalog.idempotency_token", "servicecatalog.service_action_detail_name", "servicecatalog.definition"],
    "CreateTagOption": ["servicecatalog.key", "servicecatalog.value"],
    "DeleteConstraint": ["servicecatalog.constraint_detail_id"],
    "DeletePortfolio": ["servicecatalog.portfolio_id"],
    "DeletePortfolioShare": ["servicecatalog.portfolio_id"],
    "DeleteProduct": ["servicecatalog.product_id"],
    "DeleteProvisionedProductPlan": ["servicecatalog.plan_id"],
    "DeleteProvisioningArtifact": ["servicecatalog.product_id", "servicecatalog.provisioningartifact_id"],
    "DeleteServiceAction": ["servicecatalog.service_action_detail_id"],
    "DeleteTagOption": ["servicecatalog.tag_option_detail_id"],
    "DescribeConstraint": ["servicecatalog.constraint_detail_id"],
    "DescribeCopyProductStatus": ["servicecatalog.copy_product_token"],
    "DescribePortfolio": ["servicecatalog.tag_id"],
    "DescribePortfolioShareStatus": ["servicecatalog.portfolio_share_token"],
    "DescribePortfolioShares": ["servicecatalog.portfolio_id", "servicecatalog.type"],
    "DescribeProductView": ["servicecatalog.provisioning_artifact_id"],
    "DescribeProvisionedProductPlan": ["servicecatalog.plan_id"],
    "DescribeRecord": ["servicecatalog.record_output_id"],
    "DescribeServiceAction": ["servicecatalog.service_action_detail_id"],
    "DescribeServiceActionExecutionParameters": ["servicecatalog.serviceaction_id", "servicecatalog.provisionedproduct_id"],
    "DescribeTagOption": ["servicecatalog.tag_option_detail_id"],
    "DisassociateBudgetFromResource": ["servicecatalog.budget_name", "servicecatalog.resource_id"],
    "DisassociatePrincipalFromPortfolio": ["servicecatalog.principal_arn", "servicecatalog.portfolio_id"],
    "DisassociateProductFromPortfolio": ["servicecatalog.product_id", "servicecatalog.portfolio_id"],
    "DisassociateServiceActionFromProvisioningArtifact": ["servicecatalog.product_id", "servicecatalog.provisioningartifact_id", "servicecatalog.serviceaction_id"],
    "DisassociateTagOptionFromResource": ["servicecatalog.resource_id", "servicecatalog.tagoption_id"],
    "ExecuteProvisionedProductPlan": ["servicecatalog.idempotency_token", "servicecatalog.plan_id"],
    "ExecuteProvisionedProductServiceAction": ["servicecatalog.serviceaction_id", "servicecatalog.execute_token", "servicecatalog.provisionedproduct_id"],
    "ImportAsProvisionedProduct": ["servicecatalog.product_id", "servicecatalog.physical_id", "servicecatalog.provisionedproduct_name", "servicecatalog.idempotency_token", "servicecatalog.provisioningartifact_id"],
    "ListBudgetsForResource": ["servicecatalog.resource_id"],
    "ListConstraintsForPortfolio": ["servicecatalog.portfolio_id"],
    "ListLaunchPaths": ["servicecatalog.product_id"],
    "ListOrganizationPortfolioAccess": ["servicecatalog.portfolio_id", "servicecatalog.organization_node_type"],
    "ListPortfolioAccess": ["servicecatalog.portfolio_id"],
    "ListPortfoliosForProduct": ["servicecatalog.product_id"],
    "ListPrincipalsForPortfolio": ["servicecatalog.portfolio_id"],
    "ListProvisioningArtifacts": ["servicecatalog.product_id"],
    "ListProvisioningArtifactsForServiceAction": ["servicecatalog.serviceaction_id"],
    "ListResourcesForTagOption": ["servicecatalog.tagoption_id"],
    "ListServiceActionsForProvisioningArtifact": ["servicecatalog.product_id", "servicecatalog.provisioningartifact_id"],
    "ListStackInstancesForProvisionedProduct": ["servicecatalog.provisionedproduct_id"],
    "NotifyProvisionProductEngineWorkflowResult": ["servicecatalog.notify_provision_product_engine_workflow_result_status", "servicecatalog.idempotency_token", "servicecatalog.record_id", "servicecatalog.workflow_token"],
    "NotifyTerminateProvisionedProductEngineWorkflowResult": ["servicecatalog.notify_terminate_provisioned_product_engine_workflow_result_status", "servicecatalog.idempotency_token", "servicecatalog.record_id", "servicecatalog.workflow_token"],
    "NotifyUpdateProvisionedProductEngineWorkflowResult": ["servicecatalog.idempotency_token", "servicecatalog.record_id", "servicecatalog.notify_update_provisioned_product_engine_workflow_result_status", "servicecatalog.workflow_token"],
    "ProvisionProduct": ["servicecatalog.provisionedproduct_name", "servicecatalog.provision_token"],
    "RejectPortfolioShare": ["servicecatalog.portfolio_id"],
    "TerminateProvisionedProduct": ["servicecatalog.terminate_token"],
    "UpdateConstraint": ["servicecatalog.constraint_detail_id"],
    "UpdatePortfolio": ["servicecatalog.tag_id"],
    "UpdatePortfolioShare": ["servicecatalog.portfolio_id"],
    "UpdateProduct": ["servicecatalog.tag_id"],
    "UpdateProvisionedProduct": ["servicecatalog.update_token"],
    "UpdateProvisionedProductProperties": ["servicecatalog.provisioned_product_properties", "servicecatalog.provisionedproduct_id", "servicecatalog.idempotency_token"],
    "UpdateProvisioningArtifact": ["servicecatalog.product_id", "servicecatalog.provisioningartifact_id"],
    "UpdateServiceAction": ["servicecatalog.service_action_detail_id"],
    "UpdateTagOption": ["servicecatalog.tag_option_detail_id"]
  },
  "op_produces": {
    "DescribeProduct": ["servicecatalog.launch_paths", "servicecatalog.provisioning_artifact_id", "servicecatalog.budgets", "servicecatalog.provisioning_artifact_guidance", "servicecatalog.provisioning_artifact_description", "servicecatalog.product_view_detail", "servicecatalog.provisioning_artifact_name", "servicecatalog.provisioning_artifact_created_time", "servicecatalog.provisioning_artifacts"],
    "DescribeProductAsAdmin": ["servicecatalog.provisioning_artifact_summaries", "servicecatalog.provisioning_artifact_id", "servicecatalog.budgets", "servicecatalog.tag_options", "servicecatalog.tags", "servicecatalog.provisioning_artifact_description", "servicecatalog.product_view_detail", "servicecatalog.provisioning_artifact_name", "servicecatalog.provisioning_artifact_created_time", "servicecatalog.provisioning_artifact_metadata"],
    "DescribeProvisionedProduct": ["servicecatalog.cloud_watch_dashboard_name", "servicecatalog.provisioned_product_detail", "servicecatalog.cloud_watch_dashboards"],
    "DescribeProvisioningArtifact": ["servicecatalog.provisioning_artifact_status", "servicecatalog.provisioning_artifact_parameter_default_value", "servicecatalog.provisioning_artifact_parameter_is_no_echo", "servicecatalog.provisioning_artifact_parameter_parameter_constraints", "servicecatalog.provisioning_artifact_detail", "servicecatalog.provisioning_artifact_parameter_parameter_key", "servicecatalog.provisioning_artifact_parameter_description", "servicecatalog.info", "servicecatalog.provisioning_artifact_parameter_parameter_type", "servicecatalog.provisioning_artifact_parameters"],
    "DescribeProvisioningParameters": ["servicecatalog.usage_instructions", "servicecatalog.provisioning_artifact_output_key_key", "servicecatalog.provisioning_artifact_output_key_description", "servicecatalog.provisioning_artifact_preferences", "servicecatalog.tag_options", "servicecatalog.provisioning_artifact_outputs", "servicecatalog.provisioning_artifact_output_keys", "servicecatalog.constraint_summaries", "servicecatalog.provisioning_artifact_parameters"],
    "DisableAWSOrganizationsAccess": [],
    "EnableAWSOrganizationsAccess": [],
    "GetAWSOrganizationsAccessStatus": ["servicecatalog.access_status"],
    "GetProvisionedProductOutputs": ["servicecatalog.output_description", "servicecatalog.output_value", "servicecatalog.next_page_token", "servicecatalog.output_key", "servicecatalog.outputs"],
    "ListAcceptedPortfolioShares": ["servicecatalog.portfolio_description", "servicecatalog.portfolio_id", "servicecatalog.portfolio_detail", "servicecatalog.provider_name", "servicecatalog.display_name", "servicecatalog.portfolio_arn", "servicecatalog.portfolio_created_time", "servicecatalog.next_page_token"],
    "ListPortfolios": ["servicecatalog.portfolio_description", "servicecatalog.portfolio_id", "servicecatalog.portfolio_detail", "servicecatalog.provider_name", "servicecatalog.display_name", "servicecatalog.portfolio_arn", "servicecatalog.portfolio_created_time", "servicecatalog.next_page_token"],
    "ListProvisionedProductPlans": ["servicecatalog.product_id", "servicecatalog.plan_id", "servicecatalog.plan_name", "servicecatalog.provisioning_artifact_id", "servicecatalog.provisioned_product_plans", "servicecatalog.provisioned_product_plan_plan_type", "servicecatalog.provisioned_product_plan_provision_product_name", "servicecatalog.next_page_token"],
    "ListRecordHistory": ["servicecatalog.product_id", "servicecatalog.record_created_time", "servicecatalog.provisioning_artifact_id", "servicecatalog.record_launch_role_arn", "servicecatalog.record_tags", "servicecatalog.record_type", "servicecatalog.record_detail", "servicecatalog.record_provisioned_product_name", "servicecatalog.record_id", "servicecatalog.record_status", "servicecatalog.record_errors", "servicecatalog.record_updated_time", "servicecatalog.next_page_token", "servicecatalog.record_path_id", "servicecatalog.record_provisioned_product_type"],
    "ListServiceActions": ["servicecatalog.service_action_summaries", "servicecatalog.service_action_detail_name", "servicecatalog.service_action_definition_type", "servicecatalog.service_action_description", "servicecatalog.next_page_token", "servicecatalog.service_action_detail_id"],
    "ListTagOptions": ["servicecatalog.tag_option_value", "servicecatalog.tag_option_active", "servicecatalog.page_token", "servicecatalog.tag_option_owner", "servicecatalog.tag_option_detail_id", "servicecatalog.tag_option_detail", "servicecatalog.tag_option_key"],
    "ScanProvisionedProducts": ["servicecatalog.provisioned_product_status", "servicecatalog.product_id", "servicecatalog.provisioning_artifact_id", "servicecatalog.provisioned_products", "servicecatalog.provisioned_product_created_time", "servicecatalog.provisioned_product_type", "servicecatalog.provisioned_product_arn", "servicecatalog.provisioned_product_idempotency_token", "servicecatalog.record_id", "servicecatalog.provisioned_product_launch_role_arn", "servicecatalog.provisioned_product_status_message", "servicecatalog.next_page_token", "servicecatalog.provisioned_product_name"],
    "SearchProducts": ["servicecatalog.product_id", "servicecatalog.product_view_name", "servicecatalog.product_view_aggregations", "servicecatalog.product_view_owner", "servicecatalog.product_view_support_url", "servicecatalog.product_view_type", "servicecatalog.product_view_support_description", "servicecatalog.product_view_has_default_path", "servicecatalog.product_view_short_description", "servicecatalog.product_view_id", "servicecatalog.product_view_distributor", "servicecatalog.product_view_summaries", "servicecatalog.next_page_token", "servicecatalog.product_view_support_email"],
    "SearchProductsAsAdmin": ["servicecatalog.product_view_product_arn", "servicecatalog.product_view_created_time", "servicecatalog.product_view_source_connection", "servicecatalog.product_view_status", "servicecatalog.product_view_detail", "servicecatalog.next_page_token"],
    "SearchProvisionedProducts": ["servicecatalog.provisioned_product_user_arn", "servicecatalog.physical_id", "servicecatalog.provisioned_product_created_time", "servicecatalog.provisioned_product_type", "servicecatalog.record_id", "servicecatalog.provisioning_artifact_name", "servicecatalog.provisioned_product_name", "servicecatalog.provisioned_product_tags", "servicecatalog.provisioned_product_status_message", "servicecatalog.provisioned_product_status", "servicecatalog.product_id", "servicecatalog.provisioning_artifact_id", "servicecatalog.provisioned_products", "servicecatalog.provisioned_product_idempotency_token", "servicecatalog.total_results_count", "servicecatalog.provisioned_product_product_name", "servicecatalog.provisioned_product_arn", "servicecatalog.provisioned_product_user_arn_session", "servicecatalog.next_page_token"],
    "AcceptPortfolioShare": [],
    "AssociateBudgetWithResource": [],
    "AssociatePrincipalWithPortfolio": [],
    "AssociateProductWithPortfolio": [],
    "AssociateServiceActionWithProvisioningArtifact": [],
    "AssociateTagOptionWithResource": [],
    "BatchAssociateServiceActionWithProvisioningArtifact": ["servicecatalog.product_id", "servicecatalog.provisioning_artifact_id", "servicecatalog.failed_service_action_associations", "servicecatalog.failed_service_action_association_error_code", "servicecatalog.failed_service_action_association_error_message", "servicecatalog.service_action_detail_id"],
    "BatchDisassociateServiceActionFromProvisioningArtifact": ["servicecatalog.product_id", "servicecatalog.provisioning_artifact_id", "servicecatalog.failed_service_action_associations", "servicecatalog.failed_service_action_association_error_code", "servicecatalog.failed_service_action_association_error_message", "servicecatalog.service_action_detail_id"],
    "CopyProduct": ["servicecatalog.copy_product_token"],
    "CreateConstraint": ["servicecatalog.product_id", "servicecatalog.constraint_detail", "servicecatalog.constraint_type", "servicecatalog.portfolio_id", "servicecatalog.constraint_status", "servicecatalog.constraint_description", "servicecatalog.constraint_owner", "servicecatalog.constraint_parameters", "servicecatalog.constraint_detail_id"],
    "CreatePortfolio": ["servicecatalog.tag_key", "servicecatalog.tag_value", "servicecatalog.portfolio_detail", "servicecatalog.tags"],
    "CreatePortfolioShare": ["servicecatalog.portfolio_share_token"],
    "CreateProduct": ["servicecatalog.provisioning_artifact_detail", "servicecatalog.tag_value", "servicecatalog.tags", "servicecatalog.product_view_detail", "servicecatalog.tag_key"],
    "CreateProvisionedProductPlan": ["servicecatalog.product_id", "servicecatalog.plan_id", "servicecatalog.plan_name", "servicecatalog.provisioning_artifact_id", "servicecatalog.provisioned_product_name"],
    "CreateProvisioningArtifact": ["servicecatalog.provisioning_artifact_status", "servicecatalog.provisioning_artifact_id", "servicecatalog.provisioning_artifact_source_revision", "servicecatalog.provisioning_artifact_detail", "servicecatalog.provisioning_artifact_guidance", "servicecatalog.provisioning_artifact_description", "servicecatalog.info", "servicecatalog.provisioning_artifact_active", "servicecatalog.provisioning_artifact_name", "servicecatalog.provisioning_artifact_type", "servicecatalog.provisioning_artifact_created_time"],
    "CreateServiceAction": ["servicecatalog.service_action_definition", "servicecatalog.service_action_detail"],
    "CreateTagOption": ["servicecatalog.tag_option_value", "servicecatalog.tag_option_active", "servicecatalog.tag_option_owner", "servicecatalog.tag_option_detail_id", "servicecatalog.tag_option_detail", "servicecatalog.tag_option_key"],
    "DeleteConstraint": [],
    "DeletePortfolio": [],
    "DeletePortfolioShare": ["servicecatalog.portfolio_share_token"],
    "DeleteProduct": [],
    "DeleteProvisionedProductPlan": [],
    "DeleteProvisioningArtifact": [],
    "DeleteServiceAction": [],
    "DeleteTagOption": [],
    "DescribeConstraint": ["servicecatalog.product_id", "servicecatalog.constraint_detail", "servicecatalog.constraint_type", "servicecatalog.portfolio_id", "servicecatalog.constraint_status", "servicecatalog.constraint_description", "servicecatalog.constraint_owner", "servicecatalog.constraint_parameters", "servicecatalog.constraint_detail_id"],
    "DescribeCopyProductStatus": ["servicecatalog.product_id", "servicecatalog.status_detail", "servicecatalog.copy_product_status"],
    "DescribePortfolio": ["servicecatalog.portfolio_detail", "servicecatalog.budgets", "servicecatalog.tag_options", "servicecatalog.tag_value", "servicecatalog.tags", "servicecatalog.tag_key"],
    "DescribePortfolioShareStatus": ["servicecatalog.organization_node_value", "servicecatalog.portfolio_share_statu_status", "servicecatalog.portfolio_id", "servicecatalog.share_successful_shares", "servicecatalog.share_details", "servicecatalog.share_errors", "servicecatalog.portfolio_share_token"],
    "DescribePortfolioShares": ["servicecatalog.portfolio_share_type", "servicecatalog.portfolio_share_share_tag_options", "servicecatalog.portfolio_share_principal_id", "servicecatalog.portfolio_share_share_principals", "servicecatalog.portfolio_share_accepted", "servicecatalog.portfolio_share_details", "servicecatalog.next_page_token"],
    "DescribeProductView": ["servicecatalog.provisioning_artifact_id", "servicecatalog.provisioning_artifact_guidance", "servicecatalog.provisioning_artifact_description", "servicecatalog.product_view_detail", "servicecatalog.provisioning_artifact_name", "servicecatalog.provisioning_artifact_created_time", "servicecatalog.provisioning_artifacts"],
    "DescribeProvisionedProductPlan": ["servicecatalog.resource_changes", "servicecatalog.resource_chang_resource_type", "servicecatalog.resource_chang_action", "servicecatalog.resource_id", "servicecatalog.resource_chang_replacement", "servicecatalog.resource_chang_scope", "servicecatalog.resource_chang_details", "servicecatalog.provisioned_product_plan_details", "servicecatalog.next_page_token"],
    "DescribeRecord": ["servicecatalog.record_output_output_key", "servicecatalog.record_outputs", "servicecatalog.record_output_description", "servicecatalog.record_output_output_value", "servicecatalog.record_detail", "servicecatalog.next_page_token"],
    "DescribeServiceAction": ["servicecatalog.service_action_definition", "servicecatalog.service_action_detail"],
    "DescribeServiceActionExecutionParameters": ["servicecatalog.service_action_parameter_default_values", "servicecatalog.service_action_parameter_type", "servicecatalog.service_action_parameters", "servicecatalog.service_action_parameter_name"],
    "DescribeTagOption": ["servicecatalog.tag_option_value", "servicecatalog.tag_option_active", "servicecatalog.tag_option_owner", "servicecatalog.tag_option_detail_id", "servicecatalog.tag_option_detail", "servicecatalog.tag_option_key"],
    "DisassociateBudgetFromResource": [],
    "DisassociatePrincipalFromPortfolio": [],
    "DisassociateProductFromPortfolio": [],
    "DisassociateServiceActionFromProvisioningArtifact": [],
    "DisassociateTagOptionFromResource": [],
    "ExecuteProvisionedProductPlan": ["servicecatalog.product_id", "servicecatalog.record_created_time", "servicecatalog.provisioning_artifact_id", "servicecatalog.record_launch_role_arn", "servicecatalog.record_tags", "servicecatalog.record_type", "servicecatalog.record_detail", "servicecatalog.record_provisioned_product_name", "servicecatalog.record_id", "servicecatalog.record_status", "servicecatalog.record_errors", "servicecatalog.record_updated_time", "servicecatalog.record_path_id", "servicecatalog.record_provisioned_product_type"],
    "ExecuteProvisionedProductServiceAction": ["servicecatalog.product_id", "servicecatalog.record_created_time", "servicecatalog.provisioning_artifact_id", "servicecatalog.record_launch_role_arn", "servicecatalog.record_tags", "servicecatalog.record_type", "servicecatalog.record_detail", "servicecatalog.record_provisioned_product_name", "servicecatalog.record_id", "servicecatalog.record_status", "servicecatalog.record_errors", "servicecatalog.record_updated_time", "servicecatalog.record_path_id", "servicecatalog.record_provisioned_product_type"],
    "ImportAsProvisionedProduct": ["servicecatalog.product_id", "servicecatalog.record_created_time", "servicecatalog.provisioning_artifact_id", "servicecatalog.record_launch_role_arn", "servicecatalog.record_tags", "servicecatalog.record_type", "servicecatalog.record_detail", "servicecatalog.record_provisioned_product_name", "servicecatalog.record_id", "servicecatalog.record_status", "servicecatalog.record_errors", "servicecatalog.record_updated_time", "servicecatalog.record_path_id", "servicecatalog.record_provisioned_product_type"],
    "ListBudgetsForResource": ["servicecatalog.budget_name", "servicecatalog.next_page_token", "servicecatalog.budgets"],
    "ListConstraintsForPortfolio": ["servicecatalog.product_id", "servicecatalog.constraint_detail", "servicecatalog.constraint_type", "servicecatalog.portfolio_id", "servicecatalog.constraint_description", "servicecatalog.constraint_owner", "servicecatalog.next_page_token", "servicecatalog.constraint_detail_id"],
    "ListLaunchPaths": ["servicecatalog.launch_path_summaries", "servicecatalog.launch_path_name", "servicecatalog.launch_path_id", "servicecatalog.launch_path_tags", "servicecatalog.launch_path_constraint_summaries", "servicecatalog.next_page_token"],
    "ListOrganizationPortfolioAccess": ["servicecatalog.organization_nod_type", "servicecatalog.next_page_token", "servicecatalog.organization_nodes", "servicecatalog.organization_nod_value"],
    "ListPortfolioAccess": ["servicecatalog.next_page_token", "servicecatalog.account_ids"],
    "ListPortfoliosForProduct": ["servicecatalog.portfolio_description", "servicecatalog.portfolio_id", "servicecatalog.portfolio_detail", "servicecatalog.provider_name", "servicecatalog.display_name", "servicecatalog.portfolio_arn", "servicecatalog.portfolio_created_time", "servicecatalog.next_page_token"],
    "ListPrincipalsForPortfolio": ["servicecatalog.principal_arn", "servicecatalog.principal_type", "servicecatalog.next_page_token", "servicecatalog.principals"],
    "ListProvisioningArtifacts": ["servicecatalog.provisioning_artifact_id", "servicecatalog.provisioning_artifact_source_revision", "servicecatalog.provisioning_artifact_detail", "servicecatalog.provisioning_artifact_guidance", "servicecatalog.provisioning_artifact_type", "servicecatalog.provisioning_artifact_description", "servicecatalog.provisioning_artifact_active", "servicecatalog.provisioning_artifact_name", "servicecatalog.next_page_token", "servicecatalog.provisioning_artifact_created_time"],
    "ListProvisioningArtifactsForServiceAction": ["servicecatalog.next_page_token", "servicecatalog.provisioning_artifact_view_provisioning_artifact", "servicecatalog.provisioning_artifact_views", "servicecatalog.provisioning_artifact_view_product_view_summary"],
    "ListResourcesForTagOption": ["servicecatalog.resource_created_time", "servicecatalog.page_token", "servicecatalog.resource_id", "servicecatalog.resource_name", "servicecatalog.resource_details", "servicecatalog.resource_arn", "servicecatalog.resource_description"],
    "ListServiceActionsForProvisioningArtifact": ["servicecatalog.service_action_summaries", "servicecatalog.service_action_detail_name", "servicecatalog.service_action_definition_type", "servicecatalog.service_action_description", "servicecatalog.next_page_token", "servicecatalog.service_action_detail_id"],
    "ListStackInstancesForProvisionedProduct": ["servicecatalog.stack_instanc_stack_instance_status", "servicecatalog.stack_instanc_region", "servicecatalog.stack_instances", "servicecatalog.stack_instanc_account", "servicecatalog.next_page_token"],
    "NotifyProvisionProductEngineWorkflowResult": [],
    "NotifyTerminateProvisionedProductEngineWorkflowResult": [],
    "NotifyUpdateProvisionedProductEngineWorkflowResult": [],
    "ProvisionProduct": ["servicecatalog.product_id", "servicecatalog.record_created_time", "servicecatalog.provisioning_artifact_id", "servicecatalog.record_launch_role_arn", "servicecatalog.record_tags", "servicecatalog.record_type", "servicecatalog.record_detail", "servicecatalog.record_provisioned_product_name", "servicecatalog.record_id", "servicecatalog.record_status", "servicecatalog.record_errors", "servicecatalog.record_updated_time", "servicecatalog.record_path_id", "servicecatalog.record_provisioned_product_type"],
    "RejectPortfolioShare": [],
    "TerminateProvisionedProduct": ["servicecatalog.product_id", "servicecatalog.record_created_time", "servicecatalog.provisioning_artifact_id", "servicecatalog.record_launch_role_arn", "servicecatalog.record_tags", "servicecatalog.record_type", "servicecatalog.record_detail", "servicecatalog.record_provisioned_product_name", "servicecatalog.record_id", "servicecatalog.record_status", "servicecatalog.record_errors", "servicecatalog.record_updated_time", "servicecatalog.record_path_id", "servicecatalog.record_provisioned_product_type"],
    "UpdateConstraint": ["servicecatalog.product_id", "servicecatalog.constraint_detail", "servicecatalog.constraint_type", "servicecatalog.portfolio_id", "servicecatalog.constraint_status", "servicecatalog.constraint_description", "servicecatalog.constraint_owner", "servicecatalog.constraint_parameters", "servicecatalog.constraint_detail_id"],
    "UpdatePortfolio": ["servicecatalog.tag_key", "servicecatalog.tag_value", "servicecatalog.portfolio_detail", "servicecatalog.tags"],
    "UpdatePortfolioShare": ["servicecatalog.portfolio_share_status", "servicecatalog.portfolio_share_token"],
    "UpdateProduct": ["servicecatalog.product_view_detail", "servicecatalog.tag_value", "servicecatalog.tag_key", "servicecatalog.tags"],
    "UpdateProvisionedProduct": ["servicecatalog.product_id", "servicecatalog.record_created_time", "servicecatalog.provisioning_artifact_id", "servicecatalog.record_launch_role_arn", "servicecatalog.record_tags", "servicecatalog.record_type", "servicecatalog.record_detail", "servicecatalog.record_provisioned_product_name", "servicecatalog.record_id", "servicecatalog.record_status", "servicecatalog.record_errors", "servicecatalog.record_updated_time", "servicecatalog.record_path_id", "servicecatalog.record_provisioned_product_type"],
    "UpdateProvisionedProductProperties": ["servicecatalog.product_id", "servicecatalog.provisioned_product_property_status", "servicecatalog.provisioned_product_properties", "servicecatalog.record_id"],
    "UpdateProvisioningArtifact": ["servicecatalog.provisioning_artifact_status", "servicecatalog.provisioning_artifact_id", "servicecatalog.provisioning_artifact_source_revision", "servicecatalog.provisioning_artifact_detail", "servicecatalog.provisioning_artifact_guidance", "servicecatalog.provisioning_artifact_description", "servicecatalog.info", "servicecatalog.provisioning_artifact_active", "servicecatalog.provisioning_artifact_name", "servicecatalog.provisioning_artifact_type", "servicecatalog.provisioning_artifact_created_time"],
    "UpdateServiceAction": ["servicecatalog.service_action_definition", "servicecatalog.service_action_detail"],
    "UpdateTagOption": ["servicecatalog.tag_option_value", "servicecatalog.tag_option_active", "servicecatalog.tag_option_owner", "servicecatalog.tag_option_detail_id", "servicecatalog.tag_option_detail", "servicecatalog.tag_option_key"]
  },
  "entity_producers": {
    "servicecatalog.product_view_detail": ["CreateProduct", "SearchProductsAsAdmin", "UpdateProduct", "DescribeProduct", "DescribeProductView", "DescribeProductAsAdmin"],
    "servicecatalog.provisioning_artifacts": ["DescribeProduct", "DescribeProductView"],
    "servicecatalog.budgets": ["ListBudgetsForResource", "DescribeProductAsAdmin", "DescribeProduct", "DescribePortfolio"],
    "servicecatalog.launch_paths": ["DescribeProduct"],
    "servicecatalog.provisioning_artifact_id": ["ListProvisioningArtifacts", "ImportAsProvisionedProduct", "ExecuteProvisionedProductServiceAction", "ListProvisionedProductPlans", "ListRecordHistory", "DescribeProduct", "CreateProvisioningArtifact", "SearchProvisionedProducts", "ScanProvisionedProducts", "BatchAssociateServiceActionWithProvisioningArtifact", "DescribeProductView", "BatchDisassociateServiceActionFromProvisioningArtifact", "CreateProvisionedProductPlan", "TerminateProvisionedProduct", "DescribeProductAsAdmin", "UpdateProvisionedProduct", "ExecuteProvisionedProductPlan", "UpdateProvisioningArtifact", "ProvisionProduct"],
    "servicecatalog.provisioning_artifact_name": ["ListProvisioningArtifacts", "UpdateProvisioningArtifact", "CreateProvisioningArtifact", "DescribeProduct", "DescribeProductView", "DescribeProductAsAdmin", "SearchProvisionedProducts"],
    "servicecatalog.provisioning_artifact_description": ["ListProvisioningArtifacts", "UpdateProvisioningArtifact", "DescribeProduct", "DescribeProductView", "DescribeProductAsAdmin", "CreateProvisioningArtifact"],
    "servicecatalog.provisioning_artifact_created_time": ["ListProvisioningArtifacts", "UpdateProvisioningArtifact", "DescribeProduct", "DescribeProductView", "DescribeProductAsAdmin", "CreateProvisioningArtifact"],
    "servicecatalog.provisioning_artifact_guidance": ["ListProvisioningArtifacts", "UpdateProvisioningArtifact", "DescribeProduct", "DescribeProductView", "CreateProvisioningArtifact"],
    "servicecatalog.provisioning_artifact_summaries": ["DescribeProductAsAdmin"],
    "servicecatalog.tags": ["CreateProduct", "UpdatePortfolio", "CreatePortfolio", "DescribePortfolio", "UpdateProduct", "DescribeProductAsAdmin"],
    "servicecatalog.tag_options": ["DescribeProductAsAdmin", "DescribeProvisioningParameters", "DescribePortfolio"],
    "servicecatalog.provisioning_artifact_metadata": ["DescribeProductAsAdmin"],
    "servicecatalog.provisioned_product_detail": ["DescribeProvisionedProduct"],
    "servicecatalog.cloud_watch_dashboards": ["DescribeProvisionedProduct"],
    "servicecatalog.cloud_watch_dashboard_name": ["DescribeProvisionedProduct"],
    "servicecatalog.provisioning_artifact_detail": ["ListProvisioningArtifacts", "UpdateProvisioningArtifact", "CreateProduct", "DescribeProvisioningArtifact", "CreateProvisioningArtifact"],
    "servicecatalog.info": ["UpdateProvisioningArtifact", "CreateProvisioningArtifact", "DescribeProvisioningArtifact"],
    "servicecatalog.provisioning_artifact_status": ["UpdateProvisioningArtifact", "CreateProvisioningArtifact", "DescribeProvisioningArtifact"],
    "servicecatalog.provisioning_artifact_parameters": ["DescribeProvisioningParameters", "DescribeProvisioningArtifact"],
    "servicecatalog.provisioning_artifact_parameter_parameter_key": ["DescribeProvisioningArtifact"],
    "servicecatalog.provisioning_artifact_parameter_default_value": ["DescribeProvisioningArtifact"],
    "servicecatalog.provisioning_artifact_parameter_parameter_type": ["DescribeProvisioningArtifact"],
    "servicecatalog.provisioning_artifact_parameter_is_no_echo": ["DescribeProvisioningArtifact"],
    "servicecatalog.provisioning_artifact_parameter_description": ["DescribeProvisioningArtifact"],
    "servicecatalog.provisioning_artifact_parameter_parameter_constraints": ["DescribeProvisioningArtifact"],
    "servicecatalog.constraint_summaries": ["DescribeProvisioningParameters"],
    "servicecatalog.usage_instructions": ["DescribeProvisioningParameters"],
    "servicecatalog.provisioning_artifact_preferences": ["DescribeProvisioningParameters"],
    "servicecatalog.provisioning_artifact_outputs": ["DescribeProvisioningParameters"],
    "servicecatalog.provisioning_artifact_output_keys": ["DescribeProvisioningParameters"],
    "servicecatalog.provisioning_artifact_output_key_key": ["DescribeProvisioningParameters"],
    "servicecatalog.provisioning_artifact_output_key_description": ["DescribeProvisioningParameters"],
    "servicecatalog.access_status": ["GetAWSOrganizationsAccessStatus"],
    "servicecatalog.outputs": ["GetProvisionedProductOutputs"],
    "servicecatalog.next_page_token": ["ListProvisioningArtifacts", "DescribePortfolioShares", "ListProvisionedProductPlans", "ListRecordHistory", "ListStackInstancesForProvisionedProduct", "SearchProvisionedProducts", "ListServiceActionsForProvisioningArtifact", "ListPortfolioAccess", "DescribeProvisionedProductPlan", "ListPrincipalsForPortfolio", "ListBudgetsForResource", "ScanProvisionedProducts", "ListServiceActions", "SearchProductsAsAdmin", "ListPortfoliosForProduct", "ListAcceptedPortfolioShares", "ListLaunchPaths", "SearchProducts", "GetProvisionedProductOutputs", "DescribeRecord", "ListProvisioningArtifactsForServiceAction", "ListConstraintsForPortfolio", "ListOrganizationPortfolioAccess", "ListPortfolios"],
    "servicecatalog.output_key": ["GetProvisionedProductOutputs"],
    "servicecatalog.output_value": ["GetProvisionedProductOutputs"],
    "servicecatalog.output_description": ["GetProvisionedProductOutputs"],
    "servicecatalog.portfolio_detail": ["UpdatePortfolio", "CreatePortfolio", "DescribePortfolio", "ListPortfoliosForProduct", "ListAcceptedPortfolioShares", "ListPortfolios"],
    "servicecatalog.portfolio_id": ["UpdateConstraint", "CreateConstraint", "ListConstraintsForPortfolio", "DescribePortfolioShareStatus", "ListPortfoliosForProduct", "ListAcceptedPortfolioShares", "DescribeConstraint", "ListPortfolios"],
    "servicecatalog.portfolio_arn": ["ListPortfolios", "ListPortfoliosForProduct", "ListAcceptedPortfolioShares"],
    "servicecatalog.display_name": ["ListPortfolios", "ListPortfoliosForProduct", "ListAcceptedPortfolioShares"],
    "servicecatalog.portfolio_description": ["ListPortfolios", "ListPortfoliosForProduct", "ListAcceptedPortfolioShares"],
    "servicecatalog.portfolio_created_time": ["ListPortfolios", "ListPortfoliosForProduct", "ListAcceptedPortfolioShares"],
    "servicecatalog.provider_name": ["ListPortfolios", "ListPortfoliosForProduct", "ListAcceptedPortfolioShares"],
    "servicecatalog.provisioned_product_plans": ["ListProvisionedProductPlans"],
    "servicecatalog.plan_name": ["ListProvisionedProductPlans", "CreateProvisionedProductPlan"],
    "servicecatalog.plan_id": ["ListProvisionedProductPlans", "CreateProvisionedProductPlan"],
    "servicecatalog.product_id": ["UpdateConstraint", "ImportAsProvisionedProduct", "ExecuteProvisionedProductServiceAction", "ListProvisionedProductPlans", "ListRecordHistory", "SearchProvisionedProducts", "ScanProvisionedProducts", "BatchAssociateServiceActionWithProvisioningArtifact", "TerminateProvisionedProduct", "BatchDisassociateServiceActionFromProvisioningArtifact", "CreateProvisionedProductPlan", "UpdateProvisionedProduct", "DescribeConstraint", "UpdateProvisionedProductProperties", "CreateConstraint", "DescribeCopyProductStatus", "ExecuteProvisionedProductPlan", "SearchProducts", "ListConstraintsForPortfolio", "ProvisionProduct"],
    "servicecatalog.provisioned_product_plan_provision_product_name": ["ListProvisionedProductPlans"],
    "servicecatalog.provisioned_product_plan_plan_type": ["ListProvisionedProductPlans"],
    "servicecatalog.record_detail": ["ImportAsProvisionedProduct", "ExecuteProvisionedProductServiceAction", "ListRecordHistory", "ExecuteProvisionedProductPlan", "TerminateProvisionedProduct", "ProvisionProduct", "UpdateProvisionedProduct", "DescribeRecord"],
    "servicecatalog.record_id": ["ImportAsProvisionedProduct", "UpdateProvisionedProductProperties", "ExecuteProvisionedProductServiceAction", "ListRecordHistory", "ScanProvisionedProducts", "ExecuteProvisionedProductPlan", "TerminateProvisionedProduct", "ProvisionProduct", "SearchProvisionedProducts", "UpdateProvisionedProduct"],
    "servicecatalog.record_provisioned_product_name": ["ImportAsProvisionedProduct", "ExecuteProvisionedProductServiceAction", "ListRecordHistory", "ExecuteProvisionedProductPlan", "TerminateProvisionedProduct", "ProvisionProduct", "UpdateProvisionedProduct"],
    "servicecatalog.record_status": ["ImportAsProvisionedProduct", "ExecuteProvisionedProductServiceAction", "ListRecordHistory", "ExecuteProvisionedProductPlan", "TerminateProvisionedProduct", "ProvisionProduct", "UpdateProvisionedProduct"],
    "servicecatalog.record_created_time": ["ImportAsProvisionedProduct", "ExecuteProvisionedProductServiceAction", "ListRecordHistory", "ExecuteProvisionedProductPlan", "TerminateProvisionedProduct", "ProvisionProduct", "UpdateProvisionedProduct"],
    "servicecatalog.record_updated_time": ["ImportAsProvisionedProduct", "ExecuteProvisionedProductServiceAction", "ListRecordHistory", "ExecuteProvisionedProductPlan", "TerminateProvisionedProduct", "ProvisionProduct", "UpdateProvisionedProduct"],
    "servicecatalog.record_provisioned_product_type": ["ImportAsProvisionedProduct", "ExecuteProvisionedProductServiceAction", "ListRecordHistory", "ExecuteProvisionedProductPlan", "TerminateProvisionedProduct", "ProvisionProduct", "UpdateProvisionedProduct"],
    "servicecatalog.record_type": ["ImportAsProvisionedProduct", "ExecuteProvisionedProductServiceAction", "ListRecordHistory", "ExecuteProvisionedProductPlan", "TerminateProvisionedProduct", "ProvisionProduct", "UpdateProvisionedProduct"],
    "servicecatalog.record_path_id": ["ImportAsProvisionedProduct", "ExecuteProvisionedProductServiceAction", "ListRecordHistory", "ExecuteProvisionedProductPlan", "TerminateProvisionedProduct", "ProvisionProduct", "UpdateProvisionedProduct"],
    "servicecatalog.record_errors": ["ImportAsProvisionedProduct", "ExecuteProvisionedProductServiceAction", "ListRecordHistory", "ExecuteProvisionedProductPlan", "TerminateProvisionedProduct", "ProvisionProduct", "UpdateProvisionedProduct"],
    "servicecatalog.record_tags": ["ImportAsProvisionedProduct", "ExecuteProvisionedProductServiceAction", "ListRecordHistory", "ExecuteProvisionedProductPlan", "TerminateProvisionedProduct", "ProvisionProduct", "UpdateProvisionedProduct"],
    "servicecatalog.record_launch_role_arn": ["ImportAsProvisionedProduct", "ExecuteProvisionedProductServiceAction", "ListRecordHistory", "ExecuteProvisionedProductPlan", "TerminateProvisionedProduct", "ProvisionProduct", "UpdateProvisionedProduct"],
    "servicecatalog.service_action_summaries": ["ListServiceActionsForProvisioningArtifact", "ListServiceActions"],
    "servicecatalog.service_action_detail_id": ["ListServiceActionsForProvisioningArtifact", "BatchAssociateServiceActionWithProvisioningArtifact", "BatchDisassociateServiceActionFromProvisioningArtifact", "ListServiceActions"],
    "servicecatalog.service_action_detail_name": ["ListServiceActionsForProvisioningArtifact", "ListServiceActions"],
    "servicecatalog.service_action_description": ["ListServiceActionsForProvisioningArtifact", "ListServiceActions"],
    "servicecatalog.service_action_definition_type": ["ListServiceActionsForProvisioningArtifact", "ListServiceActions"],
    "servicecatalog.tag_option_detail": ["UpdateTagOption", "CreateTagOption", "ListTagOptions", "DescribeTagOption"],
    "servicecatalog.page_token": ["ListResourcesForTagOption", "ListTagOptions"],
    "servicecatalog.tag_option_key": ["UpdateTagOption", "CreateTagOption", "ListTagOptions", "DescribeTagOption"],
    "servicecatalog.tag_option_value": ["UpdateTagOption", "CreateTagOption", "ListTagOptions", "DescribeTagOption"],
    "servicecatalog.tag_option_active": ["UpdateTagOption", "CreateTagOption", "ListTagOptions", "DescribeTagOption"],
    "servicecatalog.tag_option_detail_id": ["UpdateTagOption", "CreateTagOption", "ListTagOptions", "DescribeTagOption"],
    "servicecatalog.tag_option_owner": ["UpdateTagOption", "CreateTagOption", "ListTagOptions", "DescribeTagOption"],
    "servicecatalog.provisioned_products": ["ScanProvisionedProducts", "SearchProvisionedProducts"],
    "servicecatalog.provisioned_product_name": ["ScanProvisionedProducts", "SearchProvisionedProducts", "CreateProvisionedProductPlan"],
    "servicecatalog.provisioned_product_arn": ["ScanProvisionedProducts", "SearchProvisionedProducts"],
    "servicecatalog.provisioned_product_type": ["ScanProvisionedProducts", "SearchProvisionedProducts"],
    "servicecatalog.provisioned_product_status": ["ScanProvisionedProducts", "SearchProvisionedProducts"],
    "servicecatalog.provisioned_product_status_message": ["ScanProvisionedProducts", "SearchProvisionedProducts"],
    "servicecatalog.provisioned_product_created_time": ["ScanProvisionedProducts", "SearchProvisionedProducts"],
    "servicecatalog.provisioned_product_idempotency_token": ["ScanProvisionedProducts", "SearchProvisionedProducts"],
    "servicecatalog.provisioned_product_launch_role_arn": ["ScanProvisionedProducts"],
    "servicecatalog.product_view_summaries": ["SearchProducts"],
    "servicecatalog.product_view_aggregations": ["SearchProducts"],
    "servicecatalog.product_view_id": ["SearchProducts"],
    "servicecatalog.product_view_name": ["SearchProducts"],
    "servicecatalog.product_view_owner": ["SearchProducts"],
    "servicecatalog.product_view_short_description": ["SearchProducts"],
    "servicecatalog.product_view_type": ["SearchProducts"],
    "servicecatalog.product_view_distributor": ["SearchProducts"],
    "servicecatalog.product_view_has_default_path": ["SearchProducts"],
    "servicecatalog.product_view_support_email": ["SearchProducts"],
    "servicecatalog.product_view_support_description": ["SearchProducts"],
    "servicecatalog.product_view_support_url": ["SearchProducts"],
    "servicecatalog.product_view_status": ["SearchProductsAsAdmin"],
    "servicecatalog.product_view_product_arn": ["SearchProductsAsAdmin"],
    "servicecatalog.product_view_created_time": ["SearchProductsAsAdmin"],
    "servicecatalog.product_view_source_connection": ["SearchProductsAsAdmin"],
    "servicecatalog.total_results_count": ["SearchProvisionedProducts"],
    "servicecatalog.provisioned_product_tags": ["SearchProvisionedProducts"],
    "servicecatalog.physical_id": ["SearchProvisionedProducts"],
    "servicecatalog.provisioned_product_product_name": ["SearchProvisionedProducts"],
    "servicecatalog.provisioned_product_user_arn": ["SearchProvisionedProducts"],
    "servicecatalog.provisioned_product_user_arn_session": ["SearchProvisionedProducts"],
    "servicecatalog.failed_service_action_associations": ["BatchAssociateServiceActionWithProvisioningArtifact", "BatchDisassociateServiceActionFromProvisioningArtifact"],
    "servicecatalog.failed_service_action_association_error_code": ["BatchAssociateServiceActionWithProvisioningArtifact", "BatchDisassociateServiceActionFromProvisioningArtifact"],
    "servicecatalog.failed_service_action_association_error_message": ["BatchAssociateServiceActionWithProvisioningArtifact", "BatchDisassociateServiceActionFromProvisioningArtifact"],
    "servicecatalog.copy_product_token": ["CopyProduct"],
    "servicecatalog.constraint_detail": ["UpdateConstraint", "ListConstraintsForPortfolio", "DescribeConstraint", "CreateConstraint"],
    "servicecatalog.constraint_parameters": ["UpdateConstraint", "DescribeConstraint", "CreateConstraint"],
    "servicecatalog.constraint_status": ["UpdateConstraint", "DescribeConstraint", "CreateConstraint"],
    "servicecatalog.constraint_detail_id": ["UpdateConstraint", "ListConstraintsForPortfolio", "DescribeConstraint", "CreateConstraint"],
    "servicecatalog.constraint_type": ["UpdateConstraint", "ListConstraintsForPortfolio", "DescribeConstraint", "CreateConstraint"],
    "servicecatalog.constraint_description": ["UpdateConstraint", "ListConstraintsForPortfolio", "DescribeConstraint", "CreateConstraint"],
    "servicecatalog.constraint_owner": ["UpdateConstraint", "ListConstraintsForPortfolio", "DescribeConstraint", "CreateConstraint"],
    "servicecatalog.tag_key": ["CreateProduct", "UpdatePortfolio", "CreatePortfolio", "DescribePortfolio", "UpdateProduct"],
    "servicecatalog.tag_value": ["CreateProduct", "UpdatePortfolio", "CreatePortfolio", "DescribePortfolio", "UpdateProduct"],
    "servicecatalog.portfolio_share_token": ["DescribePortfolioShareStatus", "CreatePortfolioShare", "UpdatePortfolioShare", "DeletePortfolioShare"],
    "servicecatalog.provisioning_artifact_type": ["ListProvisioningArtifacts", "UpdateProvisioningArtifact", "CreateProvisioningArtifact"],
    "servicecatalog.provisioning_artifact_active": ["ListProvisioningArtifacts", "UpdateProvisioningArtifact", "CreateProvisioningArtifact"],
    "servicecatalog.provisioning_artifact_source_revision": ["ListProvisioningArtifacts", "UpdateProvisioningArtifact", "CreateProvisioningArtifact"],
    "servicecatalog.service_action_detail": ["CreateServiceAction", "UpdateServiceAction", "DescribeServiceAction"],
    "servicecatalog.service_action_definition": ["CreateServiceAction", "UpdateServiceAction", "DescribeServiceAction"],
    "servicecatalog.copy_product_status": ["DescribeCopyProductStatus"],
    "servicecatalog.status_detail": ["DescribeCopyProductStatus"],
    "servicecatalog.organization_node_value": ["DescribePortfolioShareStatus"],
    "servicecatalog.portfolio_share_statu_status": ["DescribePortfolioShareStatus"],
    "servicecatalog.share_details": ["DescribePortfolioShareStatus"],
    "servicecatalog.share_successful_shares": ["DescribePortfolioShareStatus"],
    "servicecatalog.share_errors": ["DescribePortfolioShareStatus"],
    "servicecatalog.portfolio_share_details": ["DescribePortfolioShares"],
    "servicecatalog.portfolio_share_principal_id": ["DescribePortfolioShares"],
    "servicecatalog.portfolio_share_type": ["DescribePortfolioShares"],
    "servicecatalog.portfolio_share_accepted": ["DescribePortfolioShares"],
    "servicecatalog.portfolio_share_share_tag_options": ["DescribePortfolioShares"],
    "servicecatalog.portfolio_share_share_principals": ["DescribePortfolioShares"],
    "servicecatalog.provisioned_product_plan_details": ["DescribeProvisionedProductPlan"],
    "servicecatalog.resource_changes": ["DescribeProvisionedProductPlan"],
    "servicecatalog.resource_chang_action": ["DescribeProvisionedProductPlan"],
    "servicecatalog.resource_id": ["ListResourcesForTagOption", "DescribeProvisionedProductPlan"],
    "servicecatalog.resource_chang_resource_type": ["DescribeProvisionedProductPlan"],
    "servicecatalog.resource_chang_replacement": ["DescribeProvisionedProductPlan"],
    "servicecatalog.resource_chang_scope": ["DescribeProvisionedProductPlan"],
    "servicecatalog.resource_chang_details": ["DescribeProvisionedProductPlan"],
    "servicecatalog.record_outputs": ["DescribeRecord"],
    "servicecatalog.record_output_output_key": ["DescribeRecord"],
    "servicecatalog.record_output_output_value": ["DescribeRecord"],
    "servicecatalog.record_output_description": ["DescribeRecord"],
    "servicecatalog.service_action_parameters": ["DescribeServiceActionExecutionParameters"],
    "servicecatalog.service_action_parameter_name": ["DescribeServiceActionExecutionParameters"],
    "servicecatalog.service_action_parameter_type": ["DescribeServiceActionExecutionParameters"],
    "servicecatalog.service_action_parameter_default_values": ["DescribeServiceActionExecutionParameters"],
    "servicecatalog.budget_name": ["ListBudgetsForResource"],
    "servicecatalog.launch_path_summaries": ["ListLaunchPaths"],
    "servicecatalog.launch_path_id": ["ListLaunchPaths"],
    "servicecatalog.launch_path_constraint_summaries": ["ListLaunchPaths"],
    "servicecatalog.launch_path_tags": ["ListLaunchPaths"],
    "servicecatalog.launch_path_name": ["ListLaunchPaths"],
    "servicecatalog.organization_nodes": ["ListOrganizationPortfolioAccess"],
    "servicecatalog.organization_nod_type": ["ListOrganizationPortfolioAccess"],
    "servicecatalog.organization_nod_value": ["ListOrganizationPortfolioAccess"],
    "servicecatalog.account_ids": ["ListPortfolioAccess"],
    "servicecatalog.principals": ["ListPrincipalsForPortfolio"],
    "servicecatalog.principal_arn": ["ListPrincipalsForPortfolio"],
    "servicecatalog.principal_type": ["ListPrincipalsForPortfolio"],
    "servicecatalog.provisioning_artifact_views": ["ListProvisioningArtifactsForServiceAction"],
    "servicecatalog.provisioning_artifact_view_product_view_summary": ["ListProvisioningArtifactsForServiceAction"],
    "servicecatalog.provisioning_artifact_view_provisioning_artifact": ["ListProvisioningArtifactsForServiceAction"],
    "servicecatalog.resource_details": ["ListResourcesForTagOption"],
    "servicecatalog.resource_arn": ["ListResourcesForTagOption"],
    "servicecatalog.resource_name": ["ListResourcesForTagOption"],
    "servicecatalog.resource_description": ["ListResourcesForTagOption"],
    "servicecatalog.resource_created_time": ["ListResourcesForTagOption"],
    "servicecatalog.stack_instances": ["ListStackInstancesForProvisionedProduct"],
    "servicecatalog.stack_instanc_account": ["ListStackInstancesForProvisionedProduct"],
    "servicecatalog.stack_instanc_region": ["ListStackInstancesForProvisionedProduct"],
    "servicecatalog.stack_instanc_stack_instance_status": ["ListStackInstancesForProvisionedProduct"],
    "servicecatalog.portfolio_share_status": ["UpdatePortfolioShare"],
    "servicecatalog.provisioned_product_properties": ["UpdateProvisionedProductProperties"],
    "servicecatalog.provisioned_product_property_status": ["UpdateProvisionedProductProperties"]
  },
  "entity_consumers": {
    "servicecatalog.portfolio_id": ["AssociateProductWithPortfolio", "AssociatePrincipalWithPortfolio", "DisassociateProductFromPortfolio", "ListPrincipalsForPortfolio", "CreateConstraint", "AcceptPortfolioShare", "UpdatePortfolioShare", "DeletePortfolio", "DescribePortfolioShares", "ListConstraintsForPortfolio", "RejectPortfolioShare", "ListOrganizationPortfolioAccess", "DisassociatePrincipalFromPortfolio", "CreatePortfolioShare", "ListPortfolioAccess", "DeletePortfolioShare"],
    "servicecatalog.budget_name": ["DisassociateBudgetFromResource", "AssociateBudgetWithResource"],
    "servicecatalog.resource_id": ["AssociateBudgetWithResource", "ListBudgetsForResource", "DisassociateTagOptionFromResource", "AssociateTagOptionWithResource", "DisassociateBudgetFromResource"],
    "servicecatalog.principal_arn": ["AssociatePrincipalWithPortfolio", "DisassociatePrincipalFromPortfolio"],
    "servicecatalog.principal_type": ["AssociatePrincipalWithPortfolio"],
    "servicecatalog.product_id": ["ListProvisioningArtifacts", "AssociateProductWithPortfolio", "DisassociateProductFromPortfolio", "ImportAsProvisionedProduct", "ListServiceActionsForProvisioningArtifact", "CreateConstraint", "DisassociateServiceActionFromProvisioningArtifact", "UpdateProvisioningArtifact", "AssociateServiceActionWithProvisioningArtifact", "DeleteProduct", "ListPortfoliosForProduct", "CreateProvisionedProductPlan", "ListLaunchPaths", "DeleteProvisioningArtifact", "CreateProvisioningArtifact"],
    "servicecatalog.provisioningartifact_id": ["ImportAsProvisionedProduct", "UpdateProvisioningArtifact", "DisassociateServiceActionFromProvisioningArtifact", "AssociateServiceActionWithProvisioningArtifact", "CreateProvisionedProductPlan", "DeleteProvisioningArtifact", "ListServiceActionsForProvisioningArtifact"],
    "servicecatalog.serviceaction_id": ["ListProvisioningArtifactsForServiceAction", "ExecuteProvisionedProductServiceAction", "DisassociateServiceActionFromProvisioningArtifact", "AssociateServiceActionWithProvisioningArtifact", "DescribeServiceActionExecutionParameters"],
    "servicecatalog.tagoption_id": ["AssociateTagOptionWithResource", "DisassociateTagOptionFromResource", "ListResourcesForTagOption"],
    "servicecatalog.service_action_associations": ["BatchAssociateServiceActionWithProvisioningArtifact", "BatchDisassociateServiceActionFromProvisioningArtifact"],
    "servicecatalog.sourceproduct_arn": ["CopyProduct"],
    "servicecatalog.idempotency_token": ["CreateServiceAction", "ImportAsProvisionedProduct", "UpdateProvisionedProductProperties", "CreateProduct", "CreateConstraint", "NotifyTerminateProvisionedProductEngineWorkflowResult", "CreatePortfolio", "NotifyProvisionProductEngineWorkflowResult", "CopyProduct", "ExecuteProvisionedProductPlan", "NotifyUpdateProvisionedProductEngineWorkflowResult", "CreateProvisionedProductPlan", "CreateProvisioningArtifact"],
    "servicecatalog.parameters": ["CreateProvisioningArtifact", "CreateConstraint"],
    "servicecatalog.type": ["DescribePortfolioShares", "CreateConstraint"],
    "servicecatalog.display_name": ["CreatePortfolio"],
    "servicecatalog.provider_name": ["CreatePortfolio"],
    "servicecatalog.tag_name": ["CreateProduct"],
    "servicecatalog.owner": ["CreateProduct"],
    "servicecatalog.product_type": ["CreateProduct"],
    "servicecatalog.plan_name": ["CreateProvisionedProductPlan"],
    "servicecatalog.plan_type": ["CreateProvisionedProductPlan"],
    "servicecatalog.provisionedproduct_name": ["ImportAsProvisionedProduct", "ProvisionProduct", "CreateProvisionedProductPlan"],
    "servicecatalog.service_action_detail_name": ["CreateServiceAction"],
    "servicecatalog.definition_type": ["CreateServiceAction"],
    "servicecatalog.definition": ["CreateServiceAction"],
    "servicecatalog.key": ["CreateTagOption"],
    "servicecatalog.value": ["CreateTagOption"],
    "servicecatalog.constraint_detail_id": ["UpdateConstraint", "DescribeConstraint", "DeleteConstraint"],
    "servicecatalog.plan_id": ["DeleteProvisionedProductPlan", "ExecuteProvisionedProductPlan", "DescribeProvisionedProductPlan"],
    "servicecatalog.service_action_detail_id": ["DeleteServiceAction", "UpdateServiceAction", "DescribeServiceAction"],
    "servicecatalog.tag_option_detail_id": ["DeleteTagOption", "UpdateTagOption", "DescribeTagOption"],
    "servicecatalog.copy_product_token": ["DescribeCopyProductStatus"],
    "servicecatalog.tag_id": ["UpdateProduct", "UpdatePortfolio", "DescribePortfolio"],
    "servicecatalog.portfolio_share_token": ["DescribePortfolioShareStatus"],
    "servicecatalog.provisioning_artifact_id": ["DescribeProductView"],
    "servicecatalog.record_output_id": ["DescribeRecord"],
    "servicecatalog.provisionedproduct_id": ["UpdateProvisionedProductProperties", "ListStackInstancesForProvisionedProduct", "ExecuteProvisionedProductServiceAction", "DescribeServiceActionExecutionParameters"],
    "servicecatalog.execute_token": ["ExecuteProvisionedProductServiceAction"],
    "servicecatalog.physical_id": ["ImportAsProvisionedProduct"],
    "servicecatalog.organization_node_type": ["ListOrganizationPortfolioAccess"],
    "servicecatalog.workflow_token": ["NotifyUpdateProvisionedProductEngineWorkflowResult", "NotifyTerminateProvisionedProductEngineWorkflowResult", "NotifyProvisionProductEngineWorkflowResult"],
    "servicecatalog.record_id": ["NotifyUpdateProvisionedProductEngineWorkflowResult", "NotifyTerminateProvisionedProductEngineWorkflowResult", "NotifyProvisionProductEngineWorkflowResult"],
    "servicecatalog.notify_provision_product_engine_workflow_result_status": ["NotifyProvisionProductEngineWorkflowResult"],
    "servicecatalog.notify_terminate_provisioned_product_engine_workflow_result_status": ["NotifyTerminateProvisionedProductEngineWorkflowResult"],
    "servicecatalog.notify_update_provisioned_product_engine_workflow_result_status": ["NotifyUpdateProvisionedProductEngineWorkflowResult"],
    "servicecatalog.provision_token": ["ProvisionProduct"],
    "servicecatalog.terminate_token": ["TerminateProvisionedProduct"],
    "servicecatalog.update_token": ["UpdateProvisionedProduct"],
    "servicecatalog.provisioned_product_properties": ["UpdateProvisionedProductProperties"]
  },
  "external_entities": ["servicecatalog.definition", "servicecatalog.definition_type", "servicecatalog.execute_token", "servicecatalog.idempotency_token", "servicecatalog.key", "servicecatalog.notify_provision_product_engine_workflow_result_status", "servicecatalog.notify_terminate_provisioned_product_engine_workflow_result_status", "servicecatalog.notify_update_provisioned_product_engine_workflow_result_status", "servicecatalog.organization_node_type", "servicecatalog.owner", "servicecatalog.parameters", "servicecatalog.plan_type", "servicecatalog.product_type", "servicecatalog.provision_token", "servicecatalog.provisionedproduct_id", "servicecatalog.provisionedproduct_name", "servicecatalog.provisioningartifact_id", "servicecatalog.record_output_id", "servicecatalog.service_action_associations", "servicecatalog.serviceaction_id", "servicecatalog.sourceproduct_arn", "servicecatalog.tag_id", "servicecatalog.tag_name", "servicecatalog.tagoption_id", "servicecatalog.terminate_token", "servicecatalog.type", "servicecatalog.update_token", "servicecatalog.value", "servicecatalog.workflow_token"]
}