{
  "service": "servicecatalog",
  "seed_from_list": [
    "ARN",
    "Account",
    "Active",
    "Arn",
    "BudgetName",
    "ConstraintId",
    "ConstraintSummaries",
    "CreatedTime",
    "DefinitionType",
    "Description",
    "DisplayName",
    "Distributor",
    "Guidance",
    "HasDefaultPath",
    "Id",
    "IdempotencyToken",
    "Key",
    "LastProvisioningRecordId",
    "LastRecordId",
    "LastSuccessfulProvisioningRecordId",
    "LaunchRoleArn",
    "Name",
    "Owner",
    "PathId",
    "PhysicalId",
    "PlanId",
    "PlanName",
    "PlanType",
    "PortfolioId",
    "PrincipalARN",
    "PrincipalType",
    "ProductARN",
    "ProductId",
    "ProductName",
    "ProductViewSummary",
    "ProviderName",
    "ProvisionProductId",
    "ProvisionProductName",
    "ProvisionedProductId",
    "ProvisionedProductName",
    "ProvisionedProductType",
    "ProvisioningArtifact",
    "ProvisioningArtifactId",
    "ProvisioningArtifactName",
    "RecordErrors",
    "RecordId",
    "RecordTags",
    "RecordType",
    "Region",
    "ShortDescription",
    "SourceConnection",
    "SourceRevision",
    "StackInstanceStatus",
    "Status",
    "StatusMessage",
    "SupportDescription",
    "SupportEmail",
    "SupportUrl",
    "Tags",
    "Type",
    "UpdatedTime",
    "UserArn",
    "UserArnSession",
    "Value"
  ],
  "enriched_from_get_describe": [
    "Accepted",
    "AccessStatus",
    "Action",
    "Active",
    "Budgets",
    "CloudWatchDashboards",
    "ConstraintDetail",
    "ConstraintId",
    "ConstraintParameters",
    "ConstraintSummaries",
    "CopyProductStatus",
    "CreatedTime",
    "DefaultValue",
    "DefaultValues",
    "Definition",
    "Description",
    "Details",
    "Guidance",
    "Id",
    "Info",
    "IsNoEcho",
    "Key",
    "LaunchPaths",
    "LogicalResourceId",
    "Name",
    "NextPageToken",
    "OrganizationNodeValue",
    "OutputKey",
    "OutputValue",
    "Outputs",
    "Owner",
    "ParameterConstraints",
    "ParameterKey",
    "ParameterType",
    "PhysicalResourceId",
    "PortfolioDetail",
    "PortfolioId",
    "PortfolioShareDetails",
    "PortfolioShareToken",
    "PrincipalId",
    "ProductId",
    "ProductViewDetail",
    "ProductViewSummary",
    "ProvisionedProductDetail",
    "ProvisionedProductPlanDetails",
    "ProvisioningArtifactDetail",
    "ProvisioningArtifactMetadata",
    "ProvisioningArtifactOutputKeys",
    "ProvisioningArtifactOutputs",
    "ProvisioningArtifactParameters",
    "ProvisioningArtifactPreferences",
    "ProvisioningArtifactSummaries",
    "ProvisioningArtifacts",
    "RecordDetail",
    "RecordOutputs",
    "Replacement",
    "ResourceChanges",
    "ResourceType",
    "Scope",
    "ServiceActionDetail",
    "ServiceActionParameters",
    "ServiceActionSummary",
    "ShareDetails",
    "ShareErrors",
    "SharePrincipals",
    "ShareTagOptions",
    "Status",
    "StatusDetail",
    "SuccessfulShares",
    "TagOptionDetail",
    "TagOptions",
    "Tags",
    "TargetProductId",
    "Type",
    "UsageInstructions",
    "Value"
  ],
  "final_union": [
    "ARN",
    "Accepted",
    "AccessStatus",
    "Account",
    "Action",
    "Active",
    "Arn",
    "BudgetName",
    "Budgets",
    "CloudWatchDashboards",
    "ConstraintDetail",
    "ConstraintId",
    "ConstraintParameters",
    "ConstraintSummaries",
    "CopyProductStatus",
    "CreatedTime",
    "DefaultValue",
    "DefaultValues",
    "Definition",
    "DefinitionType",
    "Description",
    "Details",
    "DisplayName",
    "Distributor",
    "Guidance",
    "HasDefaultPath",
    "Id",
    "IdempotencyToken",
    "Info",
    "IsNoEcho",
    "Key",
    "LastProvisioningRecordId",
    "LastRecordId",
    "LastSuccessfulProvisioningRecordId",
    "LaunchPaths",
    "LaunchRoleArn",
    "LogicalResourceId",
    "Name",
    "NextPageToken",
    "OrganizationNodeValue",
    "OutputKey",
    "OutputValue",
    "Outputs",
    "Owner",
    "ParameterConstraints",
    "ParameterKey",
    "ParameterType",
    "PathId",
    "PhysicalId",
    "PhysicalResourceId",
    "PlanId",
    "PlanName",
    "PlanType",
    "PortfolioDetail",
    "PortfolioId",
    "PortfolioShareDetails",
    "PortfolioShareToken",
    "PrincipalARN",
    "PrincipalId",
    "PrincipalType",
    "ProductARN",
    "ProductId",
    "ProductName",
    "ProductViewDetail",
    "ProductViewSummary",
    "ProviderName",
    "ProvisionProductId",
    "ProvisionProductName",
    "ProvisionedProductDetail",
    "ProvisionedProductId",
    "ProvisionedProductName",
    "ProvisionedProductPlanDetails",
    "ProvisionedProductType",
    "ProvisioningArtifact",
    "ProvisioningArtifactDetail",
    "ProvisioningArtifactId",
    "ProvisioningArtifactMetadata",
    "ProvisioningArtifactName",
    "ProvisioningArtifactOutputKeys",
    "ProvisioningArtifactOutputs",
    "ProvisioningArtifactParameters",
    "ProvisioningArtifactPreferences",
    "ProvisioningArtifactSummaries",
    "ProvisioningArtifacts",
    "RecordDetail",
    "RecordErrors",
    "RecordId",
    "RecordOutputs",
    "RecordTags",
    "RecordType",
    "Region",
    "Replacement",
    "ResourceChanges",
    "ResourceType",
    "Scope",
    "ServiceActionDetail",
    "ServiceActionParameters",
    "ServiceActionSummary",
    "ShareDetails",
    "ShareErrors",
    "SharePrincipals",
    "ShareTagOptions",
    "ShortDescription",
    "SourceConnection",
    "SourceRevision",
    "StackInstanceStatus",
    "Status",
    "StatusDetail",
    "StatusMessage",
    "SuccessfulShares",
    "SupportDescription",
    "SupportEmail",
    "SupportUrl",
    "TagOptionDetail",
    "TagOptions",
    "Tags",
    "TargetProductId",
    "Type",
    "UpdatedTime",
    "UsageInstructions",
    "UserArn",
    "UserArnSession",
    "Value"
  ],
  "source": {
    "operation_registry": "services/servicecatalog/operation_registry.json",
    "read_ops_rule": "operation name startswith List/Get/Describe/Search/Lookup",
    "excluded_keys": [
      "nextToken",
      "maxResults"
    ]
  }
}