{
  "service": "servicecatalog",
  "fixes": [
    {
      "rule_id": "1",
      "suggested_check": {
        "var": "Id",
        "op": "equals",
        "value": "servicecatalog.provisioning_artifact_id",
        "derived": null,
        "derive_key": null
      },
      "suggested_aliases": {
        "entity_aliases": {
          "alias": "provisioning_artifact_id"
        },
        "param_aliases": {
          "param": []
        }
      },
      "confidence": 0.9,
      "reason": "The Id field directly corresponds to the provisioning_artifact_id in the service catalog."
    },
    {
      "rule_id": "2",
      "suggested_check": {
        "var": "Id",
        "op": "equals",
        "value": "servicecatalog.portfolio_id",
        "derived": null,
        "derive_key": null
      },
      "suggested_aliases": {
        "entity_aliases": {
          "alias": "portfolio_id"
        },
        "param_aliases": {
          "param": []
        }
      },
      "confidence": 0.9,
      "reason": "The Id field in portfolio details directly maps to portfolio_id."
    },
    {
      "rule_id": "3",
      "suggested_check": {
        "var": "Id",
        "op": "equals",
        "value": "servicecatalog.service_action_detail_id",
        "derived": null,
        "derive_key": null
      },
      "suggested_aliases": {
        "entity_aliases": {
          "alias": "service_action_detail_id"
        },
        "param_aliases": {
          "param": []
        }
      },
      "confidence": 0.9,
      "reason": "The Id field in service action summaries directly corresponds to service_action_detail_id."
    },
    {
      "rule_id": "4",
      "suggested_check": {
        "var": "Id",
        "op": "equals",
        "value": "servicecatalog.tag_option_detail_id",
        "derived": null,
        "derive_key": null
      },
      "suggested_aliases": {
        "entity_aliases": {
          "alias": "tag_option_detail_id"
        },
        "param_aliases": {
          "param": []
        }
      },
      "confidence": 0.9,
      "reason": "The Id field in tag option details directly maps to tag_option_detail_id."
    },
    {
      "rule_id": "5",
      "suggested_check": {
        "var": "Id",
        "op": "equals",
        "value": "servicecatalog.product_id",
        "derived": null,
        "derive_key": null
      },
      "suggested_aliases": {
        "entity_aliases": {
          "alias": "product_id"
        },
        "param_aliases": {
          "param": []
        }
      },
      "confidence": 0.9,
      "reason": "The Id field in provisioned products directly corresponds to product_id."
    },
    {
      "rule_id": "6",
      "suggested_check": {
        "var": "Id",
        "op": "equals",
        "value": "servicecatalog.product_view_id",
        "derived": null,
        "derive_key": null
      },
      "suggested_aliases": {
        "entity_aliases": {
          "alias": "product_view_id"
        },
        "param_aliases": {
          "param": []
        }
      },
      "confidence": 0.9,
      "reason": "The Id field in product view summaries directly maps to product_view_id."
    },
    {
      "type": "llm_fix",
      "original": "1",
      "fix": {
        "var": "Arn",
        "op": "equals",
        "value": "DescribeProduct.ProvisioningArtifacts.Id",
        "derived": null,
        "derive_key": null
      },
      "confidence": 0.85,
      "reason": "The ARN directly corresponds to the provisioning artifact ID in the service catalog.",
      "aliases": {
        "entity_aliases": {
          "alias": "servicecatalog.provisioning_artifact_id"
        },
        "param_aliases": {
          "param": []
        }
      }
    },
    {
      "type": "llm_fix",
      "original": "2",
      "fix": {
        "var": "Arn",
        "op": "equals",
        "value": "DescribeProductAsAdmin.ProvisioningArtifactSummaries.Id",
        "derived": null,
        "derive_key": null
      },
      "confidence": 0.85,
      "reason": "The ARN directly corresponds to the provisioning artifact ID in the service catalog.",
      "aliases": {
        "entity_aliases": {
          "alias": "servicecatalog.provisioning_artifact_id"
        },
        "param_aliases": {
          "param": []
        }
      }
    },
    {
      "type": "llm_fix",
      "original": "3",
      "fix": {
        "var": "Arn",
        "op": "equals",
        "value": "ListAcceptedPortfolioShares.PortfolioDetails[].Id",
        "derived": null,
        "derive_key": null
      },
      "confidence": 0.85,
      "reason": "The ARN directly corresponds to the portfolio ID in the service catalog.",
      "aliases": {
        "entity_aliases": {
          "alias": "servicecatalog.portfolio_id"
        },
        "param_aliases": {
          "param": []
        }
      }
    },
    {
      "type": "llm_fix",
      "original": "4",
      "fix": {
        "var": "Arn",
        "op": "equals",
        "value": "ListPortfolios.PortfolioDetails[].Id",
        "derived": null,
        "derive_key": null
      },
      "confidence": 0.85,
      "reason": "The ARN directly corresponds to the portfolio ID in the service catalog.",
      "aliases": {
        "entity_aliases": {
          "alias": "servicecatalog.portfolio_id"
        },
        "param_aliases": {
          "param": []
        }
      }
    },
    {
      "type": "llm_fix",
      "original": "5",
      "fix": {
        "var": "Arn",
        "op": "equals",
        "value": "ListServiceActions.ServiceActionSummaries[].Id",
        "derived": null,
        "derive_key": null
      },
      "confidence": 0.85,
      "reason": "The ARN directly corresponds to the service action detail ID in the service catalog.",
      "aliases": {
        "entity_aliases": {
          "alias": "servicecatalog.service_action_detail_id"
        },
        "param_aliases": {
          "param": []
        }
      }
    },
    {
      "type": "llm_fix",
      "original": "6",
      "fix": {
        "var": "Arn",
        "op": "equals",
        "value": "ListTagOptions.TagOptionDetails[].Id",
        "derived": null,
        "derive_key": null
      },
      "confidence": 0.85,
      "reason": "The ARN directly corresponds to the tag option detail ID in the service catalog.",
      "aliases": {
        "entity_aliases": {
          "alias": "servicecatalog.tag_option_detail_id"
        },
        "param_aliases": {
          "param": []
        }
      }
    },
    {
      "type": "llm_fix",
      "original": "7",
      "fix": {
        "var": "Arn",
        "op": "equals",
        "value": "ScanProvisionedProducts.ProvisionedProducts.Id",
        "derived": null,
        "derive_key": null
      },
      "confidence": 0.85,
      "reason": "The ARN directly corresponds to the product ID in the service catalog.",
      "aliases": {
        "entity_aliases": {
          "alias": "servicecatalog.product_id"
        },
        "param_aliases": {
          "param": []
        }
      }
    },
    {
      "type": "llm_fix",
      "original": "8",
      "fix": {
        "var": "Arn",
        "op": "equals",
        "value": "SearchProducts.ProductViewSummaries.Id",
        "derived": null,
        "derive_key": null
      },
      "confidence": 0.85,
      "reason": "The ARN directly corresponds to the product view ID in the service catalog.",
      "aliases": {
        "entity_aliases": {
          "alias": "servicecatalog.product_view_id"
        },
        "param_aliases": {
          "param": []
        }
      }
    },
    {
      "type": "llm_fix",
      "original": "9",
      "fix": {
        "var": "Arn",
        "op": "equals",
        "value": "SearchProvisionedProducts.ProvisionedProducts.Id",
        "derived": null,
        "derive_key": null
      },
      "confidence": 0.85,
      "reason": "The ARN directly corresponds to the product ID in the service catalog.",
      "aliases": {
        "entity_aliases": {
          "alias": "servicecatalog.product_id"
        },
        "param_aliases": {
          "param": []
        }
      }
    },
    {
      "type": "llm_fix",
      "original": "10",
      "fix": {
        "var": "Arn",
        "op": "equals",
        "value": "CreateProvisioningArtifact.ProvisioningArtifactDetail.Id",
        "derived": null,
        "derive_key": null
      },
      "confidence": 0.85,
      "reason": "The ARN directly corresponds to the provisioning artifact ID in the service catalog.",
      "aliases": {
        "entity_aliases": {
          "alias": "servicecatalog.provisioning_artifact_id"
        },
        "param_aliases": {
          "param": []
        }
      }
    }
  ],
  "summary": {
    "total_fixes": 16,
    "remaining_unresolved": 63
  }
}