{
  "service": "servicecatalog",
  "issues": {
    "generic_entities": {},
    "ambiguous_tokens": {
      "id": [
        {
          "mapping": "DescribeProduct.ProvisioningArtifacts.Id -> servicecatalog.provisioning_artifact_id",
          "evidence": "DescribeProduct.ProvisioningArtifacts.Id",
          "entity": "servicecatalog.provisioning_artifact_id"
        },
        {
          "mapping": "DescribeProductAsAdmin.ProvisioningArtifactSummaries.Id -> servicecatalog.provisioning_artifact_id",
          "evidence": "DescribeProductAsAdmin.ProvisioningArtifactSummaries.Id",
          "entity": "servicecatalog.provisioning_artifact_id"
        },
        {
          "mapping": "ListAcceptedPortfolioShares.PortfolioDetails[].Id -> servicecatalog.portfolio_id",
          "evidence": "ListAcceptedPortfolioShares.PortfolioDetails[].Id",
          "entity": "servicecatalog.portfolio_id"
        },
        {
          "mapping": "ListPortfolios.PortfolioDetails[].Id -> servicecatalog.portfolio_id",
          "evidence": "ListPortfolios.PortfolioDetails[].Id",
          "entity": "servicecatalog.portfolio_id"
        },
        {
          "mapping": "ListServiceActions.ServiceActionSummaries[].Id -> servicecatalog.service_action_detail_id",
          "evidence": "ListServiceActions.ServiceActionSummaries[].Id",
          "entity": "servicecatalog.service_action_detail_id"
        },
        {
          "mapping": "ListTagOptions.TagOptionDetails[].Id -> servicecatalog.tag_option_detail_id",
          "evidence": "ListTagOptions.TagOptionDetails[].Id",
          "entity": "servicecatalog.tag_option_detail_id"
        },
        {
          "mapping": "ScanProvisionedProducts.ProvisionedProducts.Id -> servicecatalog.product_id",
          "evidence": "ScanProvisionedProducts.ProvisionedProducts.Id",
          "entity": "servicecatalog.product_id"
        },
        {
          "mapping": "SearchProducts.ProductViewSummaries.Id -> servicecatalog.product_view_id",
          "evidence": "SearchProducts.ProductViewSummaries.Id",
          "entity": "servicecatalog.product_view_id"
        },
        {
          "mapping": "SearchProvisionedProducts.ProvisionedProducts.Id -> servicecatalog.product_id",
          "evidence": "SearchProvisionedProducts.ProvisionedProducts.Id",
          "entity": "servicecatalog.product_id"
        },
        {
          "mapping": "CreateProvisioningArtifact.ProvisioningArtifactDetail.Id -> servicecatalog.provisioning_artifact_id",
          "evidence": "CreateProvisioningArtifact.ProvisioningArtifactDetail.Id",
          "entity": "servicecatalog.provisioning_artifact_id"
        },
        {
          "mapping": "CreateTagOption.TagOptionDetail.Id -> servicecatalog.tag_option_detail_id",
          "evidence": "CreateTagOption.TagOptionDetail.Id",
          "entity": "servicecatalog.tag_option_detail_id"
        },
        {
          "mapping": "DeleteConstraint.Id -> servicecatalog.constraint_detail_id",
          "evidence": "DeleteConstraint.Id",
          "entity": "servicecatalog.constraint_detail_id"
        },
        {
          "mapping": "DeletePortfolio.Id -> servicecatalog.portfolio_id",
          "evidence": "DeletePortfolio.Id",
          "entity": "servicecatalog.portfolio_id"
        },
        {
          "mapping": "DeleteProduct.Id -> servicecatalog.product_id",
          "evidence": "DeleteProduct.Id",
          "entity": "servicecatalog.product_id"
        },
        {
          "mapping": "DeleteServiceAction.Id -> servicecatalog.service_action_detail_id",
          "evidence": "DeleteServiceAction.Id",
          "entity": "servicecatalog.service_action_detail_id"
        },
        {
          "mapping": "DeleteTagOption.Id -> servicecatalog.tag_option_detail_id",
          "evidence": "DeleteTagOption.Id",
          "entity": "servicecatalog.tag_option_detail_id"
        },
        {
          "mapping": "DescribeConstraint.Id -> servicecatalog.constraint_detail_id",
          "evidence": "DescribeConstraint.Id",
          "entity": "servicecatalog.constraint_detail_id"
        },
        {
          "mapping": "DescribePortfolio.Id -> servicecatalog.tag_id",
          "evidence": "DescribePortfolio.Id",
          "entity": "servicecatalog.tag_id"
        },
        {
          "mapping": "DescribeProductView.Id -> servicecatalog.provisioning_artifact_id",
          "evidence": "DescribeProductView.Id",
          "entity": "servicecatalog.provisioning_artifact_id"
        },
        {
          "mapping": "DescribeProductView.ProvisioningArtifacts.Id -> servicecatalog.provisioning_artifact_id",
          "evidence": "DescribeProductView.ProvisioningArtifacts.Id",
          "entity": "servicecatalog.provisioning_artifact_id"
        }
      ],
      "name": [
        {
          "mapping": "DescribeProduct.ProvisioningArtifacts.Name -> servicecatalog.provisioning_artifact_name",
          "evidence": "DescribeProduct.ProvisioningArtifacts.Name",
          "entity": "servicecatalog.provisioning_artifact_name"
        },
        {
          "mapping": "DescribeProductAsAdmin.ProvisioningArtifactSummaries.Name -> servicecatalog.provisioning_artifact_name",
          "evidence": "DescribeProductAsAdmin.ProvisioningArtifactSummaries.Name",
          "entity": "servicecatalog.provisioning_artifact_name"
        },
        {
          "mapping": "DescribeProvisionedProduct.CloudWatchDashboards.Name -> servicecatalog.cloud_watch_dashboard_name",
          "evidence": "DescribeProvisionedProduct.CloudWatchDashboards.Name",
          "entity": "servicecatalog.cloud_watch_dashboard_name"
        },
        {
          "mapping": "ListServiceActions.ServiceActionSummaries[].Name -> servicecatalog.service_action_detail_name",
          "evidence": "ListServiceActions.ServiceActionSummaries[].Name",
          "entity": "servicecatalog.service_action_detail_name"
        },
        {
          "mapping": "ScanProvisionedProducts.ProvisionedProducts.Name -> servicecatalog.provisioned_product_name",
          "evidence": "ScanProvisionedProducts.ProvisionedProducts.Name",
          "entity": "servicecatalog.provisioned_product_name"
        },
        {
          "mapping": "SearchProducts.ProductViewSummaries.Name -> servicecatalog.product_view_name",
          "evidence": "SearchProducts.ProductViewSummaries.Name",
          "entity": "servicecatalog.product_view_name"
        },
        {
          "mapping": "SearchProvisionedProducts.ProvisionedProducts.Name -> servicecatalog.provisioned_product_name",
          "evidence": "SearchProvisionedProducts.ProvisionedProducts.Name",
          "entity": "servicecatalog.provisioned_product_name"
        },
        {
          "mapping": "CreateProduct.Name -> servicecatalog.tag_name",
          "evidence": "CreateProduct.Name",
          "entity": "servicecatalog.tag_name"
        },
        {
          "mapping": "CreateProvisioningArtifact.ProvisioningArtifactDetail.Name -> servicecatalog.provisioning_artifact_name",
          "evidence": "CreateProvisioningArtifact.ProvisioningArtifactDetail.Name",
          "entity": "servicecatalog.provisioning_artifact_name"
        },
        {
          "mapping": "CreateServiceAction.Name -> servicecatalog.service_action_detail_name",
          "evidence": "CreateServiceAction.Name",
          "entity": "servicecatalog.service_action_detail_name"
        },
        {
          "mapping": "DescribeProductView.ProvisioningArtifacts.Name -> servicecatalog.provisioning_artifact_name",
          "evidence": "DescribeProductView.ProvisioningArtifacts.Name",
          "entity": "servicecatalog.provisioning_artifact_name"
        },
        {
          "mapping": "DescribeServiceActionExecutionParameters.ServiceActionParameters.Name -> servicecatalog.service_action_parameter_name",
          "evidence": "DescribeServiceActionExecutionParameters.ServiceActionParameters.Name",
          "entity": "servicecatalog.service_action_parameter_name"
        },
        {
          "mapping": "ListLaunchPaths.LaunchPathSummaries[].Name -> servicecatalog.launch_path_name",
          "evidence": "ListLaunchPaths.LaunchPathSummaries[].Name",
          "entity": "servicecatalog.launch_path_name"
        },
        {
          "mapping": "ListProvisioningArtifacts.ProvisioningArtifactDetails[].Name -> servicecatalog.provisioning_artifact_name",
          "evidence": "ListProvisioningArtifacts.ProvisioningArtifactDetails[].Name",
          "entity": "servicecatalog.provisioning_artifact_name"
        },
        {
          "mapping": "ListResourcesForTagOption.ResourceDetails[].Name -> servicecatalog.resource_name",
          "evidence": "ListResourcesForTagOption.ResourceDetails[].Name",
          "entity": "servicecatalog.resource_name"
        },
        {
          "mapping": "ListServiceActionsForProvisioningArtifact.ServiceActionSummaries[].Name -> servicecatalog.service_action_detail_name",
          "evidence": "ListServiceActionsForProvisioningArtifact.ServiceActionSummaries[].Name",
          "entity": "servicecatalog.service_action_detail_name"
        },
        {
          "mapping": "UpdateProvisioningArtifact.ProvisioningArtifactDetail.Name -> servicecatalog.provisioning_artifact_name",
          "evidence": "UpdateProvisioningArtifact.ProvisioningArtifactDetail.Name",
          "entity": "servicecatalog.provisioning_artifact_name"
        }
      ],
      "status": [
        {
          "mapping": "DescribeProvisioningArtifact.Status -> servicecatalog.provisioning_artifact_status",
          "evidence": "DescribeProvisioningArtifact.Status",
          "entity": "servicecatalog.provisioning_artifact_status"
        },
        {
          "mapping": "ListRecordHistory.RecordDetails[].Status -> servicecatalog.record_status",
          "evidence": "ListRecordHistory.RecordDetails[].Status",
          "entity": "servicecatalog.record_status"
        },
        {
          "mapping": "ScanProvisionedProducts.ProvisionedProducts.Status -> servicecatalog.provisioned_product_status",
          "evidence": "ScanProvisionedProducts.ProvisionedProducts.Status",
          "entity": "servicecatalog.provisioned_product_status"
        },
        {
          "mapping": "SearchProductsAsAdmin.ProductViewDetails.Status -> servicecatalog.product_view_status",
          "evidence": "SearchProductsAsAdmin.ProductViewDetails.Status",
          "entity": "servicecatalog.product_view_status"
        },
        {
          "mapping": "SearchProvisionedProducts.ProvisionedProducts.Status -> servicecatalog.provisioned_product_status",
          "evidence": "SearchProvisionedProducts.ProvisionedProducts.Status",
          "entity": "servicecatalog.provisioned_product_status"
        },
        {
          "mapping": "CreateConstraint.Status -> servicecatalog.constraint_status",
          "evidence": "CreateConstraint.Status",
          "entity": "servicecatalog.constraint_status"
        },
        {
          "mapping": "CreateProvisioningArtifact.Status -> servicecatalog.provisioning_artifact_status",
          "evidence": "CreateProvisioningArtifact.Status",
          "entity": "servicecatalog.provisioning_artifact_status"
        },
        {
          "mapping": "DescribeConstraint.Status -> servicecatalog.constraint_status",
          "evidence": "DescribeConstraint.Status",
          "entity": "servicecatalog.constraint_status"
        },
        {
          "mapping": "DescribePortfolioShareStatus.Status -> servicecatalog.portfolio_share_statu_status",
          "evidence": "DescribePortfolioShareStatus.Status",
          "entity": "servicecatalog.portfolio_share_statu_status"
        },
        {
          "mapping": "ExecuteProvisionedProductPlan.RecordDetail.Status -> servicecatalog.record_status",
          "evidence": "ExecuteProvisionedProductPlan.RecordDetail.Status",
          "entity": "servicecatalog.record_status"
        },
        {
          "mapping": "ExecuteProvisionedProductServiceAction.RecordDetail.Status -> servicecatalog.record_status",
          "evidence": "ExecuteProvisionedProductServiceAction.RecordDetail.Status",
          "entity": "servicecatalog.record_status"
        },
        {
          "mapping": "ImportAsProvisionedProduct.RecordDetail.Status -> servicecatalog.record_status",
          "evidence": "ImportAsProvisionedProduct.RecordDetail.Status",
          "entity": "servicecatalog.record_status"
        },
        {
          "mapping": "NotifyProvisionProductEngineWorkflowResult.Status -> servicecatalog.notify_provision_product_engine_workflow_result_status",
          "evidence": "NotifyProvisionProductEngineWorkflowResult.Status",
          "entity": "servicecatalog.notify_provision_product_engine_workflow_result_status"
        },
        {
          "mapping": "NotifyTerminateProvisionedProductEngineWorkflowResult.Status -> servicecatalog.notify_terminate_provisioned_product_engine_workflow_result_status",
          "evidence": "NotifyTerminateProvisionedProductEngineWorkflowResult.Status",
          "entity": "servicecatalog.notify_terminate_provisioned_product_engine_workflow_result_status"
        },
        {
          "mapping": "NotifyUpdateProvisionedProductEngineWorkflowResult.Status -> servicecatalog.notify_update_provisioned_product_engine_workflow_result_status",
          "evidence": "NotifyUpdateProvisionedProductEngineWorkflowResult.Status",
          "entity": "servicecatalog.notify_update_provisioned_product_engine_workflow_result_status"
        },
        {
          "mapping": "ProvisionProduct.RecordDetail.Status -> servicecatalog.record_status",
          "evidence": "ProvisionProduct.RecordDetail.Status",
          "entity": "servicecatalog.record_status"
        },
        {
          "mapping": "TerminateProvisionedProduct.RecordDetail.Status -> servicecatalog.record_status",
          "evidence": "TerminateProvisionedProduct.RecordDetail.Status",
          "entity": "servicecatalog.record_status"
        },
        {
          "mapping": "UpdateConstraint.Status -> servicecatalog.constraint_status",
          "evidence": "UpdateConstraint.Status",
          "entity": "servicecatalog.constraint_status"
        },
        {
          "mapping": "UpdatePortfolioShare.Status -> servicecatalog.portfolio_share_status",
          "evidence": "UpdatePortfolioShare.Status",
          "entity": "servicecatalog.portfolio_share_status"
        },
        {
          "mapping": "UpdateProvisionedProduct.RecordDetail.Status -> servicecatalog.record_status",
          "evidence": "UpdateProvisionedProduct.RecordDetail.Status",
          "entity": "servicecatalog.record_status"
        }
      ],
      "arn": [
        {
          "mapping": "ListAcceptedPortfolioShares.PortfolioDetails[].ARN -> servicecatalog.portfolio_arn",
          "evidence": "ListAcceptedPortfolioShares.PortfolioDetails[].ARN",
          "entity": "servicecatalog.portfolio_arn"
        },
        {
          "mapping": "ListPortfolios.PortfolioDetails[].ARN -> servicecatalog.portfolio_arn",
          "evidence": "ListPortfolios.PortfolioDetails[].ARN",
          "entity": "servicecatalog.portfolio_arn"
        },
        {
          "mapping": "ScanProvisionedProducts.ProvisionedProducts.Arn -> servicecatalog.provisioned_product_arn",
          "evidence": "ScanProvisionedProducts.ProvisionedProducts.Arn",
          "entity": "servicecatalog.provisioned_product_arn"
        },
        {
          "mapping": "SearchProvisionedProducts.ProvisionedProducts.Arn -> servicecatalog.provisioned_product_arn",
          "evidence": "SearchProvisionedProducts.ProvisionedProducts.Arn",
          "entity": "servicecatalog.provisioned_product_arn"
        },
        {
          "mapping": "ListPortfoliosForProduct.PortfolioDetails[].ARN -> servicecatalog.portfolio_arn",
          "evidence": "ListPortfoliosForProduct.PortfolioDetails[].ARN",
          "entity": "servicecatalog.portfolio_arn"
        },
        {
          "mapping": "ListResourcesForTagOption.ResourceDetails[].ARN -> servicecatalog.resource_arn",
          "evidence": "ListResourcesForTagOption.ResourceDetails[].ARN",
          "entity": "servicecatalog.resource_arn"
        }
      ]
    },
    "unresolved_consumes": [],
    "suspicious_paths": []
  },
  "alias_candidates_not_applied": [],
  "suggested_overrides": [
    {
      "operation": "CreateConstraint",
      "type": "produces",
      "key": "ConstraintDetail.ConstraintId",
      "suggested_entity": "servicecatalog.portfolio_id",
      "confidence": "MEDIUM",
      "reason": "Param 'PortfolioId' and output field 'ConstraintId' match but map to different entities. Suggest unifying to consume entity."
    },
    {
      "operation": "CreateConstraint",
      "type": "produces",
      "key": "ConstraintDetail.ProductId",
      "suggested_entity": "servicecatalog.portfolio_id",
      "confidence": "MEDIUM",
      "reason": "Param 'PortfolioId' and output field 'ProductId' match but map to different entities. Suggest unifying to consume entity."
    },
    {
      "operation": "CreateConstraint",
      "type": "produces",
      "key": "ConstraintDetail.ConstraintId",
      "suggested_entity": "servicecatalog.product_id",
      "confidence": "MEDIUM",
      "reason": "Param 'ProductId' and output field 'ConstraintId' match but map to different entities. Suggest unifying to consume entity."
    },
    {
      "operation": "CreateConstraint",
      "type": "produces",
      "key": "ConstraintDetail.PortfolioId",
      "suggested_entity": "servicecatalog.product_id",
      "confidence": "MEDIUM",
      "reason": "Param 'ProductId' and output field 'PortfolioId' match but map to different entities. Suggest unifying to consume entity."
    },
    {
      "operation": "CreateConstraint",
      "type": "produces",
      "key": "ConstraintDetail.Type",
      "suggested_entity": "servicecatalog.type",
      "confidence": "MEDIUM",
      "reason": "Param 'Type' and output field 'Type' match but map to different entities. Suggest unifying to consume entity."
    },
    {
      "operation": "CreateProvisionedProductPlan",
      "type": "produces",
      "key": "PlanId",
      "suggested_entity": "servicecatalog.product_id",
      "confidence": "MEDIUM",
      "reason": "Param 'ProductId' and output field 'PlanId' match but map to different entities. Suggest unifying to consume entity."
    },
    {
      "operation": "CreateProvisionedProductPlan",
      "type": "produces",
      "key": "ProvisioningArtifactId",
      "suggested_entity": "servicecatalog.product_id",
      "confidence": "MEDIUM",
      "reason": "Param 'ProductId' and output field 'ProvisioningArtifactId' match but map to different entities. Suggest unifying to consume entity."
    },
    {
      "operation": "CreateProvisionedProductPlan",
      "type": "produces",
      "key": "ProvisionedProductName",
      "suggested_entity": "servicecatalog.provisionedproduct_name",
      "confidence": "MEDIUM",
      "reason": "Param 'ProvisionedProductName' and output field 'ProvisionedProductName' match but map to different entities. Suggest unifying to consume entity."
    },
    {
      "operation": "CreateProvisionedProductPlan",
      "type": "produces",
      "key": "PlanId",
      "suggested_entity": "servicecatalog.provisioningartifact_id",
      "confidence": "MEDIUM",
      "reason": "Param 'ProvisioningArtifactId' and output field 'PlanId' match but map to different entities. Suggest unifying to consume entity."
    },
    {
      "operation": "CreateProvisionedProductPlan",
      "type": "produces",
      "key": "ProvisionProductId",
      "suggested_entity": "servicecatalog.provisioningartifact_id",
      "confidence": "MEDIUM",
      "reason": "Param 'ProvisioningArtifactId' and output field 'ProvisionProductId' match but map to different entities. Suggest unifying to consume entity."
    },
    {
      "operation": "CreateProvisionedProductPlan",
      "type": "produces",
      "key": "ProvisioningArtifactId",
      "suggested_entity": "servicecatalog.provisioningartifact_id",
      "confidence": "MEDIUM",
      "reason": "Param 'ProvisioningArtifactId' and output field 'ProvisioningArtifactId' match but map to different entities. Suggest unifying to consume entity."
    },
    {
      "operation": "CreateProvisioningArtifact",
      "type": "produces",
      "key": "ProvisioningArtifactDetail.Id",
      "suggested_entity": "servicecatalog.product_id",
      "confidence": "MEDIUM",
      "reason": "Param 'ProductId' and output field 'Id' match but map to different entities. Suggest unifying to consume entity."
    },
    {
      "operation": "CreateServiceAction",
      "type": "produces",
      "key": "ServiceActionDetail.Definition",
      "suggested_entity": "servicecatalog.definition",
      "confidence": "MEDIUM",
      "reason": "Param 'Definition' and output field 'Definition' match but map to different entities. Suggest unifying to consume entity."
    },
    {
      "operation": "CreateTagOption",
      "type": "produces",
      "key": "TagOptionDetail.Key",
      "suggested_entity": "servicecatalog.key",
      "confidence": "MEDIUM",
      "reason": "Param 'Key' and output field 'Key' match but map to different entities. Suggest unifying to consume entity."
    },
    {
      "operation": "CreateTagOption",
      "type": "produces",
      "key": "TagOptionDetail.Value",
      "suggested_entity": "servicecatalog.value",
      "confidence": "MEDIUM",
      "reason": "Param 'Value' and output field 'Value' match but map to different entities. Suggest unifying to consume entity."
    },
    {
      "operation": "DescribeConstraint",
      "type": "produces",
      "key": "ConstraintDetail.ProductId",
      "suggested_entity": "servicecatalog.constraint_detail_id",
      "confidence": "MEDIUM",
      "reason": "Param 'Id' and output field 'ProductId' match but map to different entities. Suggest unifying to consume entity."
    },
    {
      "operation": "DescribeConstraint",
      "type": "produces",
      "key": "ConstraintDetail.PortfolioId",
      "suggested_entity": "servicecatalog.constraint_detail_id",
      "confidence": "MEDIUM",
      "reason": "Param 'Id' and output field 'PortfolioId' match but map to different entities. Suggest unifying to consume entity."
    },
    {
      "operation": "DescribePortfolioShares",
      "type": "produces",
      "key": "PortfolioShareDetails.PrincipalId",
      "suggested_entity": "servicecatalog.portfolio_id",
      "confidence": "MEDIUM",
      "reason": "Param 'PortfolioId' and output field 'PrincipalId' match but map to different entities. Suggest unifying to consume entity."
    },
    {
      "operation": "DescribePortfolioShares",
      "type": "produces",
      "key": "PortfolioShareDetails.Type",
      "suggested_entity": "servicecatalog.type",
      "confidence": "MEDIUM",
      "reason": "Param 'Type' and output field 'Type' match but map to different entities. Suggest unifying to consume entity."
    },
    {
      "operation": "DescribeProvisionedProductPlan",
      "type": "produces",
      "key": "ResourceChanges.LogicalResourceId",
      "suggested_entity": "servicecatalog.plan_id",
      "confidence": "MEDIUM",
      "reason": "Param 'PlanId' and output field 'LogicalResourceId' match but map to different entities. Suggest unifying to consume entity."
    }
  ],
  "unresolved_items": [
    {
      "mapping": "DescribeProduct.ProvisioningArtifacts.Id -> servicecatalog.provisioning_artifact_id",
      "evidence": "DescribeProduct.ProvisioningArtifacts.Id",
      "entity": "servicecatalog.provisioning_artifact_id"
    },
    {
      "mapping": "DescribeProductAsAdmin.ProvisioningArtifactSummaries.Id -> servicecatalog.provisioning_artifact_id",
      "evidence": "DescribeProductAsAdmin.ProvisioningArtifactSummaries.Id",
      "entity": "servicecatalog.provisioning_artifact_id"
    },
    {
      "mapping": "ListAcceptedPortfolioShares.PortfolioDetails[].Id -> servicecatalog.portfolio_id",
      "evidence": "ListAcceptedPortfolioShares.PortfolioDetails[].Id",
      "entity": "servicecatalog.portfolio_id"
    },
    {
      "mapping": "ListPortfolios.PortfolioDetails[].Id -> servicecatalog.portfolio_id",
      "evidence": "ListPortfolios.PortfolioDetails[].Id",
      "entity": "servicecatalog.portfolio_id"
    },
    {
      "mapping": "ListServiceActions.ServiceActionSummaries[].Id -> servicecatalog.service_action_detail_id",
      "evidence": "ListServiceActions.ServiceActionSummaries[].Id",
      "entity": "servicecatalog.service_action_detail_id"
    },
    {
      "mapping": "ListTagOptions.TagOptionDetails[].Id -> servicecatalog.tag_option_detail_id",
      "evidence": "ListTagOptions.TagOptionDetails[].Id",
      "entity": "servicecatalog.tag_option_detail_id"
    },
    {
      "mapping": "ScanProvisionedProducts.ProvisionedProducts.Id -> servicecatalog.product_id",
      "evidence": "ScanProvisionedProducts.ProvisionedProducts.Id",
      "entity": "servicecatalog.product_id"
    },
    {
      "mapping": "SearchProducts.ProductViewSummaries.Id -> servicecatalog.product_view_id",
      "evidence": "SearchProducts.ProductViewSummaries.Id",
      "entity": "servicecatalog.product_view_id"
    },
    {
      "mapping": "SearchProvisionedProducts.ProvisionedProducts.Id -> servicecatalog.product_id",
      "evidence": "SearchProvisionedProducts.ProvisionedProducts.Id",
      "entity": "servicecatalog.product_id"
    },
    {
      "mapping": "CreateProvisioningArtifact.ProvisioningArtifactDetail.Id -> servicecatalog.provisioning_artifact_id",
      "evidence": "CreateProvisioningArtifact.ProvisioningArtifactDetail.Id",
      "entity": "servicecatalog.provisioning_artifact_id"
    },
    {
      "mapping": "CreateTagOption.TagOptionDetail.Id -> servicecatalog.tag_option_detail_id",
      "evidence": "CreateTagOption.TagOptionDetail.Id",
      "entity": "servicecatalog.tag_option_detail_id"
    },
    {
      "mapping": "DeleteConstraint.Id -> servicecatalog.constraint_detail_id",
      "evidence": "DeleteConstraint.Id",
      "entity": "servicecatalog.constraint_detail_id"
    },
    {
      "mapping": "DeletePortfolio.Id -> servicecatalog.portfolio_id",
      "evidence": "DeletePortfolio.Id",
      "entity": "servicecatalog.portfolio_id"
    },
    {
      "mapping": "DeleteProduct.Id -> servicecatalog.product_id",
      "evidence": "DeleteProduct.Id",
      "entity": "servicecatalog.product_id"
    },
    {
      "mapping": "DeleteServiceAction.Id -> servicecatalog.service_action_detail_id",
      "evidence": "DeleteServiceAction.Id",
      "entity": "servicecatalog.service_action_detail_id"
    },
    {
      "mapping": "DeleteTagOption.Id -> servicecatalog.tag_option_detail_id",
      "evidence": "DeleteTagOption.Id",
      "entity": "servicecatalog.tag_option_detail_id"
    },
    {
      "mapping": "DescribeConstraint.Id -> servicecatalog.constraint_detail_id",
      "evidence": "DescribeConstraint.Id",
      "entity": "servicecatalog.constraint_detail_id"
    },
    {
      "mapping": "DescribePortfolio.Id -> servicecatalog.tag_id",
      "evidence": "DescribePortfolio.Id",
      "entity": "servicecatalog.tag_id"
    },
    {
      "mapping": "DescribeProductView.Id -> servicecatalog.provisioning_artifact_id",
      "evidence": "DescribeProductView.Id",
      "entity": "servicecatalog.provisioning_artifact_id"
    },
    {
      "mapping": "DescribeProductView.ProvisioningArtifacts.Id -> servicecatalog.provisioning_artifact_id",
      "evidence": "DescribeProductView.ProvisioningArtifacts.Id",
      "entity": "servicecatalog.provisioning_artifact_id"
    },
    {
      "mapping": "DescribeProduct.ProvisioningArtifacts.Name -> servicecatalog.provisioning_artifact_name",
      "evidence": "DescribeProduct.ProvisioningArtifacts.Name",
      "entity": "servicecatalog.provisioning_artifact_name"
    },
    {
      "mapping": "DescribeProductAsAdmin.ProvisioningArtifactSummaries.Name -> servicecatalog.provisioning_artifact_name",
      "evidence": "DescribeProductAsAdmin.ProvisioningArtifactSummaries.Name",
      "entity": "servicecatalog.provisioning_artifact_name"
    },
    {
      "mapping": "DescribeProvisionedProduct.CloudWatchDashboards.Name -> servicecatalog.cloud_watch_dashboard_name",
      "evidence": "DescribeProvisionedProduct.CloudWatchDashboards.Name",
      "entity": "servicecatalog.cloud_watch_dashboard_name"
    },
    {
      "mapping": "ListServiceActions.ServiceActionSummaries[].Name -> servicecatalog.service_action_detail_name",
      "evidence": "ListServiceActions.ServiceActionSummaries[].Name",
      "entity": "servicecatalog.service_action_detail_name"
    },
    {
      "mapping": "ScanProvisionedProducts.ProvisionedProducts.Name -> servicecatalog.provisioned_product_name",
      "evidence": "ScanProvisionedProducts.ProvisionedProducts.Name",
      "entity": "servicecatalog.provisioned_product_name"
    },
    {
      "mapping": "SearchProducts.ProductViewSummaries.Name -> servicecatalog.product_view_name",
      "evidence": "SearchProducts.ProductViewSummaries.Name",
      "entity": "servicecatalog.product_view_name"
    },
    {
      "mapping": "SearchProvisionedProducts.ProvisionedProducts.Name -> servicecatalog.provisioned_product_name",
      "evidence": "SearchProvisionedProducts.ProvisionedProducts.Name",
      "entity": "servicecatalog.provisioned_product_name"
    },
    {
      "mapping": "CreateProduct.Name -> servicecatalog.tag_name",
      "evidence": "CreateProduct.Name",
      "entity": "servicecatalog.tag_name"
    },
    {
      "mapping": "CreateProvisioningArtifact.ProvisioningArtifactDetail.Name -> servicecatalog.provisioning_artifact_name",
      "evidence": "CreateProvisioningArtifact.ProvisioningArtifactDetail.Name",
      "entity": "servicecatalog.provisioning_artifact_name"
    },
    {
      "mapping": "CreateServiceAction.Name -> servicecatalog.service_action_detail_name",
      "evidence": "CreateServiceAction.Name",
      "entity": "servicecatalog.service_action_detail_name"
    },
    {
      "mapping": "DescribeProductView.ProvisioningArtifacts.Name -> servicecatalog.provisioning_artifact_name",
      "evidence": "DescribeProductView.ProvisioningArtifacts.Name",
      "entity": "servicecatalog.provisioning_artifact_name"
    },
    {
      "mapping": "DescribeServiceActionExecutionParameters.ServiceActionParameters.Name -> servicecatalog.service_action_parameter_name",
      "evidence": "DescribeServiceActionExecutionParameters.ServiceActionParameters.Name",
      "entity": "servicecatalog.service_action_parameter_name"
    },
    {
      "mapping": "ListLaunchPaths.LaunchPathSummaries[].Name -> servicecatalog.launch_path_name",
      "evidence": "ListLaunchPaths.LaunchPathSummaries[].Name",
      "entity": "servicecatalog.launch_path_name"
    },
    {
      "mapping": "ListProvisioningArtifacts.ProvisioningArtifactDetails[].Name -> servicecatalog.provisioning_artifact_name",
      "evidence": "ListProvisioningArtifacts.ProvisioningArtifactDetails[].Name",
      "entity": "servicecatalog.provisioning_artifact_name"
    },
    {
      "mapping": "ListResourcesForTagOption.ResourceDetails[].Name -> servicecatalog.resource_name",
      "evidence": "ListResourcesForTagOption.ResourceDetails[].Name",
      "entity": "servicecatalog.resource_name"
    },
    {
      "mapping": "ListServiceActionsForProvisioningArtifact.ServiceActionSummaries[].Name -> servicecatalog.service_action_detail_name",
      "evidence": "ListServiceActionsForProvisioningArtifact.ServiceActionSummaries[].Name",
      "entity": "servicecatalog.service_action_detail_name"
    },
    {
      "mapping": "UpdateProvisioningArtifact.ProvisioningArtifactDetail.Name -> servicecatalog.provisioning_artifact_name",
      "evidence": "UpdateProvisioningArtifact.ProvisioningArtifactDetail.Name",
      "entity": "servicecatalog.provisioning_artifact_name"
    },
    {
      "mapping": "DescribeProvisioningArtifact.Status -> servicecatalog.provisioning_artifact_status",
      "evidence": "DescribeProvisioningArtifact.Status",
      "entity": "servicecatalog.provisioning_artifact_status"
    },
    {
      "mapping": "ListRecordHistory.RecordDetails[].Status -> servicecatalog.record_status",
      "evidence": "ListRecordHistory.RecordDetails[].Status",
      "entity": "servicecatalog.record_status"
    },
    {
      "mapping": "ScanProvisionedProducts.ProvisionedProducts.Status -> servicecatalog.provisioned_product_status",
      "evidence": "ScanProvisionedProducts.ProvisionedProducts.Status",
      "entity": "servicecatalog.provisioned_product_status"
    },
    {
      "mapping": "SearchProductsAsAdmin.ProductViewDetails.Status -> servicecatalog.product_view_status",
      "evidence": "SearchProductsAsAdmin.ProductViewDetails.Status",
      "entity": "servicecatalog.product_view_status"
    },
    {
      "mapping": "SearchProvisionedProducts.ProvisionedProducts.Status -> servicecatalog.provisioned_product_status",
      "evidence": "SearchProvisionedProducts.ProvisionedProducts.Status",
      "entity": "servicecatalog.provisioned_product_status"
    },
    {
      "mapping": "CreateConstraint.Status -> servicecatalog.constraint_status",
      "evidence": "CreateConstraint.Status",
      "entity": "servicecatalog.constraint_status"
    },
    {
      "mapping": "CreateProvisioningArtifact.Status -> servicecatalog.provisioning_artifact_status",
      "evidence": "CreateProvisioningArtifact.Status",
      "entity": "servicecatalog.provisioning_artifact_status"
    },
    {
      "mapping": "DescribeConstraint.Status -> servicecatalog.constraint_status",
      "evidence": "DescribeConstraint.Status",
      "entity": "servicecatalog.constraint_status"
    },
    {
      "mapping": "DescribePortfolioShareStatus.Status -> servicecatalog.portfolio_share_statu_status",
      "evidence": "DescribePortfolioShareStatus.Status",
      "entity": "servicecatalog.portfolio_share_statu_status"
    },
    {
      "mapping": "ExecuteProvisionedProductPlan.RecordDetail.Status -> servicecatalog.record_status",
      "evidence": "ExecuteProvisionedProductPlan.RecordDetail.Status",
      "entity": "servicecatalog.record_status"
    },
    {
      "mapping": "ExecuteProvisionedProductServiceAction.RecordDetail.Status -> servicecatalog.record_status",
      "evidence": "ExecuteProvisionedProductServiceAction.RecordDetail.Status",
      "entity": "servicecatalog.record_status"
    },
    {
      "mapping": "ImportAsProvisionedProduct.RecordDetail.Status -> servicecatalog.record_status",
      "evidence": "ImportAsProvisionedProduct.RecordDetail.Status",
      "entity": "servicecatalog.record_status"
    },
    {
      "mapping": "NotifyProvisionProductEngineWorkflowResult.Status -> servicecatalog.notify_provision_product_engine_workflow_result_status",
      "evidence": "NotifyProvisionProductEngineWorkflowResult.Status",
      "entity": "servicecatalog.notify_provision_product_engine_workflow_result_status"
    },
    {
      "mapping": "NotifyTerminateProvisionedProductEngineWorkflowResult.Status -> servicecatalog.notify_terminate_provisioned_product_engine_workflow_result_status",
      "evidence": "NotifyTerminateProvisionedProductEngineWorkflowResult.Status",
      "entity": "servicecatalog.notify_terminate_provisioned_product_engine_workflow_result_status"
    },
    {
      "mapping": "NotifyUpdateProvisionedProductEngineWorkflowResult.Status -> servicecatalog.notify_update_provisioned_product_engine_workflow_result_status",
      "evidence": "NotifyUpdateProvisionedProductEngineWorkflowResult.Status",
      "entity": "servicecatalog.notify_update_provisioned_product_engine_workflow_result_status"
    },
    {
      "mapping": "ProvisionProduct.RecordDetail.Status -> servicecatalog.record_status",
      "evidence": "ProvisionProduct.RecordDetail.Status",
      "entity": "servicecatalog.record_status"
    },
    {
      "mapping": "TerminateProvisionedProduct.RecordDetail.Status -> servicecatalog.record_status",
      "evidence": "TerminateProvisionedProduct.RecordDetail.Status",
      "entity": "servicecatalog.record_status"
    },
    {
      "mapping": "UpdateConstraint.Status -> servicecatalog.constraint_status",
      "evidence": "UpdateConstraint.Status",
      "entity": "servicecatalog.constraint_status"
    },
    {
      "mapping": "UpdatePortfolioShare.Status -> servicecatalog.portfolio_share_status",
      "evidence": "UpdatePortfolioShare.Status",
      "entity": "servicecatalog.portfolio_share_status"
    },
    {
      "mapping": "UpdateProvisionedProduct.RecordDetail.Status -> servicecatalog.record_status",
      "evidence": "UpdateProvisionedProduct.RecordDetail.Status",
      "entity": "servicecatalog.record_status"
    },
    {
      "mapping": "ListAcceptedPortfolioShares.PortfolioDetails[].ARN -> servicecatalog.portfolio_arn",
      "evidence": "ListAcceptedPortfolioShares.PortfolioDetails[].ARN",
      "entity": "servicecatalog.portfolio_arn"
    },
    {
      "mapping": "ListPortfolios.PortfolioDetails[].ARN -> servicecatalog.portfolio_arn",
      "evidence": "ListPortfolios.PortfolioDetails[].ARN",
      "entity": "servicecatalog.portfolio_arn"
    },
    {
      "mapping": "ScanProvisionedProducts.ProvisionedProducts.Arn -> servicecatalog.provisioned_product_arn",
      "evidence": "ScanProvisionedProducts.ProvisionedProducts.Arn",
      "entity": "servicecatalog.provisioned_product_arn"
    },
    {
      "mapping": "SearchProvisionedProducts.ProvisionedProducts.Arn -> servicecatalog.provisioned_product_arn",
      "evidence": "SearchProvisionedProducts.ProvisionedProducts.Arn",
      "entity": "servicecatalog.provisioned_product_arn"
    },
    {
      "mapping": "ListPortfoliosForProduct.PortfolioDetails[].ARN -> servicecatalog.portfolio_arn",
      "evidence": "ListPortfoliosForProduct.PortfolioDetails[].ARN",
      "entity": "servicecatalog.portfolio_arn"
    },
    {
      "mapping": "ListResourcesForTagOption.ResourceDetails[].ARN -> servicecatalog.resource_arn",
      "evidence": "ListResourcesForTagOption.ResourceDetails[].ARN",
      "entity": "servicecatalog.resource_arn"
    }
  ]
}