{
  "service": "servicecatalog",
  "version": "1.0",
  "kind_rules": {
    "read_list": ["List"],
    "read_get": ["Get", "Describe"],
    "write_create": ["Create", "Start", "Generate", "Import", "Enable", "Register"],
    "write_update": ["Update", "Modify", "Put", "Set", "Change", "Reset", "Patch"],
    "write_delete": ["Delete", "Remove", "Terminate", "Destroy", "Disable", "Detach", "Disassociate", "Untag", "Revoke"],
    "write_apply": ["Apply", "Attach", "Associate", "Add", "Tag", "Authorize", "Unauthorize", "Grant"],
    "other": ["default"]
  },
  "entity_aliases": {
    "servicecatalog.constraint_portfolio_id": "servicecatalog.portfolio_id",
    "servicecatalog.record_provisioning_artifact_id": "servicecatalog.provisioning_artifact_id",
    "servicecatalog.provisioned_product_id": "servicecatalog.product_id",
    "servicecatalog.provisioned_product_last_successful_provisioning_record_id": "servicecatalog.record_id",
    "servicecatalog.target_product_id": "servicecatalog.product_id",
    "servicecatalog.portfolio_provider_name": "servicecatalog.provider_name",
    "servicecatalog.provisioned_product_provisioning_artifact_id": "servicecatalog.provisioning_artifact_id",
    "servicecatalog.provisioned_product_plan_provisioning_artifact_id": "servicecatalog.provisioning_artifact_id",
    "servicecatalog.constraint_product_id": "servicecatalog.product_id",
    "servicecatalog.resource_chang_physical_resource_id": "servicecatalog.resource_id",
    "servicecatalog.provisioned_product_plan_plan_id": "servicecatalog.plan_id",
    "servicecatalog.failed_service_action_association_product_id": "servicecatalog.product_id",
    "servicecatalog.provision_product_id": "servicecatalog.product_id",
    "servicecatalog.provisioned_product_physical_id": "servicecatalog.physical_id",
    "servicecatalog.provisioned_product_last_record_id": "servicecatalog.record_id",
    "servicecatalog.provisioned_product_provisioning_artifact_name": "servicecatalog.provisioning_artifact_name",
    "servicecatalog.provisioned_product_last_provisioning_record_id": "servicecatalog.record_id",
    "servicecatalog.product_view_product_id": "servicecatalog.product_id",
    "servicecatalog.failed_service_action_association_provisioning_artifact_id": "servicecatalog.provisioning_artifact_id",
    "servicecatalog.record_provisioned_product_id": "servicecatalog.product_id",
    "servicecatalog.provisioned_product_plan_plan_name": "servicecatalog.plan_name",
    "servicecatalog.failed_service_action_association_service_action_id": "servicecatalog.service_action_id",
    "servicecatalog.provisioned_product_product_id": "servicecatalog.product_id",
    "servicecatalog.resource_chang_logical_resource_id": "servicecatalog.resource_id",
    "servicecatalog.record_product_id": "servicecatalog.product_id",
    "servicecatalog.portfolio_display_name": "servicecatalog.display_name",
    "servicecatalog.provisioned_product_plan_provision_product_id": "servicecatalog.product_id",
    "servicecatalog.service_action_name": "servicecatalog.service_action_detail_name",
    "servicecatalog.tag_option_details": "servicecatalog.tag_option_detail",
    "servicecatalog.tag_option_id": "servicecatalog.tag_option_detail_id",
    "servicecatalog.product_view_details": "servicecatalog.product_view_detail",
    "servicecatalog.product_view_summary": "servicecatalog.product_view_details",
    "servicecatalog.service_action_summary": "servicecatalog.service_action_detail",
    "servicecatalog.constraint_id": "servicecatalog.constraint_detail_id",
    "servicecatalog.record_details": "servicecatalog.record_detail",
    "servicecatalog.service_action_id": "servicecatalog.service_action_detail_id",
    "servicecatalog.constraint_details": "servicecatalog.constraint_detail",
    "servicecatalog.provisioning_artifact_details": "servicecatalog.provisioning_artifact_detail",
    "servicecatalog.portfolio_details": "servicecatalog.portfolio_detail"
  },
  "overrides": {},
  "operations": {
    "DescribeProduct": {
      "kind": "read_get",
      "side_effect": false,
      "sdk": {"client": "servicecatalog", "method": "describe_product"},
      "consumes": [],
      "produces": [{"entity": "servicecatalog.product_view_detail", "source": "output", "path": "ProductViewSummary"}, {"entity": "servicecatalog.provisioning_artifacts", "source": "output", "path": "ProvisioningArtifacts"}, {"entity": "servicecatalog.budgets", "source": "output", "path": "Budgets"}, {"entity": "servicecatalog.launch_paths", "source": "output", "path": "LaunchPaths"}, {"entity": "servicecatalog.provisioning_artifact_id", "source": "item", "path": "ProvisioningArtifacts.Id"}, {"entity": "servicecatalog.provisioning_artifact_name", "source": "item", "path": "ProvisioningArtifacts.Name"}, {"entity": "servicecatalog.provisioning_artifact_description", "source": "item", "path": "ProvisioningArtifacts.Description"}, {"entity": "servicecatalog.provisioning_artifact_created_time", "source": "item", "path": "ProvisioningArtifacts.CreatedTime"}, {"entity": "servicecatalog.provisioning_artifact_guidance", "source": "item", "path": "ProvisioningArtifacts.Guidance"}],
      "notes": ""
    },
    "DescribeProductAsAdmin": {
      "kind": "read_get",
      "side_effect": false,
      "sdk": {"client": "servicecatalog", "method": "describe_product_as_admin"},
      "consumes": [],
      "produces": [{"entity": "servicecatalog.product_view_detail", "source": "output", "path": "ProductViewDetail"}, {"entity": "servicecatalog.provisioning_artifact_summaries", "source": "output", "path": "ProvisioningArtifactSummaries"}, {"entity": "servicecatalog.tags", "source": "output", "path": "Tags"}, {"entity": "servicecatalog.tag_options", "source": "output", "path": "TagOptions"}, {"entity": "servicecatalog.budgets", "source": "output", "path": "Budgets"}, {"entity": "servicecatalog.provisioning_artifact_id", "source": "item", "path": "ProvisioningArtifactSummaries.Id"}, {"entity": "servicecatalog.provisioning_artifact_name", "source": "item", "path": "ProvisioningArtifactSummaries.Name"}, {"entity": "servicecatalog.provisioning_artifact_description", "source": "item", "path": "ProvisioningArtifactSummaries.Description"}, {"entity": "servicecatalog.provisioning_artifact_created_time", "source": "item", "path": "ProvisioningArtifactSummaries.CreatedTime"}, {"entity": "servicecatalog.provisioning_artifact_metadata", "source": "item", "path": "ProvisioningArtifactSummaries.ProvisioningArtifactMetadata"}],
      "notes": ""
    },
    "DescribeProvisionedProduct": {
      "kind": "read_get",
      "side_effect": false,
      "sdk": {"client": "servicecatalog", "method": "describe_provisioned_product"},
      "consumes": [],
      "produces": [{"entity": "servicecatalog.provisioned_product_detail", "source": "output", "path": "ProvisionedProductDetail"}, {"entity": "servicecatalog.cloud_watch_dashboards", "source": "output", "path": "CloudWatchDashboards"}, {"entity": "servicecatalog.cloud_watch_dashboard_name", "source": "item", "path": "CloudWatchDashboards.Name"}],
      "notes": ""
    },
    "DescribeProvisioningArtifact": {
      "kind": "read_get",
      "side_effect": false,
      "sdk": {"client": "servicecatalog", "method": "describe_provisioning_artifact"},
      "consumes": [],
      "produces": [{"entity": "servicecatalog.provisioning_artifact_detail", "source": "output", "path": "ProvisioningArtifactDetail"}, {"entity": "servicecatalog.info", "source": "output", "path": "Info"}, {"entity": "servicecatalog.provisioning_artifact_status", "source": "output", "path": "Status"}, {"entity": "servicecatalog.provisioning_artifact_parameters", "source": "output", "path": "ProvisioningArtifactParameters"}, {"entity": "servicecatalog.provisioning_artifact_parameter_parameter_key", "source": "item", "path": "ProvisioningArtifactParameters.ParameterKey"}, {"entity": "servicecatalog.provisioning_artifact_parameter_default_value", "source": "item", "path": "ProvisioningArtifactParameters.DefaultValue"}, {"entity": "servicecatalog.provisioning_artifact_parameter_parameter_type", "source": "item", "path": "ProvisioningArtifactParameters.ParameterType"}, {"entity": "servicecatalog.provisioning_artifact_parameter_is_no_echo", "source": "item", "path": "ProvisioningArtifactParameters.IsNoEcho"}, {"entity": "servicecatalog.provisioning_artifact_parameter_description", "source": "item", "path": "ProvisioningArtifactParameters.Description"}, {"entity": "servicecatalog.provisioning_artifact_parameter_parameter_constraints", "source": "item", "path": "ProvisioningArtifactParameters.ParameterConstraints"}],
      "notes": ""
    },
    "DescribeProvisioningParameters": {
      "kind": "read_get",
      "side_effect": false,
      "sdk": {"client": "servicecatalog", "method": "describe_provisioning_parameters"},
      "consumes": [],
      "produces": [{"entity": "servicecatalog.provisioning_artifact_parameters", "source": "output", "path": "ProvisioningArtifactParameters"}, {"entity": "servicecatalog.constraint_summaries", "source": "output", "path": "ConstraintSummaries"}, {"entity": "servicecatalog.usage_instructions", "source": "output", "path": "UsageInstructions"}, {"entity": "servicecatalog.tag_options", "source": "output", "path": "TagOptions"}, {"entity": "servicecatalog.provisioning_artifact_preferences", "source": "output", "path": "ProvisioningArtifactPreferences"}, {"entity": "servicecatalog.provisioning_artifact_outputs", "source": "output", "path": "ProvisioningArtifactOutputs"}, {"entity": "servicecatalog.provisioning_artifact_output_keys", "source": "output", "path": "ProvisioningArtifactOutputKeys"}, {"entity": "servicecatalog.provisioning_artifact_output_key_key", "source": "item", "path": "ProvisioningArtifactOutputKeys.Key"}, {"entity": "servicecatalog.provisioning_artifact_output_key_description", "source": "item", "path": "ProvisioningArtifactOutputKeys.Description"}],
      "notes": ""
    },
    "DisableAWSOrganizationsAccess": {
      "kind": "write_delete",
      "side_effect": true,
      "sdk": {"client": "servicecatalog", "method": "disable_aws_organizations_access"},
      "consumes": [],
      "produces": [],
      "notes": ""
    },
    "EnableAWSOrganizationsAccess": {
      "kind": "write_create",
      "side_effect": true,
      "sdk": {"client": "servicecatalog", "method": "enable_aws_organizations_access"},
      "consumes": [],
      "produces": [],
      "notes": ""
    },
    "GetAWSOrganizationsAccessStatus": {
      "kind": "read_get",
      "side_effect": false,
      "sdk": {"client": "servicecatalog", "method": "get_aws_organizations_access_status"},
      "consumes": [],
      "produces": [{"entity": "servicecatalog.access_status", "source": "output", "path": "AccessStatus"}],
      "notes": ""
    },
    "GetProvisionedProductOutputs": {
      "kind": "read_get",
      "side_effect": false,
      "sdk": {"client": "servicecatalog", "method": "get_provisioned_product_outputs"},
      "consumes": [],
      "produces": [{"entity": "servicecatalog.outputs", "source": "output", "path": "Outputs"}, {"entity": "servicecatalog.next_page_token", "source": "output", "path": "NextPageToken"}, {"entity": "servicecatalog.output_key", "source": "item", "path": "Outputs.OutputKey"}, {"entity": "servicecatalog.output_value", "source": "item", "path": "Outputs.OutputValue"}, {"entity": "servicecatalog.output_description", "source": "item", "path": "Outputs.Description"}],
      "notes": ""
    },
    "ListAcceptedPortfolioShares": {
      "kind": "read_list",
      "side_effect": false,
      "sdk": {"client": "servicecatalog", "method": "list_accepted_portfolio_shares"},
      "consumes": [],
      "produces": [{"entity": "servicecatalog.portfolio_detail", "source": "output", "path": "PortfolioDetails"}, {"entity": "servicecatalog.next_page_token", "source": "output", "path": "NextPageToken"}, {"entity": "servicecatalog.portfolio_id", "source": "item", "path": "PortfolioDetails[].Id"}, {"entity": "servicecatalog.portfolio_arn", "source": "item", "path": "PortfolioDetails[].ARN"}, {"entity": "servicecatalog.display_name", "source": "item", "path": "PortfolioDetails[].DisplayName"}, {"entity": "servicecatalog.portfolio_description", "source": "item", "path": "PortfolioDetails[].Description"}, {"entity": "servicecatalog.portfolio_created_time", "source": "item", "path": "PortfolioDetails[].CreatedTime"}, {"entity": "servicecatalog.provider_name", "source": "item", "path": "PortfolioDetails[].ProviderName"}],
      "notes": ""
    },
    "ListPortfolios": {
      "kind": "read_list",
      "side_effect": false,
      "sdk": {"client": "servicecatalog", "method": "list_portfolios"},
      "consumes": [],
      "produces": [{"entity": "servicecatalog.portfolio_detail", "source": "output", "path": "PortfolioDetails"}, {"entity": "servicecatalog.next_page_token", "source": "output", "path": "NextPageToken"}, {"entity": "servicecatalog.portfolio_id", "source": "item", "path": "PortfolioDetails[].Id"}, {"entity": "servicecatalog.portfolio_arn", "source": "item", "path": "PortfolioDetails[].ARN"}, {"entity": "servicecatalog.display_name", "source": "item", "path": "PortfolioDetails[].DisplayName"}, {"entity": "servicecatalog.portfolio_description", "source": "item", "path": "PortfolioDetails[].Description"}, {"entity": "servicecatalog.portfolio_created_time", "source": "item", "path": "PortfolioDetails[].CreatedTime"}, {"entity": "servicecatalog.provider_name", "source": "item", "path": "PortfolioDetails[].ProviderName"}],
      "notes": ""
    },
    "ListProvisionedProductPlans": {
      "kind": "read_list",
      "side_effect": false,
      "sdk": {"client": "servicecatalog", "method": "list_provisioned_product_plans"},
      "consumes": [],
      "produces": [{"entity": "servicecatalog.provisioned_product_plans", "source": "output", "path": "ProvisionedProductPlans"}, {"entity": "servicecatalog.next_page_token", "source": "output", "path": "NextPageToken"}, {"entity": "servicecatalog.plan_name", "source": "item", "path": "ProvisionedProductPlans[].PlanName"}, {"entity": "servicecatalog.plan_id", "source": "item", "path": "ProvisionedProductPlans[].PlanId"}, {"entity": "servicecatalog.product_id", "source": "item", "path": "ProvisionedProductPlans[].ProvisionProductId"}, {"entity": "servicecatalog.provisioned_product_plan_provision_product_name", "source": "item", "path": "ProvisionedProductPlans[].ProvisionProductName"}, {"entity": "servicecatalog.provisioned_product_plan_plan_type", "source": "item", "path": "ProvisionedProductPlans[].PlanType"}, {"entity": "servicecatalog.provisioning_artifact_id", "source": "item", "path": "ProvisionedProductPlans[].ProvisioningArtifactId"}],
      "notes": ""
    },
    "ListRecordHistory": {
      "kind": "read_list",
      "side_effect": false,
      "sdk": {"client": "servicecatalog", "method": "list_record_history"},
      "consumes": [],
      "produces": [{"entity": "servicecatalog.record_detail", "source": "output", "path": "RecordDetails"}, {"entity": "servicecatalog.next_page_token", "source": "output", "path": "NextPageToken"}, {"entity": "servicecatalog.record_id", "source": "item", "path": "RecordDetails[].RecordId"}, {"entity": "servicecatalog.record_provisioned_product_name", "source": "item", "path": "RecordDetails[].ProvisionedProductName"}, {"entity": "servicecatalog.record_status", "source": "item", "path": "RecordDetails[].Status"}, {"entity": "servicecatalog.record_created_time", "source": "item", "path": "RecordDetails[].CreatedTime"}, {"entity": "servicecatalog.record_updated_time", "source": "item", "path": "RecordDetails[].UpdatedTime"}, {"entity": "servicecatalog.record_provisioned_product_type", "source": "item", "path": "RecordDetails[].ProvisionedProductType"}, {"entity": "servicecatalog.record_type", "source": "item", "path": "RecordDetails[].RecordType"}, {"entity": "servicecatalog.product_id", "source": "item", "path": "RecordDetails[].ProvisionedProductId"}, {"entity": "servicecatalog.product_id", "source": "item", "path": "RecordDetails[].ProductId"}, {"entity": "servicecatalog.provisioning_artifact_id", "source": "item", "path": "RecordDetails[].ProvisioningArtifactId"}, {"entity": "servicecatalog.record_path_id", "source": "item", "path": "RecordDetails[].PathId"}, {"entity": "servicecatalog.record_errors", "source": "item", "path": "RecordDetails[].RecordErrors"}, {"entity": "servicecatalog.record_tags", "source": "item", "path": "RecordDetails[].RecordTags"}, {"entity": "servicecatalog.record_launch_role_arn", "source": "item", "path": "RecordDetails[].LaunchRoleArn"}],
      "notes": ""
    },
    "ListServiceActions": {
      "kind": "read_list",
      "side_effect": false,
      "sdk": {"client": "servicecatalog", "method": "list_service_actions"},
      "consumes": [],
      "produces": [{"entity": "servicecatalog.service_action_summaries", "source": "output", "path": "ServiceActionSummaries"}, {"entity": "servicecatalog.next_page_token", "source": "output", "path": "NextPageToken"}, {"entity": "servicecatalog.service_action_detail_id", "source": "item", "path": "ServiceActionSummaries[].Id"}, {"entity": "servicecatalog.service_action_detail_name", "source": "item", "path": "ServiceActionSummaries[].Name"}, {"entity": "servicecatalog.service_action_description", "source": "item", "path": "ServiceActionSummaries[].Description"}, {"entity": "servicecatalog.service_action_definition_type", "source": "item", "path": "ServiceActionSummaries[].DefinitionType"}],
      "notes": ""
    },
    "ListTagOptions": {
      "kind": "read_list",
      "side_effect": false,
      "sdk": {"client": "servicecatalog", "method": "list_tag_options"},
      "consumes": [],
      "produces": [{"entity": "servicecatalog.tag_option_detail", "source": "output", "path": "TagOptionDetails"}, {"entity": "servicecatalog.page_token", "source": "output", "path": "PageToken"}, {"entity": "servicecatalog.tag_option_key", "source": "item", "path": "TagOptionDetails[].Key"}, {"entity": "servicecatalog.tag_option_value", "source": "item", "path": "TagOptionDetails[].Value"}, {"entity": "servicecatalog.tag_option_active", "source": "item", "path": "TagOptionDetails[].Active"}, {"entity": "servicecatalog.tag_option_detail_id", "source": "item", "path": "TagOptionDetails[].Id"}, {"entity": "servicecatalog.tag_option_owner", "source": "item", "path": "TagOptionDetails[].Owner"}],
      "notes": ""
    },
    "ScanProvisionedProducts": {
      "kind": "other",
      "side_effect": true,
      "sdk": {"client": "servicecatalog", "method": "scan_provisioned_products"},
      "consumes": [],
      "produces": [{"entity": "servicecatalog.provisioned_products", "source": "output", "path": "ProvisionedProducts"}, {"entity": "servicecatalog.next_page_token", "source": "output", "path": "NextPageToken"}, {"entity": "servicecatalog.provisioned_product_name", "source": "item", "path": "ProvisionedProducts.Name"}, {"entity": "servicecatalog.provisioned_product_arn", "source": "item", "path": "ProvisionedProducts.Arn"}, {"entity": "servicecatalog.provisioned_product_type", "source": "item", "path": "ProvisionedProducts.Type"}, {"entity": "servicecatalog.product_id", "source": "item", "path": "ProvisionedProducts.Id"}, {"entity": "servicecatalog.provisioned_product_status", "source": "item", "path": "ProvisionedProducts.Status"}, {"entity": "servicecatalog.provisioned_product_status_message", "source": "item", "path": "ProvisionedProducts.StatusMessage"}, {"entity": "servicecatalog.provisioned_product_created_time", "source": "item", "path": "ProvisionedProducts.CreatedTime"}, {"entity": "servicecatalog.provisioned_product_idempotency_token", "source": "item", "path": "ProvisionedProducts.IdempotencyToken"}, {"entity": "servicecatalog.record_id", "source": "item", "path": "ProvisionedProducts.LastRecordId"}, {"entity": "servicecatalog.record_id", "source": "item", "path": "ProvisionedProducts.LastProvisioningRecordId"}, {"entity": "servicecatalog.record_id", "source": "item", "path": "ProvisionedProducts.LastSuccessfulProvisioningRecordId"}, {"entity": "servicecatalog.product_id", "source": "item", "path": "ProvisionedProducts.ProductId"}, {"entity": "servicecatalog.provisioning_artifact_id", "source": "item", "path": "ProvisionedProducts.ProvisioningArtifactId"}, {"entity": "servicecatalog.provisioned_product_launch_role_arn", "source": "item", "path": "ProvisionedProducts.LaunchRoleArn"}],
      "notes": ""
    },
    "SearchProducts": {
      "kind": "other",
      "side_effect": true,
      "sdk": {"client": "servicecatalog", "method": "search_products"},
      "consumes": [],
      "produces": [{"entity": "servicecatalog.product_view_summaries", "source": "output", "path": "ProductViewSummaries"}, {"entity": "servicecatalog.product_view_aggregations", "source": "output", "path": "ProductViewAggregations"}, {"entity": "servicecatalog.next_page_token", "source": "output", "path": "NextPageToken"}, {"entity": "servicecatalog.product_view_id", "source": "item", "path": "ProductViewSummaries.Id"}, {"entity": "servicecatalog.product_id", "source": "item", "path": "ProductViewSummaries.ProductId"}, {"entity": "servicecatalog.product_view_name", "source": "item", "path": "ProductViewSummaries.Name"}, {"entity": "servicecatalog.product_view_owner", "source": "item", "path": "ProductViewSummaries.Owner"}, {"entity": "servicecatalog.product_view_short_description", "source": "item", "path": "ProductViewSummaries.ShortDescription"}, {"entity": "servicecatalog.product_view_type", "source": "item", "path": "ProductViewSummaries.Type"}, {"entity": "servicecatalog.product_view_distributor", "source": "item", "path": "ProductViewSummaries.Distributor"}, {"entity": "servicecatalog.product_view_has_default_path", "source": "item", "path": "ProductViewSummaries.HasDefaultPath"}, {"entity": "servicecatalog.product_view_support_email", "source": "item", "path": "ProductViewSummaries.SupportEmail"}, {"entity": "servicecatalog.product_view_support_description", "source": "item", "path": "ProductViewSummaries.SupportDescription"}, {"entity": "servicecatalog.product_view_support_url", "source": "item", "path": "ProductViewSummaries.SupportUrl"}],
      "notes": ""
    },
    "SearchProductsAsAdmin": {
      "kind": "other",
      "side_effect": true,
      "sdk": {"client": "servicecatalog", "method": "search_products_as_admin"},
      "consumes": [],
      "produces": [{"entity": "servicecatalog.product_view_detail", "source": "output", "path": "ProductViewDetails"}, {"entity": "servicecatalog.next_page_token", "source": "output", "path": "NextPageToken"}, {"entity": "servicecatalog.product_view_detail", "source": "item", "path": "ProductViewDetails.ProductViewSummary"}, {"entity": "servicecatalog.product_view_status", "source": "item", "path": "ProductViewDetails.Status"}, {"entity": "servicecatalog.product_view_product_arn", "source": "item", "path": "ProductViewDetails.ProductARN"}, {"entity": "servicecatalog.product_view_created_time", "source": "item", "path": "ProductViewDetails.CreatedTime"}, {"entity": "servicecatalog.product_view_source_connection", "source": "item", "path": "ProductViewDetails.SourceConnection"}],
      "notes": ""
    },
    "SearchProvisionedProducts": {
      "kind": "other",
      "side_effect": true,
      "sdk": {"client": "servicecatalog", "method": "search_provisioned_products"},
      "consumes": [],
      "produces": [{"entity": "servicecatalog.provisioned_products", "source": "output", "path": "ProvisionedProducts"}, {"entity": "servicecatalog.total_results_count", "source": "output", "path": "TotalResultsCount"}, {"entity": "servicecatalog.next_page_token", "source": "output", "path": "NextPageToken"}, {"entity": "servicecatalog.provisioned_product_name", "source": "item", "path": "ProvisionedProducts.Name"}, {"entity": "servicecatalog.provisioned_product_arn", "source": "item", "path": "ProvisionedProducts.Arn"}, {"entity": "servicecatalog.provisioned_product_type", "source": "item", "path": "ProvisionedProducts.Type"}, {"entity": "servicecatalog.product_id", "source": "item", "path": "ProvisionedProducts.Id"}, {"entity": "servicecatalog.provisioned_product_status", "source": "item", "path": "ProvisionedProducts.Status"}, {"entity": "servicecatalog.provisioned_product_status_message", "source": "item", "path": "ProvisionedProducts.StatusMessage"}, {"entity": "servicecatalog.provisioned_product_created_time", "source": "item", "path": "ProvisionedProducts.CreatedTime"}, {"entity": "servicecatalog.provisioned_product_idempotency_token", "source": "item", "path": "ProvisionedProducts.IdempotencyToken"}, {"entity": "servicecatalog.record_id", "source": "item", "path": "ProvisionedProducts.LastRecordId"}, {"entity": "servicecatalog.record_id", "source": "item", "path": "ProvisionedProducts.LastProvisioningRecordId"}, {"entity": "servicecatalog.record_id", "source": "item", "path": "ProvisionedProducts.LastSuccessfulProvisioningRecordId"}, {"entity": "servicecatalog.provisioned_product_tags", "source": "item", "path": "ProvisionedProducts.Tags"}, {"entity": "servicecatalog.physical_id", "source": "item", "path": "ProvisionedProducts.PhysicalId"}, {"entity": "servicecatalog.product_id", "source": "item", "path": "ProvisionedProducts.ProductId"}, {"entity": "servicecatalog.provisioned_product_product_name", "source": "item", "path": "ProvisionedProducts.ProductName"}, {"entity": "servicecatalog.provisioning_artifact_id", "source": "item", "path": "ProvisionedProducts.ProvisioningArtifactId"}, {"entity": "servicecatalog.provisioning_artifact_name", "source": "item", "path": "ProvisionedProducts.ProvisioningArtifactName"}, {"entity": "servicecatalog.provisioned_product_user_arn", "source": "item", "path": "ProvisionedProducts.UserArn"}, {"entity": "servicecatalog.provisioned_product_user_arn_session", "source": "item", "path": "ProvisionedProducts.UserArnSession"}],
      "notes": ""
    },
    "AcceptPortfolioShare": {
      "kind": "other",
      "side_effect": true,
      "sdk": {"client": "servicecatalog", "method": "accept_portfolio_share"},
      "consumes": [{"entity": "servicecatalog.portfolio_id", "param": "PortfolioId", "required": true, "source": "internal"}],
      "produces": [],
      "notes": ""
    },
    "AssociateBudgetWithResource": {
      "kind": "write_apply",
      "side_effect": true,
      "sdk": {"client": "servicecatalog", "method": "associate_budget_with_resource"},
      "consumes": [{"entity": "servicecatalog.budget_name", "param": "BudgetName", "required": true, "source": "internal"}, {"entity": "servicecatalog.resource_id", "param": "ResourceId", "required": true, "source": "internal"}],
      "produces": [],
      "notes": ""
    },
    "AssociatePrincipalWithPortfolio": {
      "kind": "write_apply",
      "side_effect": true,
      "sdk": {"client": "servicecatalog", "method": "associate_principal_with_portfolio"},
      "consumes": [{"entity": "servicecatalog.portfolio_id", "param": "PortfolioId", "required": true, "source": "internal"}, {"entity": "servicecatalog.principal_arn", "param": "PrincipalARN", "required": true, "source": "internal"}, {"entity": "servicecatalog.principal_type", "param": "PrincipalType", "required": true, "source": "internal"}],
      "produces": [],
      "notes": ""
    },
    "AssociateProductWithPortfolio": {
      "kind": "write_apply",
      "side_effect": true,
      "sdk": {"client": "servicecatalog", "method": "associate_product_with_portfolio"},
      "consumes": [{"entity": "servicecatalog.product_id", "param": "ProductId", "required": true, "source": "internal"}, {"entity": "servicecatalog.portfolio_id", "param": "PortfolioId", "required": true, "source": "internal"}],
      "produces": [],
      "notes": ""
    },
    "AssociateServiceActionWithProvisioningArtifact": {
      "kind": "write_apply",
      "side_effect": true,
      "sdk": {"client": "servicecatalog", "method": "associate_service_action_with_provisioning_artifact"},
      "consumes": [{"entity": "servicecatalog.product_id", "param": "ProductId", "required": true, "source": "internal"}, {"entity": "servicecatalog.provisioningartifact_id", "param": "ProvisioningArtifactId", "required": true, "source": "external"}, {"entity": "servicecatalog.serviceaction_id", "param": "ServiceActionId", "required": true, "source": "external"}],
      "produces": [],
      "notes": ""
    },
    "AssociateTagOptionWithResource": {
      "kind": "write_apply",
      "side_effect": true,
      "sdk": {"client": "servicecatalog", "method": "associate_tag_option_with_resource"},
      "consumes": [{"entity": "servicecatalog.resource_id", "param": "ResourceId", "required": true, "source": "internal"}, {"entity": "servicecatalog.tagoption_id", "param": "TagOptionId", "required": true, "source": "external"}],
      "produces": [],
      "notes": ""
    },
    "BatchAssociateServiceActionWithProvisioningArtifact": {
      "kind": "other",
      "side_effect": true,
      "sdk": {"client": "servicecatalog", "method": "batch_associate_service_action_with_provisioning_artifact"},
      "consumes": [{"entity": "servicecatalog.service_action_associations", "param": "ServiceActionAssociations", "required": true, "source": "external"}],
      "produces": [{"entity": "servicecatalog.failed_service_action_associations", "source": "output", "path": "FailedServiceActionAssociations"}, {"entity": "servicecatalog.service_action_detail_id", "source": "item", "path": "FailedServiceActionAssociations.ServiceActionId"}, {"entity": "servicecatalog.product_id", "source": "item", "path": "FailedServiceActionAssociations.ProductId"}, {"entity": "servicecatalog.provisioning_artifact_id", "source": "item", "path": "FailedServiceActionAssociations.ProvisioningArtifactId"}, {"entity": "servicecatalog.failed_service_action_association_error_code", "source": "item", "path": "FailedServiceActionAssociations.ErrorCode"}, {"entity": "servicecatalog.failed_service_action_association_error_message", "source": "item", "path": "FailedServiceActionAssociations.ErrorMessage"}],
      "notes": ""
    },
    "BatchDisassociateServiceActionFromProvisioningArtifact": {
      "kind": "other",
      "side_effect": true,
      "sdk": {
        "client": "servicecatalog",
        "method": "batch_disassociate_service_action_from_provisioning_artifact"
      },
      "consumes": [{"entity": "servicecatalog.service_action_associations", "param": "ServiceActionAssociations", "required": true, "source": "external"}],
      "produces": [{"entity": "servicecatalog.failed_service_action_associations", "source": "output", "path": "FailedServiceActionAssociations"}, {"entity": "servicecatalog.service_action_detail_id", "source": "item", "path": "FailedServiceActionAssociations.ServiceActionId"}, {"entity": "servicecatalog.product_id", "source": "item", "path": "FailedServiceActionAssociations.ProductId"}, {"entity": "servicecatalog.provisioning_artifact_id", "source": "item", "path": "FailedServiceActionAssociations.ProvisioningArtifactId"}, {"entity": "servicecatalog.failed_service_action_association_error_code", "source": "item", "path": "FailedServiceActionAssociations.ErrorCode"}, {"entity": "servicecatalog.failed_service_action_association_error_message", "source": "item", "path": "FailedServiceActionAssociations.ErrorMessage"}],
      "notes": ""
    },
    "CopyProduct": {
      "kind": "other",
      "side_effect": true,
      "sdk": {"client": "servicecatalog", "method": "copy_product"},
      "consumes": [{"entity": "servicecatalog.sourceproduct_arn", "param": "SourceProductArn", "required": true, "source": "external"}, {"entity": "servicecatalog.idempotency_token", "param": "IdempotencyToken", "required": true, "source": "external"}],
      "produces": [{"entity": "servicecatalog.copy_product_token", "source": "output", "path": "CopyProductToken"}],
      "notes": ""
    },
    "CreateConstraint": {
      "kind": "write_create",
      "side_effect": true,
      "sdk": {"client": "servicecatalog", "method": "create_constraint"},
      "consumes": [{"entity": "servicecatalog.portfolio_id", "param": "PortfolioId", "required": true, "source": "internal"}, {"entity": "servicecatalog.product_id", "param": "ProductId", "required": true, "source": "internal"}, {"entity": "servicecatalog.parameters", "param": "Parameters", "required": true, "source": "external"}, {"entity": "servicecatalog.type", "param": "Type", "required": true, "source": "external"}, {"entity": "servicecatalog.idempotency_token", "param": "IdempotencyToken", "required": true, "source": "external"}],
      "produces": [{"entity": "servicecatalog.constraint_detail", "source": "output", "path": "ConstraintDetail"}, {"entity": "servicecatalog.constraint_parameters", "source": "output", "path": "ConstraintParameters"}, {"entity": "servicecatalog.constraint_status", "source": "output", "path": "Status"}, {"entity": "servicecatalog.constraint_detail_id", "source": "item", "path": "ConstraintDetail.ConstraintId"}, {"entity": "servicecatalog.constraint_type", "source": "item", "path": "ConstraintDetail.Type"}, {"entity": "servicecatalog.constraint_description", "source": "item", "path": "ConstraintDetail.Description"}, {"entity": "servicecatalog.constraint_owner", "source": "item", "path": "ConstraintDetail.Owner"}, {"entity": "servicecatalog.product_id", "source": "item", "path": "ConstraintDetail.ProductId"}, {"entity": "servicecatalog.portfolio_id", "source": "item", "path": "ConstraintDetail.PortfolioId"}],
      "notes": ""
    },
    "CreatePortfolio": {
      "kind": "write_create",
      "side_effect": true,
      "sdk": {"client": "servicecatalog", "method": "create_portfolio"},
      "consumes": [{"entity": "servicecatalog.display_name", "param": "DisplayName", "required": true, "source": "internal"}, {"entity": "servicecatalog.provider_name", "param": "ProviderName", "required": true, "source": "internal"}, {"entity": "servicecatalog.idempotency_token", "param": "IdempotencyToken", "required": true, "source": "external"}],
      "produces": [{"entity": "servicecatalog.portfolio_detail", "source": "output", "path": "PortfolioDetail"}, {"entity": "servicecatalog.tags", "source": "output", "path": "Tags"}, {"entity": "servicecatalog.tag_key", "source": "item", "path": "Tags.Key"}, {"entity": "servicecatalog.tag_value", "source": "item", "path": "Tags.Value"}],
      "notes": ""
    },
    "CreatePortfolioShare": {
      "kind": "write_create",
      "side_effect": true,
      "sdk": {"client": "servicecatalog", "method": "create_portfolio_share"},
      "consumes": [{"entity": "servicecatalog.portfolio_id", "param": "PortfolioId", "required": true, "source": "internal"}],
      "produces": [{"entity": "servicecatalog.portfolio_share_token", "source": "output", "path": "PortfolioShareToken"}],
      "notes": ""
    },
    "CreateProduct": {
      "kind": "write_create",
      "side_effect": true,
      "sdk": {"client": "servicecatalog", "method": "create_product"},
      "consumes": [{"entity": "servicecatalog.tag_name", "param": "Name", "required": true, "source": "external"}, {"entity": "servicecatalog.owner", "param": "Owner", "required": true, "source": "external"}, {"entity": "servicecatalog.product_type", "param": "ProductType", "required": true, "source": "external"}, {"entity": "servicecatalog.idempotency_token", "param": "IdempotencyToken", "required": true, "source": "external"}],
      "produces": [{"entity": "servicecatalog.product_view_detail", "source": "output", "path": "ProductViewDetail"}, {"entity": "servicecatalog.provisioning_artifact_detail", "source": "output", "path": "ProvisioningArtifactDetail"}, {"entity": "servicecatalog.tags", "source": "output", "path": "Tags"}, {"entity": "servicecatalog.tag_key", "source": "item", "path": "Tags.Key"}, {"entity": "servicecatalog.tag_value", "source": "item", "path": "Tags.Value"}],
      "notes": ""
    },
    "CreateProvisionedProductPlan": {
      "kind": "write_create",
      "side_effect": true,
      "sdk": {"client": "servicecatalog", "method": "create_provisioned_product_plan"},
      "consumes": [{"entity": "servicecatalog.plan_name", "param": "PlanName", "required": true, "source": "internal"}, {"entity": "servicecatalog.plan_type", "param": "PlanType", "required": true, "source": "external"}, {"entity": "servicecatalog.product_id", "param": "ProductId", "required": true, "source": "internal"}, {"entity": "servicecatalog.provisionedproduct_name", "param": "ProvisionedProductName", "required": true, "source": "external"}, {"entity": "servicecatalog.provisioningartifact_id", "param": "ProvisioningArtifactId", "required": true, "source": "external"}, {"entity": "servicecatalog.idempotency_token", "param": "IdempotencyToken", "required": true, "source": "external"}],
      "produces": [{"entity": "servicecatalog.plan_name", "source": "output", "path": "PlanName"}, {"entity": "servicecatalog.plan_id", "source": "output", "path": "PlanId"}, {"entity": "servicecatalog.product_id", "source": "output", "path": "ProvisionProductId"}, {"entity": "servicecatalog.provisioned_product_name", "source": "output", "path": "ProvisionedProductName"}, {"entity": "servicecatalog.provisioning_artifact_id", "source": "output", "path": "ProvisioningArtifactId"}],
      "notes": ""
    },
    "CreateProvisioningArtifact": {
      "kind": "write_create",
      "side_effect": true,
      "sdk": {"client": "servicecatalog", "method": "create_provisioning_artifact"},
      "consumes": [{"entity": "servicecatalog.product_id", "param": "ProductId", "required": true, "source": "internal"}, {"entity": "servicecatalog.parameters", "param": "Parameters", "required": true, "source": "external"}, {"entity": "servicecatalog.idempotency_token", "param": "IdempotencyToken", "required": true, "source": "external"}],
      "produces": [{"entity": "servicecatalog.provisioning_artifact_detail", "source": "output", "path": "ProvisioningArtifactDetail"}, {"entity": "servicecatalog.info", "source": "output", "path": "Info"}, {"entity": "servicecatalog.provisioning_artifact_status", "source": "output", "path": "Status"}, {"entity": "servicecatalog.provisioning_artifact_id", "source": "item", "path": "ProvisioningArtifactDetail.Id"}, {"entity": "servicecatalog.provisioning_artifact_name", "source": "item", "path": "ProvisioningArtifactDetail.Name"}, {"entity": "servicecatalog.provisioning_artifact_description", "source": "item", "path": "ProvisioningArtifactDetail.Description"}, {"entity": "servicecatalog.provisioning_artifact_type", "source": "item", "path": "ProvisioningArtifactDetail.Type"}, {"entity": "servicecatalog.provisioning_artifact_created_time", "source": "item", "path": "ProvisioningArtifactDetail.CreatedTime"}, {"entity": "servicecatalog.provisioning_artifact_active", "source": "item", "path": "ProvisioningArtifactDetail.Active"}, {"entity": "servicecatalog.provisioning_artifact_guidance", "source": "item", "path": "ProvisioningArtifactDetail.Guidance"}, {"entity": "servicecatalog.provisioning_artifact_source_revision", "source": "item", "path": "ProvisioningArtifactDetail.SourceRevision"}],
      "notes": ""
    },
    "CreateServiceAction": {
      "kind": "write_create",
      "side_effect": true,
      "sdk": {"client": "servicecatalog", "method": "create_service_action"},
      "consumes": [{"entity": "servicecatalog.service_action_detail_name", "param": "Name", "required": true, "source": "internal"}, {"entity": "servicecatalog.definition_type", "param": "DefinitionType", "required": true, "source": "external"}, {"entity": "servicecatalog.definition", "param": "Definition", "required": true, "source": "external"}, {"entity": "servicecatalog.idempotency_token", "param": "IdempotencyToken", "required": true, "source": "external"}],
      "produces": [{"entity": "servicecatalog.service_action_detail", "source": "output", "path": "ServiceActionDetail"}, {"entity": "servicecatalog.service_action_detail", "source": "item", "path": "ServiceActionDetail.ServiceActionSummary"}, {"entity": "servicecatalog.service_action_definition", "source": "item", "path": "ServiceActionDetail.Definition"}],
      "notes": ""
    },
    "CreateTagOption": {
      "kind": "write_create",
      "side_effect": true,
      "sdk": {"client": "servicecatalog", "method": "create_tag_option"},
      "consumes": [{"entity": "servicecatalog.key", "param": "Key", "required": true, "source": "external"}, {"entity": "servicecatalog.value", "param": "Value", "required": true, "source": "external"}],
      "produces": [{"entity": "servicecatalog.tag_option_detail", "source": "output", "path": "TagOptionDetail"}, {"entity": "servicecatalog.tag_option_key", "source": "item", "path": "TagOptionDetail.Key"}, {"entity": "servicecatalog.tag_option_value", "source": "item", "path": "TagOptionDetail.Value"}, {"entity": "servicecatalog.tag_option_active", "source": "item", "path": "TagOptionDetail.Active"}, {"entity": "servicecatalog.tag_option_detail_id", "source": "item", "path": "TagOptionDetail.Id"}, {"entity": "servicecatalog.tag_option_owner", "source": "item", "path": "TagOptionDetail.Owner"}],
      "notes": ""
    },
    "DeleteConstraint": {
      "kind": "write_delete",
      "side_effect": true,
      "sdk": {"client": "servicecatalog", "method": "delete_constraint"},
      "consumes": [{"entity": "servicecatalog.constraint_detail_id", "param": "Id", "required": true, "source": "internal"}],
      "produces": [],
      "notes": ""
    },
    "DeletePortfolio": {
      "kind": "write_delete",
      "side_effect": true,
      "sdk": {"client": "servicecatalog", "method": "delete_portfolio"},
      "consumes": [{"entity": "servicecatalog.portfolio_id", "param": "Id", "required": true, "source": "internal"}],
      "produces": [],
      "notes": ""
    },
    "DeletePortfolioShare": {
      "kind": "write_delete",
      "side_effect": true,
      "sdk": {"client": "servicecatalog", "method": "delete_portfolio_share"},
      "consumes": [{"entity": "servicecatalog.portfolio_id", "param": "PortfolioId", "required": true, "source": "internal"}],
      "produces": [{"entity": "servicecatalog.portfolio_share_token", "source": "output", "path": "PortfolioShareToken"}],
      "notes": ""
    },
    "DeleteProduct": {
      "kind": "write_delete",
      "side_effect": true,
      "sdk": {"client": "servicecatalog", "method": "delete_product"},
      "consumes": [{"entity": "servicecatalog.product_id", "param": "Id", "required": true, "source": "internal"}],
      "produces": [],
      "notes": ""
    },
    "DeleteProvisionedProductPlan": {
      "kind": "write_delete",
      "side_effect": true,
      "sdk": {"client": "servicecatalog", "method": "delete_provisioned_product_plan"},
      "consumes": [{"entity": "servicecatalog.plan_id", "param": "PlanId", "required": true, "source": "internal"}],
      "produces": [],
      "notes": ""
    },
    "DeleteProvisioningArtifact": {
      "kind": "write_delete",
      "side_effect": true,
      "sdk": {"client": "servicecatalog", "method": "delete_provisioning_artifact"},
      "consumes": [{"entity": "servicecatalog.product_id", "param": "ProductId", "required": true, "source": "internal"}, {"entity": "servicecatalog.provisioningartifact_id", "param": "ProvisioningArtifactId", "required": true, "source": "external"}],
      "produces": [],
      "notes": ""
    },
    "DeleteServiceAction": {
      "kind": "write_delete",
      "side_effect": true,
      "sdk": {"client": "servicecatalog", "method": "delete_service_action"},
      "consumes": [{"entity": "servicecatalog.service_action_detail_id", "param": "Id", "required": true, "source": "internal"}],
      "produces": [],
      "notes": ""
    },
    "DeleteTagOption": {
      "kind": "write_delete",
      "side_effect": true,
      "sdk": {"client": "servicecatalog", "method": "delete_tag_option"},
      "consumes": [{"entity": "servicecatalog.tag_option_detail_id", "param": "Id", "required": true, "source": "internal"}],
      "produces": [],
      "notes": ""
    },
    "DescribeConstraint": {
      "kind": "read_get",
      "side_effect": false,
      "sdk": {"client": "servicecatalog", "method": "describe_constraint"},
      "consumes": [{"entity": "servicecatalog.constraint_detail_id", "param": "Id", "required": true, "source": "internal"}],
      "produces": [{"entity": "servicecatalog.constraint_detail", "source": "output", "path": "ConstraintDetail"}, {"entity": "servicecatalog.constraint_parameters", "source": "output", "path": "ConstraintParameters"}, {"entity": "servicecatalog.constraint_status", "source": "output", "path": "Status"}, {"entity": "servicecatalog.constraint_detail_id", "source": "item", "path": "ConstraintDetail.ConstraintId"}, {"entity": "servicecatalog.constraint_type", "source": "item", "path": "ConstraintDetail.Type"}, {"entity": "servicecatalog.constraint_description", "source": "item", "path": "ConstraintDetail.Description"}, {"entity": "servicecatalog.constraint_owner", "source": "item", "path": "ConstraintDetail.Owner"}, {"entity": "servicecatalog.product_id", "source": "item", "path": "ConstraintDetail.ProductId"}, {"entity": "servicecatalog.portfolio_id", "source": "item", "path": "ConstraintDetail.PortfolioId"}],
      "notes": ""
    },
    "DescribeCopyProductStatus": {
      "kind": "read_get",
      "side_effect": false,
      "sdk": {"client": "servicecatalog", "method": "describe_copy_product_status"},
      "consumes": [{"entity": "servicecatalog.copy_product_token", "param": "CopyProductToken", "required": true, "source": "internal"}],
      "produces": [{"entity": "servicecatalog.copy_product_status", "source": "output", "path": "CopyProductStatus"}, {"entity": "servicecatalog.product_id", "source": "output", "path": "TargetProductId"}, {"entity": "servicecatalog.status_detail", "source": "output", "path": "StatusDetail"}],
      "notes": ""
    },
    "DescribePortfolio": {
      "kind": "read_get",
      "side_effect": false,
      "sdk": {"client": "servicecatalog", "method": "describe_portfolio"},
      "consumes": [{"entity": "servicecatalog.tag_id", "param": "Id", "required": true, "source": "external"}],
      "produces": [{"entity": "servicecatalog.portfolio_detail", "source": "output", "path": "PortfolioDetail"}, {"entity": "servicecatalog.tags", "source": "output", "path": "Tags"}, {"entity": "servicecatalog.tag_options", "source": "output", "path": "TagOptions"}, {"entity": "servicecatalog.budgets", "source": "output", "path": "Budgets"}, {"entity": "servicecatalog.tag_key", "source": "item", "path": "Tags.Key"}, {"entity": "servicecatalog.tag_value", "source": "item", "path": "Tags.Value"}],
      "notes": ""
    },
    "DescribePortfolioShareStatus": {
      "kind": "read_get",
      "side_effect": false,
      "sdk": {"client": "servicecatalog", "method": "describe_portfolio_share_status"},
      "consumes": [{"entity": "servicecatalog.portfolio_share_token", "param": "PortfolioShareToken", "required": true, "source": "internal"}],
      "produces": [{"entity": "servicecatalog.portfolio_share_token", "source": "output", "path": "PortfolioShareToken"}, {"entity": "servicecatalog.portfolio_id", "source": "output", "path": "PortfolioId"}, {"entity": "servicecatalog.organization_node_value", "source": "output", "path": "OrganizationNodeValue"}, {"entity": "servicecatalog.portfolio_share_statu_status", "source": "output", "path": "Status"}, {"entity": "servicecatalog.share_details", "source": "output", "path": "ShareDetails"}, {"entity": "servicecatalog.share_successful_shares", "source": "item", "path": "ShareDetails.SuccessfulShares"}, {"entity": "servicecatalog.share_errors", "source": "item", "path": "ShareDetails.ShareErrors"}],
      "notes": ""
    },
    "DescribePortfolioShares": {
      "kind": "read_get",
      "side_effect": false,
      "sdk": {"client": "servicecatalog", "method": "describe_portfolio_shares"},
      "consumes": [{"entity": "servicecatalog.portfolio_id", "param": "PortfolioId", "required": true, "source": "internal"}, {"entity": "servicecatalog.type", "param": "Type", "required": true, "source": "external"}],
      "produces": [{"entity": "servicecatalog.next_page_token", "source": "output", "path": "NextPageToken"}, {"entity": "servicecatalog.portfolio_share_details", "source": "output", "path": "PortfolioShareDetails"}, {"entity": "servicecatalog.portfolio_share_principal_id", "source": "item", "path": "PortfolioShareDetails.PrincipalId"}, {"entity": "servicecatalog.portfolio_share_type", "source": "item", "path": "PortfolioShareDetails.Type"}, {"entity": "servicecatalog.portfolio_share_accepted", "source": "item", "path": "PortfolioShareDetails.Accepted"}, {"entity": "servicecatalog.portfolio_share_share_tag_options", "source": "item", "path": "PortfolioShareDetails.ShareTagOptions"}, {"entity": "servicecatalog.portfolio_share_share_principals", "source": "item", "path": "PortfolioShareDetails.SharePrincipals"}],
      "notes": ""
    },
    "DescribeProductView": {
      "kind": "read_get",
      "side_effect": false,
      "sdk": {"client": "servicecatalog", "method": "describe_product_view"},
      "consumes": [{"entity": "servicecatalog.provisioning_artifact_id", "param": "Id", "required": true, "source": "internal"}],
      "produces": [{"entity": "servicecatalog.product_view_detail", "source": "output", "path": "ProductViewSummary"}, {"entity": "servicecatalog.provisioning_artifacts", "source": "output", "path": "ProvisioningArtifacts"}, {"entity": "servicecatalog.provisioning_artifact_id", "source": "item", "path": "ProvisioningArtifacts.Id"}, {"entity": "servicecatalog.provisioning_artifact_name", "source": "item", "path": "ProvisioningArtifacts.Name"}, {"entity": "servicecatalog.provisioning_artifact_description", "source": "item", "path": "ProvisioningArtifacts.Description"}, {"entity": "servicecatalog.provisioning_artifact_created_time", "source": "item", "path": "ProvisioningArtifacts.CreatedTime"}, {"entity": "servicecatalog.provisioning_artifact_guidance", "source": "item", "path": "ProvisioningArtifacts.Guidance"}],
      "notes": ""
    },
    "DescribeProvisionedProductPlan": {
      "kind": "read_get",
      "side_effect": false,
      "sdk": {"client": "servicecatalog", "method": "describe_provisioned_product_plan"},
      "consumes": [{"entity": "servicecatalog.plan_id", "param": "PlanId", "required": true, "source": "internal"}],
      "produces": [{"entity": "servicecatalog.provisioned_product_plan_details", "source": "output", "path": "ProvisionedProductPlanDetails"}, {"entity": "servicecatalog.resource_changes", "source": "output", "path": "ResourceChanges"}, {"entity": "servicecatalog.next_page_token", "source": "output", "path": "NextPageToken"}, {"entity": "servicecatalog.resource_chang_action", "source": "item", "path": "ResourceChanges.Action"}, {"entity": "servicecatalog.resource_id", "source": "item", "path": "ResourceChanges.LogicalResourceId"}, {"entity": "servicecatalog.resource_id", "source": "item", "path": "ResourceChanges.PhysicalResourceId"}, {"entity": "servicecatalog.resource_chang_resource_type", "source": "item", "path": "ResourceChanges.ResourceType"}, {"entity": "servicecatalog.resource_chang_replacement", "source": "item", "path": "ResourceChanges.Replacement"}, {"entity": "servicecatalog.resource_chang_scope", "source": "item", "path": "ResourceChanges.Scope"}, {"entity": "servicecatalog.resource_chang_details", "source": "item", "path": "ResourceChanges.Details"}],
      "notes": ""
    },
    "DescribeRecord": {
      "kind": "read_get",
      "side_effect": false,
      "sdk": {"client": "servicecatalog", "method": "describe_record"},
      "consumes": [{"entity": "servicecatalog.record_output_id", "param": "Id", "required": true, "source": "external"}],
      "produces": [{"entity": "servicecatalog.record_detail", "source": "output", "path": "RecordDetail"}, {"entity": "servicecatalog.record_outputs", "source": "output", "path": "RecordOutputs"}, {"entity": "servicecatalog.next_page_token", "source": "output", "path": "NextPageToken"}, {"entity": "servicecatalog.record_output_output_key", "source": "item", "path": "RecordOutputs.OutputKey"}, {"entity": "servicecatalog.record_output_output_value", "source": "item", "path": "RecordOutputs.OutputValue"}, {"entity": "servicecatalog.record_output_description", "source": "item", "path": "RecordOutputs.Description"}],
      "notes": ""
    },
    "DescribeServiceAction": {
      "kind": "read_get",
      "side_effect": false,
      "sdk": {"client": "servicecatalog", "method": "describe_service_action"},
      "consumes": [{"entity": "servicecatalog.service_action_detail_id", "param": "Id", "required": true, "source": "internal"}],
      "produces": [{"entity": "servicecatalog.service_action_detail", "source": "output", "path": "ServiceActionDetail"}, {"entity": "servicecatalog.service_action_detail", "source": "item", "path": "ServiceActionDetail.ServiceActionSummary"}, {"entity": "servicecatalog.service_action_definition", "source": "item", "path": "ServiceActionDetail.Definition"}],
      "notes": ""
    },
    "DescribeServiceActionExecutionParameters": {
      "kind": "read_get",
      "side_effect": false,
      "sdk": {"client": "servicecatalog", "method": "describe_service_action_execution_parameters"},
      "consumes": [{"entity": "servicecatalog.provisionedproduct_id", "param": "ProvisionedProductId", "required": true, "source": "external"}, {"entity": "servicecatalog.serviceaction_id", "param": "ServiceActionId", "required": true, "source": "external"}],
      "produces": [{"entity": "servicecatalog.service_action_parameters", "source": "output", "path": "ServiceActionParameters"}, {"entity": "servicecatalog.service_action_parameter_name", "source": "item", "path": "ServiceActionParameters.Name"}, {"entity": "servicecatalog.service_action_parameter_type", "source": "item", "path": "ServiceActionParameters.Type"}, {"entity": "servicecatalog.service_action_parameter_default_values", "source": "item", "path": "ServiceActionParameters.DefaultValues"}],
      "notes": ""
    },
    "DescribeTagOption": {
      "kind": "read_get",
      "side_effect": false,
      "sdk": {"client": "servicecatalog", "method": "describe_tag_option"},
      "consumes": [{"entity": "servicecatalog.tag_option_detail_id", "param": "Id", "required": true, "source": "internal"}],
      "produces": [{"entity": "servicecatalog.tag_option_detail", "source": "output", "path": "TagOptionDetail"}, {"entity": "servicecatalog.tag_option_key", "source": "item", "path": "TagOptionDetail.Key"}, {"entity": "servicecatalog.tag_option_value", "source": "item", "path": "TagOptionDetail.Value"}, {"entity": "servicecatalog.tag_option_active", "source": "item", "path": "TagOptionDetail.Active"}, {"entity": "servicecatalog.tag_option_detail_id", "source": "item", "path": "TagOptionDetail.Id"}, {"entity": "servicecatalog.tag_option_owner", "source": "item", "path": "TagOptionDetail.Owner"}],
      "notes": ""
    },
    "DisassociateBudgetFromResource": {
      "kind": "write_delete",
      "side_effect": true,
      "sdk": {"client": "servicecatalog", "method": "disassociate_budget_from_resource"},
      "consumes": [{"entity": "servicecatalog.budget_name", "param": "BudgetName", "required": true, "source": "internal"}, {"entity": "servicecatalog.resource_id", "param": "ResourceId", "required": true, "source": "internal"}],
      "produces": [],
      "notes": ""
    },
    "DisassociatePrincipalFromPortfolio": {
      "kind": "write_delete",
      "side_effect": true,
      "sdk": {"client": "servicecatalog", "method": "disassociate_principal_from_portfolio"},
      "consumes": [{"entity": "servicecatalog.portfolio_id", "param": "PortfolioId", "required": true, "source": "internal"}, {"entity": "servicecatalog.principal_arn", "param": "PrincipalARN", "required": true, "source": "internal"}],
      "produces": [],
      "notes": ""
    },
    "DisassociateProductFromPortfolio": {
      "kind": "write_delete",
      "side_effect": true,
      "sdk": {"client": "servicecatalog", "method": "disassociate_product_from_portfolio"},
      "consumes": [{"entity": "servicecatalog.product_id", "param": "ProductId", "required": true, "source": "internal"}, {"entity": "servicecatalog.portfolio_id", "param": "PortfolioId", "required": true, "source": "internal"}],
      "produces": [],
      "notes": ""
    },
    "DisassociateServiceActionFromProvisioningArtifact": {
      "kind": "write_delete",
      "side_effect": true,
      "sdk": {"client": "servicecatalog", "method": "disassociate_service_action_from_provisioning_artifact"},
      "consumes": [{"entity": "servicecatalog.product_id", "param": "ProductId", "required": true, "source": "internal"}, {"entity": "servicecatalog.provisioningartifact_id", "param": "ProvisioningArtifactId", "required": true, "source": "external"}, {"entity": "servicecatalog.serviceaction_id", "param": "ServiceActionId", "required": true, "source": "external"}],
      "produces": [],
      "notes": ""
    },
    "DisassociateTagOptionFromResource": {
      "kind": "write_delete",
      "side_effect": true,
      "sdk": {"client": "servicecatalog", "method": "disassociate_tag_option_from_resource"},
      "consumes": [{"entity": "servicecatalog.resource_id", "param": "ResourceId", "required": true, "source": "internal"}, {"entity": "servicecatalog.tagoption_id", "param": "TagOptionId", "required": true, "source": "external"}],
      "produces": [],
      "notes": ""
    },
    "ExecuteProvisionedProductPlan": {
      "kind": "other",
      "side_effect": true,
      "sdk": {"client": "servicecatalog", "method": "execute_provisioned_product_plan"},
      "consumes": [{"entity": "servicecatalog.plan_id", "param": "PlanId", "required": true, "source": "internal"}, {"entity": "servicecatalog.idempotency_token", "param": "IdempotencyToken", "required": true, "source": "external"}],
      "produces": [{"entity": "servicecatalog.record_detail", "source": "output", "path": "RecordDetail"}, {"entity": "servicecatalog.record_id", "source": "item", "path": "RecordDetail.RecordId"}, {"entity": "servicecatalog.record_provisioned_product_name", "source": "item", "path": "RecordDetail.ProvisionedProductName"}, {"entity": "servicecatalog.record_status", "source": "item", "path": "RecordDetail.Status"}, {"entity": "servicecatalog.record_created_time", "source": "item", "path": "RecordDetail.CreatedTime"}, {"entity": "servicecatalog.record_updated_time", "source": "item", "path": "RecordDetail.UpdatedTime"}, {"entity": "servicecatalog.record_provisioned_product_type", "source": "item", "path": "RecordDetail.ProvisionedProductType"}, {"entity": "servicecatalog.record_type", "source": "item", "path": "RecordDetail.RecordType"}, {"entity": "servicecatalog.product_id", "source": "item", "path": "RecordDetail.ProvisionedProductId"}, {"entity": "servicecatalog.product_id", "source": "item", "path": "RecordDetail.ProductId"}, {"entity": "servicecatalog.provisioning_artifact_id", "source": "item", "path": "RecordDetail.ProvisioningArtifactId"}, {"entity": "servicecatalog.record_path_id", "source": "item", "path": "RecordDetail.PathId"}, {"entity": "servicecatalog.record_errors", "source": "item", "path": "RecordDetail.RecordErrors"}, {"entity": "servicecatalog.record_tags", "source": "item", "path": "RecordDetail.RecordTags"}, {"entity": "servicecatalog.record_launch_role_arn", "source": "item", "path": "RecordDetail.LaunchRoleArn"}],
      "notes": ""
    },
    "ExecuteProvisionedProductServiceAction": {
      "kind": "other",
      "side_effect": true,
      "sdk": {"client": "servicecatalog", "method": "execute_provisioned_product_service_action"},
      "consumes": [{"entity": "servicecatalog.provisionedproduct_id", "param": "ProvisionedProductId", "required": true, "source": "external"}, {"entity": "servicecatalog.serviceaction_id", "param": "ServiceActionId", "required": true, "source": "external"}, {"entity": "servicecatalog.execute_token", "param": "ExecuteToken", "required": true, "source": "external"}],
      "produces": [{"entity": "servicecatalog.record_detail", "source": "output", "path": "RecordDetail"}, {"entity": "servicecatalog.record_id", "source": "item", "path": "RecordDetail.RecordId"}, {"entity": "servicecatalog.record_provisioned_product_name", "source": "item", "path": "RecordDetail.ProvisionedProductName"}, {"entity": "servicecatalog.record_status", "source": "item", "path": "RecordDetail.Status"}, {"entity": "servicecatalog.record_created_time", "source": "item", "path": "RecordDetail.CreatedTime"}, {"entity": "servicecatalog.record_updated_time", "source": "item", "path": "RecordDetail.UpdatedTime"}, {"entity": "servicecatalog.record_provisioned_product_type", "source": "item", "path": "RecordDetail.ProvisionedProductType"}, {"entity": "servicecatalog.record_type", "source": "item", "path": "RecordDetail.RecordType"}, {"entity": "servicecatalog.product_id", "source": "item", "path": "RecordDetail.ProvisionedProductId"}, {"entity": "servicecatalog.product_id", "source": "item", "path": "RecordDetail.ProductId"}, {"entity": "servicecatalog.provisioning_artifact_id", "source": "item", "path": "RecordDetail.ProvisioningArtifactId"}, {"entity": "servicecatalog.record_path_id", "source": "item", "path": "RecordDetail.PathId"}, {"entity": "servicecatalog.record_errors", "source": "item", "path": "RecordDetail.RecordErrors"}, {"entity": "servicecatalog.record_tags", "source": "item", "path": "RecordDetail.RecordTags"}, {"entity": "servicecatalog.record_launch_role_arn", "source": "item", "path": "RecordDetail.LaunchRoleArn"}],
      "notes": ""
    },
    "ImportAsProvisionedProduct": {
      "kind": "write_create",
      "side_effect": true,
      "sdk": {"client": "servicecatalog", "method": "import_as_provisioned_product"},
      "consumes": [{"entity": "servicecatalog.product_id", "param": "ProductId", "required": true, "source": "internal"}, {"entity": "servicecatalog.provisioningartifact_id", "param": "ProvisioningArtifactId", "required": true, "source": "external"}, {"entity": "servicecatalog.provisionedproduct_name", "param": "ProvisionedProductName", "required": true, "source": "external"}, {"entity": "servicecatalog.physical_id", "param": "PhysicalId", "required": true, "source": "internal"}, {"entity": "servicecatalog.idempotency_token", "param": "IdempotencyToken", "required": true, "source": "external"}],
      "produces": [{"entity": "servicecatalog.record_detail", "source": "output", "path": "RecordDetail"}, {"entity": "servicecatalog.record_id", "source": "item", "path": "RecordDetail.RecordId"}, {"entity": "servicecatalog.record_provisioned_product_name", "source": "item", "path": "RecordDetail.ProvisionedProductName"}, {"entity": "servicecatalog.record_status", "source": "item", "path": "RecordDetail.Status"}, {"entity": "servicecatalog.record_created_time", "source": "item", "path": "RecordDetail.CreatedTime"}, {"entity": "servicecatalog.record_updated_time", "source": "item", "path": "RecordDetail.UpdatedTime"}, {"entity": "servicecatalog.record_provisioned_product_type", "source": "item", "path": "RecordDetail.ProvisionedProductType"}, {"entity": "servicecatalog.record_type", "source": "item", "path": "RecordDetail.RecordType"}, {"entity": "servicecatalog.product_id", "source": "item", "path": "RecordDetail.ProvisionedProductId"}, {"entity": "servicecatalog.product_id", "source": "item", "path": "RecordDetail.ProductId"}, {"entity": "servicecatalog.provisioning_artifact_id", "source": "item", "path": "RecordDetail.ProvisioningArtifactId"}, {"entity": "servicecatalog.record_path_id", "source": "item", "path": "RecordDetail.PathId"}, {"entity": "servicecatalog.record_errors", "source": "item", "path": "RecordDetail.RecordErrors"}, {"entity": "servicecatalog.record_tags", "source": "item", "path": "RecordDetail.RecordTags"}, {"entity": "servicecatalog.record_launch_role_arn", "source": "item", "path": "RecordDetail.LaunchRoleArn"}],
      "notes": ""
    },
    "ListBudgetsForResource": {
      "kind": "read_list",
      "side_effect": false,
      "sdk": {"client": "servicecatalog", "method": "list_budgets_for_resource"},
      "consumes": [{"entity": "servicecatalog.resource_id", "param": "ResourceId", "required": true, "source": "internal"}],
      "produces": [{"entity": "servicecatalog.budgets", "source": "output", "path": "Budgets"}, {"entity": "servicecatalog.next_page_token", "source": "output", "path": "NextPageToken"}, {"entity": "servicecatalog.budget_name", "source": "item", "path": "Budgets[].BudgetName"}],
      "notes": ""
    },
    "ListConstraintsForPortfolio": {
      "kind": "read_list",
      "side_effect": false,
      "sdk": {"client": "servicecatalog", "method": "list_constraints_for_portfolio"},
      "consumes": [{"entity": "servicecatalog.portfolio_id", "param": "PortfolioId", "required": true, "source": "internal"}],
      "produces": [{"entity": "servicecatalog.constraint_detail", "source": "output", "path": "ConstraintDetails"}, {"entity": "servicecatalog.next_page_token", "source": "output", "path": "NextPageToken"}, {"entity": "servicecatalog.constraint_detail_id", "source": "item", "path": "ConstraintDetails[].ConstraintId"}, {"entity": "servicecatalog.constraint_type", "source": "item", "path": "ConstraintDetails[].Type"}, {"entity": "servicecatalog.constraint_description", "source": "item", "path": "ConstraintDetails[].Description"}, {"entity": "servicecatalog.constraint_owner", "source": "item", "path": "ConstraintDetails[].Owner"}, {"entity": "servicecatalog.product_id", "source": "item", "path": "ConstraintDetails[].ProductId"}, {"entity": "servicecatalog.portfolio_id", "source": "item", "path": "ConstraintDetails[].PortfolioId"}],
      "notes": ""
    },
    "ListLaunchPaths": {
      "kind": "read_list",
      "side_effect": false,
      "sdk": {"client": "servicecatalog", "method": "list_launch_paths"},
      "consumes": [{"entity": "servicecatalog.product_id", "param": "ProductId", "required": true, "source": "internal"}],
      "produces": [{"entity": "servicecatalog.launch_path_summaries", "source": "output", "path": "LaunchPathSummaries"}, {"entity": "servicecatalog.next_page_token", "source": "output", "path": "NextPageToken"}, {"entity": "servicecatalog.launch_path_id", "source": "item", "path": "LaunchPathSummaries[].Id"}, {"entity": "servicecatalog.launch_path_constraint_summaries", "source": "item", "path": "LaunchPathSummaries[].ConstraintSummaries"}, {"entity": "servicecatalog.launch_path_tags", "source": "item", "path": "LaunchPathSummaries[].Tags"}, {"entity": "servicecatalog.launch_path_name", "source": "item", "path": "LaunchPathSummaries[].Name"}],
      "notes": ""
    },
    "ListOrganizationPortfolioAccess": {
      "kind": "read_list",
      "side_effect": false,
      "sdk": {"client": "servicecatalog", "method": "list_organization_portfolio_access"},
      "consumes": [{"entity": "servicecatalog.portfolio_id", "param": "PortfolioId", "required": true, "source": "internal"}, {"entity": "servicecatalog.organization_node_type", "param": "OrganizationNodeType", "required": true, "source": "external"}],
      "produces": [{"entity": "servicecatalog.organization_nodes", "source": "output", "path": "OrganizationNodes"}, {"entity": "servicecatalog.next_page_token", "source": "output", "path": "NextPageToken"}, {"entity": "servicecatalog.organization_nod_type", "source": "item", "path": "OrganizationNodes[].Type"}, {"entity": "servicecatalog.organization_nod_value", "source": "item", "path": "OrganizationNodes[].Value"}],
      "notes": ""
    },
    "ListPortfolioAccess": {
      "kind": "read_list",
      "side_effect": false,
      "sdk": {"client": "servicecatalog", "method": "list_portfolio_access"},
      "consumes": [{"entity": "servicecatalog.portfolio_id", "param": "PortfolioId", "required": true, "source": "internal"}],
      "produces": [{"entity": "servicecatalog.account_ids", "source": "output", "path": "AccountIds"}, {"entity": "servicecatalog.next_page_token", "source": "output", "path": "NextPageToken"}],
      "notes": ""
    },
    "ListPortfoliosForProduct": {
      "kind": "read_list",
      "side_effect": false,
      "sdk": {"client": "servicecatalog", "method": "list_portfolios_for_product"},
      "consumes": [{"entity": "servicecatalog.product_id", "param": "ProductId", "required": true, "source": "internal"}],
      "produces": [{"entity": "servicecatalog.portfolio_detail", "source": "output", "path": "PortfolioDetails"}, {"entity": "servicecatalog.next_page_token", "source": "output", "path": "NextPageToken"}, {"entity": "servicecatalog.portfolio_id", "source": "item", "path": "PortfolioDetails[].Id"}, {"entity": "servicecatalog.portfolio_arn", "source": "item", "path": "PortfolioDetails[].ARN"}, {"entity": "servicecatalog.display_name", "source": "item", "path": "PortfolioDetails[].DisplayName"}, {"entity": "servicecatalog.portfolio_description", "source": "item", "path": "PortfolioDetails[].Description"}, {"entity": "servicecatalog.portfolio_created_time", "source": "item", "path": "PortfolioDetails[].CreatedTime"}, {"entity": "servicecatalog.provider_name", "source": "item", "path": "PortfolioDetails[].ProviderName"}],
      "notes": ""
    },
    "ListPrincipalsForPortfolio": {
      "kind": "read_list",
      "side_effect": false,
      "sdk": {"client": "servicecatalog", "method": "list_principals_for_portfolio"},
      "consumes": [{"entity": "servicecatalog.portfolio_id", "param": "PortfolioId", "required": true, "source": "internal"}],
      "produces": [{"entity": "servicecatalog.principals", "source": "output", "path": "Principals"}, {"entity": "servicecatalog.next_page_token", "source": "output", "path": "NextPageToken"}, {"entity": "servicecatalog.principal_arn", "source": "item", "path": "Principals[].PrincipalARN"}, {"entity": "servicecatalog.principal_type", "source": "item", "path": "Principals[].PrincipalType"}],
      "notes": ""
    },
    "ListProvisioningArtifacts": {
      "kind": "read_list",
      "side_effect": false,
      "sdk": {"client": "servicecatalog", "method": "list_provisioning_artifacts"},
      "consumes": [{"entity": "servicecatalog.product_id", "param": "ProductId", "required": true, "source": "internal"}],
      "produces": [{"entity": "servicecatalog.provisioning_artifact_detail", "source": "output", "path": "ProvisioningArtifactDetails"}, {"entity": "servicecatalog.next_page_token", "source": "output", "path": "NextPageToken"}, {"entity": "servicecatalog.provisioning_artifact_id", "source": "item", "path": "ProvisioningArtifactDetails[].Id"}, {"entity": "servicecatalog.provisioning_artifact_name", "source": "item", "path": "ProvisioningArtifactDetails[].Name"}, {"entity": "servicecatalog.provisioning_artifact_description", "source": "item", "path": "ProvisioningArtifactDetails[].Description"}, {"entity": "servicecatalog.provisioning_artifact_type", "source": "item", "path": "ProvisioningArtifactDetails[].Type"}, {"entity": "servicecatalog.provisioning_artifact_created_time", "source": "item", "path": "ProvisioningArtifactDetails[].CreatedTime"}, {"entity": "servicecatalog.provisioning_artifact_active", "source": "item", "path": "ProvisioningArtifactDetails[].Active"}, {"entity": "servicecatalog.provisioning_artifact_guidance", "source": "item", "path": "ProvisioningArtifactDetails[].Guidance"}, {"entity": "servicecatalog.provisioning_artifact_source_revision", "source": "item", "path": "ProvisioningArtifactDetails[].SourceRevision"}],
      "notes": ""
    },
    "ListProvisioningArtifactsForServiceAction": {
      "kind": "read_list",
      "side_effect": false,
      "sdk": {"client": "servicecatalog", "method": "list_provisioning_artifacts_for_service_action"},
      "consumes": [{"entity": "servicecatalog.serviceaction_id", "param": "ServiceActionId", "required": true, "source": "external"}],
      "produces": [{"entity": "servicecatalog.provisioning_artifact_views", "source": "output", "path": "ProvisioningArtifactViews"}, {"entity": "servicecatalog.next_page_token", "source": "output", "path": "NextPageToken"}, {"entity": "servicecatalog.provisioning_artifact_view_product_view_summary", "source": "item", "path": "ProvisioningArtifactViews[].ProductViewSummary"}, {"entity": "servicecatalog.provisioning_artifact_view_provisioning_artifact", "source": "item", "path": "ProvisioningArtifactViews[].ProvisioningArtifact"}],
      "notes": ""
    },
    "ListResourcesForTagOption": {
      "kind": "read_list",
      "side_effect": false,
      "sdk": {"client": "servicecatalog", "method": "list_resources_for_tag_option"},
      "consumes": [{"entity": "servicecatalog.tagoption_id", "param": "TagOptionId", "required": true, "source": "external"}],
      "produces": [{"entity": "servicecatalog.resource_details", "source": "output", "path": "ResourceDetails"}, {"entity": "servicecatalog.page_token", "source": "output", "path": "PageToken"}, {"entity": "servicecatalog.resource_id", "source": "item", "path": "ResourceDetails[].Id"}, {"entity": "servicecatalog.resource_arn", "source": "item", "path": "ResourceDetails[].ARN"}, {"entity": "servicecatalog.resource_name", "source": "item", "path": "ResourceDetails[].Name"}, {"entity": "servicecatalog.resource_description", "source": "item", "path": "ResourceDetails[].Description"}, {"entity": "servicecatalog.resource_created_time", "source": "item", "path": "ResourceDetails[].CreatedTime"}],
      "notes": ""
    },
    "ListServiceActionsForProvisioningArtifact": {
      "kind": "read_list",
      "side_effect": false,
      "sdk": {"client": "servicecatalog", "method": "list_service_actions_for_provisioning_artifact"},
      "consumes": [{"entity": "servicecatalog.product_id", "param": "ProductId", "required": true, "source": "internal"}, {"entity": "servicecatalog.provisioningartifact_id", "param": "ProvisioningArtifactId", "required": true, "source": "external"}],
      "produces": [{"entity": "servicecatalog.service_action_summaries", "source": "output", "path": "ServiceActionSummaries"}, {"entity": "servicecatalog.next_page_token", "source": "output", "path": "NextPageToken"}, {"entity": "servicecatalog.service_action_detail_id", "source": "item", "path": "ServiceActionSummaries[].Id"}, {"entity": "servicecatalog.service_action_detail_name", "source": "item", "path": "ServiceActionSummaries[].Name"}, {"entity": "servicecatalog.service_action_description", "source": "item", "path": "ServiceActionSummaries[].Description"}, {"entity": "servicecatalog.service_action_definition_type", "source": "item", "path": "ServiceActionSummaries[].DefinitionType"}],
      "notes": ""
    },
    "ListStackInstancesForProvisionedProduct": {
      "kind": "read_list",
      "side_effect": false,
      "sdk": {"client": "servicecatalog", "method": "list_stack_instances_for_provisioned_product"},
      "consumes": [{"entity": "servicecatalog.provisionedproduct_id", "param": "ProvisionedProductId", "required": true, "source": "external"}],
      "produces": [{"entity": "servicecatalog.stack_instances", "source": "output", "path": "StackInstances"}, {"entity": "servicecatalog.next_page_token", "source": "output", "path": "NextPageToken"}, {"entity": "servicecatalog.stack_instanc_account", "source": "item", "path": "StackInstances[].Account"}, {"entity": "servicecatalog.stack_instanc_region", "source": "item", "path": "StackInstances[].Region"}, {"entity": "servicecatalog.stack_instanc_stack_instance_status", "source": "item", "path": "StackInstances[].StackInstanceStatus"}],
      "notes": ""
    },
    "NotifyProvisionProductEngineWorkflowResult": {
      "kind": "other",
      "side_effect": true,
      "sdk": {"client": "servicecatalog", "method": "notify_provision_product_engine_workflow_result"},
      "consumes": [{"entity": "servicecatalog.workflow_token", "param": "WorkflowToken", "required": true, "source": "external"}, {"entity": "servicecatalog.record_id", "param": "RecordId", "required": true, "source": "internal"}, {"entity": "servicecatalog.notify_provision_product_engine_workflow_result_status", "param": "Status", "required": true, "source": "external"}, {"entity": "servicecatalog.idempotency_token", "param": "IdempotencyToken", "required": true, "source": "external"}],
      "produces": [],
      "notes": ""
    },
    "NotifyTerminateProvisionedProductEngineWorkflowResult": {
      "kind": "other",
      "side_effect": true,
      "sdk": {"client": "servicecatalog", "method": "notify_terminate_provisioned_product_engine_workflow_result"},
      "consumes": [{"entity": "servicecatalog.workflow_token", "param": "WorkflowToken", "required": true, "source": "external"}, {"entity": "servicecatalog.record_id", "param": "RecordId", "required": true, "source": "internal"}, {"entity": "servicecatalog.notify_terminate_provisioned_product_engine_workflow_result_status", "param": "Status", "required": true, "source": "external"}, {"entity": "servicecatalog.idempotency_token", "param": "IdempotencyToken", "required": true, "source": "external"}],
      "produces": [],
      "notes": ""
    },
    "NotifyUpdateProvisionedProductEngineWorkflowResult": {
      "kind": "other",
      "side_effect": true,
      "sdk": {"client": "servicecatalog", "method": "notify_update_provisioned_product_engine_workflow_result"},
      "consumes": [{"entity": "servicecatalog.workflow_token", "param": "WorkflowToken", "required": true, "source": "external"}, {"entity": "servicecatalog.record_id", "param": "RecordId", "required": true, "source": "internal"}, {"entity": "servicecatalog.notify_update_provisioned_product_engine_workflow_result_status", "param": "Status", "required": true, "source": "external"}, {"entity": "servicecatalog.idempotency_token", "param": "IdempotencyToken", "required": true, "source": "external"}],
      "produces": [],
      "notes": ""
    },
    "ProvisionProduct": {
      "kind": "other",
      "side_effect": true,
      "sdk": {"client": "servicecatalog", "method": "provision_product"},
      "consumes": [{"entity": "servicecatalog.provisionedproduct_name", "param": "ProvisionedProductName", "required": true, "source": "external"}, {"entity": "servicecatalog.provision_token", "param": "ProvisionToken", "required": true, "source": "external"}],
      "produces": [{"entity": "servicecatalog.record_detail", "source": "output", "path": "RecordDetail"}, {"entity": "servicecatalog.record_id", "source": "item", "path": "RecordDetail.RecordId"}, {"entity": "servicecatalog.record_provisioned_product_name", "source": "item", "path": "RecordDetail.ProvisionedProductName"}, {"entity": "servicecatalog.record_status", "source": "item", "path": "RecordDetail.Status"}, {"entity": "servicecatalog.record_created_time", "source": "item", "path": "RecordDetail.CreatedTime"}, {"entity": "servicecatalog.record_updated_time", "source": "item", "path": "RecordDetail.UpdatedTime"}, {"entity": "servicecatalog.record_provisioned_product_type", "source": "item", "path": "RecordDetail.ProvisionedProductType"}, {"entity": "servicecatalog.record_type", "source": "item", "path": "RecordDetail.RecordType"}, {"entity": "servicecatalog.product_id", "source": "item", "path": "RecordDetail.ProvisionedProductId"}, {"entity": "servicecatalog.product_id", "source": "item", "path": "RecordDetail.ProductId"}, {"entity": "servicecatalog.provisioning_artifact_id", "source": "item", "path": "RecordDetail.ProvisioningArtifactId"}, {"entity": "servicecatalog.record_path_id", "source": "item", "path": "RecordDetail.PathId"}, {"entity": "servicecatalog.record_errors", "source": "item", "path": "RecordDetail.RecordErrors"}, {"entity": "servicecatalog.record_tags", "source": "item", "path": "RecordDetail.RecordTags"}, {"entity": "servicecatalog.record_launch_role_arn", "source": "item", "path": "RecordDetail.LaunchRoleArn"}],
      "notes": ""
    },
    "RejectPortfolioShare": {
      "kind": "other",
      "side_effect": true,
      "sdk": {"client": "servicecatalog", "method": "reject_portfolio_share"},
      "consumes": [{"entity": "servicecatalog.portfolio_id", "param": "PortfolioId", "required": true, "source": "internal"}],
      "produces": [],
      "notes": ""
    },
    "TerminateProvisionedProduct": {
      "kind": "write_delete",
      "side_effect": true,
      "sdk": {"client": "servicecatalog", "method": "terminate_provisioned_product"},
      "consumes": [{"entity": "servicecatalog.terminate_token", "param": "TerminateToken", "required": true, "source": "external"}],
      "produces": [{"entity": "servicecatalog.record_detail", "source": "output", "path": "RecordDetail"}, {"entity": "servicecatalog.record_id", "source": "item", "path": "RecordDetail.RecordId"}, {"entity": "servicecatalog.record_provisioned_product_name", "source": "item", "path": "RecordDetail.ProvisionedProductName"}, {"entity": "servicecatalog.record_status", "source": "item", "path": "RecordDetail.Status"}, {"entity": "servicecatalog.record_created_time", "source": "item", "path": "RecordDetail.CreatedTime"}, {"entity": "servicecatalog.record_updated_time", "source": "item", "path": "RecordDetail.UpdatedTime"}, {"entity": "servicecatalog.record_provisioned_product_type", "source": "item", "path": "RecordDetail.ProvisionedProductType"}, {"entity": "servicecatalog.record_type", "source": "item", "path": "RecordDetail.RecordType"}, {"entity": "servicecatalog.product_id", "source": "item", "path": "RecordDetail.ProvisionedProductId"}, {"entity": "servicecatalog.product_id", "source": "item", "path": "RecordDetail.ProductId"}, {"entity": "servicecatalog.provisioning_artifact_id", "source": "item", "path": "RecordDetail.ProvisioningArtifactId"}, {"entity": "servicecatalog.record_path_id", "source": "item", "path": "RecordDetail.PathId"}, {"entity": "servicecatalog.record_errors", "source": "item", "path": "RecordDetail.RecordErrors"}, {"entity": "servicecatalog.record_tags", "source": "item", "path": "RecordDetail.RecordTags"}, {"entity": "servicecatalog.record_launch_role_arn", "source": "item", "path": "RecordDetail.LaunchRoleArn"}],
      "notes": ""
    },
    "UpdateConstraint": {
      "kind": "write_update",
      "side_effect": true,
      "sdk": {"client": "servicecatalog", "method": "update_constraint"},
      "consumes": [{"entity": "servicecatalog.constraint_detail_id", "param": "Id", "required": true, "source": "internal"}],
      "produces": [{"entity": "servicecatalog.constraint_detail", "source": "output", "path": "ConstraintDetail"}, {"entity": "servicecatalog.constraint_parameters", "source": "output", "path": "ConstraintParameters"}, {"entity": "servicecatalog.constraint_status", "source": "output", "path": "Status"}, {"entity": "servicecatalog.constraint_detail_id", "source": "item", "path": "ConstraintDetail.ConstraintId"}, {"entity": "servicecatalog.constraint_type", "source": "item", "path": "ConstraintDetail.Type"}, {"entity": "servicecatalog.constraint_description", "source": "item", "path": "ConstraintDetail.Description"}, {"entity": "servicecatalog.constraint_owner", "source": "item", "path": "ConstraintDetail.Owner"}, {"entity": "servicecatalog.product_id", "source": "item", "path": "ConstraintDetail.ProductId"}, {"entity": "servicecatalog.portfolio_id", "source": "item", "path": "ConstraintDetail.PortfolioId"}],
      "notes": ""
    },
    "UpdatePortfolio": {
      "kind": "write_update",
      "side_effect": true,
      "sdk": {"client": "servicecatalog", "method": "update_portfolio"},
      "consumes": [{"entity": "servicecatalog.tag_id", "param": "Id", "required": true, "source": "external"}],
      "produces": [{"entity": "servicecatalog.portfolio_detail", "source": "output", "path": "PortfolioDetail"}, {"entity": "servicecatalog.tags", "source": "output", "path": "Tags"}, {"entity": "servicecatalog.tag_key", "source": "item", "path": "Tags.Key"}, {"entity": "servicecatalog.tag_value", "source": "item", "path": "Tags.Value"}],
      "notes": ""
    },
    "UpdatePortfolioShare": {
      "kind": "write_update",
      "side_effect": true,
      "sdk": {"client": "servicecatalog", "method": "update_portfolio_share"},
      "consumes": [{"entity": "servicecatalog.portfolio_id", "param": "PortfolioId", "required": true, "source": "internal"}],
      "produces": [{"entity": "servicecatalog.portfolio_share_token", "source": "output", "path": "PortfolioShareToken"}, {"entity": "servicecatalog.portfolio_share_status", "source": "output", "path": "Status"}],
      "notes": ""
    },
    "UpdateProduct": {
      "kind": "write_update",
      "side_effect": true,
      "sdk": {"client": "servicecatalog", "method": "update_product"},
      "consumes": [{"entity": "servicecatalog.tag_id", "param": "Id", "required": true, "source": "external"}],
      "produces": [{"entity": "servicecatalog.product_view_detail", "source": "output", "path": "ProductViewDetail"}, {"entity": "servicecatalog.tags", "source": "output", "path": "Tags"}, {"entity": "servicecatalog.tag_key", "source": "item", "path": "Tags.Key"}, {"entity": "servicecatalog.tag_value", "source": "item", "path": "Tags.Value"}],
      "notes": ""
    },
    "UpdateProvisionedProduct": {
      "kind": "write_update",
      "side_effect": true,
      "sdk": {"client": "servicecatalog", "method": "update_provisioned_product"},
      "consumes": [{"entity": "servicecatalog.update_token", "param": "UpdateToken", "required": true, "source": "external"}],
      "produces": [{"entity": "servicecatalog.record_detail", "source": "output", "path": "RecordDetail"}, {"entity": "servicecatalog.record_id", "source": "item", "path": "RecordDetail.RecordId"}, {"entity": "servicecatalog.record_provisioned_product_name", "source": "item", "path": "RecordDetail.ProvisionedProductName"}, {"entity": "servicecatalog.record_status", "source": "item", "path": "RecordDetail.Status"}, {"entity": "servicecatalog.record_created_time", "source": "item", "path": "RecordDetail.CreatedTime"}, {"entity": "servicecatalog.record_updated_time", "source": "item", "path": "RecordDetail.UpdatedTime"}, {"entity": "servicecatalog.record_provisioned_product_type", "source": "item", "path": "RecordDetail.ProvisionedProductType"}, {"entity": "servicecatalog.record_type", "source": "item", "path": "RecordDetail.RecordType"}, {"entity": "servicecatalog.product_id", "source": "item", "path": "RecordDetail.ProvisionedProductId"}, {"entity": "servicecatalog.product_id", "source": "item", "path": "RecordDetail.ProductId"}, {"entity": "servicecatalog.provisioning_artifact_id", "source": "item", "path": "RecordDetail.ProvisioningArtifactId"}, {"entity": "servicecatalog.record_path_id", "source": "item", "path": "RecordDetail.PathId"}, {"entity": "servicecatalog.record_errors", "source": "item", "path": "RecordDetail.RecordErrors"}, {"entity": "servicecatalog.record_tags", "source": "item", "path": "RecordDetail.RecordTags"}, {"entity": "servicecatalog.record_launch_role_arn", "source": "item", "path": "RecordDetail.LaunchRoleArn"}],
      "notes": ""
    },
    "UpdateProvisionedProductProperties": {
      "kind": "write_update",
      "side_effect": true,
      "sdk": {"client": "servicecatalog", "method": "update_provisioned_product_properties"},
      "consumes": [{"entity": "servicecatalog.provisionedproduct_id", "param": "ProvisionedProductId", "required": true, "source": "external"}, {"entity": "servicecatalog.provisioned_product_properties", "param": "ProvisionedProductProperties", "required": true, "source": "internal"}, {"entity": "servicecatalog.idempotency_token", "param": "IdempotencyToken", "required": true, "source": "external"}],
      "produces": [{"entity": "servicecatalog.product_id", "source": "output", "path": "ProvisionedProductId"}, {"entity": "servicecatalog.provisioned_product_properties", "source": "output", "path": "ProvisionedProductProperties"}, {"entity": "servicecatalog.record_id", "source": "output", "path": "RecordId"}, {"entity": "servicecatalog.provisioned_product_property_status", "source": "output", "path": "Status"}],
      "notes": ""
    },
    "UpdateProvisioningArtifact": {
      "kind": "write_update",
      "side_effect": true,
      "sdk": {"client": "servicecatalog", "method": "update_provisioning_artifact"},
      "consumes": [{"entity": "servicecatalog.product_id", "param": "ProductId", "required": true, "source": "internal"}, {"entity": "servicecatalog.provisioningartifact_id", "param": "ProvisioningArtifactId", "required": true, "source": "external"}],
      "produces": [{"entity": "servicecatalog.provisioning_artifact_detail", "source": "output", "path": "ProvisioningArtifactDetail"}, {"entity": "servicecatalog.info", "source": "output", "path": "Info"}, {"entity": "servicecatalog.provisioning_artifact_status", "source": "output", "path": "Status"}, {"entity": "servicecatalog.provisioning_artifact_id", "source": "item", "path": "ProvisioningArtifactDetail.Id"}, {"entity": "servicecatalog.provisioning_artifact_name", "source": "item", "path": "ProvisioningArtifactDetail.Name"}, {"entity": "servicecatalog.provisioning_artifact_description", "source": "item", "path": "ProvisioningArtifactDetail.Description"}, {"entity": "servicecatalog.provisioning_artifact_type", "source": "item", "path": "ProvisioningArtifactDetail.Type"}, {"entity": "servicecatalog.provisioning_artifact_created_time", "source": "item", "path": "ProvisioningArtifactDetail.CreatedTime"}, {"entity": "servicecatalog.provisioning_artifact_active", "source": "item", "path": "ProvisioningArtifactDetail.Active"}, {"entity": "servicecatalog.provisioning_artifact_guidance", "source": "item", "path": "ProvisioningArtifactDetail.Guidance"}, {"entity": "servicecatalog.provisioning_artifact_source_revision", "source": "item", "path": "ProvisioningArtifactDetail.SourceRevision"}],
      "notes": ""
    },
    "UpdateServiceAction": {
      "kind": "write_update",
      "side_effect": true,
      "sdk": {"client": "servicecatalog", "method": "update_service_action"},
      "consumes": [{"entity": "servicecatalog.service_action_detail_id", "param": "Id", "required": true, "source": "internal"}],
      "produces": [{"entity": "servicecatalog.service_action_detail", "source": "output", "path": "ServiceActionDetail"}, {"entity": "servicecatalog.service_action_detail", "source": "item", "path": "ServiceActionDetail.ServiceActionSummary"}, {"entity": "servicecatalog.service_action_definition", "source": "item", "path": "ServiceActionDetail.Definition"}],
      "notes": ""
    },
    "UpdateTagOption": {
      "kind": "write_update",
      "side_effect": true,
      "sdk": {"client": "servicecatalog", "method": "update_tag_option"},
      "consumes": [{"entity": "servicecatalog.tag_option_detail_id", "param": "Id", "required": true, "source": "internal"}],
      "produces": [{"entity": "servicecatalog.tag_option_detail", "source": "output", "path": "TagOptionDetail"}, {"entity": "servicecatalog.tag_option_key", "source": "item", "path": "TagOptionDetail.Key"}, {"entity": "servicecatalog.tag_option_value", "source": "item", "path": "TagOptionDetail.Value"}, {"entity": "servicecatalog.tag_option_active", "source": "item", "path": "TagOptionDetail.Active"}, {"entity": "servicecatalog.tag_option_detail_id", "source": "item", "path": "TagOptionDetail.Id"}, {"entity": "servicecatalog.tag_option_owner", "source": "item", "path": "TagOptionDetail.Owner"}],
      "notes": ""
    }
  }
}