{
  "service": "sns",
  "seed_from_list": [
    "Attributes",
    "CreatedAt",
    "Endpoint",
    "EndpointArn",
    "Iso2CountryCode",
    "Key",
    "NumberCapabilities",
    "Owner",
    "PhoneNumber",
    "PlatformApplicationArn",
    "Protocol",
    "RouteType",
    "Status",
    "SubscriptionArn",
    "TopicArn",
    "Value"
  ],
  "enriched_from_get_describe": [
    "Attributes",
    "DataProtectionPolicy",
    "IsInSandbox",
    "attributes"
  ],
  "final_union": [
    "Attributes",
    "CreatedAt",
    "DataProtectionPolicy",
    "Endpoint",
    "EndpointArn",
    "IsInSandbox",
    "Iso2CountryCode",
    "Key",
    "NumberCapabilities",
    "Owner",
    "PhoneNumber",
    "PlatformApplicationArn",
    "Protocol",
    "RouteType",
    "Status",
    "SubscriptionArn",
    "TopicArn",
    "Value",
    "attributes"
  ],
  "source": {
    "operation_registry": "services/sns/operation_registry.json",
    "read_ops_rule": "operation name startswith List/Get/Describe/Search/Lookup",
    "excluded_keys": [
      "nextToken",
      "maxResults"
    ]
  }
}