{
  "service": "sns",
  "issues": {
    "generic_entities": {},
    "ambiguous_tokens": {
      "name": [
        {
          "mapping": "CreatePlatformApplication.Name -> sns.platform_application_arn_name",
          "evidence": "CreatePlatformApplication.Name",
          "entity": "sns.platform_application_arn_name"
        },
        {
          "mapping": "CreateTopic.Name -> sns.topic_arn_name",
          "evidence": "CreateTopic.Name",
          "entity": "sns.topic_arn_name"
        }
      ]
    },
    "unresolved_consumes": [],
    "suspicious_paths": []
  },
  "alias_candidates_not_applied": [],
  "suggested_overrides": [
    {
      "operation": "ConfirmSubscription",
      "type": "produces",
      "key": "SubscriptionArn",
      "suggested_entity": "sns.topic_arn",
      "confidence": "MEDIUM",
      "reason": "Param 'TopicArn' and output field 'SubscriptionArn' match but map to different entities. Suggest unifying to consume entity."
    },
    {
      "operation": "CreatePlatformEndpoint",
      "type": "produces",
      "key": "EndpointArn",
      "suggested_entity": "sns.platformapplication_arn",
      "confidence": "MEDIUM",
      "reason": "Param 'PlatformApplicationArn' and output field 'EndpointArn' match but map to different entities. Suggest unifying to consume entity."
    },
    {
      "operation": "ListEndpointsByPlatformApplication",
      "type": "produces",
      "key": "Endpoints[].EndpointArn",
      "suggested_entity": "sns.platformapplication_arn",
      "confidence": "MEDIUM",
      "reason": "Param 'PlatformApplicationArn' and output field 'EndpointArn' match but map to different entities. Suggest unifying to consume entity."
    },
    {
      "operation": "ListSubscriptionsByTopic",
      "type": "produces",
      "key": "Subscriptions[].SubscriptionArn",
      "suggested_entity": "sns.topic_arn",
      "confidence": "MEDIUM",
      "reason": "Param 'TopicArn' and output field 'SubscriptionArn' match but map to different entities. Suggest unifying to consume entity."
    },
    {
      "operation": "Subscribe",
      "type": "produces",
      "key": "SubscriptionArn",
      "suggested_entity": "sns.topic_arn",
      "confidence": "MEDIUM",
      "reason": "Param 'TopicArn' and output field 'SubscriptionArn' match but map to different entities. Suggest unifying to consume entity."
    }
  ],
  "unresolved_items": [
    {
      "mapping": "CreatePlatformApplication.Name -> sns.platform_application_arn_name",
      "evidence": "CreatePlatformApplication.Name",
      "entity": "sns.platform_application_arn_name"
    },
    {
      "mapping": "CreateTopic.Name -> sns.topic_arn_name",
      "evidence": "CreateTopic.Name",
      "entity": "sns.topic_arn_name"
    }
  ]
}