{
  "service": "sns",
  "version": "1.0",
  "kind_rules": {
    "read_list": ["List"],
    "read_get": ["Get", "Describe"],
    "write_create": ["Create", "Start", "Generate", "Import", "Enable", "Register"],
    "write_update": ["Update", "Modify", "Put", "Set", "Change", "Reset", "Patch"],
    "write_delete": ["Delete", "Remove", "Terminate", "Destroy", "Disable", "Detach", "Disassociate", "Untag", "Revoke"],
    "write_apply": ["Apply", "Attach", "Associate", "Add", "Tag", "Authorize", "Unauthorize", "Grant"],
    "other": ["default"]
  },
  "entity_aliases": {"sns.subscription_topic_arn": "sns.topic_arn"},
  "overrides": {},
  "operations": {
    "GetSMSAttributes": {
      "kind": "read_get",
      "side_effect": false,
      "sdk": {"client": "sns", "method": "get_sms_attributes"},
      "consumes": [],
      "produces": [{"entity": "sns.attributes", "source": "output", "path": "attributes"}],
      "notes": ""
    },
    "GetSMSSandboxAccountStatus": {
      "kind": "read_get",
      "side_effect": false,
      "sdk": {"client": "sns", "method": "get_sms_sandbox_account_status"},
      "consumes": [],
      "produces": [{"entity": "sns.is_in_sandbox", "source": "output", "path": "IsInSandbox"}],
      "notes": ""
    },
    "ListOriginationNumbers": {
      "kind": "read_list",
      "side_effect": false,
      "sdk": {"client": "sns", "method": "list_origination_numbers"},
      "consumes": [],
      "produces": [{"entity": "sns.next_token", "source": "output", "path": "NextToken"}, {"entity": "sns.phone_numbers", "source": "output", "path": "PhoneNumbers"}, {"entity": "sns.phone_number_created_at", "source": "item", "path": "PhoneNumbers[].CreatedAt"}, {"entity": "sns.phone_number_phone_number", "source": "item", "path": "PhoneNumbers[].PhoneNumber"}, {"entity": "sns.phone_number_status", "source": "item", "path": "PhoneNumbers[].Status"}, {"entity": "sns.phone_number_iso2_country_code", "source": "item", "path": "PhoneNumbers[].Iso2CountryCode"}, {"entity": "sns.phone_number_route_type", "source": "item", "path": "PhoneNumbers[].RouteType"}, {"entity": "sns.phone_number_number_capabilities", "source": "item", "path": "PhoneNumbers[].NumberCapabilities"}],
      "notes": ""
    },
    "ListPhoneNumbersOptedOut": {
      "kind": "read_list",
      "side_effect": false,
      "sdk": {"client": "sns", "method": "list_phone_numbers_opted_out"},
      "consumes": [],
      "produces": [{"entity": "sns.phone_numbers", "source": "output", "path": "phoneNumbers"}, {"entity": "sns.next_token", "source": "output", "path": "nextToken"}],
      "notes": ""
    },
    "ListPlatformApplications": {
      "kind": "read_list",
      "side_effect": false,
      "sdk": {"client": "sns", "method": "list_platform_applications"},
      "consumes": [],
      "produces": [{"entity": "sns.platform_applications", "source": "output", "path": "PlatformApplications"}, {"entity": "sns.next_token", "source": "output", "path": "NextToken"}, {"entity": "sns.platform_application_arn", "source": "item", "path": "PlatformApplications[].PlatformApplicationArn"}, {"entity": "sns.platform_application_attributes", "source": "item", "path": "PlatformApplications[].Attributes"}],
      "notes": ""
    },
    "ListSMSSandboxPhoneNumbers": {
      "kind": "read_list",
      "side_effect": false,
      "sdk": {"client": "sns", "method": "list_sms_sandbox_phone_numbers"},
      "consumes": [],
      "produces": [{"entity": "sns.phone_numbers", "source": "output", "path": "PhoneNumbers"}, {"entity": "sns.next_token", "source": "output", "path": "NextToken"}, {"entity": "sns.phone_number_phone_number", "source": "item", "path": "PhoneNumbers[].PhoneNumber"}, {"entity": "sns.phone_number_status", "source": "item", "path": "PhoneNumbers[].Status"}],
      "notes": ""
    },
    "ListSubscriptions": {
      "kind": "read_list",
      "side_effect": false,
      "sdk": {"client": "sns", "method": "list_subscriptions"},
      "consumes": [],
      "produces": [{"entity": "sns.subscriptions", "source": "output", "path": "Subscriptions"}, {"entity": "sns.next_token", "source": "output", "path": "NextToken"}, {"entity": "sns.subscription_arn", "source": "item", "path": "Subscriptions[].SubscriptionArn"}, {"entity": "sns.subscription_owner", "source": "item", "path": "Subscriptions[].Owner"}, {"entity": "sns.subscription_protocol", "source": "item", "path": "Subscriptions[].Protocol"}, {"entity": "sns.subscription_endpoint", "source": "item", "path": "Subscriptions[].Endpoint"}, {"entity": "sns.topic_arn", "source": "item", "path": "Subscriptions[].TopicArn"}],
      "notes": ""
    },
    "ListTopics": {
      "kind": "read_list",
      "side_effect": false,
      "sdk": {"client": "sns", "method": "list_topics"},
      "consumes": [],
      "produces": [{"entity": "sns.topics", "source": "output", "path": "Topics"}, {"entity": "sns.next_token", "source": "output", "path": "NextToken"}, {"entity": "sns.topic_arn", "source": "item", "path": "Topics[].TopicArn"}],
      "notes": ""
    },
    "AddPermission": {
      "kind": "write_apply",
      "side_effect": true,
      "sdk": {"client": "sns", "method": "add_permission"},
      "consumes": [{"entity": "sns.topic_arn", "param": "TopicArn", "required": true, "source": "internal"}, {"entity": "sns.label", "param": "Label", "required": true, "source": "external"}, {"entity": "sns.awsaccount_id", "param": "AWSAccountId", "required": true, "source": "external"}, {"entity": "sns.action_name", "param": "ActionName", "required": true, "source": "external"}],
      "produces": [],
      "notes": ""
    },
    "CheckIfPhoneNumberIsOptedOut": {
      "kind": "other",
      "side_effect": true,
      "sdk": {"client": "sns", "method": "check_if_phone_number_is_opted_out"},
      "consumes": [{"entity": "sns.phone_number", "param": "phoneNumber", "required": true, "source": "external"}],
      "produces": [{"entity": "sns.is_opted_out", "source": "output", "path": "isOptedOut"}],
      "notes": ""
    },
    "ConfirmSubscription": {
      "kind": "other",
      "side_effect": true,
      "sdk": {"client": "sns", "method": "confirm_subscription"},
      "consumes": [{"entity": "sns.topic_arn", "param": "TopicArn", "required": true, "source": "internal"}, {"entity": "sns.token", "param": "Token", "required": true, "source": "external"}],
      "produces": [{"entity": "sns.subscription_arn", "source": "output", "path": "SubscriptionArn"}],
      "notes": ""
    },
    "CreatePlatformApplication": {
      "kind": "write_create",
      "side_effect": true,
      "sdk": {"client": "sns", "method": "create_platform_application"},
      "consumes": [{"entity": "sns.platform_application_arn_name", "param": "Name", "required": true, "source": "external"}, {"entity": "sns.platform", "param": "Platform", "required": true, "source": "external"}, {"entity": "sns.attributes", "param": "Attributes", "required": true, "source": "internal"}],
      "produces": [{"entity": "sns.platform_application_arn", "source": "output", "path": "PlatformApplicationArn"}],
      "notes": ""
    },
    "CreatePlatformEndpoint": {
      "kind": "write_create",
      "side_effect": true,
      "sdk": {"client": "sns", "method": "create_platform_endpoint"},
      "consumes": [{"entity": "sns.platformapplication_arn", "param": "PlatformApplicationArn", "required": true, "source": "external"}, {"entity": "sns.token", "param": "Token", "required": true, "source": "external"}],
      "produces": [{"entity": "sns.endpoint_arn", "source": "output", "path": "EndpointArn"}],
      "notes": ""
    },
    "CreateSMSSandboxPhoneNumber": {
      "kind": "write_create",
      "side_effect": true,
      "sdk": {"client": "sns", "method": "create_sms_sandbox_phone_number"},
      "consumes": [{"entity": "sns.phone_number", "param": "PhoneNumber", "required": true, "source": "external"}],
      "produces": [],
      "notes": ""
    },
    "CreateTopic": {
      "kind": "write_create",
      "side_effect": true,
      "sdk": {"client": "sns", "method": "create_topic"},
      "consumes": [{"entity": "sns.topic_arn_name", "param": "Name", "required": true, "source": "external"}],
      "produces": [{"entity": "sns.topic_arn", "source": "output", "path": "TopicArn"}],
      "notes": ""
    },
    "DeleteEndpoint": {
      "kind": "write_delete",
      "side_effect": true,
      "sdk": {"client": "sns", "method": "delete_endpoint"},
      "consumes": [{"entity": "sns.endpoint_arn", "param": "EndpointArn", "required": true, "source": "internal"}],
      "produces": [],
      "notes": ""
    },
    "DeletePlatformApplication": {
      "kind": "write_delete",
      "side_effect": true,
      "sdk": {"client": "sns", "method": "delete_platform_application"},
      "consumes": [{"entity": "sns.platformapplication_arn", "param": "PlatformApplicationArn", "required": true, "source": "external"}],
      "produces": [],
      "notes": ""
    },
    "DeleteSMSSandboxPhoneNumber": {
      "kind": "write_delete",
      "side_effect": true,
      "sdk": {"client": "sns", "method": "delete_sms_sandbox_phone_number"},
      "consumes": [{"entity": "sns.phone_number", "param": "PhoneNumber", "required": true, "source": "external"}],
      "produces": [],
      "notes": ""
    },
    "DeleteTopic": {
      "kind": "write_delete",
      "side_effect": true,
      "sdk": {"client": "sns", "method": "delete_topic"},
      "consumes": [{"entity": "sns.topic_arn", "param": "TopicArn", "required": true, "source": "internal"}],
      "produces": [],
      "notes": ""
    },
    "GetDataProtectionPolicy": {
      "kind": "read_get",
      "side_effect": false,
      "sdk": {"client": "sns", "method": "get_data_protection_policy"},
      "consumes": [{"entity": "sns.resource_arn", "param": "ResourceArn", "required": true, "source": "external"}],
      "produces": [{"entity": "sns.data_protection_policy", "source": "output", "path": "DataProtectionPolicy"}],
      "notes": ""
    },
    "GetEndpointAttributes": {
      "kind": "read_get",
      "side_effect": false,
      "sdk": {"client": "sns", "method": "get_endpoint_attributes"},
      "consumes": [{"entity": "sns.endpoint_arn", "param": "EndpointArn", "required": true, "source": "internal"}],
      "produces": [{"entity": "sns.attributes", "source": "output", "path": "Attributes"}],
      "notes": ""
    },
    "GetPlatformApplicationAttributes": {
      "kind": "read_get",
      "side_effect": false,
      "sdk": {"client": "sns", "method": "get_platform_application_attributes"},
      "consumes": [{"entity": "sns.platformapplication_arn", "param": "PlatformApplicationArn", "required": true, "source": "external"}],
      "produces": [{"entity": "sns.attributes", "source": "output", "path": "Attributes"}],
      "notes": ""
    },
    "GetSubscriptionAttributes": {
      "kind": "read_get",
      "side_effect": false,
      "sdk": {"client": "sns", "method": "get_subscription_attributes"},
      "consumes": [{"entity": "sns.subscription_arn", "param": "SubscriptionArn", "required": true, "source": "internal"}],
      "produces": [{"entity": "sns.attributes", "source": "output", "path": "Attributes"}],
      "notes": ""
    },
    "GetTopicAttributes": {
      "kind": "read_get",
      "side_effect": false,
      "sdk": {"client": "sns", "method": "get_topic_attributes"},
      "consumes": [{"entity": "sns.topic_arn", "param": "TopicArn", "required": true, "source": "internal"}],
      "produces": [{"entity": "sns.attributes", "source": "output", "path": "Attributes"}],
      "notes": ""
    },
    "ListEndpointsByPlatformApplication": {
      "kind": "read_list",
      "side_effect": false,
      "sdk": {"client": "sns", "method": "list_endpoints_by_platform_application"},
      "consumes": [{"entity": "sns.platformapplication_arn", "param": "PlatformApplicationArn", "required": true, "source": "external"}],
      "produces": [{"entity": "sns.endpoints", "source": "output", "path": "Endpoints"}, {"entity": "sns.next_token", "source": "output", "path": "NextToken"}, {"entity": "sns.endpoint_arn", "source": "item", "path": "Endpoints[].EndpointArn"}, {"entity": "sns.endpoint_attributes", "source": "item", "path": "Endpoints[].Attributes"}],
      "notes": ""
    },
    "ListSubscriptionsByTopic": {
      "kind": "read_list",
      "side_effect": false,
      "sdk": {"client": "sns", "method": "list_subscriptions_by_topic"},
      "consumes": [{"entity": "sns.topic_arn", "param": "TopicArn", "required": true, "source": "internal"}],
      "produces": [{"entity": "sns.subscriptions", "source": "output", "path": "Subscriptions"}, {"entity": "sns.next_token", "source": "output", "path": "NextToken"}, {"entity": "sns.subscription_arn", "source": "item", "path": "Subscriptions[].SubscriptionArn"}, {"entity": "sns.subscription_owner", "source": "item", "path": "Subscriptions[].Owner"}, {"entity": "sns.subscription_protocol", "source": "item", "path": "Subscriptions[].Protocol"}, {"entity": "sns.subscription_endpoint", "source": "item", "path": "Subscriptions[].Endpoint"}, {"entity": "sns.topic_arn", "source": "item", "path": "Subscriptions[].TopicArn"}],
      "notes": ""
    },
    "ListTagsForResource": {
      "kind": "read_list",
      "side_effect": false,
      "sdk": {"client": "sns", "method": "list_tags_for_resource"},
      "consumes": [{"entity": "sns.resource_arn", "param": "ResourceArn", "required": true, "source": "external"}],
      "produces": [{"entity": "sns.tags", "source": "output", "path": "Tags"}, {"entity": "sns.tag_key", "source": "item", "path": "Tags[].Key"}, {"entity": "sns.tag_value", "source": "item", "path": "Tags[].Value"}],
      "notes": ""
    },
    "OptInPhoneNumber": {
      "kind": "other",
      "side_effect": true,
      "sdk": {"client": "sns", "method": "opt_in_phone_number"},
      "consumes": [{"entity": "sns.phone_number", "param": "phoneNumber", "required": true, "source": "external"}],
      "produces": [],
      "notes": ""
    },
    "Publish": {
      "kind": "other",
      "side_effect": true,
      "sdk": {"client": "sns", "method": "publish"},
      "consumes": [{"entity": "sns.message", "param": "Message", "required": true, "source": "external"}],
      "produces": [{"entity": "sns.message_id", "source": "output", "path": "MessageId"}, {"entity": "sns.sequence_number", "source": "output", "path": "SequenceNumber"}],
      "notes": ""
    },
    "PublishBatch": {
      "kind": "other",
      "side_effect": true,
      "sdk": {"client": "sns", "method": "publish_batch"},
      "consumes": [{"entity": "sns.topic_arn", "param": "TopicArn", "required": true, "source": "internal"}, {"entity": "sns.publish_batch_request_entries", "param": "PublishBatchRequestEntries", "required": true, "source": "external"}],
      "produces": [{"entity": "sns.successful", "source": "output", "path": "Successful"}, {"entity": "sns.failed", "source": "output", "path": "Failed"}, {"entity": "sns.successful_id", "source": "item", "path": "Successful.Id"}, {"entity": "sns.successful_message_id", "source": "item", "path": "Successful.MessageId"}, {"entity": "sns.successful_sequence_number", "source": "item", "path": "Successful.SequenceNumber"}],
      "notes": ""
    },
    "PutDataProtectionPolicy": {
      "kind": "write_update",
      "side_effect": true,
      "sdk": {"client": "sns", "method": "put_data_protection_policy"},
      "consumes": [{"entity": "sns.resource_arn", "param": "ResourceArn", "required": true, "source": "external"}, {"entity": "sns.data_protection_policy", "param": "DataProtectionPolicy", "required": true, "source": "internal"}],
      "produces": [],
      "notes": ""
    },
    "RemovePermission": {
      "kind": "write_delete",
      "side_effect": true,
      "sdk": {"client": "sns", "method": "remove_permission"},
      "consumes": [{"entity": "sns.topic_arn", "param": "TopicArn", "required": true, "source": "internal"}, {"entity": "sns.label", "param": "Label", "required": true, "source": "external"}],
      "produces": [],
      "notes": ""
    },
    "SetEndpointAttributes": {
      "kind": "write_update",
      "side_effect": true,
      "sdk": {"client": "sns", "method": "set_endpoint_attributes"},
      "consumes": [{"entity": "sns.endpoint_arn", "param": "EndpointArn", "required": true, "source": "internal"}, {"entity": "sns.attributes", "param": "Attributes", "required": true, "source": "internal"}],
      "produces": [],
      "notes": ""
    },
    "SetPlatformApplicationAttributes": {
      "kind": "write_update",
      "side_effect": true,
      "sdk": {"client": "sns", "method": "set_platform_application_attributes"},
      "consumes": [{"entity": "sns.platformapplication_arn", "param": "PlatformApplicationArn", "required": true, "source": "external"}, {"entity": "sns.attributes", "param": "Attributes", "required": true, "source": "internal"}],
      "produces": [],
      "notes": ""
    },
    "SetSMSAttributes": {
      "kind": "write_update",
      "side_effect": true,
      "sdk": {"client": "sns", "method": "set_sms_attributes"},
      "consumes": [{"entity": "sns.attributes", "param": "attributes", "required": true, "source": "internal"}],
      "produces": [],
      "notes": ""
    },
    "SetSubscriptionAttributes": {
      "kind": "write_update",
      "side_effect": true,
      "sdk": {"client": "sns", "method": "set_subscription_attributes"},
      "consumes": [{"entity": "sns.subscription_arn", "param": "SubscriptionArn", "required": true, "source": "internal"}, {"entity": "sns.attribute_name", "param": "AttributeName", "required": true, "source": "external"}],
      "produces": [],
      "notes": ""
    },
    "SetTopicAttributes": {
      "kind": "write_update",
      "side_effect": true,
      "sdk": {"client": "sns", "method": "set_topic_attributes"},
      "consumes": [{"entity": "sns.topic_arn", "param": "TopicArn", "required": true, "source": "internal"}, {"entity": "sns.attribute_name", "param": "AttributeName", "required": true, "source": "external"}],
      "produces": [],
      "notes": ""
    },
    "Subscribe": {
      "kind": "other",
      "side_effect": true,
      "sdk": {"client": "sns", "method": "subscribe"},
      "consumes": [{"entity": "sns.topic_arn", "param": "TopicArn", "required": true, "source": "internal"}, {"entity": "sns.protocol", "param": "Protocol", "required": true, "source": "external"}],
      "produces": [{"entity": "sns.subscription_arn", "source": "output", "path": "SubscriptionArn"}],
      "notes": ""
    },
    "TagResource": {
      "kind": "write_apply",
      "side_effect": true,
      "sdk": {"client": "sns", "method": "tag_resource"},
      "consumes": [{"entity": "sns.resource_arn", "param": "ResourceArn", "required": true, "source": "external"}, {"entity": "sns.tags", "param": "Tags", "required": true, "source": "internal"}],
      "produces": [],
      "notes": ""
    },
    "Unsubscribe": {
      "kind": "other",
      "side_effect": true,
      "sdk": {"client": "sns", "method": "unsubscribe"},
      "consumes": [{"entity": "sns.subscription_arn", "param": "SubscriptionArn", "required": true, "source": "internal"}],
      "produces": [],
      "notes": ""
    },
    "UntagResource": {
      "kind": "write_delete",
      "side_effect": true,
      "sdk": {"client": "sns", "method": "untag_resource"},
      "consumes": [{"entity": "sns.resource_arn", "param": "ResourceArn", "required": true, "source": "external"}, {"entity": "sns.tag_keys", "param": "TagKeys", "required": true, "source": "external"}],
      "produces": [],
      "notes": ""
    },
    "VerifySMSSandboxPhoneNumber": {
      "kind": "other",
      "side_effect": true,
      "sdk": {"client": "sns", "method": "verify_sms_sandbox_phone_number"},
      "consumes": [{"entity": "sns.phone_number", "param": "PhoneNumber", "required": true, "source": "external"}, {"entity": "sns.one_time_password", "param": "OneTimePassword", "required": true, "source": "external"}],
      "produces": [],
      "notes": ""
    }
  }
}