{
  "service": "ssm",
  "fixes": [
    {
      "rule_id": "1",
      "suggested_check": {
        "var": "AssociationName",
        "op": "equals",
        "value": "ssm.association_name",
        "derived": "has_wildcards",
        "derive_key": "aws.ssm.association.has_wildcards"
      },
      "suggested_aliases": {
        "entity_aliases": {
          "ssm.association_name": "ssm.association_name"
        },
        "param_aliases": {
          "param": [
            "ssm.association_name"
          ]
        }
      },
      "confidence": 0.85,
      "reason": "AssociationName directly relates to the association entity and has a high confidence match."
    },
    {
      "rule_id": "2",
      "suggested_check": {
        "var": "ARN",
        "op": "equals",
        "value": "ssm.document_identifier_name",
        "derived": "is_public",
        "derive_key": "aws.ssm.document.is_public"
      },
      "suggested_aliases": {
        "entity_aliases": {
          "ssm.document_identifier_name": "ssm.document_identifier_name"
        },
        "param_aliases": {
          "param": [
            "ssm.document_identifier_name"
          ]
        }
      },
      "confidence": 0.9,
      "reason": "ARN is a direct variable that can be used to identify document identifiers with high confidence."
    },
    {
      "type": "llm_fix",
      "original": "1",
      "fix": {
        "var": "AssociationName",
        "op": "equals",
        "value": "ssm.association_name",
        "derived": "association_name",
        "derive_key": "aws.ssm.association.association_name"
      },
      "confidence": 0.85,
      "reason": "AssociationName directly corresponds to the association entity.",
      "aliases": {
        "entity_aliases": {
          "alias": "ssm.association_name"
        },
        "param_aliases": {
          "param": [
            "ListAssociations.Associations[].Name"
          ]
        }
      }
    }
  ],
  "summary": {
    "total_fixes": 3,
    "remaining_unresolved": 51
  }
}