{
  "service": "ssm-contacts",
  "op_consumes": {
    "ListContacts": [],
    "ListEngagements": [],
    "ListRotations": [],
    "AcceptPage": ["ssm-contacts.page_id", "ssm-contacts.accept_code", "ssm-contacts.accept_type"],
    "ActivateContactChannel": ["ssm-contacts.activation_code", "ssm-contacts.contactchannel_id"],
    "CreateContact": ["ssm-contacts.plan", "ssm-contacts.type", "ssm-contacts.alias"],
    "CreateContactChannel": ["ssm-contacts.contact_channel_arn_name", "ssm-contacts.delivery_address", "ssm-contacts.contact_id", "ssm-contacts.type"],
    "CreateRotation": ["ssm-contacts.timezone_id", "ssm-contacts.contact_ids", "ssm-contacts.recurrence", "ssm-contacts.rotation_arn_name"],
    "CreateRotationOverride": ["ssm-contacts.rotation_id", "ssm-contacts.end_time", "ssm-contacts.new_contact_ids", "ssm-contacts.start_time"],
    "DeactivateContactChannel": ["ssm-contacts.contactchannel_id"],
    "DeleteContact": ["ssm-contacts.contact_id"],
    "DeleteContactChannel": ["ssm-contacts.contactchannel_id"],
    "DeleteRotation": ["ssm-contacts.rotation_id"],
    "DeleteRotationOverride": ["ssm-contacts.rotation_id", "ssm-contacts.rotationoverre_id"],
    "DescribeEngagement": ["ssm-contacts.engagement_id"],
    "DescribePage": ["ssm-contacts.page_id"],
    "GetContact": ["ssm-contacts.contact_id"],
    "GetContactChannel": ["ssm-contacts.contactchannel_id"],
    "GetContactPolicy": ["ssm-contacts.contact_arn"],
    "GetRotation": ["ssm-contacts.rotation_id"],
    "GetRotationOverride": ["ssm-contacts.rotation_id", "ssm-contacts.rotationoverre_id"],
    "ListContactChannels": ["ssm-contacts.contact_id"],
    "ListPageReceipts": ["ssm-contacts.page_id"],
    "ListPageResolutions": ["ssm-contacts.page_id"],
    "ListPagesByContact": ["ssm-contacts.contact_id"],
    "ListPagesByEngagement": ["ssm-contacts.engagement_id"],
    "ListPreviewRotationShifts": ["ssm-contacts.timezone_id", "ssm-contacts.members", "ssm-contacts.recurrence", "ssm-contacts.end_time"],
    "ListRotationOverrides": ["ssm-contacts.rotation_id", "ssm-contacts.end_time", "ssm-contacts.start_time"],
    "ListRotationShifts": ["ssm-contacts.rotation_id", "ssm-contacts.end_time"],
    "ListTagsForResource": ["ssm-contacts.resource_arn"],
    "PutContactPolicy": ["ssm-contacts.policy", "ssm-contacts.contact_arn"],
    "SendActivationCode": ["ssm-contacts.contactchannel_id"],
    "StartEngagement": ["ssm-contacts.sender", "ssm-contacts.contact_id", "ssm-contacts.content", "ssm-contacts.subject"],
    "StopEngagement": ["ssm-contacts.engagement_id"],
    "TagResource": ["ssm-contacts.tags", "ssm-contacts.resource_arn"],
    "UntagResource": ["ssm-contacts.tag_keys", "ssm-contacts.resource_arn"],
    "UpdateContact": ["ssm-contacts.contact_id"],
    "UpdateContactChannel": ["ssm-contacts.contactchannel_id"],
    "UpdateRotation": ["ssm-contacts.rotation_id", "ssm-contacts.recurrence"]
  },
  "op_produces": {
    "ListContacts": ["ssm-contacts.next_token", "ssm-contacts.contact_type", "ssm-contacts.contact_alias", "ssm-contacts.contact_arn", "ssm-contacts.contact_display_name", "ssm-contacts.contacts"],
    "ListEngagements": ["ssm-contacts.next_token", "ssm-contacts.engagement_sender", "ssm-contacts.engagements", "ssm-contacts.engagement_start_time", "ssm-contacts.contact_arn", "ssm-contacts.incident_id", "ssm-contacts.engagement_arn", "ssm-contacts.engagement_stop_time"],
    "ListRotations": ["ssm-contacts.rotations", "ssm-contacts.next_token", "ssm-contacts.rotation_contact_ids", "ssm-contacts.rotation_time_zone_id", "ssm-contacts.rotation_arn", "ssm-contacts.rotation_name", "ssm-contacts.rotation_start_time", "ssm-contacts.rotation_recurrence"],
    "AcceptPage": [],
    "ActivateContactChannel": [],
    "CreateContact": ["ssm-contacts.contact_arn"],
    "CreateContactChannel": ["ssm-contacts.contact_channel_arn"],
    "CreateRotation": ["ssm-contacts.rotation_arn"],
    "CreateRotationOverride": ["ssm-contacts.rotation_override_id"],
    "DeactivateContactChannel": [],
    "DeleteContact": [],
    "DeleteContactChannel": [],
    "DeleteRotation": [],
    "DeleteRotationOverride": [],
    "DescribeEngagement": ["ssm-contacts.content", "ssm-contacts.start_time", "ssm-contacts.public_subject", "ssm-contacts.stop_time", "ssm-contacts.contact_arn", "ssm-contacts.incident_id", "ssm-contacts.engagement_arn", "ssm-contacts.public_content", "ssm-contacts.subject", "ssm-contacts.sender"],
    "DescribePage": ["ssm-contacts.delivery_time", "ssm-contacts.content", "ssm-contacts.public_subject", "ssm-contacts.read_time", "ssm-contacts.contact_arn", "ssm-contacts.incident_id", "ssm-contacts.engagement_arn", "ssm-contacts.public_content", "ssm-contacts.subject", "ssm-contacts.sender", "ssm-contacts.page_arn", "ssm-contacts.sent_time"],
    "GetContact": ["ssm-contacts.type", "ssm-contacts.contact_arn", "ssm-contacts.alias", "ssm-contacts.plan_rotation_ids", "ssm-contacts.plan_stages", "ssm-contacts.plan", "ssm-contacts.display_name"],
    "GetContactChannel": ["ssm-contacts.delivery_address", "ssm-contacts.type", "ssm-contacts.delivery_address_simple_address", "ssm-contacts.contact_channel_arn", "ssm-contacts.contact_arn", "ssm-contacts.activation_status", "ssm-contacts.contact_channel_name"],
    "GetContactPolicy": ["ssm-contacts.policy", "ssm-contacts.contact_arn"],
    "GetRotation": ["ssm-contacts.contact_ids", "ssm-contacts.recurrence", "ssm-contacts.start_time", "ssm-contacts.rotation_arn", "ssm-contacts.rotation_name", "ssm-contacts.time_zone_id"],
    "GetRotationOverride": ["ssm-contacts.new_contact_ids", "ssm-contacts.start_time", "ssm-contacts.create_time", "ssm-contacts.end_time", "ssm-contacts.rotation_arn", "ssm-contacts.rotation_override_id"],
    "ListContactChannels": ["ssm-contacts.next_token", "ssm-contacts.contact_channels", "ssm-contacts.contact_channel_delivery_address", "ssm-contacts.contact_channel_arn", "ssm-contacts.contact_arn", "ssm-contacts.contact_channel_type", "ssm-contacts.contact_channel_name", "ssm-contacts.contact_channel_activation_status"],
    "ListPageReceipts": ["ssm-contacts.receipts", "ssm-contacts.receipt_time", "ssm-contacts.next_token", "ssm-contacts.contact_channel_arn", "ssm-contacts.receipt_type", "ssm-contacts.receipt_info"],
    "ListPageResolutions": ["ssm-contacts.page_resolutions", "ssm-contacts.next_token", "ssm-contacts.contact_arn", "ssm-contacts.page_resolution_type", "ssm-contacts.page_resolution_stage_index"],
    "ListPagesByContact": ["ssm-contacts.pag_read_time", "ssm-contacts.next_token", "ssm-contacts.pag_incident_id", "ssm-contacts.pag_sent_time", "ssm-contacts.contact_arn", "ssm-contacts.pag_page_arn", "ssm-contacts.engagement_arn", "ssm-contacts.pag_sender", "ssm-contacts.pag_delivery_time", "ssm-contacts.pages"],
    "ListPagesByEngagement": ["ssm-contacts.pag_read_time", "ssm-contacts.next_token", "ssm-contacts.pag_incident_id", "ssm-contacts.pag_sent_time", "ssm-contacts.contact_arn", "ssm-contacts.pag_page_arn", "ssm-contacts.engagement_arn", "ssm-contacts.pag_sender", "ssm-contacts.pag_delivery_time", "ssm-contacts.pages"],
    "ListPreviewRotationShifts": ["ssm-contacts.rotation_shift_contact_ids", "ssm-contacts.next_token", "ssm-contacts.rotation_shift_type", "ssm-contacts.rotation_shifts", "ssm-contacts.rotation_shift_shift_details", "ssm-contacts.rotation_shift_end_time", "ssm-contacts.rotation_shift_start_time"],
    "ListRotationOverrides": ["ssm-contacts.rotation_overrid_create_time", "ssm-contacts.rotation_overrid_new_contact_ids", "ssm-contacts.next_token", "ssm-contacts.rotation_overrid_start_time", "ssm-contacts.rotation_overrid_end_time", "ssm-contacts.rotation_overrides", "ssm-contacts.rotation_override_id"],
    "ListRotationShifts": ["ssm-contacts.rotation_shift_contact_ids", "ssm-contacts.next_token", "ssm-contacts.rotation_shift_type", "ssm-contacts.rotation_shifts", "ssm-contacts.rotation_shift_shift_details", "ssm-contacts.rotation_shift_end_time", "ssm-contacts.rotation_shift_start_time"],
    "ListTagsForResource": ["ssm-contacts.tag_value", "ssm-contacts.tags", "ssm-contacts.tag_key"],
    "PutContactPolicy": [],
    "SendActivationCode": [],
    "StartEngagement": ["ssm-contacts.engagement_arn"],
    "StopEngagement": [],
    "TagResource": [],
    "UntagResource": [],
    "UpdateContact": [],
    "UpdateContactChannel": [],
    "UpdateRotation": []
  },
  "entity_producers": {
    "ssm-contacts.next_token": ["ListContacts", "ListRotationOverrides", "ListContactChannels", "ListRotationShifts", "ListEngagements", "ListPageResolutions", "ListPagesByEngagement", "ListPreviewRotationShifts", "ListPagesByContact", "ListPageReceipts", "ListRotations"],
    "ssm-contacts.contacts": ["ListContacts"],
    "ssm-contacts.contact_arn": ["ListContacts", "ListContactChannels", "ListEngagements", "GetContactPolicy", "GetContact", "ListPageResolutions", "CreateContact", "DescribePage", "ListPagesByContact", "GetContactChannel", "DescribeEngagement", "ListPagesByEngagement"],
    "ssm-contacts.contact_alias": ["ListContacts"],
    "ssm-contacts.contact_display_name": ["ListContacts"],
    "ssm-contacts.contact_type": ["ListContacts"],
    "ssm-contacts.engagements": ["ListEngagements"],
    "ssm-contacts.engagement_arn": ["ListEngagements", "DescribePage", "ListPagesByContact", "DescribeEngagement", "StartEngagement", "ListPagesByEngagement"],
    "ssm-contacts.engagement_sender": ["ListEngagements"],
    "ssm-contacts.incident_id": ["DescribePage", "ListEngagements", "DescribeEngagement"],
    "ssm-contacts.engagement_start_time": ["ListEngagements"],
    "ssm-contacts.engagement_stop_time": ["ListEngagements"],
    "ssm-contacts.rotations": ["ListRotations"],
    "ssm-contacts.rotation_arn": ["GetRotation", "CreateRotation", "ListRotations", "GetRotationOverride"],
    "ssm-contacts.rotation_name": ["GetRotation", "ListRotations"],
    "ssm-contacts.rotation_contact_ids": ["ListRotations"],
    "ssm-contacts.rotation_start_time": ["ListRotations"],
    "ssm-contacts.rotation_time_zone_id": ["ListRotations"],
    "ssm-contacts.rotation_recurrence": ["ListRotations"],
    "ssm-contacts.contact_channel_arn": ["ListContactChannels", "ListPageReceipts", "GetContactChannel", "CreateContactChannel"],
    "ssm-contacts.rotation_override_id": ["GetRotationOverride", "ListRotationOverrides", "CreateRotationOverride"],
    "ssm-contacts.sender": ["DescribePage", "DescribeEngagement"],
    "ssm-contacts.subject": ["DescribePage", "DescribeEngagement"],
    "ssm-contacts.content": ["DescribePage", "DescribeEngagement"],
    "ssm-contacts.public_subject": ["DescribePage", "DescribeEngagement"],
    "ssm-contacts.public_content": ["DescribePage", "DescribeEngagement"],
    "ssm-contacts.start_time": ["GetRotation", "GetRotationOverride", "DescribeEngagement"],
    "ssm-contacts.stop_time": ["DescribeEngagement"],
    "ssm-contacts.page_arn": ["DescribePage"],
    "ssm-contacts.sent_time": ["DescribePage"],
    "ssm-contacts.read_time": ["DescribePage"],
    "ssm-contacts.delivery_time": ["DescribePage"],
    "ssm-contacts.alias": ["GetContact"],
    "ssm-contacts.display_name": ["GetContact"],
    "ssm-contacts.type": ["GetContact", "GetContactChannel"],
    "ssm-contacts.plan": ["GetContact"],
    "ssm-contacts.plan_stages": ["GetContact"],
    "ssm-contacts.plan_rotation_ids": ["GetContact"],
    "ssm-contacts.contact_channel_name": ["ListContactChannels", "GetContactChannel"],
    "ssm-contacts.delivery_address": ["GetContactChannel"],
    "ssm-contacts.activation_status": ["GetContactChannel"],
    "ssm-contacts.delivery_address_simple_address": ["GetContactChannel"],
    "ssm-contacts.policy": ["GetContactPolicy"],
    "ssm-contacts.contact_ids": ["GetRotation"],
    "ssm-contacts.time_zone_id": ["GetRotation"],
    "ssm-contacts.recurrence": ["GetRotation"],
    "ssm-contacts.new_contact_ids": ["GetRotationOverride"],
    "ssm-contacts.end_time": ["GetRotationOverride"],
    "ssm-contacts.create_time": ["GetRotationOverride"],
    "ssm-contacts.contact_channels": ["ListContactChannels"],
    "ssm-contacts.contact_channel_type": ["ListContactChannels"],
    "ssm-contacts.contact_channel_delivery_address": ["ListContactChannels"],
    "ssm-contacts.contact_channel_activation_status": ["ListContactChannels"],
    "ssm-contacts.receipts": ["ListPageReceipts"],
    "ssm-contacts.receipt_type": ["ListPageReceipts"],
    "ssm-contacts.receipt_info": ["ListPageReceipts"],
    "ssm-contacts.receipt_time": ["ListPageReceipts"],
    "ssm-contacts.page_resolutions": ["ListPageResolutions"],
    "ssm-contacts.page_resolution_type": ["ListPageResolutions"],
    "ssm-contacts.page_resolution_stage_index": ["ListPageResolutions"],
    "ssm-contacts.pages": ["ListPagesByEngagement", "ListPagesByContact"],
    "ssm-contacts.pag_page_arn": ["ListPagesByEngagement", "ListPagesByContact"],
    "ssm-contacts.pag_sender": ["ListPagesByEngagement", "ListPagesByContact"],
    "ssm-contacts.pag_incident_id": ["ListPagesByEngagement", "ListPagesByContact"],
    "ssm-contacts.pag_sent_time": ["ListPagesByEngagement", "ListPagesByContact"],
    "ssm-contacts.pag_delivery_time": ["ListPagesByEngagement", "ListPagesByContact"],
    "ssm-contacts.pag_read_time": ["ListPagesByEngagement", "ListPagesByContact"],
    "ssm-contacts.rotation_shifts": ["ListPreviewRotationShifts", "ListRotationShifts"],
    "ssm-contacts.rotation_shift_contact_ids": ["ListPreviewRotationShifts", "ListRotationShifts"],
    "ssm-contacts.rotation_shift_start_time": ["ListPreviewRotationShifts", "ListRotationShifts"],
    "ssm-contacts.rotation_shift_end_time": ["ListPreviewRotationShifts", "ListRotationShifts"],
    "ssm-contacts.rotation_shift_type": ["ListPreviewRotationShifts", "ListRotationShifts"],
    "ssm-contacts.rotation_shift_shift_details": ["ListPreviewRotationShifts", "ListRotationShifts"],
    "ssm-contacts.rotation_overrides": ["ListRotationOverrides"],
    "ssm-contacts.rotation_overrid_new_contact_ids": ["ListRotationOverrides"],
    "ssm-contacts.rotation_overrid_start_time": ["ListRotationOverrides"],
    "ssm-contacts.rotation_overrid_end_time": ["ListRotationOverrides"],
    "ssm-contacts.rotation_overrid_create_time": ["ListRotationOverrides"],
    "ssm-contacts.tags": ["ListTagsForResource"],
    "ssm-contacts.tag_key": ["ListTagsForResource"],
    "ssm-contacts.tag_value": ["ListTagsForResource"]
  },
  "entity_consumers": {
    "ssm-contacts.page_id": ["AcceptPage", "DescribePage", "ListPageReceipts", "ListPageResolutions"],
    "ssm-contacts.accept_type": ["AcceptPage"],
    "ssm-contacts.accept_code": ["AcceptPage"],
    "ssm-contacts.contactchannel_id": ["UpdateContactChannel", "SendActivationCode", "ActivateContactChannel", "DeleteContactChannel", "GetContactChannel", "DeactivateContactChannel"],
    "ssm-contacts.activation_code": ["ActivateContactChannel"],
    "ssm-contacts.alias": ["CreateContact"],
    "ssm-contacts.type": ["CreateContact", "CreateContactChannel"],
    "ssm-contacts.plan": ["CreateContact"],
    "ssm-contacts.contact_id": ["DeleteContact", "ListContactChannels", "GetContact", "CreateContactChannel", "ListPagesByContact", "StartEngagement", "UpdateContact"],
    "ssm-contacts.contact_channel_arn_name": ["CreateContactChannel"],
    "ssm-contacts.delivery_address": ["CreateContactChannel"],
    "ssm-contacts.rotation_arn_name": ["CreateRotation"],
    "ssm-contacts.contact_ids": ["CreateRotation"],
    "ssm-contacts.timezone_id": ["ListPreviewRotationShifts", "CreateRotation"],
    "ssm-contacts.recurrence": ["UpdateRotation", "ListPreviewRotationShifts", "CreateRotation"],
    "ssm-contacts.rotation_id": ["ListRotationOverrides", "ListRotationShifts", "CreateRotationOverride", "GetRotationOverride", "GetRotation", "UpdateRotation", "DeleteRotation", "DeleteRotationOverride"],
    "ssm-contacts.new_contact_ids": ["CreateRotationOverride"],
    "ssm-contacts.start_time": ["ListRotationOverrides", "CreateRotationOverride"],
    "ssm-contacts.end_time": ["ListRotationOverrides", "ListPreviewRotationShifts", "ListRotationShifts", "CreateRotationOverride"],
    "ssm-contacts.rotationoverre_id": ["GetRotationOverride", "DeleteRotationOverride"],
    "ssm-contacts.engagement_id": ["ListPagesByEngagement", "StopEngagement", "DescribeEngagement"],
    "ssm-contacts.contact_arn": ["GetContactPolicy", "PutContactPolicy"],
    "ssm-contacts.members": ["ListPreviewRotationShifts"],
    "ssm-contacts.resource_arn": ["UntagResource", "TagResource", "ListTagsForResource"],
    "ssm-contacts.policy": ["PutContactPolicy"],
    "ssm-contacts.sender": ["StartEngagement"],
    "ssm-contacts.subject": ["StartEngagement"],
    "ssm-contacts.content": ["StartEngagement"],
    "ssm-contacts.tags": ["TagResource"],
    "ssm-contacts.tag_keys": ["UntagResource"]
  },
  "external_entities": ["ssm-contacts.accept_code", "ssm-contacts.accept_type", "ssm-contacts.activation_code", "ssm-contacts.contact_channel_arn_name", "ssm-contacts.contact_id", "ssm-contacts.contactchannel_id", "ssm-contacts.engagement_id", "ssm-contacts.members", "ssm-contacts.page_id", "ssm-contacts.resource_arn", "ssm-contacts.rotation_arn_name", "ssm-contacts.rotation_id", "ssm-contacts.rotationoverre_id", "ssm-contacts.tag_keys", "ssm-contacts.timezone_id"]
}