{
  "ssm-contacts": {
    "service": "ssm-contacts",
    "total_operations": 39,
    "independent": [
      {
        "operation": "ListContacts",
        "python_method": "list_contacts",
        "yaml_action": "list_contacts",
        "required_params": [],
        "optional_params": [
          "NextToken",
          "MaxResults",
          "AliasPrefix",
          "Type"
        ],
        "total_optional": 4,
        "output_fields": {
          "NextToken": {
            "type": "string",
            "description": "NextToken details",
            "compliance_category": "general",
            "operators": [
              "equals",
              "not_equals",
              "contains"
            ],
            "security_impact": "high"
          },
          "Contacts": {
            "type": "string",
            "description": "Contacts details",
            "compliance_category": "general",
            "operators": [
              "equals",
              "not_equals",
              "contains"
            ]
          }
        },
        "main_output_field": "Contacts",
        "item_fields": {
          "ContactArn": {
            "type": "string",
            "description": "Contact arn",
            "compliance_category": "identity",
            "operators": [
              "equals",
              "not_equals",
              "contains",
              "in",
              "exists"
            ]
          },
          "Alias": {
            "type": "string",
            "description": "Alias",
            "compliance_category": "general"
          },
          "DisplayName": {
            "type": "boolean",
            "description": "Display name",
            "compliance_category": "general"
          },
          "Type": {
            "type": "string",
            "description": "Type",
            "compliance_category": "general"
          }
        }
      },
      {
        "operation": "ListEngagements",
        "python_method": "list_engagements",
        "yaml_action": "list_engagements",
        "required_params": [],
        "optional_params": [
          "NextToken",
          "MaxResults",
          "IncidentId",
          "TimeRangeValue"
        ],
        "total_optional": 4,
        "output_fields": {
          "NextToken": {
            "type": "string",
            "description": "NextToken details",
            "compliance_category": "general",
            "operators": [
              "equals",
              "not_equals",
              "contains"
            ],
            "security_impact": "high"
          },
          "Engagements": {
            "type": "string",
            "description": "Engagements details",
            "compliance_category": "general",
            "operators": [
              "equals",
              "not_equals",
              "contains"
            ]
          }
        },
        "main_output_field": "Engagements",
        "item_fields": {
          "EngagementArn": {
            "type": "string",
            "description": "Engagement arn",
            "compliance_category": "identity",
            "operators": [
              "equals",
              "not_equals",
              "contains",
              "in",
              "exists"
            ]
          },
          "ContactArn": {
            "type": "string",
            "description": "Contact arn",
            "compliance_category": "identity",
            "operators": [
              "equals",
              "not_equals",
              "contains",
              "in",
              "exists"
            ]
          },
          "Sender": {
            "type": "string",
            "description": "Sender",
            "compliance_category": "general"
          },
          "IncidentId": {
            "type": "string",
            "description": "Incident id",
            "compliance_category": "identity",
            "operators": [
              "equals",
              "not_equals",
              "in",
              "exists"
            ]
          },
          "StartTime": {
            "type": "string",
            "description": "Start time",
            "compliance_category": "general",
            "format": "date-time"
          },
          "StopTime": {
            "type": "string",
            "description": "Stop time",
            "compliance_category": "general",
            "format": "date-time"
          }
        }
      },
      {
        "operation": "ListRotations",
        "python_method": "list_rotations",
        "yaml_action": "list_rotations",
        "required_params": [],
        "optional_params": [
          "RotationNamePrefix",
          "NextToken",
          "MaxResults"
        ],
        "total_optional": 3,
        "output_fields": {
          "NextToken": {
            "type": "string",
            "description": "NextToken details",
            "compliance_category": "general",
            "operators": [
              "equals",
              "not_equals",
              "contains"
            ],
            "security_impact": "high"
          },
          "Rotations": {
            "type": "string",
            "description": "Rotations details",
            "compliance_category": "general",
            "format": "date-time",
            "operators": [
              "equals",
              "not_equals",
              "contains"
            ]
          }
        },
        "main_output_field": "Rotations",
        "item_fields": {
          "RotationArn": {
            "type": "string",
            "description": "Rotation arn",
            "compliance_category": "identity",
            "operators": [
              "equals",
              "not_equals",
              "contains",
              "in",
              "exists"
            ]
          },
          "Name": {
            "type": "string",
            "description": "Name",
            "compliance_category": "general"
          },
          "ContactIds": {
            "type": "string",
            "description": "Contact ids",
            "compliance_category": "identity",
            "operators": [
              "equals",
              "not_equals",
              "in",
              "exists"
            ]
          },
          "StartTime": {
            "type": "string",
            "description": "Start time",
            "compliance_category": "general",
            "format": "date-time"
          },
          "TimeZoneId": {
            "type": "string",
            "description": "Time zone id",
            "compliance_category": "identity",
            "operators": [
              "equals",
              "not_equals",
              "in",
              "exists"
            ]
          },
          "Recurrence": {
            "type": "string",
            "description": "Recurrence",
            "compliance_category": "general"
          }
        }
      }
    ],
    "dependent": [
      {
        "operation": "AcceptPage",
        "python_method": "accept_page",
        "yaml_action": "accept_page",
        "required_params": [
          "PageId",
          "AcceptType",
          "AcceptCode"
        ],
        "optional_params": [
          "ContactChannelId",
          "Note",
          "AcceptCodeValidation"
        ],
        "total_optional": 3,
        "output_fields": {},
        "main_output_field": null,
        "item_fields": []
      },
      {
        "operation": "ActivateContactChannel",
        "python_method": "activate_contact_channel",
        "yaml_action": "activate_contact_channel",
        "required_params": [
          "ContactChannelId",
          "ActivationCode"
        ],
        "optional_params": [],
        "total_optional": 0,
        "output_fields": {},
        "main_output_field": null,
        "item_fields": []
      },
      {
        "operation": "CreateContact",
        "python_method": "create_contact",
        "yaml_action": "create_contact",
        "required_params": [
          "Alias",
          "Type",
          "Plan"
        ],
        "optional_params": [
          "DisplayName",
          "Tags",
          "IdempotencyToken"
        ],
        "total_optional": 3,
        "output_fields": {
          "ContactArn": {
            "type": "string",
            "description": "ContactArn details",
            "compliance_category": "identity",
            "operators": [
              "equals",
              "not_equals",
              "contains",
              "in",
              "exists"
            ]
          }
        },
        "main_output_field": "ContactArn",
        "item_fields": []
      },
      {
        "operation": "CreateContactChannel",
        "python_method": "create_contact_channel",
        "yaml_action": "create_contact_channel",
        "required_params": [
          "ContactId",
          "Name",
          "Type",
          "DeliveryAddress"
        ],
        "optional_params": [
          "DeferActivation",
          "IdempotencyToken"
        ],
        "total_optional": 2,
        "output_fields": {
          "ContactChannelArn": {
            "type": "string",
            "description": "ContactChannelArn details",
            "compliance_category": "identity",
            "operators": [
              "equals",
              "not_equals",
              "contains",
              "in",
              "exists"
            ]
          }
        },
        "main_output_field": "ContactChannelArn",
        "item_fields": []
      },
      {
        "operation": "CreateRotation",
        "python_method": "create_rotation",
        "yaml_action": "create_rotation",
        "required_params": [
          "Name",
          "ContactIds",
          "TimeZoneId",
          "Recurrence"
        ],
        "optional_params": [
          "StartTime",
          "Tags",
          "IdempotencyToken"
        ],
        "total_optional": 3,
        "output_fields": {
          "RotationArn": {
            "type": "string",
            "description": "RotationArn details",
            "compliance_category": "identity",
            "format": "date-time",
            "operators": [
              "equals",
              "not_equals",
              "contains",
              "in",
              "exists"
            ]
          }
        },
        "main_output_field": "RotationArn",
        "item_fields": []
      },
      {
        "operation": "CreateRotationOverride",
        "python_method": "create_rotation_override",
        "yaml_action": "create_rotation_override",
        "required_params": [
          "RotationId",
          "NewContactIds",
          "StartTime",
          "EndTime"
        ],
        "optional_params": [
          "IdempotencyToken"
        ],
        "total_optional": 1,
        "output_fields": {
          "RotationOverrideId": {
            "type": "string",
            "description": "RotationOverrideId details",
            "compliance_category": "identity",
            "format": "date-time",
            "operators": [
              "equals",
              "not_equals",
              "contains",
              "in",
              "exists"
            ]
          }
        },
        "main_output_field": "RotationOverrideId",
        "item_fields": []
      },
      {
        "operation": "DeactivateContactChannel",
        "python_method": "deactivate_contact_channel",
        "yaml_action": "deactivate_contact_channel",
        "required_params": [
          "ContactChannelId"
        ],
        "optional_params": [],
        "total_optional": 0,
        "output_fields": {},
        "main_output_field": null,
        "item_fields": []
      },
      {
        "operation": "DeleteContact",
        "python_method": "delete_contact",
        "yaml_action": "delete_contact",
        "required_params": [
          "ContactId"
        ],
        "optional_params": [],
        "total_optional": 0,
        "output_fields": {},
        "main_output_field": null,
        "item_fields": []
      },
      {
        "operation": "DeleteContactChannel",
        "python_method": "delete_contact_channel",
        "yaml_action": "delete_contact_channel",
        "required_params": [
          "ContactChannelId"
        ],
        "optional_params": [],
        "total_optional": 0,
        "output_fields": {},
        "main_output_field": null,
        "item_fields": []
      },
      {
        "operation": "DeleteRotation",
        "python_method": "delete_rotation",
        "yaml_action": "delete_rotation",
        "required_params": [
          "RotationId"
        ],
        "optional_params": [],
        "total_optional": 0,
        "output_fields": {},
        "main_output_field": null,
        "item_fields": []
      },
      {
        "operation": "DeleteRotationOverride",
        "python_method": "delete_rotation_override",
        "yaml_action": "delete_rotation_override",
        "required_params": [
          "RotationId",
          "RotationOverrideId"
        ],
        "optional_params": [],
        "total_optional": 0,
        "output_fields": {},
        "main_output_field": null,
        "item_fields": []
      },
      {
        "operation": "DescribeEngagement",
        "python_method": "describe_engagement",
        "yaml_action": "describe_engagement",
        "required_params": [
          "EngagementId"
        ],
        "optional_params": [],
        "total_optional": 0,
        "output_fields": {
          "ContactArn": {
            "type": "string",
            "description": "ContactArn details",
            "compliance_category": "identity",
            "operators": [
              "equals",
              "not_equals",
              "contains",
              "in",
              "exists"
            ]
          },
          "EngagementArn": {
            "type": "string",
            "description": "EngagementArn details",
            "compliance_category": "identity",
            "operators": [
              "equals",
              "not_equals",
              "contains",
              "in",
              "exists"
            ]
          },
          "Sender": {
            "type": "string",
            "description": "Sender details",
            "compliance_category": "general",
            "operators": [
              "equals",
              "not_equals",
              "contains"
            ]
          },
          "Subject": {
            "type": "string",
            "description": "Subject details",
            "compliance_category": "general",
            "operators": [
              "equals",
              "not_equals",
              "contains"
            ]
          },
          "Content": {
            "type": "string",
            "description": "Content details",
            "compliance_category": "general",
            "operators": [
              "equals",
              "not_equals",
              "contains"
            ]
          },
          "PublicSubject": {
            "type": "boolean",
            "description": "PublicSubject details",
            "compliance_category": "security",
            "operators": [
              "equals",
              "not_equals",
              "in",
              "exists"
            ],
            "security_impact": "medium"
          },
          "PublicContent": {
            "type": "boolean",
            "description": "PublicContent details",
            "compliance_category": "security",
            "operators": [
              "equals",
              "not_equals",
              "in",
              "exists"
            ],
            "security_impact": "medium"
          },
          "IncidentId": {
            "type": "string",
            "description": "IncidentId details",
            "compliance_category": "identity",
            "operators": [
              "equals",
              "not_equals",
              "contains",
              "in",
              "exists"
            ]
          },
          "StartTime": {
            "type": "string",
            "description": "StartTime details",
            "compliance_category": "general",
            "format": "date-time",
            "operators": [
              "equals",
              "not_equals",
              "contains"
            ]
          },
          "StopTime": {
            "type": "string",
            "description": "StopTime details",
            "compliance_category": "general",
            "format": "date-time",
            "operators": [
              "equals",
              "not_equals",
              "contains"
            ]
          }
        },
        "main_output_field": "ContactArn",
        "item_fields": []
      },
      {
        "operation": "DescribePage",
        "python_method": "describe_page",
        "yaml_action": "describe_page",
        "required_params": [
          "PageId"
        ],
        "optional_params": [],
        "total_optional": 0,
        "output_fields": {
          "PageArn": {
            "type": "string",
            "description": "PageArn details",
            "compliance_category": "identity",
            "operators": [
              "equals",
              "not_equals",
              "contains",
              "in",
              "exists"
            ]
          },
          "EngagementArn": {
            "type": "string",
            "description": "EngagementArn details",
            "compliance_category": "identity",
            "operators": [
              "equals",
              "not_equals",
              "contains",
              "in",
              "exists"
            ]
          },
          "ContactArn": {
            "type": "string",
            "description": "ContactArn details",
            "compliance_category": "identity",
            "operators": [
              "equals",
              "not_equals",
              "contains",
              "in",
              "exists"
            ]
          },
          "Sender": {
            "type": "string",
            "description": "Sender details",
            "compliance_category": "general",
            "operators": [
              "equals",
              "not_equals",
              "contains"
            ]
          },
          "Subject": {
            "type": "string",
            "description": "Subject details",
            "compliance_category": "general",
            "operators": [
              "equals",
              "not_equals",
              "contains"
            ]
          },
          "Content": {
            "type": "string",
            "description": "Content details",
            "compliance_category": "general",
            "operators": [
              "equals",
              "not_equals",
              "contains"
            ]
          },
          "PublicSubject": {
            "type": "boolean",
            "description": "PublicSubject details",
            "compliance_category": "security",
            "operators": [
              "equals",
              "not_equals",
              "in",
              "exists"
            ],
            "security_impact": "medium"
          },
          "PublicContent": {
            "type": "boolean",
            "description": "PublicContent details",
            "compliance_category": "security",
            "operators": [
              "equals",
              "not_equals",
              "in",
              "exists"
            ],
            "security_impact": "medium"
          },
          "IncidentId": {
            "type": "string",
            "description": "IncidentId details",
            "compliance_category": "identity",
            "operators": [
              "equals",
              "not_equals",
              "contains",
              "in",
              "exists"
            ]
          },
          "SentTime": {
            "type": "string",
            "description": "SentTime details",
            "compliance_category": "general",
            "format": "date-time",
            "operators": [
              "equals",
              "not_equals",
              "contains"
            ]
          },
          "ReadTime": {
            "type": "string",
            "description": "ReadTime details",
            "compliance_category": "general",
            "format": "date-time",
            "operators": [
              "equals",
              "not_equals",
              "contains"
            ]
          },
          "DeliveryTime": {
            "type": "string",
            "description": "DeliveryTime details",
            "compliance_category": "general",
            "format": "date-time",
            "operators": [
              "equals",
              "not_equals",
              "contains"
            ]
          }
        },
        "main_output_field": "PageArn",
        "item_fields": []
      },
      {
        "operation": "GetContact",
        "python_method": "get_contact",
        "yaml_action": "get_contact",
        "required_params": [
          "ContactId"
        ],
        "optional_params": [],
        "total_optional": 0,
        "output_fields": {
          "ContactArn": {
            "type": "string",
            "description": "ContactArn details",
            "compliance_category": "identity",
            "operators": [
              "equals",
              "not_equals",
              "contains",
              "in",
              "exists"
            ]
          },
          "Alias": {
            "type": "string",
            "description": "Alias details",
            "compliance_category": "general",
            "operators": [
              "equals",
              "not_equals",
              "contains"
            ]
          },
          "DisplayName": {
            "type": "boolean",
            "description": "DisplayName details",
            "compliance_category": "identity",
            "operators": [
              "equals",
              "not_equals",
              "contains",
              "in",
              "exists"
            ]
          },
          "Type": {
            "type": "string",
            "description": "Type details",
            "compliance_category": "general",
            "operators": [
              "equals",
              "not_equals",
              "contains"
            ]
          },
          "Plan": {
            "type": "string",
            "description": "Plan details",
            "compliance_category": "general",
            "operators": [
              "equals",
              "not_equals",
              "contains"
            ]
          }
        },
        "main_output_field": "Plan",
        "item_fields": {
          "Stages": {
            "type": "array",
            "description": "Stages",
            "compliance_category": "general",
            "operators": [
              "exists",
              "not_empty",
              "contains"
            ]
          },
          "RotationIds": {
            "type": "string",
            "description": "Rotation ids",
            "compliance_category": "identity",
            "operators": [
              "equals",
              "not_equals",
              "in",
              "exists"
            ]
          }
        }
      },
      {
        "operation": "GetContactChannel",
        "python_method": "get_contact_channel",
        "yaml_action": "get_contact_channel",
        "required_params": [
          "ContactChannelId"
        ],
        "optional_params": [],
        "total_optional": 0,
        "output_fields": {
          "ContactArn": {
            "type": "string",
            "description": "ContactArn details",
            "compliance_category": "identity",
            "operators": [
              "equals",
              "not_equals",
              "contains",
              "in",
              "exists"
            ]
          },
          "ContactChannelArn": {
            "type": "string",
            "description": "ContactChannelArn details",
            "compliance_category": "identity",
            "operators": [
              "equals",
              "not_equals",
              "contains",
              "in",
              "exists"
            ]
          },
          "Name": {
            "type": "string",
            "description": "Name details",
            "compliance_category": "identity",
            "operators": [
              "equals",
              "not_equals",
              "contains",
              "in",
              "exists"
            ]
          },
          "Type": {
            "type": "string",
            "description": "Type details",
            "compliance_category": "general",
            "operators": [
              "equals",
              "not_equals",
              "contains"
            ]
          },
          "DeliveryAddress": {
            "type": "string",
            "description": "DeliveryAddress details",
            "compliance_category": "general",
            "operators": [
              "equals",
              "not_equals",
              "contains"
            ]
          },
          "ActivationStatus": {
            "type": "string",
            "description": "ActivationStatus details",
            "compliance_category": "general",
            "format": "date-time",
            "operators": [
              "equals",
              "not_equals",
              "contains"
            ]
          }
        },
        "main_output_field": "DeliveryAddress",
        "item_fields": {
          "SimpleAddress": {
            "type": "string",
            "description": "Simple address",
            "compliance_category": "general"
          }
        }
      },
      {
        "operation": "GetContactPolicy",
        "python_method": "get_contact_policy",
        "yaml_action": "get_contact_policy",
        "required_params": [
          "ContactArn"
        ],
        "optional_params": [],
        "total_optional": 0,
        "output_fields": {
          "ContactArn": {
            "type": "string",
            "description": "ContactArn details",
            "compliance_category": "identity",
            "operators": [
              "equals",
              "not_equals",
              "contains",
              "in",
              "exists"
            ]
          },
          "Policy": {
            "type": "string",
            "description": "Policy details",
            "compliance_category": "security",
            "operators": [
              "equals",
              "not_equals",
              "in",
              "exists"
            ]
          }
        },
        "main_output_field": "ContactArn",
        "item_fields": []
      },
      {
        "operation": "GetRotation",
        "python_method": "get_rotation",
        "yaml_action": "get_rotation",
        "required_params": [
          "RotationId"
        ],
        "optional_params": [],
        "total_optional": 0,
        "output_fields": {
          "RotationArn": {
            "type": "string",
            "description": "RotationArn details",
            "compliance_category": "identity",
            "format": "date-time",
            "operators": [
              "equals",
              "not_equals",
              "contains",
              "in",
              "exists"
            ]
          },
          "Name": {
            "type": "string",
            "description": "Name details",
            "compliance_category": "identity",
            "operators": [
              "equals",
              "not_equals",
              "contains",
              "in",
              "exists"
            ]
          },
          "ContactIds": {
            "type": "string",
            "description": "ContactIds details",
            "compliance_category": "identity",
            "operators": [
              "equals",
              "not_equals",
              "contains",
              "in",
              "exists"
            ]
          },
          "StartTime": {
            "type": "string",
            "description": "StartTime details",
            "compliance_category": "general",
            "format": "date-time",
            "operators": [
              "equals",
              "not_equals",
              "contains"
            ]
          },
          "TimeZoneId": {
            "type": "string",
            "description": "TimeZoneId details",
            "compliance_category": "identity",
            "format": "date-time",
            "operators": [
              "equals",
              "not_equals",
              "contains",
              "in",
              "exists"
            ]
          },
          "Recurrence": {
            "type": "string",
            "description": "Recurrence details",
            "compliance_category": "general",
            "operators": [
              "equals",
              "not_equals",
              "contains"
            ]
          }
        },
        "main_output_field": "ContactIds",
        "item_fields": []
      },
      {
        "operation": "GetRotationOverride",
        "python_method": "get_rotation_override",
        "yaml_action": "get_rotation_override",
        "required_params": [
          "RotationId",
          "RotationOverrideId"
        ],
        "optional_params": [],
        "total_optional": 0,
        "output_fields": {
          "RotationOverrideId": {
            "type": "string",
            "description": "RotationOverrideId details",
            "compliance_category": "identity",
            "format": "date-time",
            "operators": [
              "equals",
              "not_equals",
              "contains",
              "in",
              "exists"
            ]
          },
          "RotationArn": {
            "type": "string",
            "description": "RotationArn details",
            "compliance_category": "identity",
            "format": "date-time",
            "operators": [
              "equals",
              "not_equals",
              "contains",
              "in",
              "exists"
            ]
          },
          "NewContactIds": {
            "type": "string",
            "description": "NewContactIds details",
            "compliance_category": "identity",
            "operators": [
              "equals",
              "not_equals",
              "contains",
              "in",
              "exists"
            ]
          },
          "StartTime": {
            "type": "string",
            "description": "StartTime details",
            "compliance_category": "general",
            "format": "date-time",
            "operators": [
              "equals",
              "not_equals",
              "contains"
            ]
          },
          "EndTime": {
            "type": "string",
            "description": "EndTime details",
            "compliance_category": "general",
            "format": "date-time",
            "operators": [
              "equals",
              "not_equals",
              "contains"
            ]
          },
          "CreateTime": {
            "type": "string",
            "description": "CreateTime details",
            "compliance_category": "general",
            "format": "date-time",
            "operators": [
              "equals",
              "not_equals",
              "contains"
            ]
          }
        },
        "main_output_field": "NewContactIds",
        "item_fields": []
      },
      {
        "operation": "ListContactChannels",
        "python_method": "list_contact_channels",
        "yaml_action": "list_contact_channels",
        "required_params": [
          "ContactId"
        ],
        "optional_params": [
          "NextToken",
          "MaxResults"
        ],
        "total_optional": 2,
        "output_fields": {
          "NextToken": {
            "type": "string",
            "description": "NextToken details",
            "compliance_category": "general",
            "operators": [
              "equals",
              "not_equals",
              "contains"
            ],
            "security_impact": "high"
          },
          "ContactChannels": {
            "type": "string",
            "description": "ContactChannels details",
            "compliance_category": "general",
            "operators": [
              "equals",
              "not_equals",
              "contains"
            ]
          }
        },
        "main_output_field": "ContactChannels",
        "item_fields": {
          "ContactChannelArn": {
            "type": "string",
            "description": "Contact channel arn",
            "compliance_category": "identity",
            "operators": [
              "equals",
              "not_equals",
              "contains",
              "in",
              "exists"
            ]
          },
          "ContactArn": {
            "type": "string",
            "description": "Contact arn",
            "compliance_category": "identity",
            "operators": [
              "equals",
              "not_equals",
              "contains",
              "in",
              "exists"
            ]
          },
          "Name": {
            "type": "string",
            "description": "Name",
            "compliance_category": "general"
          },
          "Type": {
            "type": "string",
            "description": "Type",
            "compliance_category": "general"
          },
          "DeliveryAddress": {
            "type": "string",
            "description": "Delivery address",
            "compliance_category": "general"
          },
          "ActivationStatus": {
            "type": "string",
            "description": "Activation status",
            "compliance_category": "general",
            "format": "date-time"
          }
        }
      },
      {
        "operation": "ListPageReceipts",
        "python_method": "list_page_receipts",
        "yaml_action": "list_page_receipts",
        "required_params": [
          "PageId"
        ],
        "optional_params": [
          "NextToken",
          "MaxResults"
        ],
        "total_optional": 2,
        "output_fields": {
          "NextToken": {
            "type": "string",
            "description": "NextToken details",
            "compliance_category": "general",
            "operators": [
              "equals",
              "not_equals",
              "contains"
            ],
            "security_impact": "high"
          },
          "Receipts": {
            "type": "string",
            "description": "Receipts details",
            "compliance_category": "general",
            "operators": [
              "equals",
              "not_equals",
              "contains"
            ]
          }
        },
        "main_output_field": "Receipts",
        "item_fields": {
          "ContactChannelArn": {
            "type": "string",
            "description": "Contact channel arn",
            "compliance_category": "identity",
            "operators": [
              "equals",
              "not_equals",
              "contains",
              "in",
              "exists"
            ]
          },
          "ReceiptType": {
            "type": "string",
            "description": "Receipt type",
            "compliance_category": "general"
          },
          "ReceiptInfo": {
            "type": "string",
            "description": "Receipt info",
            "compliance_category": "general"
          },
          "ReceiptTime": {
            "type": "string",
            "description": "Receipt time",
            "compliance_category": "general",
            "format": "date-time"
          }
        }
      },
      {
        "operation": "ListPageResolutions",
        "python_method": "list_page_resolutions",
        "yaml_action": "list_page_resolutions",
        "required_params": [
          "PageId"
        ],
        "optional_params": [
          "NextToken"
        ],
        "total_optional": 1,
        "output_fields": {
          "NextToken": {
            "type": "string",
            "description": "NextToken details",
            "compliance_category": "general",
            "operators": [
              "equals",
              "not_equals",
              "contains"
            ],
            "security_impact": "high"
          },
          "PageResolutions": {
            "type": "string",
            "description": "PageResolutions details",
            "compliance_category": "general",
            "operators": [
              "equals",
              "not_equals",
              "contains"
            ]
          }
        },
        "main_output_field": "PageResolutions",
        "item_fields": {
          "ContactArn": {
            "type": "string",
            "description": "Contact arn",
            "compliance_category": "identity",
            "operators": [
              "equals",
              "not_equals",
              "contains",
              "in",
              "exists"
            ]
          },
          "Type": {
            "type": "string",
            "description": "Type",
            "compliance_category": "general"
          },
          "StageIndex": {
            "type": "array",
            "description": "Stage index",
            "compliance_category": "general",
            "operators": [
              "exists",
              "not_empty",
              "contains"
            ]
          }
        }
      },
      {
        "operation": "ListPagesByContact",
        "python_method": "list_pages_by_contact",
        "yaml_action": "list_pages_by_contact",
        "required_params": [
          "ContactId"
        ],
        "optional_params": [
          "NextToken",
          "MaxResults"
        ],
        "total_optional": 2,
        "output_fields": {
          "NextToken": {
            "type": "string",
            "description": "NextToken details",
            "compliance_category": "general",
            "operators": [
              "equals",
              "not_equals",
              "contains"
            ],
            "security_impact": "high"
          },
          "Pages": {
            "type": "string",
            "description": "Pages details",
            "compliance_category": "general",
            "operators": [
              "equals",
              "not_equals",
              "contains"
            ]
          }
        },
        "main_output_field": "Pages",
        "item_fields": {
          "PageArn": {
            "type": "string",
            "description": "Page arn",
            "compliance_category": "identity",
            "operators": [
              "equals",
              "not_equals",
              "contains",
              "in",
              "exists"
            ]
          },
          "EngagementArn": {
            "type": "string",
            "description": "Engagement arn",
            "compliance_category": "identity",
            "operators": [
              "equals",
              "not_equals",
              "contains",
              "in",
              "exists"
            ]
          },
          "ContactArn": {
            "type": "string",
            "description": "Contact arn",
            "compliance_category": "identity",
            "operators": [
              "equals",
              "not_equals",
              "contains",
              "in",
              "exists"
            ]
          },
          "Sender": {
            "type": "string",
            "description": "Sender",
            "compliance_category": "general"
          },
          "IncidentId": {
            "type": "string",
            "description": "Incident id",
            "compliance_category": "identity",
            "operators": [
              "equals",
              "not_equals",
              "in",
              "exists"
            ]
          },
          "SentTime": {
            "type": "string",
            "description": "Sent time",
            "compliance_category": "general",
            "format": "date-time"
          },
          "DeliveryTime": {
            "type": "string",
            "description": "Delivery time",
            "compliance_category": "general",
            "format": "date-time"
          },
          "ReadTime": {
            "type": "string",
            "description": "Read time",
            "compliance_category": "general",
            "format": "date-time"
          }
        }
      },
      {
        "operation": "ListPagesByEngagement",
        "python_method": "list_pages_by_engagement",
        "yaml_action": "list_pages_by_engagement",
        "required_params": [
          "EngagementId"
        ],
        "optional_params": [
          "NextToken",
          "MaxResults"
        ],
        "total_optional": 2,
        "output_fields": {
          "NextToken": {
            "type": "string",
            "description": "NextToken details",
            "compliance_category": "general",
            "operators": [
              "equals",
              "not_equals",
              "contains"
            ],
            "security_impact": "high"
          },
          "Pages": {
            "type": "string",
            "description": "Pages details",
            "compliance_category": "general",
            "operators": [
              "equals",
              "not_equals",
              "contains"
            ]
          }
        },
        "main_output_field": "Pages",
        "item_fields": {
          "PageArn": {
            "type": "string",
            "description": "Page arn",
            "compliance_category": "identity",
            "operators": [
              "equals",
              "not_equals",
              "contains",
              "in",
              "exists"
            ]
          },
          "EngagementArn": {
            "type": "string",
            "description": "Engagement arn",
            "compliance_category": "identity",
            "operators": [
              "equals",
              "not_equals",
              "contains",
              "in",
              "exists"
            ]
          },
          "ContactArn": {
            "type": "string",
            "description": "Contact arn",
            "compliance_category": "identity",
            "operators": [
              "equals",
              "not_equals",
              "contains",
              "in",
              "exists"
            ]
          },
          "Sender": {
            "type": "string",
            "description": "Sender",
            "compliance_category": "general"
          },
          "IncidentId": {
            "type": "string",
            "description": "Incident id",
            "compliance_category": "identity",
            "operators": [
              "equals",
              "not_equals",
              "in",
              "exists"
            ]
          },
          "SentTime": {
            "type": "string",
            "description": "Sent time",
            "compliance_category": "general",
            "format": "date-time"
          },
          "DeliveryTime": {
            "type": "string",
            "description": "Delivery time",
            "compliance_category": "general",
            "format": "date-time"
          },
          "ReadTime": {
            "type": "string",
            "description": "Read time",
            "compliance_category": "general",
            "format": "date-time"
          }
        }
      },
      {
        "operation": "ListPreviewRotationShifts",
        "python_method": "list_preview_rotation_shifts",
        "yaml_action": "list_preview_rotation_shifts",
        "required_params": [
          "EndTime",
          "Members",
          "TimeZoneId",
          "Recurrence"
        ],
        "optional_params": [
          "RotationStartTime",
          "StartTime",
          "Overrides",
          "NextToken",
          "MaxResults"
        ],
        "total_optional": 5,
        "output_fields": {
          "RotationShifts": {
            "type": "string",
            "description": "RotationShifts details",
            "compliance_category": "general",
            "format": "date-time",
            "operators": [
              "equals",
              "not_equals",
              "contains"
            ]
          },
          "NextToken": {
            "type": "string",
            "description": "NextToken details",
            "compliance_category": "general",
            "operators": [
              "equals",
              "not_equals",
              "contains"
            ],
            "security_impact": "high"
          }
        },
        "main_output_field": "RotationShifts",
        "item_fields": {
          "ContactIds": {
            "type": "string",
            "description": "Contact ids",
            "compliance_category": "identity",
            "operators": [
              "equals",
              "not_equals",
              "in",
              "exists"
            ]
          },
          "StartTime": {
            "type": "string",
            "description": "Start time",
            "compliance_category": "general",
            "format": "date-time"
          },
          "EndTime": {
            "type": "string",
            "description": "End time",
            "compliance_category": "general",
            "format": "date-time"
          },
          "Type": {
            "type": "string",
            "description": "Type",
            "compliance_category": "general"
          },
          "ShiftDetails": {
            "type": "string",
            "description": "Shift details",
            "compliance_category": "general"
          }
        }
      },
      {
        "operation": "ListRotationOverrides",
        "python_method": "list_rotation_overrides",
        "yaml_action": "list_rotation_overrides",
        "required_params": [
          "RotationId",
          "StartTime",
          "EndTime"
        ],
        "optional_params": [
          "NextToken",
          "MaxResults"
        ],
        "total_optional": 2,
        "output_fields": {
          "RotationOverrides": {
            "type": "string",
            "description": "RotationOverrides details",
            "compliance_category": "identity",
            "format": "date-time",
            "operators": [
              "equals",
              "not_equals",
              "contains",
              "in",
              "exists"
            ]
          },
          "NextToken": {
            "type": "string",
            "description": "NextToken details",
            "compliance_category": "general",
            "operators": [
              "equals",
              "not_equals",
              "contains"
            ],
            "security_impact": "high"
          }
        },
        "main_output_field": "RotationOverrides",
        "item_fields": {
          "RotationOverrideId": {
            "type": "string",
            "description": "Rotation override id",
            "compliance_category": "identity",
            "operators": [
              "equals",
              "not_equals",
              "in",
              "exists"
            ]
          },
          "NewContactIds": {
            "type": "string",
            "description": "New contact ids",
            "compliance_category": "identity",
            "operators": [
              "equals",
              "not_equals",
              "in",
              "exists"
            ]
          },
          "StartTime": {
            "type": "string",
            "description": "Start time",
            "compliance_category": "general",
            "format": "date-time"
          },
          "EndTime": {
            "type": "string",
            "description": "End time",
            "compliance_category": "general",
            "format": "date-time"
          },
          "CreateTime": {
            "type": "string",
            "description": "Create time",
            "compliance_category": "general",
            "format": "date-time"
          }
        }
      },
      {
        "operation": "ListRotationShifts",
        "python_method": "list_rotation_shifts",
        "yaml_action": "list_rotation_shifts",
        "required_params": [
          "RotationId",
          "EndTime"
        ],
        "optional_params": [
          "StartTime",
          "NextToken",
          "MaxResults"
        ],
        "total_optional": 3,
        "output_fields": {
          "RotationShifts": {
            "type": "string",
            "description": "RotationShifts details",
            "compliance_category": "general",
            "format": "date-time",
            "operators": [
              "equals",
              "not_equals",
              "contains"
            ]
          },
          "NextToken": {
            "type": "string",
            "description": "NextToken details",
            "compliance_category": "general",
            "operators": [
              "equals",
              "not_equals",
              "contains"
            ],
            "security_impact": "high"
          }
        },
        "main_output_field": "RotationShifts",
        "item_fields": {
          "ContactIds": {
            "type": "string",
            "description": "Contact ids",
            "compliance_category": "identity",
            "operators": [
              "equals",
              "not_equals",
              "in",
              "exists"
            ]
          },
          "StartTime": {
            "type": "string",
            "description": "Start time",
            "compliance_category": "general",
            "format": "date-time"
          },
          "EndTime": {
            "type": "string",
            "description": "End time",
            "compliance_category": "general",
            "format": "date-time"
          },
          "Type": {
            "type": "string",
            "description": "Type",
            "compliance_category": "general"
          },
          "ShiftDetails": {
            "type": "string",
            "description": "Shift details",
            "compliance_category": "general"
          }
        }
      },
      {
        "operation": "ListTagsForResource",
        "python_method": "list_tags_for_resource",
        "yaml_action": "list_tags_for_resource",
        "required_params": [
          "ResourceARN"
        ],
        "optional_params": [],
        "total_optional": 0,
        "output_fields": {
          "Tags": {
            "type": "string",
            "description": "Tags details",
            "compliance_category": "general",
            "operators": [
              "equals",
              "not_equals",
              "contains"
            ]
          }
        },
        "main_output_field": "Tags",
        "item_fields": {
          "Key": {
            "type": "string",
            "description": "Key",
            "compliance_category": "security",
            "security_impact": "high"
          },
          "Value": {
            "type": "string",
            "description": "Value",
            "compliance_category": "general"
          }
        }
      },
      {
        "operation": "PutContactPolicy",
        "python_method": "put_contact_policy",
        "yaml_action": "put_contact_policy",
        "required_params": [
          "ContactArn",
          "Policy"
        ],
        "optional_params": [],
        "total_optional": 0,
        "output_fields": {},
        "main_output_field": null,
        "item_fields": []
      },
      {
        "operation": "SendActivationCode",
        "python_method": "send_activation_code",
        "yaml_action": "send_activation_code",
        "required_params": [
          "ContactChannelId"
        ],
        "optional_params": [],
        "total_optional": 0,
        "output_fields": {},
        "main_output_field": null,
        "item_fields": []
      },
      {
        "operation": "StartEngagement",
        "python_method": "start_engagement",
        "yaml_action": "start_engagement",
        "required_params": [
          "ContactId",
          "Sender",
          "Subject",
          "Content"
        ],
        "optional_params": [
          "PublicSubject",
          "PublicContent",
          "IncidentId",
          "IdempotencyToken"
        ],
        "total_optional": 4,
        "output_fields": {
          "EngagementArn": {
            "type": "string",
            "description": "EngagementArn details",
            "compliance_category": "identity",
            "operators": [
              "equals",
              "not_equals",
              "contains",
              "in",
              "exists"
            ]
          }
        },
        "main_output_field": "EngagementArn",
        "item_fields": []
      },
      {
        "operation": "StopEngagement",
        "python_method": "stop_engagement",
        "yaml_action": "stop_engagement",
        "required_params": [
          "EngagementId"
        ],
        "optional_params": [
          "Reason"
        ],
        "total_optional": 1,
        "output_fields": {},
        "main_output_field": null,
        "item_fields": []
      },
      {
        "operation": "TagResource",
        "python_method": "tag_resource",
        "yaml_action": "tag_resource",
        "required_params": [
          "ResourceARN",
          "Tags"
        ],
        "optional_params": [],
        "total_optional": 0,
        "output_fields": {},
        "main_output_field": null,
        "item_fields": []
      },
      {
        "operation": "UntagResource",
        "python_method": "untag_resource",
        "yaml_action": "untag_resource",
        "required_params": [
          "ResourceARN",
          "TagKeys"
        ],
        "optional_params": [],
        "total_optional": 0,
        "output_fields": {},
        "main_output_field": null,
        "item_fields": []
      },
      {
        "operation": "UpdateContact",
        "python_method": "update_contact",
        "yaml_action": "update_contact",
        "required_params": [
          "ContactId"
        ],
        "optional_params": [
          "DisplayName",
          "Plan"
        ],
        "total_optional": 2,
        "output_fields": {},
        "main_output_field": null,
        "item_fields": []
      },
      {
        "operation": "UpdateContactChannel",
        "python_method": "update_contact_channel",
        "yaml_action": "update_contact_channel",
        "required_params": [
          "ContactChannelId"
        ],
        "optional_params": [
          "Name",
          "DeliveryAddress"
        ],
        "total_optional": 2,
        "output_fields": {},
        "main_output_field": null,
        "item_fields": []
      },
      {
        "operation": "UpdateRotation",
        "python_method": "update_rotation",
        "yaml_action": "update_rotation",
        "required_params": [
          "RotationId",
          "Recurrence"
        ],
        "optional_params": [
          "ContactIds",
          "StartTime",
          "TimeZoneId"
        ],
        "total_optional": 3,
        "output_fields": {},
        "main_output_field": null,
        "item_fields": []
      }
    ],
    "independent_count": 3,
    "dependent_count": 36
  }
}