{
  "service": "ssm-contacts",
  "seed_from_list": [
    "ActivationStatus",
    "Alias",
    "ContactArn",
    "ContactChannelArn",
    "ContactIds",
    "CreateTime",
    "DeliveryAddress",
    "DeliveryTime",
    "DisplayName",
    "EndTime",
    "EngagementArn",
    "IncidentId",
    "Key",
    "Name",
    "NewContactIds",
    "PageArn",
    "ReadTime",
    "ReceiptInfo",
    "ReceiptTime",
    "ReceiptType",
    "Recurrence",
    "RotationArn",
    "RotationOverrideId",
    "Sender",
    "SentTime",
    "ShiftDetails",
    "StageIndex",
    "StartTime",
    "StopTime",
    "TimeZoneId",
    "Type",
    "Value"
  ],
  "enriched_from_get_describe": [
    "ActivationStatus",
    "Alias",
    "ContactArn",
    "ContactChannelArn",
    "ContactIds",
    "Content",
    "CreateTime",
    "DeliveryAddress",
    "DeliveryTime",
    "DisplayName",
    "EndTime",
    "EngagementArn",
    "IncidentId",
    "Name",
    "NewContactIds",
    "PageArn",
    "Plan",
    "Policy",
    "PublicContent",
    "PublicSubject",
    "ReadTime",
    "Recurrence",
    "RotationArn",
    "RotationIds",
    "RotationOverrideId",
    "Sender",
    "SentTime",
    "SimpleAddress",
    "Stages",
    "StartTime",
    "StopTime",
    "Subject",
    "TimeZoneId",
    "Type"
  ],
  "final_union": [
    "ActivationStatus",
    "Alias",
    "ContactArn",
    "ContactChannelArn",
    "ContactIds",
    "Content",
    "CreateTime",
    "DeliveryAddress",
    "DeliveryTime",
    "DisplayName",
    "EndTime",
    "EngagementArn",
    "IncidentId",
    "Key",
    "Name",
    "NewContactIds",
    "PageArn",
    "Plan",
    "Policy",
    "PublicContent",
    "PublicSubject",
    "ReadTime",
    "ReceiptInfo",
    "ReceiptTime",
    "ReceiptType",
    "Recurrence",
    "RotationArn",
    "RotationIds",
    "RotationOverrideId",
    "Sender",
    "SentTime",
    "ShiftDetails",
    "SimpleAddress",
    "StageIndex",
    "Stages",
    "StartTime",
    "StopTime",
    "Subject",
    "TimeZoneId",
    "Type",
    "Value"
  ],
  "source": {
    "operation_registry": "services/ssm-contacts/operation_registry.json",
    "read_ops_rule": "operation name startswith List/Get/Describe/Search/Lookup",
    "excluded_keys": [
      "nextToken",
      "maxResults"
    ]
  }
}