{
  "service": "ssm-contacts",
  "issues": {
    "generic_entities": {},
    "ambiguous_tokens": {
      "name": [
        {
          "mapping": "ListRotations.Rotations[].Name -> ssm-contacts.rotation_name",
          "evidence": "ListRotations.Rotations[].Name",
          "entity": "ssm-contacts.rotation_name"
        },
        {
          "mapping": "CreateContactChannel.Name -> ssm-contacts.contact_channel_arn_name",
          "evidence": "CreateContactChannel.Name",
          "entity": "ssm-contacts.contact_channel_arn_name"
        },
        {
          "mapping": "CreateRotation.Name -> ssm-contacts.rotation_arn_name",
          "evidence": "CreateRotation.Name",
          "entity": "ssm-contacts.rotation_arn_name"
        },
        {
          "mapping": "GetContactChannel.Name -> ssm-contacts.contact_channel_name",
          "evidence": "GetContactChannel.Name",
          "entity": "ssm-contacts.contact_channel_name"
        },
        {
          "mapping": "GetRotation.Name -> ssm-contacts.rotation_name",
          "evidence": "GetRotation.Name",
          "entity": "ssm-contacts.rotation_name"
        },
        {
          "mapping": "ListContactChannels.ContactChannels[].Name -> ssm-contacts.contact_channel_name",
          "evidence": "ListContactChannels.ContactChannels[].Name",
          "entity": "ssm-contacts.contact_channel_name"
        }
      ]
    },
    "unresolved_consumes": [],
    "suspicious_paths": []
  },
  "alias_candidates_not_applied": [],
  "suggested_overrides": [
    {
      "operation": "CreateRotationOverride",
      "type": "produces",
      "key": "RotationOverrideId",
      "suggested_entity": "ssm-contacts.rotation_id",
      "confidence": "MEDIUM",
      "reason": "Param 'RotationId' and output field 'RotationOverrideId' match but map to different entities. Suggest unifying to consume entity."
    },
    {
      "operation": "DescribeEngagement",
      "type": "produces",
      "key": "IncidentId",
      "suggested_entity": "ssm-contacts.engagement_id",
      "confidence": "MEDIUM",
      "reason": "Param 'EngagementId' and output field 'IncidentId' match but map to different entities. Suggest unifying to consume entity."
    },
    {
      "operation": "DescribePage",
      "type": "produces",
      "key": "IncidentId",
      "suggested_entity": "ssm-contacts.page_id",
      "confidence": "MEDIUM",
      "reason": "Param 'PageId' and output field 'IncidentId' match but map to different entities. Suggest unifying to consume entity."
    },
    {
      "operation": "GetRotation",
      "type": "produces",
      "key": "TimeZoneId",
      "suggested_entity": "ssm-contacts.rotation_id",
      "confidence": "MEDIUM",
      "reason": "Param 'RotationId' and output field 'TimeZoneId' match but map to different entities. Suggest unifying to consume entity."
    },
    {
      "operation": "GetRotationOverride",
      "type": "produces",
      "key": "RotationOverrideId",
      "suggested_entity": "ssm-contacts.rotation_id",
      "confidence": "MEDIUM",
      "reason": "Param 'RotationId' and output field 'RotationOverrideId' match but map to different entities. Suggest unifying to consume entity."
    },
    {
      "operation": "GetRotationOverride",
      "type": "produces",
      "key": "RotationOverrideId",
      "suggested_entity": "ssm-contacts.rotationoverre_id",
      "confidence": "MEDIUM",
      "reason": "Param 'RotationOverrideId' and output field 'RotationOverrideId' match but map to different entities. Suggest unifying to consume entity."
    },
    {
      "operation": "ListPagesByContact",
      "type": "produces",
      "key": "Pages[].IncidentId",
      "suggested_entity": "ssm-contacts.contact_id",
      "confidence": "MEDIUM",
      "reason": "Param 'ContactId' and output field 'IncidentId' match but map to different entities. Suggest unifying to consume entity."
    },
    {
      "operation": "ListPagesByEngagement",
      "type": "produces",
      "key": "Pages[].IncidentId",
      "suggested_entity": "ssm-contacts.engagement_id",
      "confidence": "MEDIUM",
      "reason": "Param 'EngagementId' and output field 'IncidentId' match but map to different entities. Suggest unifying to consume entity."
    },
    {
      "operation": "ListPreviewRotationShifts",
      "type": "produces",
      "key": "RotationShifts[].EndTime",
      "suggested_entity": "ssm-contacts.end_time",
      "confidence": "MEDIUM",
      "reason": "Param 'EndTime' and output field 'EndTime' match but map to different entities. Suggest unifying to consume entity."
    },
    {
      "operation": "ListRotationOverrides",
      "type": "produces",
      "key": "RotationOverrides[].RotationOverrideId",
      "suggested_entity": "ssm-contacts.rotation_id",
      "confidence": "MEDIUM",
      "reason": "Param 'RotationId' and output field 'RotationOverrideId' match but map to different entities. Suggest unifying to consume entity."
    },
    {
      "operation": "ListRotationOverrides",
      "type": "produces",
      "key": "RotationOverrides[].StartTime",
      "suggested_entity": "ssm-contacts.start_time",
      "confidence": "MEDIUM",
      "reason": "Param 'StartTime' and output field 'StartTime' match but map to different entities. Suggest unifying to consume entity."
    },
    {
      "operation": "ListRotationOverrides",
      "type": "produces",
      "key": "RotationOverrides[].EndTime",
      "suggested_entity": "ssm-contacts.end_time",
      "confidence": "MEDIUM",
      "reason": "Param 'EndTime' and output field 'EndTime' match but map to different entities. Suggest unifying to consume entity."
    },
    {
      "operation": "ListRotationShifts",
      "type": "produces",
      "key": "RotationShifts[].EndTime",
      "suggested_entity": "ssm-contacts.end_time",
      "confidence": "MEDIUM",
      "reason": "Param 'EndTime' and output field 'EndTime' match but map to different entities. Suggest unifying to consume entity."
    }
  ],
  "unresolved_items": [
    {
      "mapping": "ListRotations.Rotations[].Name -> ssm-contacts.rotation_name",
      "evidence": "ListRotations.Rotations[].Name",
      "entity": "ssm-contacts.rotation_name"
    },
    {
      "mapping": "CreateContactChannel.Name -> ssm-contacts.contact_channel_arn_name",
      "evidence": "CreateContactChannel.Name",
      "entity": "ssm-contacts.contact_channel_arn_name"
    },
    {
      "mapping": "CreateRotation.Name -> ssm-contacts.rotation_arn_name",
      "evidence": "CreateRotation.Name",
      "entity": "ssm-contacts.rotation_arn_name"
    },
    {
      "mapping": "GetContactChannel.Name -> ssm-contacts.contact_channel_name",
      "evidence": "GetContactChannel.Name",
      "entity": "ssm-contacts.contact_channel_name"
    },
    {
      "mapping": "GetRotation.Name -> ssm-contacts.rotation_name",
      "evidence": "GetRotation.Name",
      "entity": "ssm-contacts.rotation_name"
    },
    {
      "mapping": "ListContactChannels.ContactChannels[].Name -> ssm-contacts.contact_channel_name",
      "evidence": "ListContactChannels.ContactChannels[].Name",
      "entity": "ssm-contacts.contact_channel_name"
    }
  ]
}