{
  "service": "ssm-contacts",
  "version": "1.0",
  "kind_rules": {
    "read_list": ["List"],
    "read_get": ["Get", "Describe"],
    "write_create": ["Create", "Start", "Generate", "Import", "Enable", "Register"],
    "write_update": ["Update", "Modify", "Put", "Set", "Change", "Reset", "Patch"],
    "write_delete": ["Delete", "Remove", "Terminate", "Destroy", "Disable", "Detach", "Disassociate", "Untag", "Revoke"],
    "write_apply": ["Apply", "Attach", "Associate", "Add", "Tag", "Authorize", "Unauthorize", "Grant"],
    "other": ["default"]
  },
  "entity_aliases": {
    "ssm-contacts.page_resolution_contact_arn": "ssm-contacts.contact_arn",
    "ssm-contacts.engagement_contact_arn": "ssm-contacts.contact_arn",
    "ssm-contacts.pag_engagement_arn": "ssm-contacts.engagement_arn",
    "ssm-contacts.rotation_overrid_rotation_override_id": "ssm-contacts.rotation_override_id",
    "ssm-contacts.engagement_incident_id": "ssm-contacts.incident_id",
    "ssm-contacts.pag_contact_arn": "ssm-contacts.contact_arn",
    "ssm-contacts.contact_channel_contact_arn": "ssm-contacts.contact_arn",
    "ssm-contacts.receipt_contact_channel_arn": "ssm-contacts.contact_channel_arn"
  },
  "overrides": {},
  "operations": {
    "ListContacts": {
      "kind": "read_list",
      "side_effect": false,
      "sdk": {"client": "ssm-contacts", "method": "list_contacts"},
      "consumes": [],
      "produces": [{"entity": "ssm-contacts.next_token", "source": "output", "path": "NextToken"}, {"entity": "ssm-contacts.contacts", "source": "output", "path": "Contacts"}, {"entity": "ssm-contacts.contact_arn", "source": "item", "path": "Contacts[].ContactArn"}, {"entity": "ssm-contacts.contact_alias", "source": "item", "path": "Contacts[].Alias"}, {"entity": "ssm-contacts.contact_display_name", "source": "item", "path": "Contacts[].DisplayName"}, {"entity": "ssm-contacts.contact_type", "source": "item", "path": "Contacts[].Type"}],
      "notes": ""
    },
    "ListEngagements": {
      "kind": "read_list",
      "side_effect": false,
      "sdk": {"client": "ssm-contacts", "method": "list_engagements"},
      "consumes": [],
      "produces": [{"entity": "ssm-contacts.next_token", "source": "output", "path": "NextToken"}, {"entity": "ssm-contacts.engagements", "source": "output", "path": "Engagements"}, {"entity": "ssm-contacts.engagement_arn", "source": "item", "path": "Engagements[].EngagementArn"}, {"entity": "ssm-contacts.contact_arn", "source": "item", "path": "Engagements[].ContactArn"}, {"entity": "ssm-contacts.engagement_sender", "source": "item", "path": "Engagements[].Sender"}, {"entity": "ssm-contacts.incident_id", "source": "item", "path": "Engagements[].IncidentId"}, {"entity": "ssm-contacts.engagement_start_time", "source": "item", "path": "Engagements[].StartTime"}, {"entity": "ssm-contacts.engagement_stop_time", "source": "item", "path": "Engagements[].StopTime"}],
      "notes": ""
    },
    "ListRotations": {
      "kind": "read_list",
      "side_effect": false,
      "sdk": {"client": "ssm-contacts", "method": "list_rotations"},
      "consumes": [],
      "produces": [{"entity": "ssm-contacts.next_token", "source": "output", "path": "NextToken"}, {"entity": "ssm-contacts.rotations", "source": "output", "path": "Rotations"}, {"entity": "ssm-contacts.rotation_arn", "source": "item", "path": "Rotations[].RotationArn"}, {"entity": "ssm-contacts.rotation_name", "source": "item", "path": "Rotations[].Name"}, {"entity": "ssm-contacts.rotation_contact_ids", "source": "item", "path": "Rotations[].ContactIds"}, {"entity": "ssm-contacts.rotation_start_time", "source": "item", "path": "Rotations[].StartTime"}, {"entity": "ssm-contacts.rotation_time_zone_id", "source": "item", "path": "Rotations[].TimeZoneId"}, {"entity": "ssm-contacts.rotation_recurrence", "source": "item", "path": "Rotations[].Recurrence"}],
      "notes": ""
    },
    "AcceptPage": {
      "kind": "other",
      "side_effect": true,
      "sdk": {"client": "ssm-contacts", "method": "accept_page"},
      "consumes": [{"entity": "ssm-contacts.page_id", "param": "PageId", "required": true, "source": "external"}, {"entity": "ssm-contacts.accept_type", "param": "AcceptType", "required": true, "source": "external"}, {"entity": "ssm-contacts.accept_code", "param": "AcceptCode", "required": true, "source": "external"}],
      "produces": [],
      "notes": ""
    },
    "ActivateContactChannel": {
      "kind": "other",
      "side_effect": true,
      "sdk": {"client": "ssm-contacts", "method": "activate_contact_channel"},
      "consumes": [{"entity": "ssm-contacts.contactchannel_id", "param": "ContactChannelId", "required": true, "source": "external"}, {"entity": "ssm-contacts.activation_code", "param": "ActivationCode", "required": true, "source": "external"}],
      "produces": [],
      "notes": ""
    },
    "CreateContact": {
      "kind": "write_create",
      "side_effect": true,
      "sdk": {"client": "ssm-contacts", "method": "create_contact"},
      "consumes": [{"entity": "ssm-contacts.alias", "param": "Alias", "required": true, "source": "internal"}, {"entity": "ssm-contacts.type", "param": "Type", "required": true, "source": "internal"}, {"entity": "ssm-contacts.plan", "param": "Plan", "required": true, "source": "internal"}],
      "produces": [{"entity": "ssm-contacts.contact_arn", "source": "output", "path": "ContactArn"}],
      "notes": ""
    },
    "CreateContactChannel": {
      "kind": "write_create",
      "side_effect": true,
      "sdk": {"client": "ssm-contacts", "method": "create_contact_channel"},
      "consumes": [{"entity": "ssm-contacts.contact_id", "param": "ContactId", "required": true, "source": "external"}, {"entity": "ssm-contacts.contact_channel_arn_name", "param": "Name", "required": true, "source": "external"}, {"entity": "ssm-contacts.type", "param": "Type", "required": true, "source": "internal"}, {"entity": "ssm-contacts.delivery_address", "param": "DeliveryAddress", "required": true, "source": "internal"}],
      "produces": [{"entity": "ssm-contacts.contact_channel_arn", "source": "output", "path": "ContactChannelArn"}],
      "notes": ""
    },
    "CreateRotation": {
      "kind": "write_create",
      "side_effect": true,
      "sdk": {"client": "ssm-contacts", "method": "create_rotation"},
      "consumes": [{"entity": "ssm-contacts.rotation_arn_name", "param": "Name", "required": true, "source": "external"}, {"entity": "ssm-contacts.contact_ids", "param": "ContactIds", "required": true, "source": "internal"}, {"entity": "ssm-contacts.timezone_id", "param": "TimeZoneId", "required": true, "source": "external"}, {"entity": "ssm-contacts.recurrence", "param": "Recurrence", "required": true, "source": "internal"}],
      "produces": [{"entity": "ssm-contacts.rotation_arn", "source": "output", "path": "RotationArn"}],
      "notes": ""
    },
    "CreateRotationOverride": {
      "kind": "write_create",
      "side_effect": true,
      "sdk": {"client": "ssm-contacts", "method": "create_rotation_override"},
      "consumes": [{"entity": "ssm-contacts.rotation_id", "param": "RotationId", "required": true, "source": "external"}, {"entity": "ssm-contacts.new_contact_ids", "param": "NewContactIds", "required": true, "source": "internal"}, {"entity": "ssm-contacts.start_time", "param": "StartTime", "required": true, "source": "internal"}, {"entity": "ssm-contacts.end_time", "param": "EndTime", "required": true, "source": "internal"}],
      "produces": [{"entity": "ssm-contacts.rotation_override_id", "source": "output", "path": "RotationOverrideId"}],
      "notes": ""
    },
    "DeactivateContactChannel": {
      "kind": "other",
      "side_effect": true,
      "sdk": {"client": "ssm-contacts", "method": "deactivate_contact_channel"},
      "consumes": [{"entity": "ssm-contacts.contactchannel_id", "param": "ContactChannelId", "required": true, "source": "external"}],
      "produces": [],
      "notes": ""
    },
    "DeleteContact": {
      "kind": "write_delete",
      "side_effect": true,
      "sdk": {"client": "ssm-contacts", "method": "delete_contact"},
      "consumes": [{"entity": "ssm-contacts.contact_id", "param": "ContactId", "required": true, "source": "external"}],
      "produces": [],
      "notes": ""
    },
    "DeleteContactChannel": {
      "kind": "write_delete",
      "side_effect": true,
      "sdk": {"client": "ssm-contacts", "method": "delete_contact_channel"},
      "consumes": [{"entity": "ssm-contacts.contactchannel_id", "param": "ContactChannelId", "required": true, "source": "external"}],
      "produces": [],
      "notes": ""
    },
    "DeleteRotation": {
      "kind": "write_delete",
      "side_effect": true,
      "sdk": {"client": "ssm-contacts", "method": "delete_rotation"},
      "consumes": [{"entity": "ssm-contacts.rotation_id", "param": "RotationId", "required": true, "source": "external"}],
      "produces": [],
      "notes": ""
    },
    "DeleteRotationOverride": {
      "kind": "write_delete",
      "side_effect": true,
      "sdk": {"client": "ssm-contacts", "method": "delete_rotation_override"},
      "consumes": [{"entity": "ssm-contacts.rotation_id", "param": "RotationId", "required": true, "source": "external"}, {"entity": "ssm-contacts.rotationoverre_id", "param": "RotationOverrideId", "required": true, "source": "external"}],
      "produces": [],
      "notes": ""
    },
    "DescribeEngagement": {
      "kind": "read_get",
      "side_effect": false,
      "sdk": {"client": "ssm-contacts", "method": "describe_engagement"},
      "consumes": [{"entity": "ssm-contacts.engagement_id", "param": "EngagementId", "required": true, "source": "external"}],
      "produces": [{"entity": "ssm-contacts.contact_arn", "source": "output", "path": "ContactArn"}, {"entity": "ssm-contacts.engagement_arn", "source": "output", "path": "EngagementArn"}, {"entity": "ssm-contacts.sender", "source": "output", "path": "Sender"}, {"entity": "ssm-contacts.subject", "source": "output", "path": "Subject"}, {"entity": "ssm-contacts.content", "source": "output", "path": "Content"}, {"entity": "ssm-contacts.public_subject", "source": "output", "path": "PublicSubject"}, {"entity": "ssm-contacts.public_content", "source": "output", "path": "PublicContent"}, {"entity": "ssm-contacts.incident_id", "source": "output", "path": "IncidentId"}, {"entity": "ssm-contacts.start_time", "source": "output", "path": "StartTime"}, {"entity": "ssm-contacts.stop_time", "source": "output", "path": "StopTime"}],
      "notes": ""
    },
    "DescribePage": {
      "kind": "read_get",
      "side_effect": false,
      "sdk": {"client": "ssm-contacts", "method": "describe_page"},
      "consumes": [{"entity": "ssm-contacts.page_id", "param": "PageId", "required": true, "source": "external"}],
      "produces": [{"entity": "ssm-contacts.page_arn", "source": "output", "path": "PageArn"}, {"entity": "ssm-contacts.engagement_arn", "source": "output", "path": "EngagementArn"}, {"entity": "ssm-contacts.contact_arn", "source": "output", "path": "ContactArn"}, {"entity": "ssm-contacts.sender", "source": "output", "path": "Sender"}, {"entity": "ssm-contacts.subject", "source": "output", "path": "Subject"}, {"entity": "ssm-contacts.content", "source": "output", "path": "Content"}, {"entity": "ssm-contacts.public_subject", "source": "output", "path": "PublicSubject"}, {"entity": "ssm-contacts.public_content", "source": "output", "path": "PublicContent"}, {"entity": "ssm-contacts.incident_id", "source": "output", "path": "IncidentId"}, {"entity": "ssm-contacts.sent_time", "source": "output", "path": "SentTime"}, {"entity": "ssm-contacts.read_time", "source": "output", "path": "ReadTime"}, {"entity": "ssm-contacts.delivery_time", "source": "output", "path": "DeliveryTime"}],
      "notes": ""
    },
    "GetContact": {
      "kind": "read_get",
      "side_effect": false,
      "sdk": {"client": "ssm-contacts", "method": "get_contact"},
      "consumes": [{"entity": "ssm-contacts.contact_id", "param": "ContactId", "required": true, "source": "external"}],
      "produces": [{"entity": "ssm-contacts.contact_arn", "source": "output", "path": "ContactArn"}, {"entity": "ssm-contacts.alias", "source": "output", "path": "Alias"}, {"entity": "ssm-contacts.display_name", "source": "output", "path": "DisplayName"}, {"entity": "ssm-contacts.type", "source": "output", "path": "Type"}, {"entity": "ssm-contacts.plan", "source": "output", "path": "Plan"}, {"entity": "ssm-contacts.plan_stages", "source": "item", "path": "Plan.Stages"}, {"entity": "ssm-contacts.plan_rotation_ids", "source": "item", "path": "Plan.RotationIds"}],
      "notes": ""
    },
    "GetContactChannel": {
      "kind": "read_get",
      "side_effect": false,
      "sdk": {"client": "ssm-contacts", "method": "get_contact_channel"},
      "consumes": [{"entity": "ssm-contacts.contactchannel_id", "param": "ContactChannelId", "required": true, "source": "external"}],
      "produces": [{"entity": "ssm-contacts.contact_arn", "source": "output", "path": "ContactArn"}, {"entity": "ssm-contacts.contact_channel_arn", "source": "output", "path": "ContactChannelArn"}, {"entity": "ssm-contacts.contact_channel_name", "source": "output", "path": "Name"}, {"entity": "ssm-contacts.type", "source": "output", "path": "Type"}, {"entity": "ssm-contacts.delivery_address", "source": "output", "path": "DeliveryAddress"}, {"entity": "ssm-contacts.activation_status", "source": "output", "path": "ActivationStatus"}, {"entity": "ssm-contacts.delivery_address_simple_address", "source": "item", "path": "DeliveryAddress.SimpleAddress"}],
      "notes": ""
    },
    "GetContactPolicy": {
      "kind": "read_get",
      "side_effect": false,
      "sdk": {"client": "ssm-contacts", "method": "get_contact_policy"},
      "consumes": [{"entity": "ssm-contacts.contact_arn", "param": "ContactArn", "required": true, "source": "internal"}],
      "produces": [{"entity": "ssm-contacts.contact_arn", "source": "output", "path": "ContactArn"}, {"entity": "ssm-contacts.policy", "source": "output", "path": "Policy"}],
      "notes": ""
    },
    "GetRotation": {
      "kind": "read_get",
      "side_effect": false,
      "sdk": {"client": "ssm-contacts", "method": "get_rotation"},
      "consumes": [{"entity": "ssm-contacts.rotation_id", "param": "RotationId", "required": true, "source": "external"}],
      "produces": [{"entity": "ssm-contacts.rotation_arn", "source": "output", "path": "RotationArn"}, {"entity": "ssm-contacts.rotation_name", "source": "output", "path": "Name"}, {"entity": "ssm-contacts.contact_ids", "source": "output", "path": "ContactIds"}, {"entity": "ssm-contacts.start_time", "source": "output", "path": "StartTime"}, {"entity": "ssm-contacts.time_zone_id", "source": "output", "path": "TimeZoneId"}, {"entity": "ssm-contacts.recurrence", "source": "output", "path": "Recurrence"}],
      "notes": ""
    },
    "GetRotationOverride": {
      "kind": "read_get",
      "side_effect": false,
      "sdk": {"client": "ssm-contacts", "method": "get_rotation_override"},
      "consumes": [{"entity": "ssm-contacts.rotation_id", "param": "RotationId", "required": true, "source": "external"}, {"entity": "ssm-contacts.rotationoverre_id", "param": "RotationOverrideId", "required": true, "source": "external"}],
      "produces": [{"entity": "ssm-contacts.rotation_override_id", "source": "output", "path": "RotationOverrideId"}, {"entity": "ssm-contacts.rotation_arn", "source": "output", "path": "RotationArn"}, {"entity": "ssm-contacts.new_contact_ids", "source": "output", "path": "NewContactIds"}, {"entity": "ssm-contacts.start_time", "source": "output", "path": "StartTime"}, {"entity": "ssm-contacts.end_time", "source": "output", "path": "EndTime"}, {"entity": "ssm-contacts.create_time", "source": "output", "path": "CreateTime"}],
      "notes": ""
    },
    "ListContactChannels": {
      "kind": "read_list",
      "side_effect": false,
      "sdk": {"client": "ssm-contacts", "method": "list_contact_channels"},
      "consumes": [{"entity": "ssm-contacts.contact_id", "param": "ContactId", "required": true, "source": "external"}],
      "produces": [{"entity": "ssm-contacts.next_token", "source": "output", "path": "NextToken"}, {"entity": "ssm-contacts.contact_channels", "source": "output", "path": "ContactChannels"}, {"entity": "ssm-contacts.contact_channel_arn", "source": "item", "path": "ContactChannels[].ContactChannelArn"}, {"entity": "ssm-contacts.contact_arn", "source": "item", "path": "ContactChannels[].ContactArn"}, {"entity": "ssm-contacts.contact_channel_name", "source": "item", "path": "ContactChannels[].Name"}, {"entity": "ssm-contacts.contact_channel_type", "source": "item", "path": "ContactChannels[].Type"}, {"entity": "ssm-contacts.contact_channel_delivery_address", "source": "item", "path": "ContactChannels[].DeliveryAddress"}, {"entity": "ssm-contacts.contact_channel_activation_status", "source": "item", "path": "ContactChannels[].ActivationStatus"}],
      "notes": ""
    },
    "ListPageReceipts": {
      "kind": "read_list",
      "side_effect": false,
      "sdk": {"client": "ssm-contacts", "method": "list_page_receipts"},
      "consumes": [{"entity": "ssm-contacts.page_id", "param": "PageId", "required": true, "source": "external"}],
      "produces": [{"entity": "ssm-contacts.next_token", "source": "output", "path": "NextToken"}, {"entity": "ssm-contacts.receipts", "source": "output", "path": "Receipts"}, {"entity": "ssm-contacts.contact_channel_arn", "source": "item", "path": "Receipts[].ContactChannelArn"}, {"entity": "ssm-contacts.receipt_type", "source": "item", "path": "Receipts[].ReceiptType"}, {"entity": "ssm-contacts.receipt_info", "source": "item", "path": "Receipts[].ReceiptInfo"}, {"entity": "ssm-contacts.receipt_time", "source": "item", "path": "Receipts[].ReceiptTime"}],
      "notes": ""
    },
    "ListPageResolutions": {
      "kind": "read_list",
      "side_effect": false,
      "sdk": {"client": "ssm-contacts", "method": "list_page_resolutions"},
      "consumes": [{"entity": "ssm-contacts.page_id", "param": "PageId", "required": true, "source": "external"}],
      "produces": [{"entity": "ssm-contacts.next_token", "source": "output", "path": "NextToken"}, {"entity": "ssm-contacts.page_resolutions", "source": "output", "path": "PageResolutions"}, {"entity": "ssm-contacts.contact_arn", "source": "item", "path": "PageResolutions[].ContactArn"}, {"entity": "ssm-contacts.page_resolution_type", "source": "item", "path": "PageResolutions[].Type"}, {"entity": "ssm-contacts.page_resolution_stage_index", "source": "item", "path": "PageResolutions[].StageIndex"}],
      "notes": ""
    },
    "ListPagesByContact": {
      "kind": "read_list",
      "side_effect": false,
      "sdk": {"client": "ssm-contacts", "method": "list_pages_by_contact"},
      "consumes": [{"entity": "ssm-contacts.contact_id", "param": "ContactId", "required": true, "source": "external"}],
      "produces": [{"entity": "ssm-contacts.next_token", "source": "output", "path": "NextToken"}, {"entity": "ssm-contacts.pages", "source": "output", "path": "Pages"}, {"entity": "ssm-contacts.pag_page_arn", "source": "item", "path": "Pages[].PageArn"}, {"entity": "ssm-contacts.engagement_arn", "source": "item", "path": "Pages[].EngagementArn"}, {"entity": "ssm-contacts.contact_arn", "source": "item", "path": "Pages[].ContactArn"}, {"entity": "ssm-contacts.pag_sender", "source": "item", "path": "Pages[].Sender"}, {"entity": "ssm-contacts.pag_incident_id", "source": "item", "path": "Pages[].IncidentId"}, {"entity": "ssm-contacts.pag_sent_time", "source": "item", "path": "Pages[].SentTime"}, {"entity": "ssm-contacts.pag_delivery_time", "source": "item", "path": "Pages[].DeliveryTime"}, {"entity": "ssm-contacts.pag_read_time", "source": "item", "path": "Pages[].ReadTime"}],
      "notes": ""
    },
    "ListPagesByEngagement": {
      "kind": "read_list",
      "side_effect": false,
      "sdk": {"client": "ssm-contacts", "method": "list_pages_by_engagement"},
      "consumes": [{"entity": "ssm-contacts.engagement_id", "param": "EngagementId", "required": true, "source": "external"}],
      "produces": [{"entity": "ssm-contacts.next_token", "source": "output", "path": "NextToken"}, {"entity": "ssm-contacts.pages", "source": "output", "path": "Pages"}, {"entity": "ssm-contacts.pag_page_arn", "source": "item", "path": "Pages[].PageArn"}, {"entity": "ssm-contacts.engagement_arn", "source": "item", "path": "Pages[].EngagementArn"}, {"entity": "ssm-contacts.contact_arn", "source": "item", "path": "Pages[].ContactArn"}, {"entity": "ssm-contacts.pag_sender", "source": "item", "path": "Pages[].Sender"}, {"entity": "ssm-contacts.pag_incident_id", "source": "item", "path": "Pages[].IncidentId"}, {"entity": "ssm-contacts.pag_sent_time", "source": "item", "path": "Pages[].SentTime"}, {"entity": "ssm-contacts.pag_delivery_time", "source": "item", "path": "Pages[].DeliveryTime"}, {"entity": "ssm-contacts.pag_read_time", "source": "item", "path": "Pages[].ReadTime"}],
      "notes": ""
    },
    "ListPreviewRotationShifts": {
      "kind": "read_list",
      "side_effect": false,
      "sdk": {"client": "ssm-contacts", "method": "list_preview_rotation_shifts"},
      "consumes": [{"entity": "ssm-contacts.end_time", "param": "EndTime", "required": true, "source": "internal"}, {"entity": "ssm-contacts.members", "param": "Members", "required": true, "source": "external"}, {"entity": "ssm-contacts.timezone_id", "param": "TimeZoneId", "required": true, "source": "external"}, {"entity": "ssm-contacts.recurrence", "param": "Recurrence", "required": true, "source": "internal"}],
      "produces": [{"entity": "ssm-contacts.rotation_shifts", "source": "output", "path": "RotationShifts"}, {"entity": "ssm-contacts.next_token", "source": "output", "path": "NextToken"}, {"entity": "ssm-contacts.rotation_shift_contact_ids", "source": "item", "path": "RotationShifts[].ContactIds"}, {"entity": "ssm-contacts.rotation_shift_start_time", "source": "item", "path": "RotationShifts[].StartTime"}, {"entity": "ssm-contacts.rotation_shift_end_time", "source": "item", "path": "RotationShifts[].EndTime"}, {"entity": "ssm-contacts.rotation_shift_type", "source": "item", "path": "RotationShifts[].Type"}, {"entity": "ssm-contacts.rotation_shift_shift_details", "source": "item", "path": "RotationShifts[].ShiftDetails"}],
      "notes": ""
    },
    "ListRotationOverrides": {
      "kind": "read_list",
      "side_effect": false,
      "sdk": {"client": "ssm-contacts", "method": "list_rotation_overrides"},
      "consumes": [{"entity": "ssm-contacts.rotation_id", "param": "RotationId", "required": true, "source": "external"}, {"entity": "ssm-contacts.start_time", "param": "StartTime", "required": true, "source": "internal"}, {"entity": "ssm-contacts.end_time", "param": "EndTime", "required": true, "source": "internal"}],
      "produces": [{"entity": "ssm-contacts.rotation_overrides", "source": "output", "path": "RotationOverrides"}, {"entity": "ssm-contacts.next_token", "source": "output", "path": "NextToken"}, {"entity": "ssm-contacts.rotation_override_id", "source": "item", "path": "RotationOverrides[].RotationOverrideId"}, {"entity": "ssm-contacts.rotation_overrid_new_contact_ids", "source": "item", "path": "RotationOverrides[].NewContactIds"}, {"entity": "ssm-contacts.rotation_overrid_start_time", "source": "item", "path": "RotationOverrides[].StartTime"}, {"entity": "ssm-contacts.rotation_overrid_end_time", "source": "item", "path": "RotationOverrides[].EndTime"}, {"entity": "ssm-contacts.rotation_overrid_create_time", "source": "item", "path": "RotationOverrides[].CreateTime"}],
      "notes": ""
    },
    "ListRotationShifts": {
      "kind": "read_list",
      "side_effect": false,
      "sdk": {"client": "ssm-contacts", "method": "list_rotation_shifts"},
      "consumes": [{"entity": "ssm-contacts.rotation_id", "param": "RotationId", "required": true, "source": "external"}, {"entity": "ssm-contacts.end_time", "param": "EndTime", "required": true, "source": "internal"}],
      "produces": [{"entity": "ssm-contacts.rotation_shifts", "source": "output", "path": "RotationShifts"}, {"entity": "ssm-contacts.next_token", "source": "output", "path": "NextToken"}, {"entity": "ssm-contacts.rotation_shift_contact_ids", "source": "item", "path": "RotationShifts[].ContactIds"}, {"entity": "ssm-contacts.rotation_shift_start_time", "source": "item", "path": "RotationShifts[].StartTime"}, {"entity": "ssm-contacts.rotation_shift_end_time", "source": "item", "path": "RotationShifts[].EndTime"}, {"entity": "ssm-contacts.rotation_shift_type", "source": "item", "path": "RotationShifts[].Type"}, {"entity": "ssm-contacts.rotation_shift_shift_details", "source": "item", "path": "RotationShifts[].ShiftDetails"}],
      "notes": ""
    },
    "ListTagsForResource": {
      "kind": "read_list",
      "side_effect": false,
      "sdk": {"client": "ssm-contacts", "method": "list_tags_for_resource"},
      "consumes": [{"entity": "ssm-contacts.resource_arn", "param": "ResourceARN", "required": true, "source": "external"}],
      "produces": [{"entity": "ssm-contacts.tags", "source": "output", "path": "Tags"}, {"entity": "ssm-contacts.tag_key", "source": "item", "path": "Tags[].Key"}, {"entity": "ssm-contacts.tag_value", "source": "item", "path": "Tags[].Value"}],
      "notes": ""
    },
    "PutContactPolicy": {
      "kind": "write_update",
      "side_effect": true,
      "sdk": {"client": "ssm-contacts", "method": "put_contact_policy"},
      "consumes": [{"entity": "ssm-contacts.contact_arn", "param": "ContactArn", "required": true, "source": "internal"}, {"entity": "ssm-contacts.policy", "param": "Policy", "required": true, "source": "internal"}],
      "produces": [],
      "notes": ""
    },
    "SendActivationCode": {
      "kind": "other",
      "side_effect": true,
      "sdk": {"client": "ssm-contacts", "method": "send_activation_code"},
      "consumes": [{"entity": "ssm-contacts.contactchannel_id", "param": "ContactChannelId", "required": true, "source": "external"}],
      "produces": [],
      "notes": ""
    },
    "StartEngagement": {
      "kind": "write_create",
      "side_effect": true,
      "sdk": {"client": "ssm-contacts", "method": "start_engagement"},
      "consumes": [{"entity": "ssm-contacts.contact_id", "param": "ContactId", "required": true, "source": "external"}, {"entity": "ssm-contacts.sender", "param": "Sender", "required": true, "source": "internal"}, {"entity": "ssm-contacts.subject", "param": "Subject", "required": true, "source": "internal"}, {"entity": "ssm-contacts.content", "param": "Content", "required": true, "source": "internal"}],
      "produces": [{"entity": "ssm-contacts.engagement_arn", "source": "output", "path": "EngagementArn"}],
      "notes": ""
    },
    "StopEngagement": {
      "kind": "other",
      "side_effect": true,
      "sdk": {"client": "ssm-contacts", "method": "stop_engagement"},
      "consumes": [{"entity": "ssm-contacts.engagement_id", "param": "EngagementId", "required": true, "source": "external"}],
      "produces": [],
      "notes": ""
    },
    "TagResource": {
      "kind": "write_apply",
      "side_effect": true,
      "sdk": {"client": "ssm-contacts", "method": "tag_resource"},
      "consumes": [{"entity": "ssm-contacts.resource_arn", "param": "ResourceARN", "required": true, "source": "external"}, {"entity": "ssm-contacts.tags", "param": "Tags", "required": true, "source": "internal"}],
      "produces": [],
      "notes": ""
    },
    "UntagResource": {
      "kind": "write_delete",
      "side_effect": true,
      "sdk": {"client": "ssm-contacts", "method": "untag_resource"},
      "consumes": [{"entity": "ssm-contacts.resource_arn", "param": "ResourceARN", "required": true, "source": "external"}, {"entity": "ssm-contacts.tag_keys", "param": "TagKeys", "required": true, "source": "external"}],
      "produces": [],
      "notes": ""
    },
    "UpdateContact": {
      "kind": "write_update",
      "side_effect": true,
      "sdk": {"client": "ssm-contacts", "method": "update_contact"},
      "consumes": [{"entity": "ssm-contacts.contact_id", "param": "ContactId", "required": true, "source": "external"}],
      "produces": [],
      "notes": ""
    },
    "UpdateContactChannel": {
      "kind": "write_update",
      "side_effect": true,
      "sdk": {"client": "ssm-contacts", "method": "update_contact_channel"},
      "consumes": [{"entity": "ssm-contacts.contactchannel_id", "param": "ContactChannelId", "required": true, "source": "external"}],
      "produces": [],
      "notes": ""
    },
    "UpdateRotation": {
      "kind": "write_update",
      "side_effect": true,
      "sdk": {"client": "ssm-contacts", "method": "update_rotation"},
      "consumes": [{"entity": "ssm-contacts.rotation_id", "param": "RotationId", "required": true, "source": "external"}, {"entity": "ssm-contacts.recurrence", "param": "Recurrence", "required": true, "source": "internal"}],
      "produces": [],
      "notes": ""
    }
  }
}