{
  "service": "networkflowmonitor",
  "op_consumes": {
    "ListMonitors": [],
    "ListScopes": [],
    "CreateMonitor": ["networkflowmonitor.monitor_name", "networkflowmonitor.local_resources", "networkflowmonitor.scope_arn"],
    "CreateScope": ["networkflowmonitor.targets"],
    "DeleteMonitor": ["networkflowmonitor.monitor_name"],
    "DeleteScope": ["networkflowmonitor.scope_id"],
    "GetMonitor": ["networkflowmonitor.monitor_name"],
    "GetQueryResultsMonitorTopContributors": ["networkflowmonitor.monitor_name", "networkflowmonitor.query_id"],
    "GetQueryResultsWorkloadInsightsTopContributors": ["networkflowmonitor.scope_id", "networkflowmonitor.query_id"],
    "GetQueryResultsWorkloadInsightsTopContributorsData": ["networkflowmonitor.scope_id", "networkflowmonitor.query_id"],
    "GetQueryStatusMonitorTopContributors": ["networkflowmonitor.monitor_name", "networkflowmonitor.query_id"],
    "GetQueryStatusWorkloadInsightsTopContributors": ["networkflowmonitor.scope_id", "networkflowmonitor.query_id"],
    "GetQueryStatusWorkloadInsightsTopContributorsData": ["networkflowmonitor.scope_id", "networkflowmonitor.query_id"],
    "GetScope": ["networkflowmonitor.scope_id"],
    "ListTagsForResource": ["networkflowmonitor.resource_arn"],
    "StartQueryMonitorTopContributors": ["networkflowmonitor.destination_category", "networkflowmonitor.start_time", "networkflowmonitor.monitor_name", "networkflowmonitor.metric_name", "networkflowmonitor.end_time"],
    "StartQueryWorkloadInsightsTopContributors": ["networkflowmonitor.destination_category", "networkflowmonitor.start_time", "networkflowmonitor.scope_id", "networkflowmonitor.metric_name", "networkflowmonitor.end_time"],
    "StartQueryWorkloadInsightsTopContributorsData": ["networkflowmonitor.destination_category", "networkflowmonitor.start_time", "networkflowmonitor.scope_id", "networkflowmonitor.metric_name", "networkflowmonitor.end_time"],
    "StopQueryMonitorTopContributors": ["networkflowmonitor.monitor_name", "networkflowmonitor.query_id"],
    "StopQueryWorkloadInsightsTopContributors": ["networkflowmonitor.scope_id", "networkflowmonitor.query_id"],
    "StopQueryWorkloadInsightsTopContributorsData": ["networkflowmonitor.scope_id", "networkflowmonitor.query_id"],
    "TagResource": ["networkflowmonitor.tags", "networkflowmonitor.resource_arn"],
    "UntagResource": ["networkflowmonitor.resource_arn", "networkflowmonitor.tag_keys"],
    "UpdateMonitor": ["networkflowmonitor.monitor_name"],
    "UpdateScope": ["networkflowmonitor.scope_id"]
  },
  "op_produces": {
    "ListMonitors": ["networkflowmonitor.next_token", "networkflowmonitor.monitor_name", "networkflowmonitor.monitor_status", "networkflowmonitor.monitors", "networkflowmonitor.monitor_arn"],
    "ListScopes": ["networkflowmonitor.scope_arn", "networkflowmonitor.scopes", "networkflowmonitor.next_token", "networkflowmonitor.scop_status", "networkflowmonitor.scope_id"],
    "CreateMonitor": ["networkflowmonitor.local_resourc_identifier", "networkflowmonitor.created_at", "networkflowmonitor.local_resources", "networkflowmonitor.remote_resources", "networkflowmonitor.modified_at", "networkflowmonitor.monitor_status", "networkflowmonitor.monitor_name", "networkflowmonitor.tags", "networkflowmonitor.local_resourc_type", "networkflowmonitor.monitor_arn"],
    "CreateScope": ["networkflowmonitor.scope_id", "networkflowmonitor.tags", "networkflowmonitor.scope_arn", "networkflowmonitor.scope_status"],
    "DeleteMonitor": [],
    "DeleteScope": [],
    "GetMonitor": ["networkflowmonitor.local_resourc_identifier", "networkflowmonitor.created_at", "networkflowmonitor.local_resources", "networkflowmonitor.remote_resources", "networkflowmonitor.modified_at", "networkflowmonitor.monitor_status", "networkflowmonitor.monitor_name", "networkflowmonitor.tags", "networkflowmonitor.local_resourc_type", "networkflowmonitor.monitor_arn"],
    "GetQueryResultsMonitorTopContributors": ["networkflowmonitor.top_contributor_remote_az", "networkflowmonitor.top_contributor_value", "networkflowmonitor.top_contributor_remote_subnet_id", "networkflowmonitor.top_contributor_remote_instance_arn", "networkflowmonitor.top_contributor_local_instance_id", "networkflowmonitor.top_contributor_remote_vpc_id", "networkflowmonitor.top_contributor_local_subnet_arn", "networkflowmonitor.top_contributor_snat_ip", "networkflowmonitor.top_contributor_local_subnet_id", "networkflowmonitor.next_token", "networkflowmonitor.top_contributor_local_region", "networkflowmonitor.top_contributor_remote_subnet_arn", "networkflowmonitor.top_contributor_remote_region", "networkflowmonitor.top_contributor_local_vpc_arn", "networkflowmonitor.top_contributor_local_ip", "networkflowmonitor.top_contributor_remote_instance_id", "networkflowmonitor.top_contributor_local_az", "networkflowmonitor.top_contributors", "networkflowmonitor.top_contributor_traversed_constructs", "networkflowmonitor.top_contributor_local_vpc_id", "networkflowmonitor.top_contributor_target_port", "networkflowmonitor.top_contributor_kubernetes_metadata", "networkflowmonitor.top_contributor_remote_ip", "networkflowmonitor.top_contributor_dnat_ip", "networkflowmonitor.top_contributor_destination_category", "networkflowmonitor.top_contributor_local_instance_arn", "networkflowmonitor.unit", "networkflowmonitor.top_contributor_remote_vpc_arn"],
    "GetQueryResultsWorkloadInsightsTopContributors": ["networkflowmonitor.top_contributor_local_vpc_arn", "networkflowmonitor.top_contributor_local_subnet_arn", "networkflowmonitor.top_contributor_local_subnet_id", "networkflowmonitor.top_contributor_account_id", "networkflowmonitor.top_contributor_local_az", "networkflowmonitor.top_contributors", "networkflowmonitor.top_contributor_value", "networkflowmonitor.next_token", "networkflowmonitor.top_contributor_local_region", "networkflowmonitor.top_contributor_remote_identifier", "networkflowmonitor.top_contributor_local_vpc_id"],
    "GetQueryResultsWorkloadInsightsTopContributorsData": ["networkflowmonitor.datapoints", "networkflowmonitor.datapoint_timestamps", "networkflowmonitor.next_token", "networkflowmonitor.datapoint_values", "networkflowmonitor.datapoint_label", "networkflowmonitor.unit"],
    "GetQueryStatusMonitorTopContributors": ["networkflowmonitor.query_status_monitor_top_contributor_status"],
    "GetQueryStatusWorkloadInsightsTopContributors": ["networkflowmonitor.query_status_workload_insights_top_contributor_status"],
    "GetQueryStatusWorkloadInsightsTopContributorsData": ["networkflowmonitor.query_status_workload_insights_top_contributors_data_status"],
    "GetScope": ["networkflowmonitor.target_region", "networkflowmonitor.scope_status", "networkflowmonitor.scope_arn", "networkflowmonitor.targets", "networkflowmonitor.tags", "networkflowmonitor.target_identifier", "networkflowmonitor.scope_id"],
    "ListTagsForResource": ["networkflowmonitor.tags"],
    "StartQueryMonitorTopContributors": ["networkflowmonitor.query_id"],
    "StartQueryWorkloadInsightsTopContributors": ["networkflowmonitor.query_id"],
    "StartQueryWorkloadInsightsTopContributorsData": ["networkflowmonitor.query_id"],
    "StopQueryMonitorTopContributors": [],
    "StopQueryWorkloadInsightsTopContributors": [],
    "StopQueryWorkloadInsightsTopContributorsData": [],
    "TagResource": [],
    "UntagResource": [],
    "UpdateMonitor": ["networkflowmonitor.local_resourc_identifier", "networkflowmonitor.created_at", "networkflowmonitor.local_resources", "networkflowmonitor.remote_resources", "networkflowmonitor.modified_at", "networkflowmonitor.monitor_status", "networkflowmonitor.monitor_name", "networkflowmonitor.tags", "networkflowmonitor.local_resourc_type", "networkflowmonitor.monitor_arn"],
    "UpdateScope": ["networkflowmonitor.scope_id", "networkflowmonitor.tags", "networkflowmonitor.scope_arn", "networkflowmonitor.scope_status"]
  },
  "entity_producers": {
    "networkflowmonitor.monitors": ["ListMonitors"],
    "networkflowmonitor.next_token": ["ListMonitors", "GetQueryResultsWorkloadInsightsTopContributors", "GetQueryResultsWorkloadInsightsTopContributorsData", "GetQueryResultsMonitorTopContributors", "ListScopes"],
    "networkflowmonitor.monitor_arn": ["UpdateMonitor", "ListMonitors", "CreateMonitor", "GetMonitor"],
    "networkflowmonitor.monitor_name": ["UpdateMonitor", "ListMonitors", "CreateMonitor", "GetMonitor"],
    "networkflowmonitor.monitor_status": ["UpdateMonitor", "ListMonitors", "CreateMonitor", "GetMonitor"],
    "networkflowmonitor.scopes": ["ListScopes"],
    "networkflowmonitor.scope_id": ["UpdateScope", "GetScope", "CreateScope", "ListScopes"],
    "networkflowmonitor.scop_status": ["ListScopes"],
    "networkflowmonitor.scope_arn": ["UpdateScope", "GetScope", "CreateScope", "ListScopes"],
    "networkflowmonitor.local_resources": ["UpdateMonitor", "CreateMonitor", "GetMonitor"],
    "networkflowmonitor.remote_resources": ["UpdateMonitor", "CreateMonitor", "GetMonitor"],
    "networkflowmonitor.created_at": ["UpdateMonitor", "CreateMonitor", "GetMonitor"],
    "networkflowmonitor.modified_at": ["UpdateMonitor", "CreateMonitor", "GetMonitor"],
    "networkflowmonitor.tags": ["ListTagsForResource", "GetScope", "UpdateScope", "CreateScope", "UpdateMonitor", "CreateMonitor", "GetMonitor"],
    "networkflowmonitor.local_resourc_type": ["UpdateMonitor", "CreateMonitor", "GetMonitor"],
    "networkflowmonitor.local_resourc_identifier": ["UpdateMonitor", "CreateMonitor", "GetMonitor"],
    "networkflowmonitor.scope_status": ["UpdateScope", "GetScope", "CreateScope"],
    "networkflowmonitor.unit": ["GetQueryResultsMonitorTopContributors", "GetQueryResultsWorkloadInsightsTopContributorsData"],
    "networkflowmonitor.top_contributors": ["GetQueryResultsMonitorTopContributors", "GetQueryResultsWorkloadInsightsTopContributors"],
    "networkflowmonitor.top_contributor_local_ip": ["GetQueryResultsMonitorTopContributors"],
    "networkflowmonitor.top_contributor_snat_ip": ["GetQueryResultsMonitorTopContributors"],
    "networkflowmonitor.top_contributor_local_instance_id": ["GetQueryResultsMonitorTopContributors"],
    "networkflowmonitor.top_contributor_local_vpc_id": ["GetQueryResultsMonitorTopContributors", "GetQueryResultsWorkloadInsightsTopContributors"],
    "networkflowmonitor.top_contributor_local_region": ["GetQueryResultsMonitorTopContributors", "GetQueryResultsWorkloadInsightsTopContributors"],
    "networkflowmonitor.top_contributor_local_az": ["GetQueryResultsMonitorTopContributors", "GetQueryResultsWorkloadInsightsTopContributors"],
    "networkflowmonitor.top_contributor_local_subnet_id": ["GetQueryResultsMonitorTopContributors", "GetQueryResultsWorkloadInsightsTopContributors"],
    "networkflowmonitor.top_contributor_target_port": ["GetQueryResultsMonitorTopContributors"],
    "networkflowmonitor.top_contributor_destination_category": ["GetQueryResultsMonitorTopContributors"],
    "networkflowmonitor.top_contributor_remote_vpc_id": ["GetQueryResultsMonitorTopContributors"],
    "networkflowmonitor.top_contributor_remote_region": ["GetQueryResultsMonitorTopContributors"],
    "networkflowmonitor.top_contributor_remote_az": ["GetQueryResultsMonitorTopContributors"],
    "networkflowmonitor.top_contributor_remote_subnet_id": ["GetQueryResultsMonitorTopContributors"],
    "networkflowmonitor.top_contributor_remote_instance_id": ["GetQueryResultsMonitorTopContributors"],
    "networkflowmonitor.top_contributor_remote_ip": ["GetQueryResultsMonitorTopContributors"],
    "networkflowmonitor.top_contributor_dnat_ip": ["GetQueryResultsMonitorTopContributors"],
    "networkflowmonitor.top_contributor_value": ["GetQueryResultsMonitorTopContributors", "GetQueryResultsWorkloadInsightsTopContributors"],
    "networkflowmonitor.top_contributor_traversed_constructs": ["GetQueryResultsMonitorTopContributors"],
    "networkflowmonitor.top_contributor_kubernetes_metadata": ["GetQueryResultsMonitorTopContributors"],
    "networkflowmonitor.top_contributor_local_instance_arn": ["GetQueryResultsMonitorTopContributors"],
    "networkflowmonitor.top_contributor_local_subnet_arn": ["GetQueryResultsMonitorTopContributors", "GetQueryResultsWorkloadInsightsTopContributors"],
    "networkflowmonitor.top_contributor_local_vpc_arn": ["GetQueryResultsMonitorTopContributors", "GetQueryResultsWorkloadInsightsTopContributors"],
    "networkflowmonitor.top_contributor_remote_instance_arn": ["GetQueryResultsMonitorTopContributors"],
    "networkflowmonitor.top_contributor_remote_subnet_arn": ["GetQueryResultsMonitorTopContributors"],
    "networkflowmonitor.top_contributor_remote_vpc_arn": ["GetQueryResultsMonitorTopContributors"],
    "networkflowmonitor.top_contributor_account_id": ["GetQueryResultsWorkloadInsightsTopContributors"],
    "networkflowmonitor.top_contributor_remote_identifier": ["GetQueryResultsWorkloadInsightsTopContributors"],
    "networkflowmonitor.datapoints": ["GetQueryResultsWorkloadInsightsTopContributorsData"],
    "networkflowmonitor.datapoint_timestamps": ["GetQueryResultsWorkloadInsightsTopContributorsData"],
    "networkflowmonitor.datapoint_values": ["GetQueryResultsWorkloadInsightsTopContributorsData"],
    "networkflowmonitor.datapoint_label": ["GetQueryResultsWorkloadInsightsTopContributorsData"],
    "networkflowmonitor.query_status_monitor_top_contributor_status": ["GetQueryStatusMonitorTopContributors"],
    "networkflowmonitor.query_status_workload_insights_top_contributor_status": ["GetQueryStatusWorkloadInsightsTopContributors"],
    "networkflowmonitor.query_status_workload_insights_top_contributors_data_status": ["GetQueryStatusWorkloadInsightsTopContributorsData"],
    "networkflowmonitor.targets": ["GetScope"],
    "networkflowmonitor.target_identifier": ["GetScope"],
    "networkflowmonitor.target_region": ["GetScope"],
    "networkflowmonitor.query_id": ["StartQueryMonitorTopContributors", "StartQueryWorkloadInsightsTopContributorsData", "StartQueryWorkloadInsightsTopContributors"]
  },
  "entity_consumers": {
    "networkflowmonitor.monitor_name": ["DeleteMonitor", "StartQueryMonitorTopContributors", "StopQueryMonitorTopContributors", "GetQueryResultsMonitorTopContributors", "UpdateMonitor", "GetQueryStatusMonitorTopContributors", "CreateMonitor", "GetMonitor"],
    "networkflowmonitor.local_resources": ["CreateMonitor"],
    "networkflowmonitor.scope_arn": ["CreateMonitor"],
    "networkflowmonitor.targets": ["CreateScope"],
    "networkflowmonitor.scope_id": ["DeleteScope", "GetQueryResultsWorkloadInsightsTopContributors", "GetQueryStatusWorkloadInsightsTopContributorsData", "GetScope", "GetQueryResultsWorkloadInsightsTopContributorsData", "StartQueryWorkloadInsightsTopContributors", "StopQueryWorkloadInsightsTopContributorsData", "UpdateScope", "StopQueryWorkloadInsightsTopContributors", "StartQueryWorkloadInsightsTopContributorsData", "GetQueryStatusWorkloadInsightsTopContributors"],
    "networkflowmonitor.query_id": ["StopQueryMonitorTopContributors", "GetQueryResultsWorkloadInsightsTopContributors", "GetQueryStatusWorkloadInsightsTopContributorsData", "GetQueryResultsWorkloadInsightsTopContributorsData", "StopQueryWorkloadInsightsTopContributorsData", "GetQueryResultsMonitorTopContributors", "StopQueryWorkloadInsightsTopContributors", "GetQueryStatusMonitorTopContributors", "GetQueryStatusWorkloadInsightsTopContributors"],
    "networkflowmonitor.resource_arn": ["UntagResource", "TagResource", "ListTagsForResource"],
    "networkflowmonitor.start_time": ["StartQueryMonitorTopContributors", "StartQueryWorkloadInsightsTopContributorsData", "StartQueryWorkloadInsightsTopContributors"],
    "networkflowmonitor.end_time": ["StartQueryMonitorTopContributors", "StartQueryWorkloadInsightsTopContributorsData", "StartQueryWorkloadInsightsTopContributors"],
    "networkflowmonitor.metric_name": ["StartQueryMonitorTopContributors", "StartQueryWorkloadInsightsTopContributorsData", "StartQueryWorkloadInsightsTopContributors"],
    "networkflowmonitor.destination_category": ["StartQueryMonitorTopContributors", "StartQueryWorkloadInsightsTopContributorsData", "StartQueryWorkloadInsightsTopContributors"],
    "networkflowmonitor.tags": ["TagResource"],
    "networkflowmonitor.tag_keys": ["UntagResource"]
  },
  "external_entities": ["networkflowmonitor.destination_category", "networkflowmonitor.end_time", "networkflowmonitor.metric_name", "networkflowmonitor.resource_arn", "networkflowmonitor.start_time", "networkflowmonitor.tag_keys"]
}