{
  "service": "networkflowmonitor",
  "issues": {
    "generic_entities": {},
    "ambiguous_tokens": {
      "status": [
        {
          "mapping": "ListScopes.scopes[].status -> networkflowmonitor.scop_status",
          "evidence": "ListScopes.scopes[].status",
          "entity": "networkflowmonitor.scop_status"
        },
        {
          "mapping": "CreateScope.status -> networkflowmonitor.scope_status",
          "evidence": "CreateScope.status",
          "entity": "networkflowmonitor.scope_status"
        },
        {
          "mapping": "GetQueryStatusMonitorTopContributors.status -> networkflowmonitor.query_status_monitor_top_contributor_status",
          "evidence": "GetQueryStatusMonitorTopContributors.status",
          "entity": "networkflowmonitor.query_status_monitor_top_contributor_status"
        },
        {
          "mapping": "GetQueryStatusWorkloadInsightsTopContributors.status -> networkflowmonitor.query_status_workload_insights_top_contributor_status",
          "evidence": "GetQueryStatusWorkloadInsightsTopContributors.status",
          "entity": "networkflowmonitor.query_status_workload_insights_top_contributor_status"
        },
        {
          "mapping": "GetQueryStatusWorkloadInsightsTopContributorsData.status -> networkflowmonitor.query_status_workload_insights_top_contributors_data_status",
          "evidence": "GetQueryStatusWorkloadInsightsTopContributorsData.status",
          "entity": "networkflowmonitor.query_status_workload_insights_top_contributors_data_status"
        },
        {
          "mapping": "GetScope.status -> networkflowmonitor.scope_status",
          "evidence": "GetScope.status",
          "entity": "networkflowmonitor.scope_status"
        },
        {
          "mapping": "UpdateScope.status -> networkflowmonitor.scope_status",
          "evidence": "UpdateScope.status",
          "entity": "networkflowmonitor.scope_status"
        }
      ]
    },
    "unresolved_consumes": [],
    "suspicious_paths": []
  },
  "alias_candidates_not_applied": [],
  "suggested_overrides": [
    {
      "operation": "CreateMonitor",
      "type": "produces",
      "key": "monitorArn",
      "suggested_entity": "networkflowmonitor.scope_arn",
      "confidence": "MEDIUM",
      "reason": "Param 'scopeArn' and output field 'monitorArn' match but map to different entities. Suggest unifying to consume entity."
    },
    {
      "operation": "GetQueryResultsMonitorTopContributors",
      "type": "produces",
      "key": "topContributors.localInstanceId",
      "suggested_entity": "networkflowmonitor.query_id",
      "confidence": "MEDIUM",
      "reason": "Param 'queryId' and output field 'localInstanceId' match but map to different entities. Suggest unifying to consume entity."
    },
    {
      "operation": "GetQueryResultsMonitorTopContributors",
      "type": "produces",
      "key": "topContributors.localVpcId",
      "suggested_entity": "networkflowmonitor.query_id",
      "confidence": "MEDIUM",
      "reason": "Param 'queryId' and output field 'localVpcId' match but map to different entities. Suggest unifying to consume entity."
    },
    {
      "operation": "GetQueryResultsMonitorTopContributors",
      "type": "produces",
      "key": "topContributors.localSubnetId",
      "suggested_entity": "networkflowmonitor.query_id",
      "confidence": "MEDIUM",
      "reason": "Param 'queryId' and output field 'localSubnetId' match but map to different entities. Suggest unifying to consume entity."
    },
    {
      "operation": "GetQueryResultsMonitorTopContributors",
      "type": "produces",
      "key": "topContributors.remoteVpcId",
      "suggested_entity": "networkflowmonitor.query_id",
      "confidence": "MEDIUM",
      "reason": "Param 'queryId' and output field 'remoteVpcId' match but map to different entities. Suggest unifying to consume entity."
    },
    {
      "operation": "GetQueryResultsMonitorTopContributors",
      "type": "produces",
      "key": "topContributors.remoteSubnetId",
      "suggested_entity": "networkflowmonitor.query_id",
      "confidence": "MEDIUM",
      "reason": "Param 'queryId' and output field 'remoteSubnetId' match but map to different entities. Suggest unifying to consume entity."
    },
    {
      "operation": "GetQueryResultsMonitorTopContributors",
      "type": "produces",
      "key": "topContributors.remoteInstanceId",
      "suggested_entity": "networkflowmonitor.query_id",
      "confidence": "MEDIUM",
      "reason": "Param 'queryId' and output field 'remoteInstanceId' match but map to different entities. Suggest unifying to consume entity."
    },
    {
      "operation": "GetQueryResultsWorkloadInsightsTopContributors",
      "type": "produces",
      "key": "topContributors.accountId",
      "suggested_entity": "networkflowmonitor.scope_id",
      "confidence": "MEDIUM",
      "reason": "Param 'scopeId' and output field 'accountId' match but map to different entities. Suggest unifying to consume entity."
    },
    {
      "operation": "GetQueryResultsWorkloadInsightsTopContributors",
      "type": "produces",
      "key": "topContributors.localSubnetId",
      "suggested_entity": "networkflowmonitor.scope_id",
      "confidence": "MEDIUM",
      "reason": "Param 'scopeId' and output field 'localSubnetId' match but map to different entities. Suggest unifying to consume entity."
    },
    {
      "operation": "GetQueryResultsWorkloadInsightsTopContributors",
      "type": "produces",
      "key": "topContributors.localVpcId",
      "suggested_entity": "networkflowmonitor.scope_id",
      "confidence": "MEDIUM",
      "reason": "Param 'scopeId' and output field 'localVpcId' match but map to different entities. Suggest unifying to consume entity."
    },
    {
      "operation": "GetQueryResultsWorkloadInsightsTopContributors",
      "type": "produces",
      "key": "topContributors.accountId",
      "suggested_entity": "networkflowmonitor.query_id",
      "confidence": "MEDIUM",
      "reason": "Param 'queryId' and output field 'accountId' match but map to different entities. Suggest unifying to consume entity."
    },
    {
      "operation": "GetQueryResultsWorkloadInsightsTopContributors",
      "type": "produces",
      "key": "topContributors.localSubnetId",
      "suggested_entity": "networkflowmonitor.query_id",
      "confidence": "MEDIUM",
      "reason": "Param 'queryId' and output field 'localSubnetId' match but map to different entities. Suggest unifying to consume entity."
    },
    {
      "operation": "GetQueryResultsWorkloadInsightsTopContributors",
      "type": "produces",
      "key": "topContributors.localVpcId",
      "suggested_entity": "networkflowmonitor.query_id",
      "confidence": "MEDIUM",
      "reason": "Param 'queryId' and output field 'localVpcId' match but map to different entities. Suggest unifying to consume entity."
    },
    {
      "operation": "StartQueryWorkloadInsightsTopContributors",
      "type": "produces",
      "key": "queryId",
      "suggested_entity": "networkflowmonitor.scope_id",
      "confidence": "MEDIUM",
      "reason": "Param 'scopeId' and output field 'queryId' match but map to different entities. Suggest unifying to consume entity."
    },
    {
      "operation": "StartQueryWorkloadInsightsTopContributorsData",
      "type": "produces",
      "key": "queryId",
      "suggested_entity": "networkflowmonitor.scope_id",
      "confidence": "MEDIUM",
      "reason": "Param 'scopeId' and output field 'queryId' match but map to different entities. Suggest unifying to consume entity."
    }
  ],
  "unresolved_items": [
    {
      "mapping": "ListScopes.scopes[].status -> networkflowmonitor.scop_status",
      "evidence": "ListScopes.scopes[].status",
      "entity": "networkflowmonitor.scop_status"
    },
    {
      "mapping": "CreateScope.status -> networkflowmonitor.scope_status",
      "evidence": "CreateScope.status",
      "entity": "networkflowmonitor.scope_status"
    },
    {
      "mapping": "GetQueryStatusMonitorTopContributors.status -> networkflowmonitor.query_status_monitor_top_contributor_status",
      "evidence": "GetQueryStatusMonitorTopContributors.status",
      "entity": "networkflowmonitor.query_status_monitor_top_contributor_status"
    },
    {
      "mapping": "GetQueryStatusWorkloadInsightsTopContributors.status -> networkflowmonitor.query_status_workload_insights_top_contributor_status",
      "evidence": "GetQueryStatusWorkloadInsightsTopContributors.status",
      "entity": "networkflowmonitor.query_status_workload_insights_top_contributor_status"
    },
    {
      "mapping": "GetQueryStatusWorkloadInsightsTopContributorsData.status -> networkflowmonitor.query_status_workload_insights_top_contributors_data_status",
      "evidence": "GetQueryStatusWorkloadInsightsTopContributorsData.status",
      "entity": "networkflowmonitor.query_status_workload_insights_top_contributors_data_status"
    },
    {
      "mapping": "GetScope.status -> networkflowmonitor.scope_status",
      "evidence": "GetScope.status",
      "entity": "networkflowmonitor.scope_status"
    },
    {
      "mapping": "UpdateScope.status -> networkflowmonitor.scope_status",
      "evidence": "UpdateScope.status",
      "entity": "networkflowmonitor.scope_status"
    }
  ]
}