{
  "service": "networkflowmonitor",
  "version": "1.0",
  "kind_rules": {
    "read_list": ["List"],
    "read_get": ["Get", "Describe"],
    "write_create": ["Create", "Start", "Generate", "Import", "Enable", "Register"],
    "write_update": ["Update", "Modify", "Put", "Set", "Change", "Reset", "Patch"],
    "write_delete": ["Delete", "Remove", "Terminate", "Destroy", "Disable", "Detach", "Disassociate", "Untag", "Revoke"],
    "write_apply": ["Apply", "Attach", "Associate", "Add", "Tag", "Authorize", "Unauthorize", "Grant"],
    "other": ["default"]
  },
  "entity_aliases": {
    "networkflowmonitor.scop_scope_arn": "networkflowmonitor.scope_arn",
    "networkflowmonitor.scop_scope_id": "networkflowmonitor.scope_id"
  },
  "overrides": {},
  "operations": {
    "ListMonitors": {
      "kind": "read_list",
      "side_effect": false,
      "sdk": {"client": "networkflowmonitor", "method": "list_monitors"},
      "consumes": [],
      "produces": [{"entity": "networkflowmonitor.monitors", "source": "output", "path": "monitors"}, {"entity": "networkflowmonitor.next_token", "source": "output", "path": "nextToken"}, {"entity": "networkflowmonitor.monitor_arn", "source": "item", "path": "monitors[].monitorArn"}, {"entity": "networkflowmonitor.monitor_name", "source": "item", "path": "monitors[].monitorName"}, {"entity": "networkflowmonitor.monitor_status", "source": "item", "path": "monitors[].monitorStatus"}],
      "notes": ""
    },
    "ListScopes": {
      "kind": "read_list",
      "side_effect": false,
      "sdk": {"client": "networkflowmonitor", "method": "list_scopes"},
      "consumes": [],
      "produces": [{"entity": "networkflowmonitor.scopes", "source": "output", "path": "scopes"}, {"entity": "networkflowmonitor.next_token", "source": "output", "path": "nextToken"}, {"entity": "networkflowmonitor.scope_id", "source": "item", "path": "scopes[].scopeId"}, {"entity": "networkflowmonitor.scop_status", "source": "item", "path": "scopes[].status"}, {"entity": "networkflowmonitor.scope_arn", "source": "item", "path": "scopes[].scopeArn"}],
      "notes": ""
    },
    "CreateMonitor": {
      "kind": "write_create",
      "side_effect": true,
      "sdk": {"client": "networkflowmonitor", "method": "create_monitor"},
      "consumes": [{"entity": "networkflowmonitor.monitor_name", "param": "monitorName", "required": true, "source": "internal"}, {"entity": "networkflowmonitor.local_resources", "param": "localResources", "required": true, "source": "internal"}, {"entity": "networkflowmonitor.scope_arn", "param": "scopeArn", "required": true, "source": "internal"}],
      "produces": [{"entity": "networkflowmonitor.monitor_arn", "source": "output", "path": "monitorArn"}, {"entity": "networkflowmonitor.monitor_name", "source": "output", "path": "monitorName"}, {"entity": "networkflowmonitor.monitor_status", "source": "output", "path": "monitorStatus"}, {"entity": "networkflowmonitor.local_resources", "source": "output", "path": "localResources"}, {"entity": "networkflowmonitor.remote_resources", "source": "output", "path": "remoteResources"}, {"entity": "networkflowmonitor.created_at", "source": "output", "path": "createdAt"}, {"entity": "networkflowmonitor.modified_at", "source": "output", "path": "modifiedAt"}, {"entity": "networkflowmonitor.tags", "source": "output", "path": "tags"}, {"entity": "networkflowmonitor.local_resourc_type", "source": "item", "path": "localResources.type"}, {"entity": "networkflowmonitor.local_resourc_identifier", "source": "item", "path": "localResources.identifier"}],
      "notes": ""
    },
    "CreateScope": {
      "kind": "write_create",
      "side_effect": true,
      "sdk": {"client": "networkflowmonitor", "method": "create_scope"},
      "consumes": [{"entity": "networkflowmonitor.targets", "param": "targets", "required": true, "source": "internal"}],
      "produces": [{"entity": "networkflowmonitor.scope_id", "source": "output", "path": "scopeId"}, {"entity": "networkflowmonitor.scope_status", "source": "output", "path": "status"}, {"entity": "networkflowmonitor.scope_arn", "source": "output", "path": "scopeArn"}, {"entity": "networkflowmonitor.tags", "source": "output", "path": "tags"}],
      "notes": ""
    },
    "DeleteMonitor": {
      "kind": "write_delete",
      "side_effect": true,
      "sdk": {"client": "networkflowmonitor", "method": "delete_monitor"},
      "consumes": [{"entity": "networkflowmonitor.monitor_name", "param": "monitorName", "required": true, "source": "internal"}],
      "produces": [],
      "notes": ""
    },
    "DeleteScope": {
      "kind": "write_delete",
      "side_effect": true,
      "sdk": {"client": "networkflowmonitor", "method": "delete_scope"},
      "consumes": [{"entity": "networkflowmonitor.scope_id", "param": "scopeId", "required": true, "source": "internal"}],
      "produces": [],
      "notes": ""
    },
    "GetMonitor": {
      "kind": "read_get",
      "side_effect": false,
      "sdk": {"client": "networkflowmonitor", "method": "get_monitor"},
      "consumes": [{"entity": "networkflowmonitor.monitor_name", "param": "monitorName", "required": true, "source": "internal"}],
      "produces": [{"entity": "networkflowmonitor.monitor_arn", "source": "output", "path": "monitorArn"}, {"entity": "networkflowmonitor.monitor_name", "source": "output", "path": "monitorName"}, {"entity": "networkflowmonitor.monitor_status", "source": "output", "path": "monitorStatus"}, {"entity": "networkflowmonitor.local_resources", "source": "output", "path": "localResources"}, {"entity": "networkflowmonitor.remote_resources", "source": "output", "path": "remoteResources"}, {"entity": "networkflowmonitor.created_at", "source": "output", "path": "createdAt"}, {"entity": "networkflowmonitor.modified_at", "source": "output", "path": "modifiedAt"}, {"entity": "networkflowmonitor.tags", "source": "output", "path": "tags"}, {"entity": "networkflowmonitor.local_resourc_type", "source": "item", "path": "localResources.type"}, {"entity": "networkflowmonitor.local_resourc_identifier", "source": "item", "path": "localResources.identifier"}],
      "notes": ""
    },
    "GetQueryResultsMonitorTopContributors": {
      "kind": "read_get",
      "side_effect": false,
      "sdk": {"client": "networkflowmonitor", "method": "get_query_results_monitor_top_contributors"},
      "consumes": [{"entity": "networkflowmonitor.monitor_name", "param": "monitorName", "required": true, "source": "internal"}, {"entity": "networkflowmonitor.query_id", "param": "queryId", "required": true, "source": "internal"}],
      "produces": [{"entity": "networkflowmonitor.unit", "source": "output", "path": "unit"}, {"entity": "networkflowmonitor.top_contributors", "source": "output", "path": "topContributors"}, {"entity": "networkflowmonitor.next_token", "source": "output", "path": "nextToken"}, {"entity": "networkflowmonitor.top_contributor_local_ip", "source": "item", "path": "topContributors.localIp"}, {"entity": "networkflowmonitor.top_contributor_snat_ip", "source": "item", "path": "topContributors.snatIp"}, {"entity": "networkflowmonitor.top_contributor_local_instance_id", "source": "item", "path": "topContributors.localInstanceId"}, {"entity": "networkflowmonitor.top_contributor_local_vpc_id", "source": "item", "path": "topContributors.localVpcId"}, {"entity": "networkflowmonitor.top_contributor_local_region", "source": "item", "path": "topContributors.localRegion"}, {"entity": "networkflowmonitor.top_contributor_local_az", "source": "item", "path": "topContributors.localAz"}, {"entity": "networkflowmonitor.top_contributor_local_subnet_id", "source": "item", "path": "topContributors.localSubnetId"}, {"entity": "networkflowmonitor.top_contributor_target_port", "source": "item", "path": "topContributors.targetPort"}, {"entity": "networkflowmonitor.top_contributor_destination_category", "source": "item", "path": "topContributors.destinationCategory"}, {"entity": "networkflowmonitor.top_contributor_remote_vpc_id", "source": "item", "path": "topContributors.remoteVpcId"}, {"entity": "networkflowmonitor.top_contributor_remote_region", "source": "item", "path": "topContributors.remoteRegion"}, {"entity": "networkflowmonitor.top_contributor_remote_az", "source": "item", "path": "topContributors.remoteAz"}, {"entity": "networkflowmonitor.top_contributor_remote_subnet_id", "source": "item", "path": "topContributors.remoteSubnetId"}, {"entity": "networkflowmonitor.top_contributor_remote_instance_id", "source": "item", "path": "topContributors.remoteInstanceId"}, {"entity": "networkflowmonitor.top_contributor_remote_ip", "source": "item", "path": "topContributors.remoteIp"}, {"entity": "networkflowmonitor.top_contributor_dnat_ip", "source": "item", "path": "topContributors.dnatIp"}, {"entity": "networkflowmonitor.top_contributor_value", "source": "item", "path": "topContributors.value"}, {"entity": "networkflowmonitor.top_contributor_traversed_constructs", "source": "item", "path": "topContributors.traversedConstructs"}, {"entity": "networkflowmonitor.top_contributor_kubernetes_metadata", "source": "item", "path": "topContributors.kubernetesMetadata"}, {"entity": "networkflowmonitor.top_contributor_local_instance_arn", "source": "item", "path": "topContributors.localInstanceArn"}, {"entity": "networkflowmonitor.top_contributor_local_subnet_arn", "source": "item", "path": "topContributors.localSubnetArn"}, {"entity": "networkflowmonitor.top_contributor_local_vpc_arn", "source": "item", "path": "topContributors.localVpcArn"}, {"entity": "networkflowmonitor.top_contributor_remote_instance_arn", "source": "item", "path": "topContributors.remoteInstanceArn"}, {"entity": "networkflowmonitor.top_contributor_remote_subnet_arn", "source": "item", "path": "topContributors.remoteSubnetArn"}, {"entity": "networkflowmonitor.top_contributor_remote_vpc_arn", "source": "item", "path": "topContributors.remoteVpcArn"}],
      "notes": ""
    },
    "GetQueryResultsWorkloadInsightsTopContributors": {
      "kind": "read_get",
      "side_effect": false,
      "sdk": {"client": "networkflowmonitor", "method": "get_query_results_workload_insights_top_contributors"},
      "consumes": [{"entity": "networkflowmonitor.scope_id", "param": "scopeId", "required": true, "source": "internal"}, {"entity": "networkflowmonitor.query_id", "param": "queryId", "required": true, "source": "internal"}],
      "produces": [{"entity": "networkflowmonitor.top_contributors", "source": "output", "path": "topContributors"}, {"entity": "networkflowmonitor.next_token", "source": "output", "path": "nextToken"}, {"entity": "networkflowmonitor.top_contributor_account_id", "source": "item", "path": "topContributors.accountId"}, {"entity": "networkflowmonitor.top_contributor_local_subnet_id", "source": "item", "path": "topContributors.localSubnetId"}, {"entity": "networkflowmonitor.top_contributor_local_az", "source": "item", "path": "topContributors.localAz"}, {"entity": "networkflowmonitor.top_contributor_local_vpc_id", "source": "item", "path": "topContributors.localVpcId"}, {"entity": "networkflowmonitor.top_contributor_local_region", "source": "item", "path": "topContributors.localRegion"}, {"entity": "networkflowmonitor.top_contributor_remote_identifier", "source": "item", "path": "topContributors.remoteIdentifier"}, {"entity": "networkflowmonitor.top_contributor_value", "source": "item", "path": "topContributors.value"}, {"entity": "networkflowmonitor.top_contributor_local_subnet_arn", "source": "item", "path": "topContributors.localSubnetArn"}, {"entity": "networkflowmonitor.top_contributor_local_vpc_arn", "source": "item", "path": "topContributors.localVpcArn"}],
      "notes": ""
    },
    "GetQueryResultsWorkloadInsightsTopContributorsData": {
      "kind": "read_get",
      "side_effect": false,
      "sdk": {
        "client": "networkflowmonitor",
        "method": "get_query_results_workload_insights_top_contributors_data"
      },
      "consumes": [{"entity": "networkflowmonitor.scope_id", "param": "scopeId", "required": true, "source": "internal"}, {"entity": "networkflowmonitor.query_id", "param": "queryId", "required": true, "source": "internal"}],
      "produces": [{"entity": "networkflowmonitor.unit", "source": "output", "path": "unit"}, {"entity": "networkflowmonitor.datapoints", "source": "output", "path": "datapoints"}, {"entity": "networkflowmonitor.next_token", "source": "output", "path": "nextToken"}, {"entity": "networkflowmonitor.datapoint_timestamps", "source": "item", "path": "datapoints.timestamps"}, {"entity": "networkflowmonitor.datapoint_values", "source": "item", "path": "datapoints.values"}, {"entity": "networkflowmonitor.datapoint_label", "source": "item", "path": "datapoints.label"}],
      "notes": ""
    },
    "GetQueryStatusMonitorTopContributors": {
      "kind": "read_get",
      "side_effect": false,
      "sdk": {"client": "networkflowmonitor", "method": "get_query_status_monitor_top_contributors"},
      "consumes": [{"entity": "networkflowmonitor.monitor_name", "param": "monitorName", "required": true, "source": "internal"}, {"entity": "networkflowmonitor.query_id", "param": "queryId", "required": true, "source": "internal"}],
      "produces": [{"entity": "networkflowmonitor.query_status_monitor_top_contributor_status", "source": "output", "path": "status"}],
      "notes": ""
    },
    "GetQueryStatusWorkloadInsightsTopContributors": {
      "kind": "read_get",
      "side_effect": false,
      "sdk": {"client": "networkflowmonitor", "method": "get_query_status_workload_insights_top_contributors"},
      "consumes": [{"entity": "networkflowmonitor.scope_id", "param": "scopeId", "required": true, "source": "internal"}, {"entity": "networkflowmonitor.query_id", "param": "queryId", "required": true, "source": "internal"}],
      "produces": [{"entity": "networkflowmonitor.query_status_workload_insights_top_contributor_status", "source": "output", "path": "status"}],
      "notes": ""
    },
    "GetQueryStatusWorkloadInsightsTopContributorsData": {
      "kind": "read_get",
      "side_effect": false,
      "sdk": {
        "client": "networkflowmonitor",
        "method": "get_query_status_workload_insights_top_contributors_data"
      },
      "consumes": [{"entity": "networkflowmonitor.scope_id", "param": "scopeId", "required": true, "source": "internal"}, {"entity": "networkflowmonitor.query_id", "param": "queryId", "required": true, "source": "internal"}],
      "produces": [{"entity": "networkflowmonitor.query_status_workload_insights_top_contributors_data_status", "source": "output", "path": "status"}],
      "notes": ""
    },
    "GetScope": {
      "kind": "read_get",
      "side_effect": false,
      "sdk": {"client": "networkflowmonitor", "method": "get_scope"},
      "consumes": [{"entity": "networkflowmonitor.scope_id", "param": "scopeId", "required": true, "source": "internal"}],
      "produces": [{"entity": "networkflowmonitor.scope_id", "source": "output", "path": "scopeId"}, {"entity": "networkflowmonitor.scope_status", "source": "output", "path": "status"}, {"entity": "networkflowmonitor.scope_arn", "source": "output", "path": "scopeArn"}, {"entity": "networkflowmonitor.targets", "source": "output", "path": "targets"}, {"entity": "networkflowmonitor.tags", "source": "output", "path": "tags"}, {"entity": "networkflowmonitor.target_identifier", "source": "item", "path": "targets.targetIdentifier"}, {"entity": "networkflowmonitor.target_region", "source": "item", "path": "targets.region"}],
      "notes": ""
    },
    "ListTagsForResource": {
      "kind": "read_list",
      "side_effect": false,
      "sdk": {"client": "networkflowmonitor", "method": "list_tags_for_resource"},
      "consumes": [{"entity": "networkflowmonitor.resource_arn", "param": "resourceArn", "required": true, "source": "external"}],
      "produces": [{"entity": "networkflowmonitor.tags", "source": "output", "path": "tags"}],
      "notes": ""
    },
    "StartQueryMonitorTopContributors": {
      "kind": "write_create",
      "side_effect": true,
      "sdk": {"client": "networkflowmonitor", "method": "start_query_monitor_top_contributors"},
      "consumes": [{"entity": "networkflowmonitor.monitor_name", "param": "monitorName", "required": true, "source": "internal"}, {"entity": "networkflowmonitor.start_time", "param": "startTime", "required": true, "source": "external"}, {"entity": "networkflowmonitor.end_time", "param": "endTime", "required": true, "source": "external"}, {"entity": "networkflowmonitor.metric_name", "param": "metricName", "required": true, "source": "external"}, {"entity": "networkflowmonitor.destination_category", "param": "destinationCategory", "required": true, "source": "external"}],
      "produces": [{"entity": "networkflowmonitor.query_id", "source": "output", "path": "queryId"}],
      "notes": ""
    },
    "StartQueryWorkloadInsightsTopContributors": {
      "kind": "write_create",
      "side_effect": true,
      "sdk": {"client": "networkflowmonitor", "method": "start_query_workload_insights_top_contributors"},
      "consumes": [{"entity": "networkflowmonitor.scope_id", "param": "scopeId", "required": true, "source": "internal"}, {"entity": "networkflowmonitor.start_time", "param": "startTime", "required": true, "source": "external"}, {"entity": "networkflowmonitor.end_time", "param": "endTime", "required": true, "source": "external"}, {"entity": "networkflowmonitor.metric_name", "param": "metricName", "required": true, "source": "external"}, {"entity": "networkflowmonitor.destination_category", "param": "destinationCategory", "required": true, "source": "external"}],
      "produces": [{"entity": "networkflowmonitor.query_id", "source": "output", "path": "queryId"}],
      "notes": ""
    },
    "StartQueryWorkloadInsightsTopContributorsData": {
      "kind": "write_create",
      "side_effect": true,
      "sdk": {"client": "networkflowmonitor", "method": "start_query_workload_insights_top_contributors_data"},
      "consumes": [{"entity": "networkflowmonitor.scope_id", "param": "scopeId", "required": true, "source": "internal"}, {"entity": "networkflowmonitor.start_time", "param": "startTime", "required": true, "source": "external"}, {"entity": "networkflowmonitor.end_time", "param": "endTime", "required": true, "source": "external"}, {"entity": "networkflowmonitor.metric_name", "param": "metricName", "required": true, "source": "external"}, {"entity": "networkflowmonitor.destination_category", "param": "destinationCategory", "required": true, "source": "external"}],
      "produces": [{"entity": "networkflowmonitor.query_id", "source": "output", "path": "queryId"}],
      "notes": ""
    },
    "StopQueryMonitorTopContributors": {
      "kind": "other",
      "side_effect": true,
      "sdk": {"client": "networkflowmonitor", "method": "stop_query_monitor_top_contributors"},
      "consumes": [{"entity": "networkflowmonitor.monitor_name", "param": "monitorName", "required": true, "source": "internal"}, {"entity": "networkflowmonitor.query_id", "param": "queryId", "required": true, "source": "internal"}],
      "produces": [],
      "notes": ""
    },
    "StopQueryWorkloadInsightsTopContributors": {
      "kind": "other",
      "side_effect": true,
      "sdk": {"client": "networkflowmonitor", "method": "stop_query_workload_insights_top_contributors"},
      "consumes": [{"entity": "networkflowmonitor.scope_id", "param": "scopeId", "required": true, "source": "internal"}, {"entity": "networkflowmonitor.query_id", "param": "queryId", "required": true, "source": "internal"}],
      "produces": [],
      "notes": ""
    },
    "StopQueryWorkloadInsightsTopContributorsData": {
      "kind": "other",
      "side_effect": true,
      "sdk": {"client": "networkflowmonitor", "method": "stop_query_workload_insights_top_contributors_data"},
      "consumes": [{"entity": "networkflowmonitor.scope_id", "param": "scopeId", "required": true, "source": "internal"}, {"entity": "networkflowmonitor.query_id", "param": "queryId", "required": true, "source": "internal"}],
      "produces": [],
      "notes": ""
    },
    "TagResource": {
      "kind": "write_apply",
      "side_effect": true,
      "sdk": {"client": "networkflowmonitor", "method": "tag_resource"},
      "consumes": [{"entity": "networkflowmonitor.resource_arn", "param": "resourceArn", "required": true, "source": "external"}, {"entity": "networkflowmonitor.tags", "param": "tags", "required": true, "source": "internal"}],
      "produces": [],
      "notes": ""
    },
    "UntagResource": {
      "kind": "write_delete",
      "side_effect": true,
      "sdk": {"client": "networkflowmonitor", "method": "untag_resource"},
      "consumes": [{"entity": "networkflowmonitor.resource_arn", "param": "resourceArn", "required": true, "source": "external"}, {"entity": "networkflowmonitor.tag_keys", "param": "tagKeys", "required": true, "source": "external"}],
      "produces": [],
      "notes": ""
    },
    "UpdateMonitor": {
      "kind": "write_update",
      "side_effect": true,
      "sdk": {"client": "networkflowmonitor", "method": "update_monitor"},
      "consumes": [{"entity": "networkflowmonitor.monitor_name", "param": "monitorName", "required": true, "source": "internal"}],
      "produces": [{"entity": "networkflowmonitor.monitor_arn", "source": "output", "path": "monitorArn"}, {"entity": "networkflowmonitor.monitor_name", "source": "output", "path": "monitorName"}, {"entity": "networkflowmonitor.monitor_status", "source": "output", "path": "monitorStatus"}, {"entity": "networkflowmonitor.local_resources", "source": "output", "path": "localResources"}, {"entity": "networkflowmonitor.remote_resources", "source": "output", "path": "remoteResources"}, {"entity": "networkflowmonitor.created_at", "source": "output", "path": "createdAt"}, {"entity": "networkflowmonitor.modified_at", "source": "output", "path": "modifiedAt"}, {"entity": "networkflowmonitor.tags", "source": "output", "path": "tags"}, {"entity": "networkflowmonitor.local_resourc_type", "source": "item", "path": "localResources.type"}, {"entity": "networkflowmonitor.local_resourc_identifier", "source": "item", "path": "localResources.identifier"}],
      "notes": ""
    },
    "UpdateScope": {
      "kind": "write_update",
      "side_effect": true,
      "sdk": {"client": "networkflowmonitor", "method": "update_scope"},
      "consumes": [{"entity": "networkflowmonitor.scope_id", "param": "scopeId", "required": true, "source": "internal"}],
      "produces": [{"entity": "networkflowmonitor.scope_id", "source": "output", "path": "scopeId"}, {"entity": "networkflowmonitor.scope_status", "source": "output", "path": "status"}, {"entity": "networkflowmonitor.scope_arn", "source": "output", "path": "scopeArn"}, {"entity": "networkflowmonitor.tags", "source": "output", "path": "tags"}],
      "notes": ""
    }
  }
}