{
  "lakeformation": {
    "service": "lakeformation",
    "total_operations": 60,
    "independent": [
      {
        "operation": "CreateLakeFormationIdentityCenterConfiguration",
        "python_method": "create_lake_formation_identity_center_configuration",
        "yaml_action": "create_lake_formation_identity_center_configuration",
        "required_params": [],
        "optional_params": [
          "CatalogId",
          "InstanceArn",
          "ExternalFiltering",
          "ShareRecipients",
          "ServiceIntegrations"
        ],
        "total_optional": 5,
        "output_fields": {
          "ApplicationArn": {
            "type": "string",
            "description": "ApplicationArn details",
            "compliance_category": "identity",
            "format": "date-time",
            "operators": [
              "equals",
              "not_equals",
              "contains",
              "in",
              "exists"
            ]
          }
        },
        "main_output_field": "ApplicationArn",
        "item_fields": []
      },
      {
        "operation": "DeleteDataCellsFilter",
        "python_method": "delete_data_cells_filter",
        "yaml_action": "delete_data_cells_filter",
        "required_params": [],
        "optional_params": [
          "TableCatalogId",
          "DatabaseName",
          "TableName",
          "Name"
        ],
        "total_optional": 4,
        "output_fields": {},
        "main_output_field": null,
        "item_fields": []
      },
      {
        "operation": "DeleteLakeFormationIdentityCenterConfiguration",
        "python_method": "delete_lake_formation_identity_center_configuration",
        "yaml_action": "delete_lake_formation_identity_center_configuration",
        "required_params": [],
        "optional_params": [
          "CatalogId"
        ],
        "total_optional": 1,
        "output_fields": {},
        "main_output_field": null,
        "item_fields": []
      },
      {
        "operation": "DescribeLakeFormationIdentityCenterConfiguration",
        "python_method": "describe_lake_formation_identity_center_configuration",
        "yaml_action": "describe_lake_formation_identity_center_configuration",
        "required_params": [],
        "optional_params": [
          "CatalogId"
        ],
        "total_optional": 1,
        "output_fields": {
          "CatalogId": {
            "type": "string",
            "description": "CatalogId details",
            "compliance_category": "identity",
            "format": "date-time",
            "operators": [
              "equals",
              "not_equals",
              "contains",
              "in",
              "exists"
            ]
          },
          "InstanceArn": {
            "type": "string",
            "description": "InstanceArn details",
            "compliance_category": "identity",
            "operators": [
              "equals",
              "not_equals",
              "contains",
              "in",
              "exists"
            ]
          },
          "ApplicationArn": {
            "type": "string",
            "description": "ApplicationArn details",
            "compliance_category": "identity",
            "format": "date-time",
            "operators": [
              "equals",
              "not_equals",
              "contains",
              "in",
              "exists"
            ]
          },
          "ExternalFiltering": {
            "type": "string",
            "description": "ExternalFiltering details",
            "compliance_category": "general",
            "operators": [
              "equals",
              "not_equals",
              "contains"
            ]
          },
          "ShareRecipients": {
            "type": "string",
            "description": "ShareRecipients details",
            "compliance_category": "general",
            "operators": [
              "equals",
              "not_equals",
              "contains"
            ]
          },
          "ServiceIntegrations": {
            "type": "string",
            "description": "ServiceIntegrations details",
            "compliance_category": "general",
            "format": "date-time",
            "operators": [
              "equals",
              "not_equals",
              "contains"
            ]
          },
          "ResourceShare": {
            "type": "string",
            "description": "ResourceShare details",
            "compliance_category": "general",
            "operators": [
              "equals",
              "not_equals",
              "contains"
            ]
          }
        },
        "main_output_field": "ShareRecipients",
        "item_fields": {
          "DataLakePrincipalIdentifier": {
            "type": "string",
            "description": "Data lake principal identifier",
            "compliance_category": "identity",
            "operators": [
              "equals",
              "not_equals",
              "in",
              "exists"
            ]
          }
        }
      },
      {
        "operation": "ExtendTransaction",
        "python_method": "extend_transaction",
        "yaml_action": "extend_transaction",
        "required_params": [],
        "optional_params": [
          "TransactionId"
        ],
        "total_optional": 1,
        "output_fields": {},
        "main_output_field": null,
        "item_fields": []
      },
      {
        "operation": "GetDataLakePrincipal",
        "python_method": "get_data_lake_principal",
        "yaml_action": "get_data_lake_principal",
        "required_params": [],
        "optional_params": [],
        "total_optional": 0,
        "output_fields": {
          "Identity": {
            "type": "string",
            "description": "Identity details",
            "compliance_category": "identity",
            "operators": [
              "equals",
              "not_equals",
              "contains",
              "in",
              "exists"
            ]
          }
        },
        "main_output_field": "Identity",
        "item_fields": []
      },
      {
        "operation": "GetDataLakeSettings",
        "python_method": "get_data_lake_settings",
        "yaml_action": "get_data_lake_settings",
        "required_params": [],
        "optional_params": [
          "CatalogId"
        ],
        "total_optional": 1,
        "output_fields": {
          "DataLakeSettings": {
            "type": "string",
            "description": "DataLakeSettings details",
            "compliance_category": "general",
            "format": "date-time",
            "operators": [
              "equals",
              "not_equals",
              "contains"
            ]
          }
        },
        "main_output_field": "DataLakeSettings",
        "item_fields": {
          "DataLakeAdmins": {
            "type": "string",
            "description": "Data lake admins",
            "compliance_category": "general",
            "format": "date-time"
          },
          "ReadOnlyAdmins": {
            "type": "string",
            "description": "Read only admins",
            "compliance_category": "general",
            "format": "date-time"
          },
          "CreateDatabaseDefaultPermissions": {
            "type": "string",
            "description": "Create database default permissions",
            "compliance_category": "general",
            "format": "date-time"
          },
          "CreateTableDefaultPermissions": {
            "type": "string",
            "description": "Create table default permissions",
            "compliance_category": "general",
            "format": "date-time"
          },
          "Parameters": {
            "type": "string",
            "description": "Parameters",
            "compliance_category": "general"
          },
          "TrustedResourceOwners": {
            "type": "string",
            "description": "Trusted resource owners",
            "compliance_category": "general"
          },
          "AllowExternalDataFiltering": {
            "type": "string",
            "description": "Allow external data filtering",
            "compliance_category": "general",
            "format": "date-time"
          },
          "AllowFullTableExternalDataAccess": {
            "type": "string",
            "description": "Allow full table external data access",
            "compliance_category": "general",
            "format": "date-time"
          },
          "ExternalDataFilteringAllowList": {
            "type": "string",
            "description": "External data filtering allow list",
            "compliance_category": "general",
            "format": "date-time"
          },
          "AuthorizedSessionTagValueList": {
            "type": "string",
            "description": "Authorized session tag value list",
            "compliance_category": "general",
            "format": "date-time"
          }
        }
      },
      {
        "operation": "ListDataCellsFilter",
        "python_method": "list_data_cells_filter",
        "yaml_action": "list_data_cells_filter",
        "required_params": [],
        "optional_params": [
          "Table",
          "NextToken",
          "MaxResults"
        ],
        "total_optional": 3,
        "output_fields": {
          "DataCellsFilters": {
            "type": "string",
            "description": "DataCellsFilters details",
            "compliance_category": "general",
            "format": "date-time",
            "operators": [
              "equals",
              "not_equals",
              "contains"
            ]
          },
          "NextToken": {
            "type": "string",
            "description": "NextToken details",
            "compliance_category": "general",
            "operators": [
              "equals",
              "not_equals",
              "contains"
            ],
            "security_impact": "high"
          }
        },
        "main_output_field": "DataCellsFilters",
        "item_fields": {
          "TableCatalogId": {
            "type": "string",
            "description": "Table catalog id",
            "compliance_category": "identity",
            "operators": [
              "equals",
              "not_equals",
              "in",
              "exists"
            ]
          },
          "DatabaseName": {
            "type": "string",
            "description": "Database name",
            "compliance_category": "general",
            "format": "date-time"
          },
          "TableName": {
            "type": "string",
            "description": "Table name",
            "compliance_category": "general"
          },
          "Name": {
            "type": "string",
            "description": "Name",
            "compliance_category": "general"
          },
          "RowFilter": {
            "type": "string",
            "description": "Row filter",
            "compliance_category": "general"
          },
          "ColumnNames": {
            "type": "string",
            "description": "Column names",
            "compliance_category": "general"
          },
          "ColumnWildcard": {
            "type": "string",
            "description": "Column wildcard",
            "compliance_category": "general"
          },
          "VersionId": {
            "type": "string",
            "description": "Version id",
            "compliance_category": "identity",
            "operators": [
              "equals",
              "not_equals",
              "in",
              "exists"
            ]
          }
        }
      },
      {
        "operation": "ListLFTagExpressions",
        "python_method": "list_lf_tag_expressions",
        "yaml_action": "list_lf_tag_expressions",
        "required_params": [],
        "optional_params": [
          "CatalogId",
          "MaxResults",
          "NextToken"
        ],
        "total_optional": 3,
        "output_fields": {
          "LFTagExpressions": {
            "type": "string",
            "description": "LFTagExpressions details",
            "compliance_category": "general",
            "operators": [
              "equals",
              "not_equals",
              "contains"
            ]
          },
          "NextToken": {
            "type": "string",
            "description": "NextToken details",
            "compliance_category": "general",
            "operators": [
              "equals",
              "not_equals",
              "contains"
            ],
            "security_impact": "high"
          }
        },
        "main_output_field": "LFTagExpressions",
        "item_fields": {
          "Name": {
            "type": "string",
            "description": "Name",
            "compliance_category": "general"
          },
          "Description": {
            "type": "string",
            "description": "Description",
            "compliance_category": "general",
            "format": "date-time"
          },
          "CatalogId": {
            "type": "string",
            "description": "Catalog id",
            "compliance_category": "identity",
            "operators": [
              "equals",
              "not_equals",
              "in",
              "exists"
            ]
          },
          "Expression": {
            "type": "string",
            "description": "Expression",
            "compliance_category": "general",
            "format": "date-time"
          }
        }
      },
      {
        "operation": "ListLFTags",
        "python_method": "list_lf_tags",
        "yaml_action": "list_lf_tags",
        "required_params": [],
        "optional_params": [
          "CatalogId",
          "ResourceShareType",
          "MaxResults",
          "NextToken"
        ],
        "total_optional": 4,
        "output_fields": {
          "LFTags": {
            "type": "string",
            "description": "LFTags details",
            "compliance_category": "general",
            "operators": [
              "equals",
              "not_equals",
              "contains"
            ]
          },
          "NextToken": {
            "type": "string",
            "description": "NextToken details",
            "compliance_category": "general",
            "operators": [
              "equals",
              "not_equals",
              "contains"
            ],
            "security_impact": "high"
          }
        },
        "main_output_field": "LFTags",
        "item_fields": {
          "CatalogId": {
            "type": "string",
            "description": "Catalog id",
            "compliance_category": "identity",
            "operators": [
              "equals",
              "not_equals",
              "in",
              "exists"
            ]
          },
          "TagKey": {
            "type": "string",
            "description": "Tag key",
            "compliance_category": "security",
            "security_impact": "high"
          },
          "TagValues": {
            "type": "array",
            "description": "Tag values",
            "compliance_category": "general",
            "operators": [
              "exists",
              "not_empty",
              "contains"
            ]
          }
        }
      },
      {
        "operation": "ListLakeFormationOptIns",
        "python_method": "list_lake_formation_opt_ins",
        "yaml_action": "list_lake_formation_opt_ins",
        "required_params": [],
        "optional_params": [
          "Principal",
          "Resource",
          "MaxResults",
          "NextToken"
        ],
        "total_optional": 4,
        "output_fields": {
          "LakeFormationOptInsInfoList": {
            "type": "boolean",
            "description": "LakeFormationOptInsInfoList details",
            "compliance_category": "general",
            "operators": [
              "equals",
              "not_equals",
              "contains"
            ]
          },
          "NextToken": {
            "type": "string",
            "description": "NextToken details",
            "compliance_category": "general",
            "operators": [
              "equals",
              "not_equals",
              "contains"
            ],
            "security_impact": "high"
          }
        },
        "main_output_field": "LakeFormationOptInsInfoList",
        "item_fields": {
          "Resource": {
            "type": "string",
            "description": "Resource",
            "compliance_category": "general"
          },
          "Principal": {
            "type": "string",
            "description": "Principal",
            "compliance_category": "general"
          },
          "Condition": {
            "type": "string",
            "description": "Condition",
            "compliance_category": "general",
            "format": "date-time"
          },
          "LastModified": {
            "type": "string",
            "description": "Last modified",
            "compliance_category": "general"
          },
          "LastUpdatedBy": {
            "type": "string",
            "description": "Last updated by",
            "compliance_category": "general",
            "format": "date-time"
          }
        }
      },
      {
        "operation": "ListPermissions",
        "python_method": "list_permissions",
        "yaml_action": "list_permissions",
        "required_params": [],
        "optional_params": [
          "CatalogId",
          "Principal",
          "ResourceType",
          "Resource",
          "NextToken"
        ],
        "total_optional": 7,
        "output_fields": {
          "PrincipalResourcePermissions": {
            "type": "boolean",
            "description": "PrincipalResourcePermissions details",
            "compliance_category": "identity",
            "operators": [
              "equals",
              "not_equals",
              "contains",
              "in",
              "exists"
            ],
            "security_impact": "medium"
          },
          "NextToken": {
            "type": "string",
            "description": "NextToken details",
            "compliance_category": "general",
            "operators": [
              "equals",
              "not_equals",
              "contains"
            ],
            "security_impact": "high"
          }
        },
        "main_output_field": "PrincipalResourcePermissions",
        "item_fields": {
          "Principal": {
            "type": "string",
            "description": "Principal",
            "compliance_category": "general"
          },
          "Resource": {
            "type": "string",
            "description": "Resource",
            "compliance_category": "general"
          },
          "Condition": {
            "type": "string",
            "description": "Condition",
            "compliance_category": "general",
            "format": "date-time"
          },
          "Permissions": {
            "type": "string",
            "description": "Permissions",
            "compliance_category": "general",
            "format": "date-time"
          },
          "PermissionsWithGrantOption": {
            "type": "string",
            "description": "Permissions with grant option",
            "compliance_category": "general",
            "format": "date-time"
          },
          "AdditionalDetails": {
            "type": "string",
            "description": "Additional details",
            "compliance_category": "general",
            "format": "date-time"
          },
          "LastUpdated": {
            "type": "string",
            "description": "Last updated",
            "compliance_category": "general",
            "format": "date-time"
          },
          "LastUpdatedBy": {
            "type": "string",
            "description": "Last updated by",
            "compliance_category": "general",
            "format": "date-time"
          }
        }
      },
      {
        "operation": "ListResources",
        "python_method": "list_resources",
        "yaml_action": "list_resources",
        "required_params": [],
        "optional_params": [
          "FilterConditionList",
          "MaxResults",
          "NextToken"
        ],
        "total_optional": 3,
        "output_fields": {
          "ResourceInfoList": {
            "type": "boolean",
            "description": "ResourceInfoList details",
            "compliance_category": "general",
            "operators": [
              "equals",
              "not_equals",
              "contains"
            ]
          },
          "NextToken": {
            "type": "string",
            "description": "NextToken details",
            "compliance_category": "general",
            "operators": [
              "equals",
              "not_equals",
              "contains"
            ],
            "security_impact": "high"
          }
        },
        "main_output_field": "ResourceInfoList",
        "item_fields": {
          "ResourceArn": {
            "type": "string",
            "description": "Resource arn",
            "compliance_category": "identity",
            "operators": [
              "equals",
              "not_equals",
              "contains",
              "in",
              "exists"
            ]
          },
          "RoleArn": {
            "type": "string",
            "description": "Role arn",
            "compliance_category": "identity",
            "operators": [
              "equals",
              "not_equals",
              "contains",
              "in",
              "exists"
            ]
          },
          "LastModified": {
            "type": "string",
            "description": "Last modified",
            "compliance_category": "general"
          },
          "WithFederation": {
            "type": "string",
            "description": "With federation",
            "compliance_category": "general",
            "format": "date-time"
          },
          "HybridAccessEnabled": {
            "type": "string",
            "description": "Hybrid access enabled",
            "compliance_category": "identity",
            "operators": [
              "equals",
              "not_equals",
              "in",
              "exists"
            ]
          },
          "WithPrivilegedAccess": {
            "type": "string",
            "description": "With privileged access",
            "compliance_category": "security",
            "security_impact": "medium"
          }
        }
      },
      {
        "operation": "ListTransactions",
        "python_method": "list_transactions",
        "yaml_action": "list_transactions",
        "required_params": [],
        "optional_params": [
          "CatalogId",
          "StatusFilter",
          "MaxResults",
          "NextToken"
        ],
        "total_optional": 4,
        "output_fields": {
          "Transactions": {
            "type": "string",
            "description": "Transactions details",
            "compliance_category": "general",
            "operators": [
              "equals",
              "not_equals",
              "contains"
            ]
          },
          "NextToken": {
            "type": "string",
            "description": "NextToken details",
            "compliance_category": "general",
            "operators": [
              "equals",
              "not_equals",
              "contains"
            ],
            "security_impact": "high"
          }
        },
        "main_output_field": "Transactions",
        "item_fields": {
          "TransactionId": {
            "type": "string",
            "description": "Transaction id",
            "compliance_category": "identity",
            "operators": [
              "equals",
              "not_equals",
              "in",
              "exists"
            ]
          },
          "TransactionStatus": {
            "type": "string",
            "description": "Transaction status",
            "compliance_category": "general",
            "format": "date-time"
          },
          "TransactionStartTime": {
            "type": "string",
            "description": "Transaction start time",
            "compliance_category": "general",
            "format": "date-time"
          },
          "TransactionEndTime": {
            "type": "string",
            "description": "Transaction end time",
            "compliance_category": "general",
            "format": "date-time"
          }
        }
      },
      {
        "operation": "StartTransaction",
        "python_method": "start_transaction",
        "yaml_action": "start_transaction",
        "required_params": [],
        "optional_params": [
          "TransactionType"
        ],
        "total_optional": 1,
        "output_fields": {
          "TransactionId": {
            "type": "string",
            "description": "TransactionId details",
            "compliance_category": "identity",
            "operators": [
              "equals",
              "not_equals",
              "contains",
              "in",
              "exists"
            ]
          }
        },
        "main_output_field": "TransactionId",
        "item_fields": []
      },
      {
        "operation": "UpdateLakeFormationIdentityCenterConfiguration",
        "python_method": "update_lake_formation_identity_center_configuration",
        "yaml_action": "update_lake_formation_identity_center_configuration",
        "required_params": [],
        "optional_params": [
          "CatalogId",
          "ShareRecipients",
          "ServiceIntegrations",
          "ApplicationStatus",
          "ExternalFiltering"
        ],
        "total_optional": 5,
        "output_fields": {},
        "main_output_field": null,
        "item_fields": []
      }
    ],
    "dependent": [
      {
        "operation": "AddLFTagsToResource",
        "python_method": "add_lf_tags_to_resource",
        "yaml_action": "add_lf_tags_to_resource",
        "required_params": [
          "Resource",
          "LFTags"
        ],
        "optional_params": [
          "CatalogId"
        ],
        "total_optional": 1,
        "output_fields": {
          "Failures": {
            "type": "string",
            "description": "Failures details",
            "compliance_category": "general",
            "operators": [
              "equals",
              "not_equals",
              "contains"
            ]
          }
        },
        "main_output_field": "Failures",
        "item_fields": {
          "LFTag": {
            "type": "array",
            "description": "Lf tag",
            "compliance_category": "general",
            "operators": [
              "exists",
              "not_empty",
              "contains"
            ]
          },
          "Error": {
            "type": "string",
            "description": "Error",
            "compliance_category": "general"
          }
        }
      },
      {
        "operation": "AssumeDecoratedRoleWithSAML",
        "python_method": "assume_decorated_role_with_saml",
        "yaml_action": "assume_decorated_role_with_saml",
        "required_params": [
          "SAMLAssertion",
          "RoleArn",
          "PrincipalArn"
        ],
        "optional_params": [
          "DurationSeconds"
        ],
        "total_optional": 1,
        "output_fields": {
          "AccessKeyId": {
            "type": "string",
            "description": "AccessKeyId details",
            "compliance_category": "identity",
            "operators": [
              "equals",
              "not_equals",
              "contains",
              "in",
              "exists"
            ],
            "security_impact": "high"
          },
          "SecretAccessKey": {
            "type": "string",
            "description": "SecretAccessKey details",
            "compliance_category": "security",
            "operators": [
              "equals",
              "not_equals",
              "in",
              "exists"
            ],
            "security_impact": "high"
          },
          "SessionToken": {
            "type": "string",
            "description": "SessionToken details",
            "compliance_category": "general",
            "operators": [
              "equals",
              "not_equals",
              "contains"
            ],
            "security_impact": "high"
          },
          "Expiration": {
            "type": "string",
            "description": "Expiration details",
            "compliance_category": "general",
            "format": "date-time",
            "operators": [
              "equals",
              "not_equals",
              "contains"
            ]
          }
        },
        "main_output_field": "AccessKeyId",
        "item_fields": []
      },
      {
        "operation": "BatchGrantPermissions",
        "python_method": "batch_grant_permissions",
        "yaml_action": "batch_grant_permissions",
        "required_params": [
          "Entries"
        ],
        "optional_params": [
          "CatalogId"
        ],
        "total_optional": 1,
        "output_fields": {
          "Failures": {
            "type": "string",
            "description": "Failures details",
            "compliance_category": "general",
            "operators": [
              "equals",
              "not_equals",
              "contains"
            ]
          }
        },
        "main_output_field": "Failures",
        "item_fields": {
          "RequestEntry": {
            "type": "string",
            "description": "Request entry",
            "compliance_category": "general"
          },
          "Error": {
            "type": "string",
            "description": "Error",
            "compliance_category": "general"
          }
        }
      },
      {
        "operation": "BatchRevokePermissions",
        "python_method": "batch_revoke_permissions",
        "yaml_action": "batch_revoke_permissions",
        "required_params": [
          "Entries"
        ],
        "optional_params": [
          "CatalogId"
        ],
        "total_optional": 1,
        "output_fields": {
          "Failures": {
            "type": "string",
            "description": "Failures details",
            "compliance_category": "general",
            "operators": [
              "equals",
              "not_equals",
              "contains"
            ]
          }
        },
        "main_output_field": "Failures",
        "item_fields": {
          "RequestEntry": {
            "type": "string",
            "description": "Request entry",
            "compliance_category": "general"
          },
          "Error": {
            "type": "string",
            "description": "Error",
            "compliance_category": "general"
          }
        }
      },
      {
        "operation": "CancelTransaction",
        "python_method": "cancel_transaction",
        "yaml_action": "cancel_transaction",
        "required_params": [
          "TransactionId"
        ],
        "optional_params": [],
        "total_optional": 0,
        "output_fields": {},
        "main_output_field": null,
        "item_fields": []
      },
      {
        "operation": "CommitTransaction",
        "python_method": "commit_transaction",
        "yaml_action": "commit_transaction",
        "required_params": [
          "TransactionId"
        ],
        "optional_params": [],
        "total_optional": 0,
        "output_fields": {
          "TransactionStatus": {
            "type": "string",
            "description": "TransactionStatus details",
            "compliance_category": "general",
            "format": "date-time",
            "operators": [
              "equals",
              "not_equals",
              "contains"
            ]
          }
        },
        "main_output_field": "TransactionStatus",
        "item_fields": []
      },
      {
        "operation": "CreateDataCellsFilter",
        "python_method": "create_data_cells_filter",
        "yaml_action": "create_data_cells_filter",
        "required_params": [
          "TableData"
        ],
        "optional_params": [],
        "total_optional": 0,
        "output_fields": {},
        "main_output_field": null,
        "item_fields": []
      },
      {
        "operation": "CreateLFTag",
        "python_method": "create_lf_tag",
        "yaml_action": "create_lf_tag",
        "required_params": [
          "TagKey",
          "TagValues"
        ],
        "optional_params": [
          "CatalogId"
        ],
        "total_optional": 1,
        "output_fields": {},
        "main_output_field": null,
        "item_fields": []
      },
      {
        "operation": "CreateLFTagExpression",
        "python_method": "create_lf_tag_expression",
        "yaml_action": "create_lf_tag_expression",
        "required_params": [
          "Name",
          "Expression"
        ],
        "optional_params": [
          "Description",
          "CatalogId"
        ],
        "total_optional": 2,
        "output_fields": {},
        "main_output_field": null,
        "item_fields": []
      },
      {
        "operation": "CreateLakeFormationOptIn",
        "python_method": "create_lake_formation_opt_in",
        "yaml_action": "create_lake_formation_opt_in",
        "required_params": [
          "Principal",
          "Resource"
        ],
        "optional_params": [
          "Condition"
        ],
        "total_optional": 1,
        "output_fields": {},
        "main_output_field": null,
        "item_fields": []
      },
      {
        "operation": "DeleteLFTag",
        "python_method": "delete_lf_tag",
        "yaml_action": "delete_lf_tag",
        "required_params": [
          "TagKey"
        ],
        "optional_params": [
          "CatalogId"
        ],
        "total_optional": 1,
        "output_fields": {},
        "main_output_field": null,
        "item_fields": []
      },
      {
        "operation": "DeleteLFTagExpression",
        "python_method": "delete_lf_tag_expression",
        "yaml_action": "delete_lf_tag_expression",
        "required_params": [
          "Name"
        ],
        "optional_params": [
          "CatalogId"
        ],
        "total_optional": 1,
        "output_fields": {},
        "main_output_field": null,
        "item_fields": []
      },
      {
        "operation": "DeleteLakeFormationOptIn",
        "python_method": "delete_lake_formation_opt_in",
        "yaml_action": "delete_lake_formation_opt_in",
        "required_params": [
          "Principal",
          "Resource"
        ],
        "optional_params": [
          "Condition"
        ],
        "total_optional": 1,
        "output_fields": {},
        "main_output_field": null,
        "item_fields": []
      },
      {
        "operation": "DeleteObjectsOnCancel",
        "python_method": "delete_objects_on_cancel",
        "yaml_action": "delete_objects_on_cancel",
        "required_params": [
          "DatabaseName",
          "TableName",
          "TransactionId",
          "Objects"
        ],
        "optional_params": [
          "CatalogId"
        ],
        "total_optional": 1,
        "output_fields": {},
        "main_output_field": null,
        "item_fields": []
      },
      {
        "operation": "DeregisterResource",
        "python_method": "deregister_resource",
        "yaml_action": "deregister_resource",
        "required_params": [
          "ResourceArn"
        ],
        "optional_params": [],
        "total_optional": 0,
        "output_fields": {},
        "main_output_field": null,
        "item_fields": []
      },
      {
        "operation": "DescribeResource",
        "python_method": "describe_resource",
        "yaml_action": "describe_resource",
        "required_params": [
          "ResourceArn"
        ],
        "optional_params": [],
        "total_optional": 0,
        "output_fields": {
          "ResourceInfo": {
            "type": "string",
            "description": "ResourceInfo details",
            "compliance_category": "general",
            "operators": [
              "equals",
              "not_equals",
              "contains"
            ]
          }
        },
        "main_output_field": "ResourceInfo",
        "item_fields": {
          "ResourceArn": {
            "type": "string",
            "description": "Resource arn",
            "compliance_category": "identity",
            "operators": [
              "equals",
              "not_equals",
              "contains",
              "in",
              "exists"
            ]
          },
          "RoleArn": {
            "type": "string",
            "description": "Role arn",
            "compliance_category": "identity",
            "operators": [
              "equals",
              "not_equals",
              "contains",
              "in",
              "exists"
            ]
          },
          "LastModified": {
            "type": "string",
            "description": "Last modified",
            "compliance_category": "general"
          },
          "WithFederation": {
            "type": "string",
            "description": "With federation",
            "compliance_category": "general",
            "format": "date-time"
          },
          "HybridAccessEnabled": {
            "type": "string",
            "description": "Hybrid access enabled",
            "compliance_category": "identity",
            "operators": [
              "equals",
              "not_equals",
              "in",
              "exists"
            ]
          },
          "WithPrivilegedAccess": {
            "type": "string",
            "description": "With privileged access",
            "compliance_category": "security",
            "security_impact": "medium"
          }
        }
      },
      {
        "operation": "DescribeTransaction",
        "python_method": "describe_transaction",
        "yaml_action": "describe_transaction",
        "required_params": [
          "TransactionId"
        ],
        "optional_params": [],
        "total_optional": 0,
        "output_fields": {
          "TransactionDescription": {
            "type": "string",
            "description": "TransactionDescription details",
            "compliance_category": "general",
            "operators": [
              "equals",
              "not_equals",
              "contains"
            ]
          }
        },
        "main_output_field": "TransactionDescription",
        "item_fields": {
          "TransactionId": {
            "type": "string",
            "description": "Transaction id",
            "compliance_category": "identity",
            "operators": [
              "equals",
              "not_equals",
              "in",
              "exists"
            ]
          },
          "TransactionStatus": {
            "type": "string",
            "description": "Transaction status",
            "compliance_category": "general",
            "format": "date-time"
          },
          "TransactionStartTime": {
            "type": "string",
            "description": "Transaction start time",
            "compliance_category": "general",
            "format": "date-time"
          },
          "TransactionEndTime": {
            "type": "string",
            "description": "Transaction end time",
            "compliance_category": "general",
            "format": "date-time"
          }
        }
      },
      {
        "operation": "GetDataCellsFilter",
        "python_method": "get_data_cells_filter",
        "yaml_action": "get_data_cells_filter",
        "required_params": [
          "TableCatalogId",
          "DatabaseName",
          "TableName",
          "Name"
        ],
        "optional_params": [],
        "total_optional": 0,
        "output_fields": {
          "DataCellsFilter": {
            "type": "string",
            "description": "DataCellsFilter details",
            "compliance_category": "general",
            "format": "date-time",
            "operators": [
              "equals",
              "not_equals",
              "contains"
            ]
          }
        },
        "main_output_field": "DataCellsFilter",
        "item_fields": {
          "TableCatalogId": {
            "type": "string",
            "description": "Table catalog id",
            "compliance_category": "identity",
            "operators": [
              "equals",
              "not_equals",
              "in",
              "exists"
            ]
          },
          "DatabaseName": {
            "type": "string",
            "description": "Database name",
            "compliance_category": "general",
            "format": "date-time"
          },
          "TableName": {
            "type": "string",
            "description": "Table name",
            "compliance_category": "general"
          },
          "Name": {
            "type": "string",
            "description": "Name",
            "compliance_category": "general"
          },
          "RowFilter": {
            "type": "string",
            "description": "Row filter",
            "compliance_category": "general"
          },
          "ColumnNames": {
            "type": "string",
            "description": "Column names",
            "compliance_category": "general"
          },
          "ColumnWildcard": {
            "type": "string",
            "description": "Column wildcard",
            "compliance_category": "general"
          },
          "VersionId": {
            "type": "string",
            "description": "Version id",
            "compliance_category": "identity",
            "operators": [
              "equals",
              "not_equals",
              "in",
              "exists"
            ]
          }
        }
      },
      {
        "operation": "GetEffectivePermissionsForPath",
        "python_method": "get_effective_permissions_for_path",
        "yaml_action": "get_effective_permissions_for_path",
        "required_params": [
          "ResourceArn"
        ],
        "optional_params": [
          "CatalogId",
          "NextToken",
          "MaxResults"
        ],
        "total_optional": 3,
        "output_fields": {
          "Permissions": {
            "type": "boolean",
            "description": "Permissions details",
            "compliance_category": "security",
            "operators": [
              "equals",
              "not_equals",
              "in",
              "exists"
            ],
            "security_impact": "medium"
          },
          "NextToken": {
            "type": "string",
            "description": "NextToken details",
            "compliance_category": "general",
            "operators": [
              "equals",
              "not_equals",
              "contains"
            ],
            "security_impact": "high"
          }
        },
        "main_output_field": "Permissions",
        "item_fields": {
          "Principal": {
            "type": "string",
            "description": "Principal",
            "compliance_category": "general"
          },
          "Resource": {
            "type": "string",
            "description": "Resource",
            "compliance_category": "general"
          },
          "Condition": {
            "type": "string",
            "description": "Condition",
            "compliance_category": "general",
            "format": "date-time"
          },
          "Permissions": {
            "type": "string",
            "description": "Permissions",
            "compliance_category": "general",
            "format": "date-time"
          },
          "PermissionsWithGrantOption": {
            "type": "string",
            "description": "Permissions with grant option",
            "compliance_category": "general",
            "format": "date-time"
          },
          "AdditionalDetails": {
            "type": "string",
            "description": "Additional details",
            "compliance_category": "general",
            "format": "date-time"
          },
          "LastUpdated": {
            "type": "string",
            "description": "Last updated",
            "compliance_category": "general",
            "format": "date-time"
          },
          "LastUpdatedBy": {
            "type": "string",
            "description": "Last updated by",
            "compliance_category": "general",
            "format": "date-time"
          }
        }
      },
      {
        "operation": "GetLFTag",
        "python_method": "get_lf_tag",
        "yaml_action": "get_lf_tag",
        "required_params": [
          "TagKey"
        ],
        "optional_params": [
          "CatalogId"
        ],
        "total_optional": 1,
        "output_fields": {
          "CatalogId": {
            "type": "string",
            "description": "CatalogId details",
            "compliance_category": "identity",
            "format": "date-time",
            "operators": [
              "equals",
              "not_equals",
              "contains",
              "in",
              "exists"
            ]
          },
          "TagKey": {
            "type": "string",
            "description": "TagKey details",
            "compliance_category": "general",
            "operators": [
              "equals",
              "not_equals",
              "contains"
            ],
            "security_impact": "high"
          },
          "TagValues": {
            "type": "string",
            "description": "TagValues details",
            "compliance_category": "general",
            "operators": [
              "equals",
              "not_equals",
              "contains"
            ]
          }
        },
        "main_output_field": "TagValues",
        "item_fields": []
      },
      {
        "operation": "GetLFTagExpression",
        "python_method": "get_lf_tag_expression",
        "yaml_action": "get_lf_tag_expression",
        "required_params": [
          "Name"
        ],
        "optional_params": [
          "CatalogId"
        ],
        "total_optional": 1,
        "output_fields": {
          "Name": {
            "type": "string",
            "description": "Name details",
            "compliance_category": "identity",
            "operators": [
              "equals",
              "not_equals",
              "contains",
              "in",
              "exists"
            ]
          },
          "Description": {
            "type": "string",
            "description": "Description details",
            "compliance_category": "general",
            "operators": [
              "equals",
              "not_equals",
              "contains"
            ]
          },
          "CatalogId": {
            "type": "string",
            "description": "CatalogId details",
            "compliance_category": "identity",
            "format": "date-time",
            "operators": [
              "equals",
              "not_equals",
              "contains",
              "in",
              "exists"
            ]
          },
          "Expression": {
            "type": "string",
            "description": "Expression details",
            "compliance_category": "general",
            "operators": [
              "equals",
              "not_equals",
              "contains"
            ]
          }
        },
        "main_output_field": "Expression",
        "item_fields": {
          "TagKey": {
            "type": "string",
            "description": "Tag key",
            "compliance_category": "security",
            "security_impact": "high"
          },
          "TagValues": {
            "type": "array",
            "description": "Tag values",
            "compliance_category": "general",
            "operators": [
              "exists",
              "not_empty",
              "contains"
            ]
          }
        }
      },
      {
        "operation": "GetQueryState",
        "python_method": "get_query_state",
        "yaml_action": "get_query_state",
        "required_params": [
          "QueryId"
        ],
        "optional_params": [],
        "total_optional": 0,
        "output_fields": {
          "Error": {
            "type": "string",
            "description": "Error details",
            "compliance_category": "general",
            "operators": [
              "equals",
              "not_equals",
              "contains"
            ]
          },
          "State": {
            "type": "string",
            "description": "State details",
            "compliance_category": "general",
            "format": "date-time",
            "operators": [
              "equals",
              "not_equals",
              "contains"
            ]
          }
        },
        "main_output_field": "Error",
        "item_fields": []
      },
      {
        "operation": "GetQueryStatistics",
        "python_method": "get_query_statistics",
        "yaml_action": "get_query_statistics",
        "required_params": [
          "QueryId"
        ],
        "optional_params": [],
        "total_optional": 0,
        "output_fields": {
          "ExecutionStatistics": {
            "type": "boolean",
            "description": "ExecutionStatistics details",
            "compliance_category": "general",
            "operators": [
              "equals",
              "not_equals",
              "contains"
            ]
          },
          "PlanningStatistics": {
            "type": "boolean",
            "description": "PlanningStatistics details",
            "compliance_category": "general",
            "operators": [
              "equals",
              "not_equals",
              "contains"
            ]
          },
          "QuerySubmissionTime": {
            "type": "boolean",
            "description": "QuerySubmissionTime details",
            "compliance_category": "general",
            "operators": [
              "equals",
              "not_equals",
              "contains"
            ]
          }
        },
        "main_output_field": "ExecutionStatistics",
        "item_fields": {
          "AverageExecutionTimeMillis": {
            "type": "string",
            "description": "Average execution time millis",
            "compliance_category": "general",
            "format": "date-time"
          },
          "DataScannedBytes": {
            "type": "string",
            "description": "Data scanned bytes",
            "compliance_category": "general",
            "format": "date-time"
          },
          "WorkUnitsExecutedCount": {
            "type": "integer",
            "description": "Work units executed count",
            "compliance_category": "general"
          }
        }
      },
      {
        "operation": "GetResourceLFTags",
        "python_method": "get_resource_lf_tags",
        "yaml_action": "get_resource_lf_tags",
        "required_params": [
          "Resource"
        ],
        "optional_params": [
          "CatalogId",
          "ShowAssignedLFTags"
        ],
        "total_optional": 2,
        "output_fields": {
          "LFTagOnDatabase": {
            "type": "string",
            "description": "LFTagOnDatabase details",
            "compliance_category": "general",
            "format": "date-time",
            "operators": [
              "equals",
              "not_equals",
              "contains"
            ]
          },
          "LFTagsOnTable": {
            "type": "string",
            "description": "LFTagsOnTable details",
            "compliance_category": "general",
            "operators": [
              "equals",
              "not_equals",
              "contains"
            ]
          },
          "LFTagsOnColumns": {
            "type": "string",
            "description": "LFTagsOnColumns details",
            "compliance_category": "general",
            "operators": [
              "equals",
              "not_equals",
              "contains"
            ]
          }
        },
        "main_output_field": "LFTagOnDatabase",
        "item_fields": {
          "CatalogId": {
            "type": "string",
            "description": "Catalog id",
            "compliance_category": "identity",
            "operators": [
              "equals",
              "not_equals",
              "in",
              "exists"
            ]
          },
          "TagKey": {
            "type": "string",
            "description": "Tag key",
            "compliance_category": "security",
            "security_impact": "high"
          },
          "TagValues": {
            "type": "array",
            "description": "Tag values",
            "compliance_category": "general",
            "operators": [
              "exists",
              "not_empty",
              "contains"
            ]
          }
        }
      },
      {
        "operation": "GetTableObjects",
        "python_method": "get_table_objects",
        "yaml_action": "get_table_objects",
        "required_params": [
          "DatabaseName",
          "TableName"
        ],
        "optional_params": [
          "CatalogId",
          "TransactionId",
          "QueryAsOfTime",
          "PartitionPredicate",
          "MaxResults"
        ],
        "total_optional": 6,
        "output_fields": {
          "Objects": {
            "type": "string",
            "description": "Objects details",
            "compliance_category": "general",
            "operators": [
              "equals",
              "not_equals",
              "contains"
            ]
          },
          "NextToken": {
            "type": "string",
            "description": "NextToken details",
            "compliance_category": "general",
            "operators": [
              "equals",
              "not_equals",
              "contains"
            ],
            "security_impact": "high"
          }
        },
        "main_output_field": "Objects",
        "item_fields": {
          "PartitionValues": {
            "type": "string",
            "description": "Partition values",
            "compliance_category": "general",
            "format": "date-time"
          },
          "Objects": {
            "type": "string",
            "description": "Objects",
            "compliance_category": "general"
          }
        }
      },
      {
        "operation": "GetTemporaryGluePartitionCredentials",
        "python_method": "get_temporary_glue_partition_credentials",
        "yaml_action": "get_temporary_glue_partition_credentials",
        "required_params": [
          "TableArn",
          "Partition"
        ],
        "optional_params": [
          "Permissions",
          "DurationSeconds",
          "AuditContext",
          "SupportedPermissionTypes"
        ],
        "total_optional": 4,
        "output_fields": {
          "AccessKeyId": {
            "type": "string",
            "description": "AccessKeyId details",
            "compliance_category": "identity",
            "operators": [
              "equals",
              "not_equals",
              "contains",
              "in",
              "exists"
            ],
            "security_impact": "high"
          },
          "SecretAccessKey": {
            "type": "string",
            "description": "SecretAccessKey details",
            "compliance_category": "security",
            "operators": [
              "equals",
              "not_equals",
              "in",
              "exists"
            ],
            "security_impact": "high"
          },
          "SessionToken": {
            "type": "string",
            "description": "SessionToken details",
            "compliance_category": "general",
            "operators": [
              "equals",
              "not_equals",
              "contains"
            ],
            "security_impact": "high"
          },
          "Expiration": {
            "type": "string",
            "description": "Expiration details",
            "compliance_category": "general",
            "format": "date-time",
            "operators": [
              "equals",
              "not_equals",
              "contains"
            ]
          }
        },
        "main_output_field": "AccessKeyId",
        "item_fields": []
      },
      {
        "operation": "GetTemporaryGlueTableCredentials",
        "python_method": "get_temporary_glue_table_credentials",
        "yaml_action": "get_temporary_glue_table_credentials",
        "required_params": [
          "TableArn"
        ],
        "optional_params": [
          "Permissions",
          "DurationSeconds",
          "AuditContext",
          "SupportedPermissionTypes",
          "S3Path"
        ],
        "total_optional": 6,
        "output_fields": {
          "AccessKeyId": {
            "type": "string",
            "description": "AccessKeyId details",
            "compliance_category": "identity",
            "operators": [
              "equals",
              "not_equals",
              "contains",
              "in",
              "exists"
            ],
            "security_impact": "high"
          },
          "SecretAccessKey": {
            "type": "string",
            "description": "SecretAccessKey details",
            "compliance_category": "security",
            "operators": [
              "equals",
              "not_equals",
              "in",
              "exists"
            ],
            "security_impact": "high"
          },
          "SessionToken": {
            "type": "string",
            "description": "SessionToken details",
            "compliance_category": "general",
            "operators": [
              "equals",
              "not_equals",
              "contains"
            ],
            "security_impact": "high"
          },
          "Expiration": {
            "type": "string",
            "description": "Expiration details",
            "compliance_category": "general",
            "format": "date-time",
            "operators": [
              "equals",
              "not_equals",
              "contains"
            ]
          },
          "VendedS3Path": {
            "type": "string",
            "description": "VendedS3Path details",
            "compliance_category": "general",
            "format": "date-time",
            "operators": [
              "equals",
              "not_equals",
              "contains"
            ]
          }
        },
        "main_output_field": "VendedS3Path",
        "item_fields": []
      },
      {
        "operation": "GetWorkUnitResults",
        "python_method": "get_work_unit_results",
        "yaml_action": "get_work_unit_results",
        "required_params": [
          "QueryId",
          "WorkUnitId",
          "WorkUnitToken"
        ],
        "optional_params": [],
        "total_optional": 0,
        "output_fields": {
          "ResultStream": {
            "type": "string",
            "description": "ResultStream details",
            "compliance_category": "general",
            "operators": [
              "equals",
              "not_equals",
              "contains"
            ]
          }
        },
        "main_output_field": "ResultStream",
        "item_fields": []
      },
      {
        "operation": "GetWorkUnits",
        "python_method": "get_work_units",
        "yaml_action": "get_work_units",
        "required_params": [
          "QueryId"
        ],
        "optional_params": [
          "NextToken",
          "PageSize"
        ],
        "total_optional": 2,
        "output_fields": {
          "NextToken": {
            "type": "string",
            "description": "NextToken details",
            "compliance_category": "general",
            "operators": [
              "equals",
              "not_equals",
              "contains"
            ],
            "security_impact": "high"
          },
          "QueryId": {
            "type": "string",
            "description": "QueryId details",
            "compliance_category": "identity",
            "operators": [
              "equals",
              "not_equals",
              "contains",
              "in",
              "exists"
            ]
          },
          "WorkUnitRanges": {
            "type": "string",
            "description": "WorkUnitRanges details",
            "compliance_category": "general",
            "operators": [
              "equals",
              "not_equals",
              "contains"
            ]
          }
        },
        "main_output_field": "WorkUnitRanges",
        "item_fields": {
          "WorkUnitIdMax": {
            "type": "string",
            "description": "Work unit id max",
            "compliance_category": "identity",
            "operators": [
              "equals",
              "not_equals",
              "in",
              "exists"
            ]
          },
          "WorkUnitIdMin": {
            "type": "string",
            "description": "Work unit id min",
            "compliance_category": "identity",
            "operators": [
              "equals",
              "not_equals",
              "in",
              "exists"
            ]
          },
          "WorkUnitToken": {
            "type": "string",
            "description": "Work unit token",
            "compliance_category": "general"
          }
        }
      },
      {
        "operation": "GrantPermissions",
        "python_method": "grant_permissions",
        "yaml_action": "grant_permissions",
        "required_params": [
          "Principal",
          "Resource",
          "Permissions"
        ],
        "optional_params": [
          "CatalogId",
          "Condition",
          "PermissionsWithGrantOption"
        ],
        "total_optional": 3,
        "output_fields": {},
        "main_output_field": null,
        "item_fields": []
      },
      {
        "operation": "ListTableStorageOptimizers",
        "python_method": "list_table_storage_optimizers",
        "yaml_action": "list_table_storage_optimizers",
        "required_params": [
          "DatabaseName",
          "TableName"
        ],
        "optional_params": [
          "CatalogId",
          "StorageOptimizerType",
          "MaxResults",
          "NextToken"
        ],
        "total_optional": 4,
        "output_fields": {
          "StorageOptimizerList": {
            "type": "boolean",
            "description": "StorageOptimizerList details",
            "compliance_category": "general",
            "operators": [
              "equals",
              "not_equals",
              "contains"
            ]
          },
          "NextToken": {
            "type": "string",
            "description": "NextToken details",
            "compliance_category": "general",
            "operators": [
              "equals",
              "not_equals",
              "contains"
            ],
            "security_impact": "high"
          }
        },
        "main_output_field": "StorageOptimizerList",
        "item_fields": {
          "StorageOptimizerType": {
            "type": "string",
            "description": "Storage optimizer type",
            "compliance_category": "general"
          },
          "Config": {
            "type": "string",
            "description": "Config",
            "compliance_category": "general",
            "format": "date-time"
          },
          "ErrorMessage": {
            "type": "string",
            "description": "Error message",
            "compliance_category": "general"
          },
          "Warnings": {
            "type": "string",
            "description": "Warnings",
            "compliance_category": "identity",
            "operators": [
              "equals",
              "not_equals",
              "contains",
              "in",
              "exists"
            ]
          },
          "LastRunDetails": {
            "type": "string",
            "description": "Last run details",
            "compliance_category": "general"
          }
        }
      },
      {
        "operation": "PutDataLakeSettings",
        "python_method": "put_data_lake_settings",
        "yaml_action": "put_data_lake_settings",
        "required_params": [
          "DataLakeSettings"
        ],
        "optional_params": [
          "CatalogId"
        ],
        "total_optional": 1,
        "output_fields": {},
        "main_output_field": null,
        "item_fields": []
      },
      {
        "operation": "RegisterResource",
        "python_method": "register_resource",
        "yaml_action": "register_resource",
        "required_params": [
          "ResourceArn"
        ],
        "optional_params": [
          "UseServiceLinkedRole",
          "RoleArn",
          "WithFederation",
          "HybridAccessEnabled",
          "WithPrivilegedAccess"
        ],
        "total_optional": 5,
        "output_fields": {},
        "main_output_field": null,
        "item_fields": []
      },
      {
        "operation": "RemoveLFTagsFromResource",
        "python_method": "remove_lf_tags_from_resource",
        "yaml_action": "remove_lf_tags_from_resource",
        "required_params": [
          "Resource",
          "LFTags"
        ],
        "optional_params": [
          "CatalogId"
        ],
        "total_optional": 1,
        "output_fields": {
          "Failures": {
            "type": "string",
            "description": "Failures details",
            "compliance_category": "general",
            "operators": [
              "equals",
              "not_equals",
              "contains"
            ]
          }
        },
        "main_output_field": "Failures",
        "item_fields": {
          "LFTag": {
            "type": "array",
            "description": "Lf tag",
            "compliance_category": "general",
            "operators": [
              "exists",
              "not_empty",
              "contains"
            ]
          },
          "Error": {
            "type": "string",
            "description": "Error",
            "compliance_category": "general"
          }
        }
      },
      {
        "operation": "RevokePermissions",
        "python_method": "revoke_permissions",
        "yaml_action": "revoke_permissions",
        "required_params": [
          "Principal",
          "Resource",
          "Permissions"
        ],
        "optional_params": [
          "CatalogId",
          "Condition",
          "PermissionsWithGrantOption"
        ],
        "total_optional": 3,
        "output_fields": {},
        "main_output_field": null,
        "item_fields": []
      },
      {
        "operation": "SearchDatabasesByLFTags",
        "python_method": "search_databases_by_lf_tags",
        "yaml_action": "search_databases_by_lf_tags",
        "required_params": [
          "Expression"
        ],
        "optional_params": [
          "NextToken",
          "MaxResults",
          "CatalogId"
        ],
        "total_optional": 3,
        "output_fields": {
          "NextToken": {
            "type": "string",
            "description": "NextToken details",
            "compliance_category": "general",
            "operators": [
              "equals",
              "not_equals",
              "contains"
            ],
            "security_impact": "high"
          },
          "DatabaseList": {
            "type": "boolean",
            "description": "DatabaseList details",
            "compliance_category": "general",
            "operators": [
              "equals",
              "not_equals",
              "contains"
            ]
          }
        },
        "main_output_field": "DatabaseList",
        "item_fields": {
          "Database": {
            "type": "string",
            "description": "Database",
            "compliance_category": "general",
            "format": "date-time"
          },
          "LFTags": {
            "type": "array",
            "description": "Lf tags",
            "compliance_category": "general",
            "operators": [
              "exists",
              "not_empty",
              "contains"
            ]
          }
        }
      },
      {
        "operation": "SearchTablesByLFTags",
        "python_method": "search_tables_by_lf_tags",
        "yaml_action": "search_tables_by_lf_tags",
        "required_params": [
          "Expression"
        ],
        "optional_params": [
          "NextToken",
          "MaxResults",
          "CatalogId"
        ],
        "total_optional": 3,
        "output_fields": {
          "NextToken": {
            "type": "string",
            "description": "NextToken details",
            "compliance_category": "general",
            "operators": [
              "equals",
              "not_equals",
              "contains"
            ],
            "security_impact": "high"
          },
          "TableList": {
            "type": "boolean",
            "description": "TableList details",
            "compliance_category": "general",
            "operators": [
              "equals",
              "not_equals",
              "contains"
            ]
          }
        },
        "main_output_field": "TableList",
        "item_fields": {
          "Table": {
            "type": "string",
            "description": "Table",
            "compliance_category": "general"
          },
          "LFTagOnDatabase": {
            "type": "string",
            "description": "Lf tag on database",
            "compliance_category": "general",
            "format": "date-time"
          },
          "LFTagsOnTable": {
            "type": "string",
            "description": "Lf tags on table",
            "compliance_category": "general",
            "format": "date-time"
          },
          "LFTagsOnColumns": {
            "type": "string",
            "description": "Lf tags on columns",
            "compliance_category": "general",
            "format": "date-time"
          }
        }
      },
      {
        "operation": "StartQueryPlanning",
        "python_method": "start_query_planning",
        "yaml_action": "start_query_planning",
        "required_params": [
          "QueryPlanningContext",
          "QueryString"
        ],
        "optional_params": [],
        "total_optional": 0,
        "output_fields": {
          "QueryId": {
            "type": "string",
            "description": "QueryId details",
            "compliance_category": "identity",
            "operators": [
              "equals",
              "not_equals",
              "contains",
              "in",
              "exists"
            ]
          }
        },
        "main_output_field": "QueryId",
        "item_fields": []
      },
      {
        "operation": "UpdateDataCellsFilter",
        "python_method": "update_data_cells_filter",
        "yaml_action": "update_data_cells_filter",
        "required_params": [
          "TableData"
        ],
        "optional_params": [],
        "total_optional": 0,
        "output_fields": {},
        "main_output_field": null,
        "item_fields": []
      },
      {
        "operation": "UpdateLFTag",
        "python_method": "update_lf_tag",
        "yaml_action": "update_lf_tag",
        "required_params": [
          "TagKey"
        ],
        "optional_params": [
          "CatalogId",
          "TagValuesToDelete",
          "TagValuesToAdd"
        ],
        "total_optional": 3,
        "output_fields": {},
        "main_output_field": null,
        "item_fields": []
      },
      {
        "operation": "UpdateLFTagExpression",
        "python_method": "update_lf_tag_expression",
        "yaml_action": "update_lf_tag_expression",
        "required_params": [
          "Name",
          "Expression"
        ],
        "optional_params": [
          "Description",
          "CatalogId"
        ],
        "total_optional": 2,
        "output_fields": {},
        "main_output_field": null,
        "item_fields": []
      },
      {
        "operation": "UpdateResource",
        "python_method": "update_resource",
        "yaml_action": "update_resource",
        "required_params": [
          "RoleArn",
          "ResourceArn"
        ],
        "optional_params": [
          "WithFederation",
          "HybridAccessEnabled"
        ],
        "total_optional": 2,
        "output_fields": {},
        "main_output_field": null,
        "item_fields": []
      },
      {
        "operation": "UpdateTableObjects",
        "python_method": "update_table_objects",
        "yaml_action": "update_table_objects",
        "required_params": [
          "DatabaseName",
          "TableName",
          "WriteOperations"
        ],
        "optional_params": [
          "CatalogId",
          "TransactionId"
        ],
        "total_optional": 2,
        "output_fields": {},
        "main_output_field": null,
        "item_fields": []
      },
      {
        "operation": "UpdateTableStorageOptimizer",
        "python_method": "update_table_storage_optimizer",
        "yaml_action": "update_table_storage_optimizer",
        "required_params": [
          "DatabaseName",
          "TableName",
          "StorageOptimizerConfig"
        ],
        "optional_params": [
          "CatalogId"
        ],
        "total_optional": 1,
        "output_fields": {
          "Result": {
            "type": "string",
            "description": "Result details",
            "compliance_category": "general",
            "operators": [
              "equals",
              "not_equals",
              "contains"
            ]
          }
        },
        "main_output_field": "Result",
        "item_fields": []
      }
    ],
    "independent_count": 16,
    "dependent_count": 44
  }
}