{
  "service": "lakeformation",
  "seed_from_list": [
    "AdditionalDetails",
    "CatalogId",
    "ColumnNames",
    "ColumnWildcard",
    "Condition",
    "Config",
    "Database",
    "DatabaseName",
    "Description",
    "ErrorMessage",
    "Expression",
    "HybridAccessEnabled",
    "LFTagOnDatabase",
    "LFTags",
    "LFTagsOnColumns",
    "LFTagsOnTable",
    "LastModified",
    "LastRunDetails",
    "LastUpdated",
    "LastUpdatedBy",
    "Name",
    "Permissions",
    "PermissionsWithGrantOption",
    "Principal",
    "Resource",
    "ResourceArn",
    "RoleArn",
    "RowFilter",
    "StorageOptimizerType",
    "Table",
    "TableCatalogId",
    "TableName",
    "TagKey",
    "TagValues",
    "TransactionEndTime",
    "TransactionId",
    "TransactionStartTime",
    "TransactionStatus",
    "VersionId",
    "Warnings",
    "WithFederation",
    "WithPrivilegedAccess"
  ],
  "enriched_from_get_describe": [
    "AccessKeyId",
    "AdditionalDetails",
    "AllowExternalDataFiltering",
    "AllowFullTableExternalDataAccess",
    "ApplicationArn",
    "AuthorizedSessionTagValueList",
    "AverageExecutionTimeMillis",
    "CatalogId",
    "ColumnNames",
    "ColumnWildcard",
    "Condition",
    "CreateDatabaseDefaultPermissions",
    "CreateTableDefaultPermissions",
    "DataCellsFilter",
    "DataLakeAdmins",
    "DataLakePrincipalIdentifier",
    "DataLakeSettings",
    "DataScannedBytes",
    "DatabaseName",
    "Description",
    "Error",
    "ExecutionStatistics",
    "Expiration",
    "Expression",
    "ExternalDataFilteringAllowList",
    "ExternalFiltering",
    "HybridAccessEnabled",
    "Identity",
    "InstanceArn",
    "LFTagOnDatabase",
    "LFTagsOnColumns",
    "LFTagsOnTable",
    "LastModified",
    "LastUpdated",
    "LastUpdatedBy",
    "Name",
    "NextToken",
    "Objects",
    "Parameters",
    "PartitionValues",
    "Permissions",
    "PermissionsWithGrantOption",
    "PlanningStatistics",
    "Principal",
    "QueryId",
    "QuerySubmissionTime",
    "ReadOnlyAdmins",
    "Resource",
    "ResourceArn",
    "ResourceInfo",
    "ResourceShare",
    "ResultStream",
    "RoleArn",
    "RowFilter",
    "SecretAccessKey",
    "ServiceIntegrations",
    "SessionToken",
    "ShareRecipients",
    "State",
    "TableCatalogId",
    "TableName",
    "TagKey",
    "TagValues",
    "TransactionDescription",
    "TransactionEndTime",
    "TransactionId",
    "TransactionStartTime",
    "TransactionStatus",
    "TrustedResourceOwners",
    "VendedS3Path",
    "VersionId",
    "WithFederation",
    "WithPrivilegedAccess",
    "WorkUnitIdMax",
    "WorkUnitIdMin",
    "WorkUnitRanges",
    "WorkUnitToken",
    "WorkUnitsExecutedCount"
  ],
  "final_union": [
    "AccessKeyId",
    "AdditionalDetails",
    "AllowExternalDataFiltering",
    "AllowFullTableExternalDataAccess",
    "ApplicationArn",
    "AuthorizedSessionTagValueList",
    "AverageExecutionTimeMillis",
    "CatalogId",
    "ColumnNames",
    "ColumnWildcard",
    "Condition",
    "Config",
    "CreateDatabaseDefaultPermissions",
    "CreateTableDefaultPermissions",
    "DataCellsFilter",
    "DataLakeAdmins",
    "DataLakePrincipalIdentifier",
    "DataLakeSettings",
    "DataScannedBytes",
    "Database",
    "DatabaseName",
    "Description",
    "Error",
    "ErrorMessage",
    "ExecutionStatistics",
    "Expiration",
    "Expression",
    "ExternalDataFilteringAllowList",
    "ExternalFiltering",
    "HybridAccessEnabled",
    "Identity",
    "InstanceArn",
    "LFTagOnDatabase",
    "LFTags",
    "LFTagsOnColumns",
    "LFTagsOnTable",
    "LastModified",
    "LastRunDetails",
    "LastUpdated",
    "LastUpdatedBy",
    "Name",
    "NextToken",
    "Objects",
    "Parameters",
    "PartitionValues",
    "Permissions",
    "PermissionsWithGrantOption",
    "PlanningStatistics",
    "Principal",
    "QueryId",
    "QuerySubmissionTime",
    "ReadOnlyAdmins",
    "Resource",
    "ResourceArn",
    "ResourceInfo",
    "ResourceShare",
    "ResultStream",
    "RoleArn",
    "RowFilter",
    "SecretAccessKey",
    "ServiceIntegrations",
    "SessionToken",
    "ShareRecipients",
    "State",
    "StorageOptimizerType",
    "Table",
    "TableCatalogId",
    "TableName",
    "TagKey",
    "TagValues",
    "TransactionDescription",
    "TransactionEndTime",
    "TransactionId",
    "TransactionStartTime",
    "TransactionStatus",
    "TrustedResourceOwners",
    "VendedS3Path",
    "VersionId",
    "Warnings",
    "WithFederation",
    "WithPrivilegedAccess",
    "WorkUnitIdMax",
    "WorkUnitIdMin",
    "WorkUnitRanges",
    "WorkUnitToken",
    "WorkUnitsExecutedCount"
  ],
  "source": {
    "operation_registry": "services/lakeformation/operation_registry.json",
    "read_ops_rule": "operation name startswith List/Get/Describe/Search/Lookup",
    "excluded_keys": [
      "nextToken",
      "maxResults"
    ]
  }
}