{
  "service": "lakeformation",
  "fixes": [
    {
      "rule_id": "1",
      "suggested_check": {
        "var": "Name",
        "op": "equals",
        "value": "true",
        "derived": "has_wildcards",
        "derive_key": "lakeformation.cells_filter_name"
      },
      "suggested_aliases": {
        "entity_aliases": {
          "alias": "lakeformation.cells_filter_name"
        },
        "param_aliases": {
          "param": [
            "DataCellsFilters[].Name"
          ]
        }
      },
      "confidence": 0.85,
      "reason": "The Name variable directly corresponds to the cells filter name in Lake Formation."
    },
    {
      "rule_id": "2",
      "suggested_check": {
        "var": "Name",
        "op": "equals",
        "value": "true",
        "derived": "has_wildcards",
        "derive_key": "lakeformation.expression_name"
      },
      "suggested_aliases": {
        "entity_aliases": {
          "alias": "lakeformation.expression_name"
        },
        "param_aliases": {
          "param": [
            "LFTagExpressions[].Name",
            "CreateLFTagExpression.Name",
            "DeleteLFTagExpression.Name",
            "GetLFTagExpression.Name",
            "UpdateLFTagExpression.Name"
          ]
        }
      },
      "confidence": 0.9,
      "reason": "The Name variable is consistently used across multiple expressions in Lake Formation."
    },
    {
      "type": "llm_fix",
      "original": "1",
      "fix": {
        "var": "Name",
        "op": "equals",
        "value": "true",
        "derived": "has_wildcards",
        "derive_key": "lakeformation.cells_filter_name"
      },
      "confidence": 0.85,
      "reason": "The Name field directly corresponds to the cells filter name, and the derived variable indicates the presence of wildcards.",
      "aliases": {
        "entity_aliases": {
          "alias": "lakeformation.cells_filter_name"
        },
        "param_aliases": {
          "param": [
            "DataCellsFilters[].Name"
          ]
        }
      }
    },
    {
      "type": "llm_fix",
      "original": "2",
      "fix": {
        "var": "Name",
        "op": "equals",
        "value": "true",
        "derived": "has_wildcards",
        "derive_key": "lakeformation.expression_name"
      },
      "confidence": 0.85,
      "reason": "The Name field directly corresponds to the expression name, and the derived variable indicates the presence of wildcards.",
      "aliases": {
        "entity_aliases": {
          "alias": "lakeformation.expression_name"
        },
        "param_aliases": {
          "param": [
            "LFTagExpressions[].Name"
          ]
        }
      }
    }
  ],
  "summary": {
    "total_fixes": 4,
    "remaining_unresolved": 9
  }
}