{
  "service": "lakeformation",
  "issues": {
    "generic_entities": {},
    "ambiguous_tokens": {
      "name": [
        {
          "mapping": "ListDataCellsFilter.DataCellsFilters[].Name -> lakeformation.cells_filter_name",
          "evidence": "ListDataCellsFilter.DataCellsFilters[].Name",
          "entity": "lakeformation.cells_filter_name"
        },
        {
          "mapping": "ListLFTagExpressions.LFTagExpressions[].Name -> lakeformation.expression_name",
          "evidence": "ListLFTagExpressions.LFTagExpressions[].Name",
          "entity": "lakeformation.expression_name"
        },
        {
          "mapping": "CreateLFTagExpression.Name -> lakeformation.expression_name",
          "evidence": "CreateLFTagExpression.Name",
          "entity": "lakeformation.expression_name"
        },
        {
          "mapping": "DeleteLFTagExpression.Name -> lakeformation.expression_name",
          "evidence": "DeleteLFTagExpression.Name",
          "entity": "lakeformation.expression_name"
        },
        {
          "mapping": "GetDataCellsFilter.Name -> lakeformation.cells_filter_name",
          "evidence": "GetDataCellsFilter.Name",
          "entity": "lakeformation.cells_filter_name"
        },
        {
          "mapping": "GetDataCellsFilter.DataCellsFilter.Name -> lakeformation.cells_filter_name",
          "evidence": "GetDataCellsFilter.DataCellsFilter.Name",
          "entity": "lakeformation.cells_filter_name"
        },
        {
          "mapping": "GetLFTagExpression.Name -> lakeformation.expression_name",
          "evidence": "GetLFTagExpression.Name",
          "entity": "lakeformation.expression_name"
        },
        {
          "mapping": "GetLFTagExpression.Name -> lakeformation.expression_name",
          "evidence": "GetLFTagExpression.Name",
          "entity": "lakeformation.expression_name"
        },
        {
          "mapping": "UpdateLFTagExpression.Name -> lakeformation.expression_name",
          "evidence": "UpdateLFTagExpression.Name",
          "entity": "lakeformation.expression_name"
        }
      ]
    },
    "unresolved_consumes": [],
    "suspicious_paths": []
  },
  "alias_candidates_not_applied": [],
  "suggested_overrides": [
    {
      "operation": "DescribeResource",
      "type": "produces",
      "key": "ResourceInfo.RoleArn",
      "suggested_entity": "lakeformation.resource_arn",
      "confidence": "MEDIUM",
      "reason": "Param 'ResourceArn' and output field 'RoleArn' match but map to different entities. Suggest unifying to consume entity."
    },
    {
      "operation": "GetDataCellsFilter",
      "type": "produces",
      "key": "DataCellsFilter.TableCatalogId",
      "suggested_entity": "lakeformation.tablecatalog_id",
      "confidence": "MEDIUM",
      "reason": "Param 'TableCatalogId' and output field 'TableCatalogId' match but map to different entities. Suggest unifying to consume entity."
    },
    {
      "operation": "GetDataCellsFilter",
      "type": "produces",
      "key": "DataCellsFilter.VersionId",
      "suggested_entity": "lakeformation.tablecatalog_id",
      "confidence": "MEDIUM",
      "reason": "Param 'TableCatalogId' and output field 'VersionId' match but map to different entities. Suggest unifying to consume entity."
    }
  ],
  "unresolved_items": [
    {
      "mapping": "ListDataCellsFilter.DataCellsFilters[].Name -> lakeformation.cells_filter_name",
      "evidence": "ListDataCellsFilter.DataCellsFilters[].Name",
      "entity": "lakeformation.cells_filter_name"
    },
    {
      "mapping": "ListLFTagExpressions.LFTagExpressions[].Name -> lakeformation.expression_name",
      "evidence": "ListLFTagExpressions.LFTagExpressions[].Name",
      "entity": "lakeformation.expression_name"
    },
    {
      "mapping": "CreateLFTagExpression.Name -> lakeformation.expression_name",
      "evidence": "CreateLFTagExpression.Name",
      "entity": "lakeformation.expression_name"
    },
    {
      "mapping": "DeleteLFTagExpression.Name -> lakeformation.expression_name",
      "evidence": "DeleteLFTagExpression.Name",
      "entity": "lakeformation.expression_name"
    },
    {
      "mapping": "GetDataCellsFilter.Name -> lakeformation.cells_filter_name",
      "evidence": "GetDataCellsFilter.Name",
      "entity": "lakeformation.cells_filter_name"
    },
    {
      "mapping": "GetDataCellsFilter.DataCellsFilter.Name -> lakeformation.cells_filter_name",
      "evidence": "GetDataCellsFilter.DataCellsFilter.Name",
      "entity": "lakeformation.cells_filter_name"
    },
    {
      "mapping": "GetLFTagExpression.Name -> lakeformation.expression_name",
      "evidence": "GetLFTagExpression.Name",
      "entity": "lakeformation.expression_name"
    },
    {
      "mapping": "GetLFTagExpression.Name -> lakeformation.expression_name",
      "evidence": "GetLFTagExpression.Name",
      "entity": "lakeformation.expression_name"
    },
    {
      "mapping": "UpdateLFTagExpression.Name -> lakeformation.expression_name",
      "evidence": "UpdateLFTagExpression.Name",
      "entity": "lakeformation.expression_name"
    }
  ]
}