{
  "service": "networkmanager",
  "op_consumes": {
    "CreateGlobalNetwork": [],
    "DescribeGlobalNetworks": [],
    "ListAttachments": [],
    "ListConnectPeers": [],
    "ListCoreNetworks": [],
    "ListOrganizationServiceAccessStatus": [],
    "ListPeerings": [],
    "AcceptAttachment": ["networkmanager.attachment_id"],
    "AssociateConnectPeer": ["networkmanager.globalnetwork_id", "networkmanager.connectpeer_id", "networkmanager.device_id"],
    "AssociateCustomerGateway": ["networkmanager.customergateway_arn", "networkmanager.globalnetwork_id", "networkmanager.device_id"],
    "AssociateLink": ["networkmanager.globalnetwork_id", "networkmanager.link_id", "networkmanager.device_id"],
    "AssociateTransitGatewayConnectPeer": ["networkmanager.transitgatewayconnectpeer_arn", "networkmanager.globalnetwork_id", "networkmanager.device_id"],
    "CreateConnectAttachment": ["networkmanager.edge_location", "networkmanager.options", "networkmanager.corenetwork_id", "networkmanager.transportattachment_id"],
    "CreateConnectPeer": ["networkmanager.peer_address", "networkmanager.connectattachment_id"],
    "CreateConnection": ["networkmanager.connecteddevice_id", "networkmanager.globalnetwork_id", "networkmanager.device_id"],
    "CreateCoreNetwork": ["networkmanager.globalnetwork_id"],
    "CreateCoreNetworkPrefixListAssociation": ["networkmanager.corenetwork_id", "networkmanager.prefix_list_alias", "networkmanager.prefixlist_arn"],
    "CreateDevice": ["networkmanager.globalnetwork_id"],
    "CreateDirectConnectGatewayAttachment": ["networkmanager.edge_locations", "networkmanager.directconnectgateway_arn", "networkmanager.corenetwork_id"],
    "CreateLink": ["networkmanager.site_id", "networkmanager.globalnetwork_id", "networkmanager.bandwidth"],
    "CreateSite": ["networkmanager.globalnetwork_id"],
    "CreateSiteToSiteVpnAttachment": ["networkmanager.corenetwork_id", "networkmanager.vpnconnection_arn"],
    "CreateTransitGatewayPeering": ["networkmanager.corenetwork_id", "networkmanager.transitgateway_arn"],
    "CreateTransitGatewayRouteTableAttachment": ["networkmanager.peering_id", "networkmanager.transitgatewayroutetable_arn"],
    "CreateVpcAttachment": ["networkmanager.subnet_arns", "networkmanager.corenetwork_id", "networkmanager.vpc_arn"],
    "DeleteAttachment": ["networkmanager.attachment_id"],
    "DeleteConnectPeer": ["networkmanager.connectpeer_id"],
    "DeleteConnection": ["networkmanager.globalnetwork_id", "networkmanager.connection_id"],
    "DeleteCoreNetwork": ["networkmanager.corenetwork_id"],
    "DeleteCoreNetworkPolicyVersion": ["networkmanager.corenetwork_id", "networkmanager.policyversion_id"],
    "DeleteCoreNetworkPrefixListAssociation": ["networkmanager.corenetwork_id", "networkmanager.prefixlist_arn"],
    "DeleteDevice": ["networkmanager.globalnetwork_id", "networkmanager.device_id"],
    "DeleteGlobalNetwork": ["networkmanager.globalnetwork_id"],
    "DeleteLink": ["networkmanager.globalnetwork_id", "networkmanager.link_id"],
    "DeletePeering": ["networkmanager.peering_id"],
    "DeleteResourcePolicy": ["networkmanager.resource_arn"],
    "DeleteSite": ["networkmanager.site_id", "networkmanager.globalnetwork_id"],
    "DeregisterTransitGateway": ["networkmanager.transitgateway_arn", "networkmanager.globalnetwork_id"],
    "DisassociateConnectPeer": ["networkmanager.globalnetwork_id", "networkmanager.connectpeer_id"],
    "DisassociateCustomerGateway": ["networkmanager.customergateway_arn", "networkmanager.globalnetwork_id"],
    "DisassociateLink": ["networkmanager.globalnetwork_id", "networkmanager.link_id", "networkmanager.device_id"],
    "DisassociateTransitGatewayConnectPeer": ["networkmanager.transitgatewayconnectpeer_arn", "networkmanager.globalnetwork_id"],
    "ExecuteCoreNetworkChangeSet": ["networkmanager.corenetwork_id", "networkmanager.policyversion_id"],
    "GetConnectAttachment": ["networkmanager.attachment_id"],
    "GetConnectPeer": ["networkmanager.connectpeer_id"],
    "GetConnectPeerAssociations": ["networkmanager.globalnetwork_id"],
    "GetConnections": ["networkmanager.globalnetwork_id"],
    "GetCoreNetwork": ["networkmanager.corenetwork_id"],
    "GetCoreNetworkChangeEvents": ["networkmanager.corenetwork_id", "networkmanager.policyversion_id"],
    "GetCoreNetworkChangeSet": ["networkmanager.corenetwork_id", "networkmanager.policyversion_id"],
    "GetCoreNetworkPolicy": ["networkmanager.corenetwork_id"],
    "GetCustomerGatewayAssociations": ["networkmanager.globalnetwork_id"],
    "GetDevices": ["networkmanager.globalnetwork_id"],
    "GetDirectConnectGatewayAttachment": ["networkmanager.attachment_id"],
    "GetLinkAssociations": ["networkmanager.globalnetwork_id"],
    "GetLinks": ["networkmanager.globalnetwork_id"],
    "GetNetworkResourceCounts": ["networkmanager.globalnetwork_id"],
    "GetNetworkResourceRelationships": ["networkmanager.globalnetwork_id"],
    "GetNetworkResources": ["networkmanager.globalnetwork_id"],
    "GetNetworkRoutes": ["networkmanager.route_table_identifier", "networkmanager.globalnetwork_id"],
    "GetNetworkTelemetry": ["networkmanager.globalnetwork_id"],
    "GetResourcePolicy": ["networkmanager.resource_arn"],
    "GetRouteAnalysis": ["networkmanager.routeanalysis_id", "networkmanager.globalnetwork_id"],
    "GetSiteToSiteVpnAttachment": ["networkmanager.attachment_id"],
    "GetSites": ["networkmanager.globalnetwork_id"],
    "GetTransitGatewayConnectPeerAssociations": ["networkmanager.globalnetwork_id"],
    "GetTransitGatewayPeering": ["networkmanager.peering_id"],
    "GetTransitGatewayRegistrations": ["networkmanager.globalnetwork_id"],
    "GetTransitGatewayRouteTableAttachment": ["networkmanager.attachment_id"],
    "GetVpcAttachment": ["networkmanager.attachment_id"],
    "ListAttachmentRoutingPolicyAssociations": ["networkmanager.corenetwork_id"],
    "ListCoreNetworkPolicyVersions": ["networkmanager.corenetwork_id"],
    "ListCoreNetworkPrefixListAssociations": ["networkmanager.corenetwork_id"],
    "ListCoreNetworkRoutingInformation": ["networkmanager.edge_location", "networkmanager.corenetwork_id", "networkmanager.segment_name"],
    "ListTagsForResource": ["networkmanager.resource_arn"],
    "PutAttachmentRoutingPolicyLabel": ["networkmanager.routing_policy_label", "networkmanager.attachment_id", "networkmanager.corenetwork_id"],
    "PutCoreNetworkPolicy": ["networkmanager.corenetwork_id", "networkmanager.policy_document"],
    "PutResourcePolicy": ["networkmanager.policy_document", "networkmanager.resource_arn"],
    "RegisterTransitGateway": ["networkmanager.transitgateway_arn", "networkmanager.globalnetwork_id"],
    "RejectAttachment": ["networkmanager.attachment_id"],
    "RemoveAttachmentRoutingPolicyLabel": ["networkmanager.attachment_id", "networkmanager.corenetwork_id"],
    "RestoreCoreNetworkPolicyVersion": ["networkmanager.corenetwork_id", "networkmanager.policyversion_id"],
    "StartOrganizationServiceAccessUpdate": ["networkmanager.action"],
    "StartRouteAnalysis": ["networkmanager.source", "networkmanager.destination", "networkmanager.globalnetwork_id"],
    "TagResource": ["networkmanager.tags", "networkmanager.resource_arn"],
    "UntagResource": ["networkmanager.tag_keys", "networkmanager.resource_arn"],
    "UpdateConnection": ["networkmanager.globalnetwork_id", "networkmanager.connection_id"],
    "UpdateCoreNetwork": ["networkmanager.corenetwork_id"],
    "UpdateDevice": ["networkmanager.globalnetwork_id", "networkmanager.device_id"],
    "UpdateDirectConnectGatewayAttachment": ["networkmanager.attachment_id"],
    "UpdateGlobalNetwork": ["networkmanager.globalnetwork_id"],
    "UpdateLink": ["networkmanager.globalnetwork_id", "networkmanager.link_id"],
    "UpdateNetworkResourceMetadata": ["networkmanager.metadata", "networkmanager.resource_arn", "networkmanager.globalnetwork_id"],
    "UpdateSite": ["networkmanager.site_id", "networkmanager.globalnetwork_id"],
    "UpdateVpcAttachment": ["networkmanager.attachment_id"]
  },
  "op_produces": {
    "CreateGlobalNetwork": ["networkmanager.global_network_arn", "networkmanager.global_network", "networkmanager.global_network_description", "networkmanager.global_network_state", "networkmanager.global_network_created_at", "networkmanager.global_network_tags", "networkmanager.global_network_id"],
    "DescribeGlobalNetworks": ["networkmanager.global_network_tags", "networkmanager.global_network_arn", "networkmanager.global_network_description", "networkmanager.global_networks", "networkmanager.global_network_state", "networkmanager.global_network_created_at", "networkmanager.next_token", "networkmanager.global_network_id"],
    "ListAttachments": ["networkmanager.attachment_edge_location", "networkmanager.next_token", "networkmanager.segment_name", "networkmanager.core_network_id", "networkmanager.attachment_created_at", "networkmanager.attachment_updated_at", "networkmanager.resource_arn", "networkmanager.attachment_id", "networkmanager.core_network_arn", "networkmanager.attachment_policy_rule_number", "networkmanager.attachment_proposed_network_function_group_change", "networkmanager.attachment_edge_locations", "networkmanager.attachment_type", "networkmanager.attachment_owner_account_id", "networkmanager.attachments", "networkmanager.attachment_state", "networkmanager.attachment_tags", "networkmanager.attachment_proposed_segment_change", "networkmanager.attachment_network_function_group_name", "networkmanager.attachment_last_modification_errors"],
    "ListConnectPeers": ["networkmanager.core_network_id", "networkmanager.connect_peer_edge_location", "networkmanager.connect_peer_state", "networkmanager.connect_peer_subnet_arn", "networkmanager.next_token", "networkmanager.connect_peer_created_at", "networkmanager.connect_peer_id", "networkmanager.connect_peers", "networkmanager.connect_peer_tags", "networkmanager.attachment_id"],
    "ListCoreNetworks": ["networkmanager.core_network_arn", "networkmanager.core_network_id", "networkmanager.core_networks", "networkmanager.core_network_state", "networkmanager.core_network_global_network_id", "networkmanager.core_network_tags", "networkmanager.next_token", "networkmanager.core_network_owner_account_id", "networkmanager.core_network_description"],
    "ListOrganizationServiceAccessStatus": ["networkmanager.organization_statu_slr_deployment_status", "networkmanager.organization_statu_organization_aws_service_access_status", "networkmanager.organization_statu_organization_id", "networkmanager.organization_statu_account_status_list", "networkmanager.next_token", "networkmanager.organization_status"],
    "ListPeerings": ["networkmanager.core_network_arn", "networkmanager.core_network_id", "networkmanager.peering_last_modification_errors", "networkmanager.peering_type", "networkmanager.peering_tags", "networkmanager.peering_created_at", "networkmanager.resource_arn", "networkmanager.next_token", "networkmanager.peering_state", "networkmanager.peering_id", "networkmanager.peering_edge_location", "networkmanager.peerings", "networkmanager.peering_owner_account_id"],
    "AcceptAttachment": ["networkmanager.attachment_edge_location", "networkmanager.attachment", "networkmanager.segment_name", "networkmanager.core_network_id", "networkmanager.attachment_created_at", "networkmanager.attachment_updated_at", "networkmanager.resource_arn", "networkmanager.attachment_id", "networkmanager.core_network_arn", "networkmanager.attachment_policy_rule_number", "networkmanager.attachment_proposed_network_function_group_change", "networkmanager.attachment_edge_locations", "networkmanager.attachment_type", "networkmanager.attachment_owner_account_id", "networkmanager.attachment_state", "networkmanager.attachment_tags", "networkmanager.attachment_proposed_segment_change", "networkmanager.attachment_network_function_group_name", "networkmanager.attachment_last_modification_errors"],
    "AssociateConnectPeer": ["networkmanager.connect_peer_association_state", "networkmanager.link_id", "networkmanager.connect_peer_association", "networkmanager.connect_peer_id", "networkmanager.global_network_id", "networkmanager.device_id"],
    "AssociateCustomerGateway": ["networkmanager.customer_gateway_association", "networkmanager.customer_gateway_association_state", "networkmanager.link_id", "networkmanager.global_network_id", "networkmanager.customer_gateway_association_customer_gateway_arn", "networkmanager.device_id"],
    "AssociateLink": ["networkmanager.link_association", "networkmanager.link_id", "networkmanager.link_association_state", "networkmanager.global_network_id", "networkmanager.device_id"],
    "AssociateTransitGatewayConnectPeer": ["networkmanager.transit_gateway_connect_peer_association_transit_gateway_connect_peer_arn", "networkmanager.link_id", "networkmanager.transit_gateway_connect_peer_association_state", "networkmanager.global_network_id", "networkmanager.transit_gateway_connect_peer_association", "networkmanager.device_id"],
    "CreateConnectAttachment": ["networkmanager.connect_attachment_options", "networkmanager.attachment_id", "networkmanager.connect_attachment_attachment", "networkmanager.connect_attachment"],
    "CreateConnectPeer": ["networkmanager.core_network_id", "networkmanager.connect_peer_edge_location", "networkmanager.connect_peer_state", "networkmanager.connect_peer_subnet_arn", "networkmanager.connect_peer_created_at", "networkmanager.connect_peer_tags", "networkmanager.connect_peer_id", "networkmanager.connect_peer_configuration", "networkmanager.connect_peer", "networkmanager.attachment_id", "networkmanager.connect_peer_last_modification_errors"],
    "CreateConnection": ["networkmanager.connection_arn", "networkmanager.connection", "networkmanager.connection_description", "networkmanager.connection_global_network_id", "networkmanager.connection_created_at", "networkmanager.connection_state", "networkmanager.link_id", "networkmanager.connection_tags", "networkmanager.connection_id", "networkmanager.device_id"],
    "CreateCoreNetwork": ["networkmanager.core_network_arn", "networkmanager.core_network_id", "networkmanager.core_network_segments", "networkmanager.core_network_state", "networkmanager.core_network_global_network_id", "networkmanager.core_network_tags", "networkmanager.core_network", "networkmanager.core_network_network_function_groups", "networkmanager.core_network_description", "networkmanager.core_network_edges", "networkmanager.core_network_created_at"],
    "CreateCoreNetworkPrefixListAssociation": ["networkmanager.prefix_list_arn", "networkmanager.prefix_list_alias", "networkmanager.core_network_id"],
    "CreateDevice": ["networkmanager.device", "networkmanager.device_location", "networkmanager.device_state", "networkmanager.device_arn", "networkmanager.site_id", "networkmanager.device_tags", "networkmanager.device_description", "networkmanager.device_type", "networkmanager.device_serial_number", "networkmanager.device_model", "networkmanager.device_created_at", "networkmanager.global_network_id", "networkmanager.device_aws_location", "networkmanager.device_vendor", "networkmanager.device_id"],
    "CreateDirectConnectGatewayAttachment": ["networkmanager.direct_connect_gateway_attachment", "networkmanager.direct_connect_gateway_attachment_attachment", "networkmanager.direct_connect_gateway_attachment_direct_connect_gateway_arn"],
    "CreateLink": ["networkmanager.site_id", "networkmanager.link_created_at", "networkmanager.link", "networkmanager.link_state", "networkmanager.link_tags", "networkmanager.link_id", "networkmanager.link_global_network_id", "networkmanager.link_provider", "networkmanager.link_description", "networkmanager.link_arn", "networkmanager.link_type", "networkmanager.link_bandwidth"],
    "CreateSite": ["networkmanager.site_arn", "networkmanager.site_tags", "networkmanager.site_id", "networkmanager.site_location", "networkmanager.site_state", "networkmanager.global_network_id", "networkmanager.site_created_at", "networkmanager.site", "networkmanager.site_description"],
    "CreateSiteToSiteVpnAttachment": ["networkmanager.site_to_site_vpn_attachment", "networkmanager.connection_arn", "networkmanager.site_to_site_vpn_attachment_attachment"],
    "CreateTransitGatewayPeering": ["networkmanager.transit_gateway_peering_transit_gateway_arn", "networkmanager.transit_gateway_peering", "networkmanager.transit_gateway_peering_peering", "networkmanager.attachment_id"],
    "CreateTransitGatewayRouteTableAttachment": ["networkmanager.peering_id", "networkmanager.transit_gateway_route_table_attachment_attachment", "networkmanager.transit_gateway_route_table_attachment", "networkmanager.transit_gateway_route_table_attachment_transit_gateway_route_table_arn"],
    "CreateVpcAttachment": ["networkmanager.vpc_attachment_options", "networkmanager.vpc_attachment_attachment", "networkmanager.vpc_attachment", "networkmanager.vpc_attachment_subnet_arns"],
    "DeleteAttachment": ["networkmanager.attachment_edge_location", "networkmanager.attachment", "networkmanager.segment_name", "networkmanager.core_network_id", "networkmanager.attachment_created_at", "networkmanager.attachment_updated_at", "networkmanager.resource_arn", "networkmanager.attachment_id", "networkmanager.core_network_arn", "networkmanager.attachment_policy_rule_number", "networkmanager.attachment_proposed_network_function_group_change", "networkmanager.attachment_edge_locations", "networkmanager.attachment_type", "networkmanager.attachment_owner_account_id", "networkmanager.attachment_state", "networkmanager.attachment_tags", "networkmanager.attachment_proposed_segment_change", "networkmanager.attachment_network_function_group_name", "networkmanager.attachment_last_modification_errors"],
    "DeleteConnectPeer": ["networkmanager.core_network_id", "networkmanager.connect_peer_edge_location", "networkmanager.connect_peer_state", "networkmanager.connect_peer_subnet_arn", "networkmanager.connect_peer_created_at", "networkmanager.connect_peer_tags", "networkmanager.connect_peer_id", "networkmanager.connect_peer_configuration", "networkmanager.connect_peer", "networkmanager.attachment_id", "networkmanager.connect_peer_last_modification_errors"],
    "DeleteConnection": ["networkmanager.connection_arn", "networkmanager.connection", "networkmanager.connection_description", "networkmanager.connection_global_network_id", "networkmanager.connection_created_at", "networkmanager.connection_state", "networkmanager.link_id", "networkmanager.connection_tags", "networkmanager.connection_id", "networkmanager.device_id"],
    "DeleteCoreNetwork": ["networkmanager.core_network_arn", "networkmanager.core_network_id", "networkmanager.core_network_segments", "networkmanager.core_network_state", "networkmanager.core_network_global_network_id", "networkmanager.core_network_tags", "networkmanager.core_network", "networkmanager.core_network_network_function_groups", "networkmanager.core_network_description", "networkmanager.core_network_edges", "networkmanager.core_network_created_at"],
    "DeleteCoreNetworkPolicyVersion": ["networkmanager.core_network_policy_policy_version_id", "networkmanager.core_network_policy_description", "networkmanager.core_network_policy_change_set_state", "networkmanager.core_network_policy_policy_errors", "networkmanager.core_network_id", "networkmanager.core_network_policy_alias", "networkmanager.core_network_policy_created_at", "networkmanager.core_network_policy", "networkmanager.core_network_policy_policy_document"],
    "DeleteCoreNetworkPrefixListAssociation": ["networkmanager.prefix_list_arn", "networkmanager.core_network_id"],
    "DeleteDevice": ["networkmanager.device", "networkmanager.device_location", "networkmanager.device_state", "networkmanager.device_arn", "networkmanager.site_id", "networkmanager.device_tags", "networkmanager.device_description", "networkmanager.device_type", "networkmanager.device_serial_number", "networkmanager.device_model", "networkmanager.device_created_at", "networkmanager.global_network_id", "networkmanager.device_aws_location", "networkmanager.device_vendor", "networkmanager.device_id"],
    "DeleteGlobalNetwork": ["networkmanager.global_network_arn", "networkmanager.global_network", "networkmanager.global_network_description", "networkmanager.global_network_state", "networkmanager.global_network_created_at", "networkmanager.global_network_tags", "networkmanager.global_network_id"],
    "DeleteLink": ["networkmanager.site_id", "networkmanager.link_created_at", "networkmanager.link", "networkmanager.link_state", "networkmanager.link_tags", "networkmanager.link_id", "networkmanager.link_global_network_id", "networkmanager.link_provider", "networkmanager.link_description", "networkmanager.link_arn", "networkmanager.link_type", "networkmanager.link_bandwidth"],
    "DeletePeering": ["networkmanager.core_network_arn", "networkmanager.core_network_id", "networkmanager.peering_last_modification_errors", "networkmanager.peering_type", "networkmanager.peering", "networkmanager.peering_tags", "networkmanager.peering_created_at", "networkmanager.resource_arn", "networkmanager.peering_state", "networkmanager.peering_id", "networkmanager.peering_edge_location", "networkmanager.peering_owner_account_id"],
    "DeleteResourcePolicy": [],
    "DeleteSite": ["networkmanager.site_arn", "networkmanager.site_tags", "networkmanager.site_id", "networkmanager.site_location", "networkmanager.site_state", "networkmanager.global_network_id", "networkmanager.site_created_at", "networkmanager.site", "networkmanager.site_description"],
    "DeregisterTransitGateway": ["networkmanager.global_network_id", "networkmanager.transit_gateway_registration", "networkmanager.transit_gateway_registration_transit_gateway_arn", "networkmanager.transit_gateway_registration_state"],
    "DisassociateConnectPeer": ["networkmanager.connect_peer_association_state", "networkmanager.link_id", "networkmanager.connect_peer_association", "networkmanager.connect_peer_id", "networkmanager.global_network_id", "networkmanager.device_id"],
    "DisassociateCustomerGateway": ["networkmanager.customer_gateway_association", "networkmanager.customer_gateway_association_state", "networkmanager.link_id", "networkmanager.global_network_id", "networkmanager.customer_gateway_association_customer_gateway_arn", "networkmanager.device_id"],
    "DisassociateLink": ["networkmanager.link_association", "networkmanager.link_id", "networkmanager.link_association_state", "networkmanager.global_network_id", "networkmanager.device_id"],
    "DisassociateTransitGatewayConnectPeer": ["networkmanager.transit_gateway_connect_peer_association_transit_gateway_connect_peer_arn", "networkmanager.link_id", "networkmanager.transit_gateway_connect_peer_association_state", "networkmanager.global_network_id", "networkmanager.transit_gateway_connect_peer_association", "networkmanager.device_id"],
    "ExecuteCoreNetworkChangeSet": [],
    "GetConnectAttachment": ["networkmanager.connect_attachment_options", "networkmanager.attachment_id", "networkmanager.connect_attachment_attachment", "networkmanager.connect_attachment"],
    "GetConnectPeer": ["networkmanager.core_network_id", "networkmanager.connect_peer_edge_location", "networkmanager.connect_peer_state", "networkmanager.connect_peer_subnet_arn", "networkmanager.connect_peer_created_at", "networkmanager.connect_peer_tags", "networkmanager.connect_peer_id", "networkmanager.connect_peer_configuration", "networkmanager.connect_peer", "networkmanager.attachment_id", "networkmanager.connect_peer_last_modification_errors"],
    "GetConnectPeerAssociations": ["networkmanager.global_network_id", "networkmanager.connect_peer_association_state", "networkmanager.link_id", "networkmanager.connect_peer_id", "networkmanager.next_token", "networkmanager.connect_peer_associations", "networkmanager.device_id"],
    "GetConnections": ["networkmanager.connection_arn", "networkmanager.connection_state", "networkmanager.connection_description", "networkmanager.connection_global_network_id", "networkmanager.connection_created_at", "networkmanager.link_id", "networkmanager.connection_tags", "networkmanager.next_token", "networkmanager.connections", "networkmanager.connection_id", "networkmanager.device_id"],
    "GetCoreNetwork": ["networkmanager.core_network_arn", "networkmanager.core_network_id", "networkmanager.core_network_segments", "networkmanager.core_network_state", "networkmanager.core_network_global_network_id", "networkmanager.core_network_tags", "networkmanager.core_network", "networkmanager.core_network_network_function_groups", "networkmanager.core_network_description", "networkmanager.core_network_edges", "networkmanager.core_network_created_at"],
    "GetCoreNetworkChangeEvents": ["networkmanager.core_network_change_event_identifier_path", "networkmanager.core_network_change_event_event_time", "networkmanager.core_network_change_event_values", "networkmanager.core_network_change_event_action", "networkmanager.core_network_change_events", "networkmanager.next_token", "networkmanager.core_network_change_event_status", "networkmanager.core_network_change_event_type"],
    "GetCoreNetworkChangeSet": ["networkmanager.core_network_chang_identifier", "networkmanager.core_network_chang_type", "networkmanager.core_network_chang_action", "networkmanager.core_network_changes", "networkmanager.core_network_chang_previous_values", "networkmanager.next_token", "networkmanager.core_network_chang_new_values", "networkmanager.core_network_chang_identifier_path"],
    "GetCoreNetworkPolicy": ["networkmanager.core_network_policy_policy_version_id", "networkmanager.core_network_policy_description", "networkmanager.core_network_policy_change_set_state", "networkmanager.core_network_policy_policy_errors", "networkmanager.core_network_id", "networkmanager.core_network_policy_alias", "networkmanager.core_network_policy_created_at", "networkmanager.core_network_policy", "networkmanager.core_network_policy_policy_document"],
    "GetCustomerGatewayAssociations": ["networkmanager.customer_gateway_association_state", "networkmanager.link_id", "networkmanager.next_token", "networkmanager.global_network_id", "networkmanager.customer_gateway_association_customer_gateway_arn", "networkmanager.customer_gateway_associations", "networkmanager.device_id"],
    "GetDevices": ["networkmanager.devic_created_at", "networkmanager.device_arn", "networkmanager.site_id", "networkmanager.devic_description", "networkmanager.devic_model", "networkmanager.devic_vendor", "networkmanager.devic_state", "networkmanager.devic_location", "networkmanager.devic_type", "networkmanager.devic_tags", "networkmanager.devic_serial_number", "networkmanager.next_token", "networkmanager.global_network_id", "networkmanager.devices", "networkmanager.devic_aws_location", "networkmanager.device_id"],
    "GetDirectConnectGatewayAttachment": ["networkmanager.direct_connect_gateway_attachment", "networkmanager.direct_connect_gateway_attachment_attachment", "networkmanager.direct_connect_gateway_attachment_direct_connect_gateway_arn"],
    "GetLinkAssociations": ["networkmanager.link_id", "networkmanager.link_association_state", "networkmanager.next_token", "networkmanager.global_network_id", "networkmanager.link_associations", "networkmanager.device_id"],
    "GetLinks": ["networkmanager.site_id", "networkmanager.link_created_at", "networkmanager.link_tags", "networkmanager.link_state", "networkmanager.link_id", "networkmanager.links", "networkmanager.link_global_network_id", "networkmanager.next_token", "networkmanager.link_description", "networkmanager.link_provider", "networkmanager.link_arn", "networkmanager.link_type", "networkmanager.link_bandwidth"],
    "GetNetworkResourceCounts": ["networkmanager.network_resource_count_resource_type", "networkmanager.next_token", "networkmanager.network_resource_count_count", "networkmanager.network_resource_counts"],
    "GetNetworkResourceRelationships": ["networkmanager.relationship_from", "networkmanager.relationship_to", "networkmanager.relationships", "networkmanager.next_token"],
    "GetNetworkResources": ["networkmanager.network_resourc_account_id", "networkmanager.core_network_id", "networkmanager.network_resourc_definition_timestamp", "networkmanager.network_resourc_registered_gateway_arn", "networkmanager.network_resourc_aws_region", "networkmanager.network_resources", "networkmanager.network_resourc_tags", "networkmanager.network_resourc_resource_type", "networkmanager.resource_arn", "networkmanager.network_resourc_metadata", "networkmanager.next_token", "networkmanager.network_resourc_definition", "networkmanager.network_resourc_resource_id"],
    "GetNetworkRoutes": ["networkmanager.core_network_segment_edge", "networkmanager.network_rout_prefix_list_id", "networkmanager.route_table_timestamp", "networkmanager.network_rout_destination_cidr_block", "networkmanager.network_rout_destinations", "networkmanager.network_rout_state", "networkmanager.route_table_arn", "networkmanager.network_routes", "networkmanager.network_rout_type", "networkmanager.route_table_type"],
    "GetNetworkTelemetry": ["networkmanager.network_telemetry_health", "networkmanager.network_telemetry_aws_region", "networkmanager.core_network_id", "networkmanager.network_telemetry_registered_gateway_arn", "networkmanager.network_telemetry_resource_id", "networkmanager.network_telemetry_address", "networkmanager.resource_arn", "networkmanager.network_telemetry", "networkmanager.network_telemetry_resource_type", "networkmanager.next_token", "networkmanager.network_telemetry_account_id"],
    "GetResourcePolicy": ["networkmanager.policy_document"],
    "GetRouteAnalysis": ["networkmanager.route_analysi_return_path", "networkmanager.route_analysi_source", "networkmanager.route_analysi_start_timestamp", "networkmanager.route_analysi_include_return_path", "networkmanager.route_analysi_destination", "networkmanager.route_analysi_use_middleboxes", "networkmanager.route_analysi_status", "networkmanager.global_network_id", "networkmanager.route_analysi_route_analysis_id", "networkmanager.route_analysi_owner_account_id", "networkmanager.route_analysis", "networkmanager.route_analysi_forward_path"],
    "GetSiteToSiteVpnAttachment": ["networkmanager.site_to_site_vpn_attachment", "networkmanager.connection_arn", "networkmanager.site_to_site_vpn_attachment_attachment"],
    "GetSites": ["networkmanager.site_arn", "networkmanager.global_network_id", "networkmanager.site_id", "networkmanager.sit_state", "networkmanager.sit_tags", "networkmanager.sit_location", "networkmanager.sit_description", "networkmanager.sit_created_at", "networkmanager.next_token", "networkmanager.sites"],
    "GetTransitGatewayConnectPeerAssociations": ["networkmanager.transit_gateway_connect_peer_associations", "networkmanager.transit_gateway_connect_peer_association_transit_gateway_connect_peer_arn", "networkmanager.link_id", "networkmanager.transit_gateway_connect_peer_association_state", "networkmanager.next_token", "networkmanager.global_network_id", "networkmanager.device_id"],
    "GetTransitGatewayPeering": ["networkmanager.transit_gateway_peering_transit_gateway_arn", "networkmanager.transit_gateway_peering", "networkmanager.transit_gateway_peering_peering", "networkmanager.attachment_id"],
    "GetTransitGatewayRegistrations": ["networkmanager.transit_gateway_registration_state", "networkmanager.transit_gateway_registrations", "networkmanager.transit_gateway_registration_transit_gateway_arn", "networkmanager.next_token", "networkmanager.global_network_id"],
    "GetTransitGatewayRouteTableAttachment": ["networkmanager.peering_id", "networkmanager.transit_gateway_route_table_attachment_attachment", "networkmanager.transit_gateway_route_table_attachment", "networkmanager.transit_gateway_route_table_attachment_transit_gateway_route_table_arn"],
    "GetVpcAttachment": ["networkmanager.vpc_attachment_options", "networkmanager.vpc_attachment_attachment", "networkmanager.vpc_attachment", "networkmanager.vpc_attachment_subnet_arns"],
    "ListAttachmentRoutingPolicyAssociations": ["networkmanager.attachment_routing_policy_association_pending_routing_policies", "networkmanager.attachment_routing_policy_association_associated_routing_policies", "networkmanager.attachment_routing_policy_association_routing_policy_label", "networkmanager.attachment_routing_policy_associations", "networkmanager.next_token", "networkmanager.attachment_id"],
    "ListCoreNetworkPolicyVersions": ["networkmanager.core_network_policy_version_created_at", "networkmanager.core_network_policy_version_description", "networkmanager.core_network_policy_version_policy_version_id", "networkmanager.core_network_id", "networkmanager.core_network_policy_versions", "networkmanager.core_network_policy_version_change_set_state", "networkmanager.core_network_policy_version_alias", "networkmanager.next_token"],
    "ListCoreNetworkPrefixListAssociations": ["networkmanager.core_network_id", "networkmanager.prefix_list_association_prefix_list_alias", "networkmanager.prefix_list_associations", "networkmanager.next_token", "networkmanager.prefix_list_arn"],
    "ListCoreNetworkRoutingInformation": ["networkmanager.core_network_routing_as_path", "networkmanager.core_network_routing_information", "networkmanager.core_network_routing_med", "networkmanager.core_network_routing_prefix", "networkmanager.next_token", "networkmanager.core_network_routing_local_preference", "networkmanager.core_network_routing_next_hop", "networkmanager.core_network_routing_communities"],
    "ListTagsForResource": ["networkmanager.tag_value", "networkmanager.tag_list", "networkmanager.tag_key"],
    "PutAttachmentRoutingPolicyLabel": ["networkmanager.routing_policy_label", "networkmanager.attachment_id", "networkmanager.core_network_id"],
    "PutCoreNetworkPolicy": ["networkmanager.core_network_policy_policy_version_id", "networkmanager.core_network_policy_description", "networkmanager.core_network_policy_change_set_state", "networkmanager.core_network_policy_policy_errors", "networkmanager.core_network_id", "networkmanager.core_network_policy_alias", "networkmanager.core_network_policy_created_at", "networkmanager.core_network_policy", "networkmanager.core_network_policy_policy_document"],
    "PutResourcePolicy": [],
    "RegisterTransitGateway": ["networkmanager.global_network_id", "networkmanager.transit_gateway_registration", "networkmanager.transit_gateway_registration_transit_gateway_arn", "networkmanager.transit_gateway_registration_state"],
    "RejectAttachment": ["networkmanager.attachment_edge_location", "networkmanager.attachment", "networkmanager.segment_name", "networkmanager.core_network_id", "networkmanager.attachment_created_at", "networkmanager.attachment_updated_at", "networkmanager.resource_arn", "networkmanager.attachment_id", "networkmanager.core_network_arn", "networkmanager.attachment_policy_rule_number", "networkmanager.attachment_proposed_network_function_group_change", "networkmanager.attachment_edge_locations", "networkmanager.attachment_type", "networkmanager.attachment_owner_account_id", "networkmanager.attachment_state", "networkmanager.attachment_tags", "networkmanager.attachment_proposed_segment_change", "networkmanager.attachment_network_function_group_name", "networkmanager.attachment_last_modification_errors"],
    "RemoveAttachmentRoutingPolicyLabel": ["networkmanager.routing_policy_label", "networkmanager.attachment_id", "networkmanager.core_network_id"],
    "RestoreCoreNetworkPolicyVersion": ["networkmanager.core_network_policy_policy_version_id", "networkmanager.core_network_policy_description", "networkmanager.core_network_policy_change_set_state", "networkmanager.core_network_policy_policy_errors", "networkmanager.core_network_id", "networkmanager.core_network_policy_alias", "networkmanager.core_network_policy_created_at", "networkmanager.core_network_policy", "networkmanager.core_network_policy_policy_document"],
    "StartOrganizationServiceAccessUpdate": ["networkmanager.organization_statu_slr_deployment_status", "networkmanager.organization_statu_organization_aws_service_access_status", "networkmanager.organization_statu_organization_id", "networkmanager.organization_statu_account_status_list", "networkmanager.organization_status"],
    "StartRouteAnalysis": ["networkmanager.route_analysi_return_path", "networkmanager.route_analysi_source", "networkmanager.route_analysi_start_timestamp", "networkmanager.route_analysi_include_return_path", "networkmanager.route_analysi_destination", "networkmanager.route_analysi_use_middleboxes", "networkmanager.route_analysi_status", "networkmanager.global_network_id", "networkmanager.route_analysi_route_analysis_id", "networkmanager.route_analysi_owner_account_id", "networkmanager.route_analysis", "networkmanager.route_analysi_forward_path"],
    "TagResource": [],
    "UntagResource": [],
    "UpdateConnection": ["networkmanager.connection_arn", "networkmanager.connection", "networkmanager.connection_description", "networkmanager.connection_global_network_id", "networkmanager.connection_created_at", "networkmanager.connection_state", "networkmanager.link_id", "networkmanager.connection_tags", "networkmanager.connection_id", "networkmanager.device_id"],
    "UpdateCoreNetwork": ["networkmanager.core_network_arn", "networkmanager.core_network_id", "networkmanager.core_network_segments", "networkmanager.core_network_state", "networkmanager.core_network_global_network_id", "networkmanager.core_network_tags", "networkmanager.core_network", "networkmanager.core_network_network_function_groups", "networkmanager.core_network_description", "networkmanager.core_network_edges", "networkmanager.core_network_created_at"],
    "UpdateDevice": ["networkmanager.device", "networkmanager.device_location", "networkmanager.device_state", "networkmanager.device_arn", "networkmanager.site_id", "networkmanager.device_tags", "networkmanager.device_description", "networkmanager.device_type", "networkmanager.device_serial_number", "networkmanager.device_model", "networkmanager.device_created_at", "networkmanager.global_network_id", "networkmanager.device_aws_location", "networkmanager.device_vendor", "networkmanager.device_id"],
    "UpdateDirectConnectGatewayAttachment": ["networkmanager.direct_connect_gateway_attachment", "networkmanager.direct_connect_gateway_attachment_attachment", "networkmanager.direct_connect_gateway_attachment_direct_connect_gateway_arn"],
    "UpdateGlobalNetwork": ["networkmanager.global_network_arn", "networkmanager.global_network", "networkmanager.global_network_description", "networkmanager.global_network_state", "networkmanager.global_network_created_at", "networkmanager.global_network_tags", "networkmanager.global_network_id"],
    "UpdateLink": ["networkmanager.site_id", "networkmanager.link_created_at", "networkmanager.link", "networkmanager.link_state", "networkmanager.link_tags", "networkmanager.link_id", "networkmanager.link_global_network_id", "networkmanager.link_provider", "networkmanager.link_description", "networkmanager.link_arn", "networkmanager.link_type", "networkmanager.link_bandwidth"],
    "UpdateNetworkResourceMetadata": ["networkmanager.metadata", "networkmanager.resource_arn"],
    "UpdateSite": ["networkmanager.site_arn", "networkmanager.site_tags", "networkmanager.site_id", "networkmanager.site_location", "networkmanager.site_state", "networkmanager.global_network_id", "networkmanager.site_created_at", "networkmanager.site", "networkmanager.site_description"],
    "UpdateVpcAttachment": ["networkmanager.vpc_attachment_options", "networkmanager.vpc_attachment_attachment", "networkmanager.vpc_attachment", "networkmanager.vpc_attachment_subnet_arns"]
  },
  "entity_producers": {
    "networkmanager.global_network": ["CreateGlobalNetwork", "DeleteGlobalNetwork", "UpdateGlobalNetwork"],
    "networkmanager.global_network_id": ["CreateSite", "CreateDevice", "GetCustomerGatewayAssociations", "AssociateConnectPeer", "GetRouteAnalysis", "StartRouteAnalysis", "CreateGlobalNetwork", "DeleteGlobalNetwork", "GetLinkAssociations", "AssociateCustomerGateway", "DisassociateConnectPeer", "AssociateLink", "DescribeGlobalNetworks", "RegisterTransitGateway", "UpdateGlobalNetwork", "DeleteDevice", "GetDevices", "GetTransitGatewayConnectPeerAssociations", "DisassociateLink", "UpdateSite", "GetSites", "UpdateDevice", "AssociateTransitGatewayConnectPeer", "GetTransitGatewayRegistrations", "DisassociateTransitGatewayConnectPeer", "DeleteSite", "GetConnectPeerAssociations", "DeregisterTransitGateway", "DisassociateCustomerGateway"],
    "networkmanager.global_network_arn": ["DescribeGlobalNetworks", "CreateGlobalNetwork", "DeleteGlobalNetwork", "UpdateGlobalNetwork"],
    "networkmanager.global_network_description": ["DescribeGlobalNetworks", "CreateGlobalNetwork", "DeleteGlobalNetwork", "UpdateGlobalNetwork"],
    "networkmanager.global_network_created_at": ["DescribeGlobalNetworks", "CreateGlobalNetwork", "DeleteGlobalNetwork", "UpdateGlobalNetwork"],
    "networkmanager.global_network_state": ["DescribeGlobalNetworks", "CreateGlobalNetwork", "DeleteGlobalNetwork", "UpdateGlobalNetwork"],
    "networkmanager.global_network_tags": ["DescribeGlobalNetworks", "CreateGlobalNetwork", "DeleteGlobalNetwork", "UpdateGlobalNetwork"],
    "networkmanager.global_networks": ["DescribeGlobalNetworks"],
    "networkmanager.next_token": ["ListConnectPeers", "ListCoreNetworks", "GetNetworkResourceCounts", "GetCoreNetworkChangeEvents", "GetCustomerGatewayAssociations", "GetLinkAssociations", "GetNetworkResourceRelationships", "DescribeGlobalNetworks", "GetNetworkTelemetry", "ListCoreNetworkRoutingInformation", "GetDevices", "GetTransitGatewayConnectPeerAssociations", "ListOrganizationServiceAccessStatus", "GetCoreNetworkChangeSet", "GetConnections", "GetSites", "GetNetworkResources", "GetTransitGatewayRegistrations", "ListPeerings", "ListAttachments", "GetConnectPeerAssociations", "ListAttachmentRoutingPolicyAssociations", "GetLinks", "ListCoreNetworkPrefixListAssociations", "ListCoreNetworkPolicyVersions"],
    "networkmanager.attachments": ["ListAttachments"],
    "networkmanager.core_network_id": ["GetCoreNetworkPolicy", "ListConnectPeers", "AcceptAttachment", "UpdateCoreNetwork", "ListCoreNetworks", "CreateCoreNetwork", "RestoreCoreNetworkPolicyVersion", "GetNetworkTelemetry", "GetConnectPeer", "DeleteCoreNetworkPolicyVersion", "RejectAttachment", "PutCoreNetworkPolicy", "DeleteCoreNetworkPrefixListAssociation", "DeleteConnectPeer", "PutAttachmentRoutingPolicyLabel", "GetCoreNetwork", "CreateCoreNetworkPrefixListAssociation", "DeletePeering", "GetNetworkResources", "RemoveAttachmentRoutingPolicyLabel", "DeleteAttachment", "DeleteCoreNetwork", "CreateConnectPeer", "ListPeerings", "ListAttachments", "ListCoreNetworkPrefixListAssociations", "ListCoreNetworkPolicyVersions"],
    "networkmanager.core_network_arn": ["DeleteAttachment", "AcceptAttachment", "DeleteCoreNetwork", "UpdateCoreNetwork", "ListPeerings", "ListAttachments", "ListCoreNetworks", "RejectAttachment", "CreateCoreNetwork", "GetCoreNetwork", "DeletePeering"],
    "networkmanager.attachment_id": ["RejectAttachment", "GetConnectAttachment", "ListConnectPeers", "DeleteAttachment", "AcceptAttachment", "DeleteConnectPeer", "GetTransitGatewayPeering", "CreateConnectPeer", "PutAttachmentRoutingPolicyLabel", "ListAttachments", "CreateConnectAttachment", "CreateTransitGatewayPeering", "ListAttachmentRoutingPolicyAssociations", "GetConnectPeer", "RemoveAttachmentRoutingPolicyLabel"],
    "networkmanager.attachment_owner_account_id": ["DeleteAttachment", "RejectAttachment", "ListAttachments", "AcceptAttachment"],
    "networkmanager.attachment_type": ["DeleteAttachment", "RejectAttachment", "ListAttachments", "AcceptAttachment"],
    "networkmanager.attachment_state": ["DeleteAttachment", "RejectAttachment", "ListAttachments", "AcceptAttachment"],
    "networkmanager.attachment_edge_location": ["DeleteAttachment", "RejectAttachment", "ListAttachments", "AcceptAttachment"],
    "networkmanager.attachment_edge_locations": ["DeleteAttachment", "RejectAttachment", "ListAttachments", "AcceptAttachment"],
    "networkmanager.resource_arn": ["DeleteAttachment", "AcceptAttachment", "GetNetworkTelemetry", "ListPeerings", "ListAttachments", "UpdateNetworkResourceMetadata", "RejectAttachment", "DeletePeering", "GetNetworkResources"],
    "networkmanager.attachment_policy_rule_number": ["DeleteAttachment", "RejectAttachment", "ListAttachments", "AcceptAttachment"],
    "networkmanager.segment_name": ["DeleteAttachment", "RejectAttachment", "ListAttachments", "AcceptAttachment"],
    "networkmanager.attachment_network_function_group_name": ["DeleteAttachment", "RejectAttachment", "ListAttachments", "AcceptAttachment"],
    "networkmanager.attachment_tags": ["DeleteAttachment", "RejectAttachment", "ListAttachments", "AcceptAttachment"],
    "networkmanager.attachment_proposed_segment_change": ["DeleteAttachment", "RejectAttachment", "ListAttachments", "AcceptAttachment"],
    "networkmanager.attachment_proposed_network_function_group_change": ["DeleteAttachment", "RejectAttachment", "ListAttachments", "AcceptAttachment"],
    "networkmanager.attachment_created_at": ["DeleteAttachment", "RejectAttachment", "ListAttachments", "AcceptAttachment"],
    "networkmanager.attachment_updated_at": ["DeleteAttachment", "RejectAttachment", "ListAttachments", "AcceptAttachment"],
    "networkmanager.attachment_last_modification_errors": ["DeleteAttachment", "RejectAttachment", "ListAttachments", "AcceptAttachment"],
    "networkmanager.connect_peers": ["ListConnectPeers"],
    "networkmanager.connect_peer_id": ["DisassociateConnectPeer", "ListConnectPeers", "DeleteConnectPeer", "CreateConnectPeer", "GetConnectPeerAssociations", "AssociateConnectPeer", "GetConnectPeer"],
    "networkmanager.connect_peer_edge_location": ["CreateConnectPeer", "ListConnectPeers", "DeleteConnectPeer", "GetConnectPeer"],
    "networkmanager.connect_peer_state": ["CreateConnectPeer", "ListConnectPeers", "DeleteConnectPeer", "GetConnectPeer"],
    "networkmanager.connect_peer_created_at": ["CreateConnectPeer", "ListConnectPeers", "DeleteConnectPeer", "GetConnectPeer"],
    "networkmanager.connect_peer_tags": ["CreateConnectPeer", "ListConnectPeers", "DeleteConnectPeer", "GetConnectPeer"],
    "networkmanager.connect_peer_subnet_arn": ["CreateConnectPeer", "ListConnectPeers", "DeleteConnectPeer", "GetConnectPeer"],
    "networkmanager.core_networks": ["ListCoreNetworks"],
    "networkmanager.core_network_global_network_id": ["UpdateCoreNetwork", "DeleteCoreNetwork", "ListCoreNetworks", "CreateCoreNetwork", "GetCoreNetwork"],
    "networkmanager.core_network_owner_account_id": ["ListCoreNetworks"],
    "networkmanager.core_network_state": ["UpdateCoreNetwork", "DeleteCoreNetwork", "ListCoreNetworks", "CreateCoreNetwork", "GetCoreNetwork"],
    "networkmanager.core_network_description": ["UpdateCoreNetwork", "DeleteCoreNetwork", "ListCoreNetworks", "CreateCoreNetwork", "GetCoreNetwork"],
    "networkmanager.core_network_tags": ["UpdateCoreNetwork", "DeleteCoreNetwork", "ListCoreNetworks", "CreateCoreNetwork", "GetCoreNetwork"],
    "networkmanager.organization_status": ["StartOrganizationServiceAccessUpdate", "ListOrganizationServiceAccessStatus"],
    "networkmanager.organization_statu_organization_id": ["StartOrganizationServiceAccessUpdate", "ListOrganizationServiceAccessStatus"],
    "networkmanager.organization_statu_organization_aws_service_access_status": ["StartOrganizationServiceAccessUpdate", "ListOrganizationServiceAccessStatus"],
    "networkmanager.organization_statu_slr_deployment_status": ["StartOrganizationServiceAccessUpdate", "ListOrganizationServiceAccessStatus"],
    "networkmanager.organization_statu_account_status_list": ["StartOrganizationServiceAccessUpdate", "ListOrganizationServiceAccessStatus"],
    "networkmanager.peerings": ["ListPeerings"],
    "networkmanager.peering_id": ["CreateTransitGatewayRouteTableAttachment", "ListPeerings", "GetTransitGatewayRouteTableAttachment", "DeletePeering"],
    "networkmanager.peering_owner_account_id": ["ListPeerings", "DeletePeering"],
    "networkmanager.peering_type": ["ListPeerings", "DeletePeering"],
    "networkmanager.peering_state": ["ListPeerings", "DeletePeering"],
    "networkmanager.peering_edge_location": ["ListPeerings", "DeletePeering"],
    "networkmanager.peering_tags": ["ListPeerings", "DeletePeering"],
    "networkmanager.peering_created_at": ["ListPeerings", "DeletePeering"],
    "networkmanager.peering_last_modification_errors": ["ListPeerings", "DeletePeering"],
    "networkmanager.attachment": ["RejectAttachment", "DeleteAttachment", "AcceptAttachment"],
    "networkmanager.connect_peer_association": ["DisassociateConnectPeer", "AssociateConnectPeer"],
    "networkmanager.device_id": ["CreateConnection", "CreateDevice", "GetCustomerGatewayAssociations", "AssociateConnectPeer", "GetLinkAssociations", "AssociateCustomerGateway", "DisassociateConnectPeer", "DeleteDevice", "GetDevices", "GetTransitGatewayConnectPeerAssociations", "DisassociateLink", "GetConnections", "UpdateDevice", "AssociateTransitGatewayConnectPeer", "UpdateConnection", "DeleteConnection", "DisassociateTransitGatewayConnectPeer", "GetConnectPeerAssociations", "AssociateLink", "DisassociateCustomerGateway"],
    "networkmanager.link_id": ["CreateConnection", "CreateLink", "GetCustomerGatewayAssociations", "AssociateConnectPeer", "GetLinkAssociations", "AssociateCustomerGateway", "DisassociateConnectPeer", "GetTransitGatewayConnectPeerAssociations", "DisassociateLink", "GetConnections", "UpdateLink", "AssociateTransitGatewayConnectPeer", "DeleteLink", "UpdateConnection", "DeleteConnection", "DisassociateTransitGatewayConnectPeer", "GetConnectPeerAssociations", "GetLinks", "AssociateLink", "DisassociateCustomerGateway"],
    "networkmanager.connect_peer_association_state": ["DisassociateConnectPeer", "GetConnectPeerAssociations", "AssociateConnectPeer"],
    "networkmanager.customer_gateway_association": ["AssociateCustomerGateway", "DisassociateCustomerGateway"],
    "networkmanager.customer_gateway_association_customer_gateway_arn": ["AssociateCustomerGateway", "DisassociateCustomerGateway", "GetCustomerGatewayAssociations"],
    "networkmanager.customer_gateway_association_state": ["AssociateCustomerGateway", "DisassociateCustomerGateway", "GetCustomerGatewayAssociations"],
    "networkmanager.link_association": ["AssociateLink", "DisassociateLink"],
    "networkmanager.link_association_state": ["AssociateLink", "DisassociateLink", "GetLinkAssociations"],
    "networkmanager.transit_gateway_connect_peer_association": ["AssociateTransitGatewayConnectPeer", "DisassociateTransitGatewayConnectPeer"],
    "networkmanager.transit_gateway_connect_peer_association_transit_gateway_connect_peer_arn": ["AssociateTransitGatewayConnectPeer", "GetTransitGatewayConnectPeerAssociations", "DisassociateTransitGatewayConnectPeer"],
    "networkmanager.transit_gateway_connect_peer_association_state": ["AssociateTransitGatewayConnectPeer", "GetTransitGatewayConnectPeerAssociations", "DisassociateTransitGatewayConnectPeer"],
    "networkmanager.connect_attachment": ["CreateConnectAttachment", "GetConnectAttachment"],
    "networkmanager.connect_attachment_attachment": ["CreateConnectAttachment", "GetConnectAttachment"],
    "networkmanager.connect_attachment_options": ["CreateConnectAttachment", "GetConnectAttachment"],
    "networkmanager.connect_peer": ["CreateConnectPeer", "GetConnectPeer", "DeleteConnectPeer"],
    "networkmanager.connect_peer_configuration": ["CreateConnectPeer", "GetConnectPeer", "DeleteConnectPeer"],
    "networkmanager.connect_peer_last_modification_errors": ["CreateConnectPeer", "GetConnectPeer", "DeleteConnectPeer"],
    "networkmanager.connection": ["UpdateConnection", "CreateConnection", "DeleteConnection"],
    "networkmanager.connection_id": ["GetConnections", "UpdateConnection", "CreateConnection", "DeleteConnection"],
    "networkmanager.connection_arn": ["GetConnections", "CreateConnection", "UpdateConnection", "DeleteConnection", "GetSiteToSiteVpnAttachment", "CreateSiteToSiteVpnAttachment"],
    "networkmanager.connection_global_network_id": ["GetConnections", "UpdateConnection", "CreateConnection", "DeleteConnection"],
    "networkmanager.connection_description": ["GetConnections", "UpdateConnection", "CreateConnection", "DeleteConnection"],
    "networkmanager.connection_created_at": ["GetConnections", "UpdateConnection", "CreateConnection", "DeleteConnection"],
    "networkmanager.connection_state": ["GetConnections", "UpdateConnection", "CreateConnection", "DeleteConnection"],
    "networkmanager.connection_tags": ["GetConnections", "UpdateConnection", "CreateConnection", "DeleteConnection"],
    "networkmanager.core_network": ["CreateCoreNetwork", "GetCoreNetwork", "UpdateCoreNetwork", "DeleteCoreNetwork"],
    "networkmanager.core_network_created_at": ["CreateCoreNetwork", "GetCoreNetwork", "UpdateCoreNetwork", "DeleteCoreNetwork"],
    "networkmanager.core_network_segments": ["CreateCoreNetwork", "GetCoreNetwork", "UpdateCoreNetwork", "DeleteCoreNetwork"],
    "networkmanager.core_network_network_function_groups": ["CreateCoreNetwork", "GetCoreNetwork", "UpdateCoreNetwork", "DeleteCoreNetwork"],
    "networkmanager.core_network_edges": ["CreateCoreNetwork", "GetCoreNetwork", "UpdateCoreNetwork", "DeleteCoreNetwork"],
    "networkmanager.prefix_list_arn": ["DeleteCoreNetworkPrefixListAssociation", "CreateCoreNetworkPrefixListAssociation", "ListCoreNetworkPrefixListAssociations"],
    "networkmanager.prefix_list_alias": ["CreateCoreNetworkPrefixListAssociation"],
    "networkmanager.device": ["DeleteDevice", "CreateDevice", "UpdateDevice"],
    "networkmanager.device_arn": ["DeleteDevice", "CreateDevice", "UpdateDevice", "GetDevices"],
    "networkmanager.device_aws_location": ["DeleteDevice", "CreateDevice", "UpdateDevice"],
    "networkmanager.device_description": ["DeleteDevice", "CreateDevice", "UpdateDevice"],
    "networkmanager.device_type": ["DeleteDevice", "CreateDevice", "UpdateDevice"],
    "networkmanager.device_vendor": ["DeleteDevice", "CreateDevice", "UpdateDevice"],
    "networkmanager.device_model": ["DeleteDevice", "CreateDevice", "UpdateDevice"],
    "networkmanager.device_serial_number": ["DeleteDevice", "CreateDevice", "UpdateDevice"],
    "networkmanager.device_location": ["DeleteDevice", "CreateDevice", "UpdateDevice"],
    "networkmanager.site_id": ["UpdateSite", "DeleteLink", "CreateLink", "DeleteDevice", "CreateDevice", "DeleteSite", "UpdateLink", "GetDevices", "GetSites", "GetLinks", "CreateSite", "UpdateDevice"],
    "networkmanager.device_created_at": ["DeleteDevice", "CreateDevice", "UpdateDevice"],
    "networkmanager.device_state": ["DeleteDevice", "CreateDevice", "UpdateDevice"],
    "networkmanager.device_tags": ["DeleteDevice", "CreateDevice", "UpdateDevice"],
    "networkmanager.direct_connect_gateway_attachment": ["GetDirectConnectGatewayAttachment", "UpdateDirectConnectGatewayAttachment", "CreateDirectConnectGatewayAttachment"],
    "networkmanager.direct_connect_gateway_attachment_attachment": ["GetDirectConnectGatewayAttachment", "UpdateDirectConnectGatewayAttachment", "CreateDirectConnectGatewayAttachment"],
    "networkmanager.direct_connect_gateway_attachment_direct_connect_gateway_arn": ["GetDirectConnectGatewayAttachment", "UpdateDirectConnectGatewayAttachment", "CreateDirectConnectGatewayAttachment"],
    "networkmanager.link": ["DeleteLink", "CreateLink", "UpdateLink"],
    "networkmanager.link_arn": ["DeleteLink", "GetLinks", "CreateLink", "UpdateLink"],
    "networkmanager.link_global_network_id": ["DeleteLink", "GetLinks", "CreateLink", "UpdateLink"],
    "networkmanager.link_description": ["DeleteLink", "GetLinks", "CreateLink", "UpdateLink"],
    "networkmanager.link_type": ["DeleteLink", "GetLinks", "CreateLink", "UpdateLink"],
    "networkmanager.link_bandwidth": ["DeleteLink", "GetLinks", "CreateLink", "UpdateLink"],
    "networkmanager.link_provider": ["DeleteLink", "GetLinks", "CreateLink", "UpdateLink"],
    "networkmanager.link_created_at": ["DeleteLink", "GetLinks", "CreateLink", "UpdateLink"],
    "networkmanager.link_state": ["DeleteLink", "GetLinks", "CreateLink", "UpdateLink"],
    "networkmanager.link_tags": ["DeleteLink", "GetLinks", "CreateLink", "UpdateLink"],
    "networkmanager.site": ["DeleteSite", "CreateSite", "UpdateSite"],
    "networkmanager.site_arn": ["GetSites", "DeleteSite", "CreateSite", "UpdateSite"],
    "networkmanager.site_description": ["DeleteSite", "CreateSite", "UpdateSite"],
    "networkmanager.site_location": ["DeleteSite", "CreateSite", "UpdateSite"],
    "networkmanager.site_created_at": ["DeleteSite", "CreateSite", "UpdateSite"],
    "networkmanager.site_state": ["DeleteSite", "CreateSite", "UpdateSite"],
    "networkmanager.site_tags": ["DeleteSite", "CreateSite", "UpdateSite"],
    "networkmanager.site_to_site_vpn_attachment": ["GetSiteToSiteVpnAttachment", "CreateSiteToSiteVpnAttachment"],
    "networkmanager.site_to_site_vpn_attachment_attachment": ["GetSiteToSiteVpnAttachment", "CreateSiteToSiteVpnAttachment"],
    "networkmanager.transit_gateway_peering": ["GetTransitGatewayPeering", "CreateTransitGatewayPeering"],
    "networkmanager.transit_gateway_peering_peering": ["GetTransitGatewayPeering", "CreateTransitGatewayPeering"],
    "networkmanager.transit_gateway_peering_transit_gateway_arn": ["GetTransitGatewayPeering", "CreateTransitGatewayPeering"],
    "networkmanager.transit_gateway_route_table_attachment": ["CreateTransitGatewayRouteTableAttachment", "GetTransitGatewayRouteTableAttachment"],
    "networkmanager.transit_gateway_route_table_attachment_attachment": ["CreateTransitGatewayRouteTableAttachment", "GetTransitGatewayRouteTableAttachment"],
    "networkmanager.transit_gateway_route_table_attachment_transit_gateway_route_table_arn": ["CreateTransitGatewayRouteTableAttachment", "GetTransitGatewayRouteTableAttachment"],
    "networkmanager.vpc_attachment": ["UpdateVpcAttachment", "CreateVpcAttachment", "GetVpcAttachment"],
    "networkmanager.vpc_attachment_attachment": ["UpdateVpcAttachment", "CreateVpcAttachment", "GetVpcAttachment"],
    "networkmanager.vpc_attachment_subnet_arns": ["UpdateVpcAttachment", "CreateVpcAttachment", "GetVpcAttachment"],
    "networkmanager.vpc_attachment_options": ["UpdateVpcAttachment", "CreateVpcAttachment", "GetVpcAttachment"],
    "networkmanager.core_network_policy": ["DeleteCoreNetworkPolicyVersion", "PutCoreNetworkPolicy", "RestoreCoreNetworkPolicyVersion", "GetCoreNetworkPolicy"],
    "networkmanager.core_network_policy_policy_version_id": ["DeleteCoreNetworkPolicyVersion", "PutCoreNetworkPolicy", "RestoreCoreNetworkPolicyVersion", "GetCoreNetworkPolicy"],
    "networkmanager.core_network_policy_alias": ["DeleteCoreNetworkPolicyVersion", "PutCoreNetworkPolicy", "RestoreCoreNetworkPolicyVersion", "GetCoreNetworkPolicy"],
    "networkmanager.core_network_policy_description": ["DeleteCoreNetworkPolicyVersion", "PutCoreNetworkPolicy", "RestoreCoreNetworkPolicyVersion", "GetCoreNetworkPolicy"],
    "networkmanager.core_network_policy_created_at": ["DeleteCoreNetworkPolicyVersion", "PutCoreNetworkPolicy", "RestoreCoreNetworkPolicyVersion", "GetCoreNetworkPolicy"],
    "networkmanager.core_network_policy_change_set_state": ["DeleteCoreNetworkPolicyVersion", "PutCoreNetworkPolicy", "RestoreCoreNetworkPolicyVersion", "GetCoreNetworkPolicy"],
    "networkmanager.core_network_policy_policy_errors": ["DeleteCoreNetworkPolicyVersion", "PutCoreNetworkPolicy", "RestoreCoreNetworkPolicyVersion", "GetCoreNetworkPolicy"],
    "networkmanager.core_network_policy_policy_document": ["DeleteCoreNetworkPolicyVersion", "PutCoreNetworkPolicy", "RestoreCoreNetworkPolicyVersion", "GetCoreNetworkPolicy"],
    "networkmanager.peering": ["DeletePeering"],
    "networkmanager.transit_gateway_registration": ["DeregisterTransitGateway", "RegisterTransitGateway"],
    "networkmanager.transit_gateway_registration_transit_gateway_arn": ["RegisterTransitGateway", "DeregisterTransitGateway", "GetTransitGatewayRegistrations"],
    "networkmanager.transit_gateway_registration_state": ["RegisterTransitGateway", "DeregisterTransitGateway", "GetTransitGatewayRegistrations"],
    "networkmanager.connect_peer_associations": ["GetConnectPeerAssociations"],
    "networkmanager.connections": ["GetConnections"],
    "networkmanager.core_network_change_events": ["GetCoreNetworkChangeEvents"],
    "networkmanager.core_network_change_event_type": ["GetCoreNetworkChangeEvents"],
    "networkmanager.core_network_change_event_action": ["GetCoreNetworkChangeEvents"],
    "networkmanager.core_network_change_event_identifier_path": ["GetCoreNetworkChangeEvents"],
    "networkmanager.core_network_change_event_event_time": ["GetCoreNetworkChangeEvents"],
    "networkmanager.core_network_change_event_status": ["GetCoreNetworkChangeEvents"],
    "networkmanager.core_network_change_event_values": ["GetCoreNetworkChangeEvents"],
    "networkmanager.core_network_changes": ["GetCoreNetworkChangeSet"],
    "networkmanager.core_network_chang_type": ["GetCoreNetworkChangeSet"],
    "networkmanager.core_network_chang_action": ["GetCoreNetworkChangeSet"],
    "networkmanager.core_network_chang_identifier": ["GetCoreNetworkChangeSet"],
    "networkmanager.core_network_chang_previous_values": ["GetCoreNetworkChangeSet"],
    "networkmanager.core_network_chang_new_values": ["GetCoreNetworkChangeSet"],
    "networkmanager.core_network_chang_identifier_path": ["GetCoreNetworkChangeSet"],
    "networkmanager.customer_gateway_associations": ["GetCustomerGatewayAssociations"],
    "networkmanager.devices": ["GetDevices"],
    "networkmanager.devic_aws_location": ["GetDevices"],
    "networkmanager.devic_description": ["GetDevices"],
    "networkmanager.devic_type": ["GetDevices"],
    "networkmanager.devic_vendor": ["GetDevices"],
    "networkmanager.devic_model": ["GetDevices"],
    "networkmanager.devic_serial_number": ["GetDevices"],
    "networkmanager.devic_location": ["GetDevices"],
    "networkmanager.devic_created_at": ["GetDevices"],
    "networkmanager.devic_state": ["GetDevices"],
    "networkmanager.devic_tags": ["GetDevices"],
    "networkmanager.link_associations": ["GetLinkAssociations"],
    "networkmanager.links": ["GetLinks"],
    "networkmanager.network_resource_counts": ["GetNetworkResourceCounts"],
    "networkmanager.network_resource_count_resource_type": ["GetNetworkResourceCounts"],
    "networkmanager.network_resource_count_count": ["GetNetworkResourceCounts"],
    "networkmanager.relationships": ["GetNetworkResourceRelationships"],
    "networkmanager.relationship_from": ["GetNetworkResourceRelationships"],
    "networkmanager.relationship_to": ["GetNetworkResourceRelationships"],
    "networkmanager.network_resources": ["GetNetworkResources"],
    "networkmanager.network_resourc_registered_gateway_arn": ["GetNetworkResources"],
    "networkmanager.network_resourc_aws_region": ["GetNetworkResources"],
    "networkmanager.network_resourc_account_id": ["GetNetworkResources"],
    "networkmanager.network_resourc_resource_type": ["GetNetworkResources"],
    "networkmanager.network_resourc_resource_id": ["GetNetworkResources"],
    "networkmanager.network_resourc_definition": ["GetNetworkResources"],
    "networkmanager.network_resourc_definition_timestamp": ["GetNetworkResources"],
    "networkmanager.network_resourc_tags": ["GetNetworkResources"],
    "networkmanager.network_resourc_metadata": ["GetNetworkResources"],
    "networkmanager.route_table_arn": ["GetNetworkRoutes"],
    "networkmanager.core_network_segment_edge": ["GetNetworkRoutes"],
    "networkmanager.route_table_type": ["GetNetworkRoutes"],
    "networkmanager.route_table_timestamp": ["GetNetworkRoutes"],
    "networkmanager.network_routes": ["GetNetworkRoutes"],
    "networkmanager.network_rout_destination_cidr_block": ["GetNetworkRoutes"],
    "networkmanager.network_rout_destinations": ["GetNetworkRoutes"],
    "networkmanager.network_rout_prefix_list_id": ["GetNetworkRoutes"],
    "networkmanager.network_rout_state": ["GetNetworkRoutes"],
    "networkmanager.network_rout_type": ["GetNetworkRoutes"],
    "networkmanager.network_telemetry": ["GetNetworkTelemetry"],
    "networkmanager.network_telemetry_registered_gateway_arn": ["GetNetworkTelemetry"],
    "networkmanager.network_telemetry_aws_region": ["GetNetworkTelemetry"],
    "networkmanager.network_telemetry_account_id": ["GetNetworkTelemetry"],
    "networkmanager.network_telemetry_resource_type": ["GetNetworkTelemetry"],
    "networkmanager.network_telemetry_resource_id": ["GetNetworkTelemetry"],
    "networkmanager.network_telemetry_address": ["GetNetworkTelemetry"],
    "networkmanager.network_telemetry_health": ["GetNetworkTelemetry"],
    "networkmanager.policy_document": ["GetResourcePolicy"],
    "networkmanager.route_analysis": ["GetRouteAnalysis", "StartRouteAnalysis"],
    "networkmanager.route_analysi_owner_account_id": ["GetRouteAnalysis", "StartRouteAnalysis"],
    "networkmanager.route_analysi_route_analysis_id": ["GetRouteAnalysis", "StartRouteAnalysis"],
    "networkmanager.route_analysi_start_timestamp": ["GetRouteAnalysis", "StartRouteAnalysis"],
    "networkmanager.route_analysi_status": ["GetRouteAnalysis", "StartRouteAnalysis"],
    "networkmanager.route_analysi_source": ["GetRouteAnalysis", "StartRouteAnalysis"],
    "networkmanager.route_analysi_destination": ["GetRouteAnalysis", "StartRouteAnalysis"],
    "networkmanager.route_analysi_include_return_path": ["GetRouteAnalysis", "StartRouteAnalysis"],
    "networkmanager.route_analysi_use_middleboxes": ["GetRouteAnalysis", "StartRouteAnalysis"],
    "networkmanager.route_analysi_forward_path": ["GetRouteAnalysis", "StartRouteAnalysis"],
    "networkmanager.route_analysi_return_path": ["GetRouteAnalysis", "StartRouteAnalysis"],
    "networkmanager.sites": ["GetSites"],
    "networkmanager.sit_description": ["GetSites"],
    "networkmanager.sit_location": ["GetSites"],
    "networkmanager.sit_created_at": ["GetSites"],
    "networkmanager.sit_state": ["GetSites"],
    "networkmanager.sit_tags": ["GetSites"],
    "networkmanager.transit_gateway_connect_peer_associations": ["GetTransitGatewayConnectPeerAssociations"],
    "networkmanager.transit_gateway_registrations": ["GetTransitGatewayRegistrations"],
    "networkmanager.attachment_routing_policy_associations": ["ListAttachmentRoutingPolicyAssociations"],
    "networkmanager.attachment_routing_policy_association_pending_routing_policies": ["ListAttachmentRoutingPolicyAssociations"],
    "networkmanager.attachment_routing_policy_association_associated_routing_policies": ["ListAttachmentRoutingPolicyAssociations"],
    "networkmanager.attachment_routing_policy_association_routing_policy_label": ["ListAttachmentRoutingPolicyAssociations"],
    "networkmanager.core_network_policy_versions": ["ListCoreNetworkPolicyVersions"],
    "networkmanager.core_network_policy_version_policy_version_id": ["ListCoreNetworkPolicyVersions"],
    "networkmanager.core_network_policy_version_alias": ["ListCoreNetworkPolicyVersions"],
    "networkmanager.core_network_policy_version_description": ["ListCoreNetworkPolicyVersions"],
    "networkmanager.core_network_policy_version_created_at": ["ListCoreNetworkPolicyVersions"],
    "networkmanager.core_network_policy_version_change_set_state": ["ListCoreNetworkPolicyVersions"],
    "networkmanager.prefix_list_associations": ["ListCoreNetworkPrefixListAssociations"],
    "networkmanager.prefix_list_association_prefix_list_alias": ["ListCoreNetworkPrefixListAssociations"],
    "networkmanager.core_network_routing_information": ["ListCoreNetworkRoutingInformation"],
    "networkmanager.core_network_routing_prefix": ["ListCoreNetworkRoutingInformation"],
    "networkmanager.core_network_routing_next_hop": ["ListCoreNetworkRoutingInformation"],
    "networkmanager.core_network_routing_local_preference": ["ListCoreNetworkRoutingInformation"],
    "networkmanager.core_network_routing_med": ["ListCoreNetworkRoutingInformation"],
    "networkmanager.core_network_routing_as_path": ["ListCoreNetworkRoutingInformation"],
    "networkmanager.core_network_routing_communities": ["ListCoreNetworkRoutingInformation"],
    "networkmanager.tag_list": ["ListTagsForResource"],
    "networkmanager.tag_key": ["ListTagsForResource"],
    "networkmanager.tag_value": ["ListTagsForResource"],
    "networkmanager.routing_policy_label": ["PutAttachmentRoutingPolicyLabel", "RemoveAttachmentRoutingPolicyLabel"],
    "networkmanager.metadata": ["UpdateNetworkResourceMetadata"]
  },
  "entity_consumers": {
    "networkmanager.attachment_id": ["GetTransitGatewayRouteTableAttachment", "GetConnectAttachment", "UpdateVpcAttachment", "GetDirectConnectGatewayAttachment", "GetVpcAttachment", "DeleteAttachment", "AcceptAttachment", "UpdateDirectConnectGatewayAttachment", "PutAttachmentRoutingPolicyLabel", "GetSiteToSiteVpnAttachment", "RejectAttachment", "RemoveAttachmentRoutingPolicyLabel"],
    "networkmanager.globalnetwork_id": ["CreateConnection", "CreateSite", "CreateLink", "CreateDevice", "GetCustomerGatewayAssociations", "AssociateConnectPeer", "GetNetworkResourceCounts", "GetRouteAnalysis", "CreateCoreNetwork", "StartRouteAnalysis", "DeleteGlobalNetwork", "GetLinkAssociations", "AssociateCustomerGateway", "DisassociateConnectPeer", "AssociateLink", "GetNetworkResourceRelationships", "RegisterTransitGateway", "GetNetworkTelemetry", "UpdateGlobalNetwork", "DeleteDevice", "GetDevices", "GetTransitGatewayConnectPeerAssociations", "DisassociateLink", "UpdateSite", "GetConnections", "GetNetworkRoutes", "UpdateLink", "GetSites", "UpdateDevice", "GetNetworkResources", "AssociateTransitGatewayConnectPeer", "DeleteLink", "UpdateConnection", "GetTransitGatewayRegistrations", "DeleteConnection", "DisassociateTransitGatewayConnectPeer", "DeleteSite", "GetConnectPeerAssociations", "UpdateNetworkResourceMetadata", "GetLinks", "DeregisterTransitGateway", "DisassociateCustomerGateway"],
    "networkmanager.connectpeer_id": ["DisassociateConnectPeer", "DeleteConnectPeer", "GetConnectPeer", "AssociateConnectPeer"],
    "networkmanager.device_id": ["AssociateCustomerGateway", "AssociateTransitGatewayConnectPeer", "CreateConnection", "DeleteDevice", "AssociateConnectPeer", "AssociateLink", "DisassociateLink", "UpdateDevice"],
    "networkmanager.customergateway_arn": ["AssociateCustomerGateway", "DisassociateCustomerGateway"],
    "networkmanager.link_id": ["DeleteLink", "AssociateLink", "DisassociateLink", "UpdateLink"],
    "networkmanager.transitgatewayconnectpeer_arn": ["AssociateTransitGatewayConnectPeer", "DisassociateTransitGatewayConnectPeer"],
    "networkmanager.corenetwork_id": ["GetCoreNetworkPolicy", "CreateDirectConnectGatewayAttachment", "UpdateCoreNetwork", "CreateConnectAttachment", "GetCoreNetworkChangeEvents", "RestoreCoreNetworkPolicyVersion", "CreateVpcAttachment", "ListCoreNetworkRoutingInformation", "DeleteCoreNetworkPolicyVersion", "GetCoreNetworkChangeSet", "PutCoreNetworkPolicy", "DeleteCoreNetworkPrefixListAssociation", "PutAttachmentRoutingPolicyLabel", "CreateTransitGatewayPeering", "GetCoreNetwork", "CreateCoreNetworkPrefixListAssociation", "ExecuteCoreNetworkChangeSet", "RemoveAttachmentRoutingPolicyLabel", "DeleteCoreNetwork", "ListAttachmentRoutingPolicyAssociations", "CreateSiteToSiteVpnAttachment", "ListCoreNetworkPrefixListAssociations", "ListCoreNetworkPolicyVersions"],
    "networkmanager.edge_location": ["CreateConnectAttachment", "ListCoreNetworkRoutingInformation"],
    "networkmanager.transportattachment_id": ["CreateConnectAttachment"],
    "networkmanager.options": ["CreateConnectAttachment"],
    "networkmanager.connectattachment_id": ["CreateConnectPeer"],
    "networkmanager.peer_address": ["CreateConnectPeer"],
    "networkmanager.connecteddevice_id": ["CreateConnection"],
    "networkmanager.prefixlist_arn": ["DeleteCoreNetworkPrefixListAssociation", "CreateCoreNetworkPrefixListAssociation"],
    "networkmanager.prefix_list_alias": ["CreateCoreNetworkPrefixListAssociation"],
    "networkmanager.directconnectgateway_arn": ["CreateDirectConnectGatewayAttachment"],
    "networkmanager.edge_locations": ["CreateDirectConnectGatewayAttachment"],
    "networkmanager.bandwidth": ["CreateLink"],
    "networkmanager.site_id": ["UpdateSite", "CreateLink", "DeleteSite"],
    "networkmanager.vpnconnection_arn": ["CreateSiteToSiteVpnAttachment"],
    "networkmanager.transitgateway_arn": ["DeregisterTransitGateway", "RegisterTransitGateway", "CreateTransitGatewayPeering"],
    "networkmanager.peering_id": ["CreateTransitGatewayRouteTableAttachment", "GetTransitGatewayPeering", "DeletePeering"],
    "networkmanager.transitgatewayroutetable_arn": ["CreateTransitGatewayRouteTableAttachment"],
    "networkmanager.vpc_arn": ["CreateVpcAttachment"],
    "networkmanager.subnet_arns": ["CreateVpcAttachment"],
    "networkmanager.connection_id": ["UpdateConnection", "DeleteConnection"],
    "networkmanager.policyversion_id": ["GetCoreNetworkChangeEvents", "DeleteCoreNetworkPolicyVersion", "RestoreCoreNetworkPolicyVersion", "ExecuteCoreNetworkChangeSet", "GetCoreNetworkChangeSet"],
    "networkmanager.resource_arn": ["UntagResource", "ListTagsForResource", "GetResourcePolicy", "DeleteResourcePolicy", "PutResourcePolicy", "UpdateNetworkResourceMetadata", "TagResource"],
    "networkmanager.route_table_identifier": ["GetNetworkRoutes"],
    "networkmanager.routeanalysis_id": ["GetRouteAnalysis"],
    "networkmanager.segment_name": ["ListCoreNetworkRoutingInformation"],
    "networkmanager.routing_policy_label": ["PutAttachmentRoutingPolicyLabel"],
    "networkmanager.policy_document": ["PutCoreNetworkPolicy", "PutResourcePolicy"],
    "networkmanager.action": ["StartOrganizationServiceAccessUpdate"],
    "networkmanager.source": ["StartRouteAnalysis"],
    "networkmanager.destination": ["StartRouteAnalysis"],
    "networkmanager.tags": ["TagResource"],
    "networkmanager.tag_keys": ["UntagResource"],
    "networkmanager.metadata": ["UpdateNetworkResourceMetadata"]
  },
  "external_entities": ["networkmanager.action", "networkmanager.bandwidth", "networkmanager.connectattachment_id", "networkmanager.connecteddevice_id", "networkmanager.connectpeer_id", "networkmanager.corenetwork_id", "networkmanager.customergateway_arn", "networkmanager.destination", "networkmanager.directconnectgateway_arn", "networkmanager.edge_location", "networkmanager.edge_locations", "networkmanager.globalnetwork_id", "networkmanager.options", "networkmanager.peer_address", "networkmanager.policyversion_id", "networkmanager.prefixlist_arn", "networkmanager.route_table_identifier", "networkmanager.routeanalysis_id", "networkmanager.source", "networkmanager.subnet_arns", "networkmanager.tag_keys", "networkmanager.tags", "networkmanager.transitgateway_arn", "networkmanager.transitgatewayconnectpeer_arn", "networkmanager.transitgatewayroutetable_arn", "networkmanager.transportattachment_id", "networkmanager.vpc_arn", "networkmanager.vpnconnection_arn"]
}