{
  "service": "networkmanager",
  "fixes": [
    {
      "rule_id": "GetCoreNetworkChangeEvents.Status",
      "suggested_check": {
        "var": "CoreNetworkChangeEvents.Status",
        "op": "equals",
        "value": "true",
        "derived": null,
        "derive_key": null
      },
      "suggested_aliases": {
        "entity_aliases": {
          "alias": "core_network_change_event_status"
        },
        "param_aliases": {
          "param": [
            "Status"
          ]
        }
      },
      "confidence": 0.85,
      "reason": "The direct variable 'CoreNetworkChangeEvents.Status' matches the mapping and the entity alias is corrected."
    },
    {
      "rule_id": "GetRouteAnalysis.Status",
      "suggested_check": {
        "var": "RouteAnalysis.Status",
        "op": "equals",
        "value": "true",
        "derived": null,
        "derive_key": null
      },
      "suggested_aliases": {
        "entity_aliases": {
          "alias": "route_analysis_status"
        },
        "param_aliases": {
          "param": [
            "Status"
          ]
        }
      },
      "confidence": 0.9,
      "reason": "The direct variable 'RouteAnalysis.Status' matches the mapping and the entity alias is corrected."
    },
    {
      "rule_id": "StartRouteAnalysis.Status",
      "suggested_check": {
        "var": "RouteAnalysis.Status",
        "op": "equals",
        "value": "true",
        "derived": null,
        "derive_key": null
      },
      "suggested_aliases": {
        "entity_aliases": {
          "alias": "route_analysis_status"
        },
        "param_aliases": {
          "param": [
            "Status"
          ]
        }
      },
      "confidence": 0.9,
      "reason": "The direct variable 'RouteAnalysis.Status' matches the mapping and the entity alias is corrected."
    },
    {
      "type": "llm_fix",
      "original": "GetCoreNetworkChangeEvents.Status",
      "fix": {
        "var": "AccountStatusList",
        "op": "equals",
        "value": "networkmanager.core_network_change_event_status",
        "derived": null,
        "derive_key": null
      },
      "confidence": 0.85,
      "reason": "The AccountStatusList variable can represent the status of core network change events.",
      "aliases": {
        "entity_aliases": {
          "alias": "core_network_change_event_status"
        },
        "param_aliases": {
          "param": [
            "Status"
          ]
        }
      }
    },
    {
      "type": "llm_fix",
      "original": "GetRouteAnalysis.Status",
      "fix": {
        "var": "AccountStatusList",
        "op": "equals",
        "value": "networkmanager.route_analysi_status",
        "derived": null,
        "derive_key": null
      },
      "confidence": 0.9,
      "reason": "The AccountStatusList variable can represent the status of route analysis.",
      "aliases": {
        "entity_aliases": {
          "alias": "route_analysis_status"
        },
        "param_aliases": {
          "param": [
            "Status"
          ]
        }
      }
    },
    {
      "type": "llm_fix",
      "original": "StartRouteAnalysis.Status",
      "fix": {
        "var": "AccountStatusList",
        "op": "equals",
        "value": "networkmanager.route_analysi_status",
        "derived": null,
        "derive_key": null
      },
      "confidence": 0.9,
      "reason": "The AccountStatusList variable can represent the status of starting route analysis.",
      "aliases": {
        "entity_aliases": {
          "alias": "route_analysis_status"
        },
        "param_aliases": {
          "param": [
            "Status"
          ]
        }
      }
    }
  ],
  "summary": {
    "total_fixes": 6,
    "remaining_unresolved": 3
  }
}