{
  "service": "resource-explorer-2",
  "op_consumes": {
    "BatchGetView": [],
    "CreateIndex": [],
    "DeleteResourceExplorerSetup": [],
    "DisassociateDefaultView": [],
    "GetAccountLevelServiceConfiguration": [],
    "GetDefaultView": [],
    "GetIndex": [],
    "GetServiceIndex": [],
    "ListIndexes": [],
    "ListManagedViews": [],
    "ListResources": [],
    "ListServiceIndexes": [],
    "ListServiceViews": [],
    "ListStreamingAccessForServices": [],
    "ListSupportedResourceTypes": [],
    "ListViews": [],
    "AssociateDefaultView": ["resource-explorer-2.view_arn"],
    "CreateResourceExplorerSetup": ["resource-explorer-2.region_list", "resource-explorer-2.view_name"],
    "CreateView": ["resource-explorer-2.view_name"],
    "DeleteIndex": ["resource-explorer-2.index_arn"],
    "DeleteView": ["resource-explorer-2.view_arn"],
    "GetManagedView": ["resource-explorer-2.managedview_arn"],
    "GetResourceExplorerSetup": ["resource-explorer-2.task_id"],
    "GetServiceView": ["resource-explorer-2.serviceview_arn"],
    "GetView": ["resource-explorer-2.view_arn"],
    "ListIndexesForMembers": ["resource-explorer-2.account_id_list"],
    "ListTagsForResource": ["resource-explorer-2.resource_arn"],
    "Search": ["resource-explorer-2.query_string"],
    "TagResource": ["resource-explorer-2.resource_arn"],
    "UntagResource": ["resource-explorer-2.tag_keys", "resource-explorer-2.resource_arn"],
    "UpdateIndexType": ["resource-explorer-2.type", "resource-explorer-2.index_type_arn"],
    "UpdateView": ["resource-explorer-2.view_arn"]
  },
  "op_produces": {
    "BatchGetView": ["resource-explorer-2.view_arn", "resource-explorer-2.view_owner", "resource-explorer-2.errors", "resource-explorer-2.view_included_properties", "resource-explorer-2.view_filters", "resource-explorer-2.view_last_updated_at", "resource-explorer-2.views", "resource-explorer-2.view_scope"],
    "CreateIndex": ["resource-explorer-2.created_at", "resource-explorer-2.index_arn", "resource-explorer-2.state"],
    "DeleteResourceExplorerSetup": ["resource-explorer-2.task_id"],
    "DisassociateDefaultView": [],
    "GetAccountLevelServiceConfiguration": ["resource-explorer-2.org_configuration_service_linked_role", "resource-explorer-2.org_configuration_aws_service_access_status", "resource-explorer-2.org_configuration"],
    "GetDefaultView": ["resource-explorer-2.view_arn"],
    "GetIndex": ["resource-explorer-2.replicating_to", "resource-explorer-2.last_updated_at", "resource-explorer-2.replicating_from", "resource-explorer-2.type", "resource-explorer-2.created_at", "resource-explorer-2.index_arn", "resource-explorer-2.state", "resource-explorer-2.tags"],
    "GetServiceIndex": ["resource-explorer-2.type", "resource-explorer-2.index_arn"],
    "ListIndexes": ["resource-explorer-2.next_token", "resource-explorer-2.index_type", "resource-explorer-2.indexes", "resource-explorer-2.index_arn", "resource-explorer-2.index_region"],
    "ListManagedViews": ["resource-explorer-2.managed_views", "resource-explorer-2.next_token"],
    "ListResources": ["resource-explorer-2.view_arn", "resource-explorer-2.next_token", "resource-explorer-2.resourc_last_reported_at", "resource-explorer-2.resourc_properties", "resource-explorer-2.resourc_region", "resource-explorer-2.resources", "resource-explorer-2.resourc_service", "resource-explorer-2.resourc_arn", "resource-explorer-2.resourc_owning_account_id", "resource-explorer-2.resourc_resource_type"],
    "ListServiceIndexes": ["resource-explorer-2.next_token", "resource-explorer-2.index_type", "resource-explorer-2.indexes", "resource-explorer-2.index_arn", "resource-explorer-2.index_region"],
    "ListServiceViews": ["resource-explorer-2.service_views", "resource-explorer-2.next_token"],
    "ListStreamingAccessForServices": ["resource-explorer-2.streaming_access_for_servic_service_principal", "resource-explorer-2.streaming_access_for_services", "resource-explorer-2.next_token", "resource-explorer-2.streaming_access_for_servic_created_at"],
    "ListSupportedResourceTypes": ["resource-explorer-2.resource_typ_resource_type", "resource-explorer-2.resource_types", "resource-explorer-2.next_token", "resource-explorer-2.resource_typ_service"],
    "ListViews": ["resource-explorer-2.views", "resource-explorer-2.next_token"],
    "AssociateDefaultView": ["resource-explorer-2.view_arn"],
    "CreateResourceExplorerSetup": ["resource-explorer-2.task_id"],
    "CreateView": ["resource-explorer-2.view_arn", "resource-explorer-2.view_owner", "resource-explorer-2.view_included_properties", "resource-explorer-2.view_filters", "resource-explorer-2.view_last_updated_at", "resource-explorer-2.view", "resource-explorer-2.view_scope"],
    "DeleteIndex": ["resource-explorer-2.index_arn", "resource-explorer-2.last_updated_at", "resource-explorer-2.state"],
    "DeleteView": ["resource-explorer-2.view_arn"],
    "GetManagedView": ["resource-explorer-2.view_arn", "resource-explorer-2.managed_view_version", "resource-explorer-2.managed_view_scope", "resource-explorer-2.managed_view_last_updated_at", "resource-explorer-2.view_name", "resource-explorer-2.managed_view_owner", "resource-explorer-2.managed_view", "resource-explorer-2.managed_view_filters", "resource-explorer-2.managed_view_included_properties", "resource-explorer-2.managed_view_trusted_service", "resource-explorer-2.managed_view_resource_policy"],
    "GetResourceExplorerSetup": ["resource-explorer-2.region_index", "resource-explorer-2.next_token", "resource-explorer-2.region_view", "resource-explorer-2.regions", "resource-explorer-2.region_region"],
    "GetServiceView": ["resource-explorer-2.view_arn", "resource-explorer-2.view_streaming_access_for_service", "resource-explorer-2.view_filters", "resource-explorer-2.view_included_properties", "resource-explorer-2.view_scope_type", "resource-explorer-2.view"],
    "GetView": ["resource-explorer-2.view_arn", "resource-explorer-2.view_owner", "resource-explorer-2.view_included_properties", "resource-explorer-2.view_filters", "resource-explorer-2.view_last_updated_at", "resource-explorer-2.tags", "resource-explorer-2.view", "resource-explorer-2.view_scope"],
    "ListIndexesForMembers": ["resource-explorer-2.index_account_id", "resource-explorer-2.next_token", "resource-explorer-2.index_type", "resource-explorer-2.indexes", "resource-explorer-2.index_arn", "resource-explorer-2.index_region"],
    "ListTagsForResource": ["resource-explorer-2.tags"],
    "Search": ["resource-explorer-2.view_arn", "resource-explorer-2.next_token", "resource-explorer-2.resourc_last_reported_at", "resource-explorer-2.resourc_properties", "resource-explorer-2.resourc_region", "resource-explorer-2.resources", "resource-explorer-2.resourc_service", "resource-explorer-2.count", "resource-explorer-2.resourc_arn", "resource-explorer-2.resourc_owning_account_id", "resource-explorer-2.resourc_resource_type"],
    "TagResource": [],
    "UntagResource": [],
    "UpdateIndexType": ["resource-explorer-2.type", "resource-explorer-2.index_type_arn", "resource-explorer-2.last_updated_at", "resource-explorer-2.state"],
    "UpdateView": ["resource-explorer-2.view_arn", "resource-explorer-2.view_owner", "resource-explorer-2.view_included_properties", "resource-explorer-2.view_filters", "resource-explorer-2.view_last_updated_at", "resource-explorer-2.view", "resource-explorer-2.view_scope"]
  },
  "entity_producers": {
    "resource-explorer-2.views": ["ListViews", "BatchGetView"],
    "resource-explorer-2.errors": ["BatchGetView"],
    "resource-explorer-2.view_arn": ["AssociateDefaultView", "UpdateView", "GetDefaultView", "ListResources", "DeleteView", "GetView", "Search", "GetServiceView", "GetManagedView", "CreateView", "BatchGetView"],
    "resource-explorer-2.view_owner": ["UpdateView", "GetView", "CreateView", "BatchGetView"],
    "resource-explorer-2.view_last_updated_at": ["UpdateView", "GetView", "CreateView", "BatchGetView"],
    "resource-explorer-2.view_scope": ["UpdateView", "GetView", "CreateView", "BatchGetView"],
    "resource-explorer-2.view_included_properties": ["UpdateView", "GetServiceView", "CreateView", "GetView", "BatchGetView"],
    "resource-explorer-2.view_filters": ["UpdateView", "GetServiceView", "CreateView", "GetView", "BatchGetView"],
    "resource-explorer-2.index_arn": ["ListIndexes", "GetServiceIndex", "GetIndex", "ListServiceIndexes", "CreateIndex", "ListIndexesForMembers", "DeleteIndex"],
    "resource-explorer-2.state": ["UpdateIndexType", "GetIndex", "CreateIndex", "DeleteIndex"],
    "resource-explorer-2.created_at": ["GetIndex", "CreateIndex"],
    "resource-explorer-2.task_id": ["DeleteResourceExplorerSetup", "CreateResourceExplorerSetup"],
    "resource-explorer-2.org_configuration": ["GetAccountLevelServiceConfiguration"],
    "resource-explorer-2.org_configuration_aws_service_access_status": ["GetAccountLevelServiceConfiguration"],
    "resource-explorer-2.org_configuration_service_linked_role": ["GetAccountLevelServiceConfiguration"],
    "resource-explorer-2.type": ["GetServiceIndex", "GetIndex", "UpdateIndexType"],
    "resource-explorer-2.replicating_from": ["GetIndex"],
    "resource-explorer-2.replicating_to": ["GetIndex"],
    "resource-explorer-2.last_updated_at": ["GetIndex", "UpdateIndexType", "DeleteIndex"],
    "resource-explorer-2.tags": ["GetIndex", "GetView", "ListTagsForResource"],
    "resource-explorer-2.indexes": ["ListIndexes", "ListIndexesForMembers", "ListServiceIndexes"],
    "resource-explorer-2.next_token": ["ListIndexes", "ListServiceIndexes", "ListSupportedResourceTypes", "ListIndexesForMembers", "ListResources", "ListManagedViews", "ListStreamingAccessForServices", "ListViews", "Search", "GetResourceExplorerSetup", "ListServiceViews"],
    "resource-explorer-2.index_region": ["ListIndexes", "ListIndexesForMembers", "ListServiceIndexes"],
    "resource-explorer-2.index_type": ["ListIndexes", "ListIndexesForMembers", "ListServiceIndexes"],
    "resource-explorer-2.managed_views": ["ListManagedViews"],
    "resource-explorer-2.resources": ["Search", "ListResources"],
    "resource-explorer-2.resourc_arn": ["Search", "ListResources"],
    "resource-explorer-2.resourc_owning_account_id": ["Search", "ListResources"],
    "resource-explorer-2.resourc_region": ["Search", "ListResources"],
    "resource-explorer-2.resourc_resource_type": ["Search", "ListResources"],
    "resource-explorer-2.resourc_service": ["Search", "ListResources"],
    "resource-explorer-2.resourc_last_reported_at": ["Search", "ListResources"],
    "resource-explorer-2.resourc_properties": ["Search", "ListResources"],
    "resource-explorer-2.service_views": ["ListServiceViews"],
    "resource-explorer-2.streaming_access_for_services": ["ListStreamingAccessForServices"],
    "resource-explorer-2.streaming_access_for_servic_service_principal": ["ListStreamingAccessForServices"],
    "resource-explorer-2.streaming_access_for_servic_created_at": ["ListStreamingAccessForServices"],
    "resource-explorer-2.resource_types": ["ListSupportedResourceTypes"],
    "resource-explorer-2.resource_typ_service": ["ListSupportedResourceTypes"],
    "resource-explorer-2.resource_typ_resource_type": ["ListSupportedResourceTypes"],
    "resource-explorer-2.view": ["UpdateView", "GetView", "CreateView", "GetServiceView"],
    "resource-explorer-2.managed_view": ["GetManagedView"],
    "resource-explorer-2.view_name": ["GetManagedView"],
    "resource-explorer-2.managed_view_trusted_service": ["GetManagedView"],
    "resource-explorer-2.managed_view_last_updated_at": ["GetManagedView"],
    "resource-explorer-2.managed_view_owner": ["GetManagedView"],
    "resource-explorer-2.managed_view_scope": ["GetManagedView"],
    "resource-explorer-2.managed_view_included_properties": ["GetManagedView"],
    "resource-explorer-2.managed_view_filters": ["GetManagedView"],
    "resource-explorer-2.managed_view_resource_policy": ["GetManagedView"],
    "resource-explorer-2.managed_view_version": ["GetManagedView"],
    "resource-explorer-2.regions": ["GetResourceExplorerSetup"],
    "resource-explorer-2.region_region": ["GetResourceExplorerSetup"],
    "resource-explorer-2.region_index": ["GetResourceExplorerSetup"],
    "resource-explorer-2.region_view": ["GetResourceExplorerSetup"],
    "resource-explorer-2.view_streaming_access_for_service": ["GetServiceView"],
    "resource-explorer-2.view_scope_type": ["GetServiceView"],
    "resource-explorer-2.index_account_id": ["ListIndexesForMembers"],
    "resource-explorer-2.count": ["Search"],
    "resource-explorer-2.index_type_arn": ["UpdateIndexType"]
  },
  "entity_consumers": {
    "resource-explorer-2.view_arn": ["DeleteView", "GetView", "UpdateView", "AssociateDefaultView"],
    "resource-explorer-2.region_list": ["CreateResourceExplorerSetup"],
    "resource-explorer-2.view_name": ["CreateView", "CreateResourceExplorerSetup"],
    "resource-explorer-2.index_arn": ["DeleteIndex"],
    "resource-explorer-2.managedview_arn": ["GetManagedView"],
    "resource-explorer-2.task_id": ["GetResourceExplorerSetup"],
    "resource-explorer-2.serviceview_arn": ["GetServiceView"],
    "resource-explorer-2.account_id_list": ["ListIndexesForMembers"],
    "resource-explorer-2.resource_arn": ["UntagResource", "TagResource", "ListTagsForResource"],
    "resource-explorer-2.query_string": ["Search"],
    "resource-explorer-2.tag_keys": ["UntagResource"],
    "resource-explorer-2.index_type_arn": ["UpdateIndexType"],
    "resource-explorer-2.type": ["UpdateIndexType"]
  },
  "external_entities": ["resource-explorer-2.account_id_list", "resource-explorer-2.managedview_arn", "resource-explorer-2.query_string", "resource-explorer-2.region_list", "resource-explorer-2.resource_arn", "resource-explorer-2.serviceview_arn", "resource-explorer-2.tag_keys"]
}