{
  "resource-explorer-2": {
    "service": "resource-explorer-2",
    "total_operations": 32,
    "independent": [
      {
        "operation": "BatchGetView",
        "python_method": "batch_get_view",
        "yaml_action": "batch_get_view",
        "required_params": [],
        "optional_params": [
          "ViewArns"
        ],
        "total_optional": 1,
        "output_fields": {
          "Views": {
            "type": "string",
            "description": "Views details",
            "compliance_category": "general",
            "operators": [
              "equals",
              "not_equals",
              "contains"
            ]
          },
          "Errors": {
            "type": "string",
            "description": "Errors details",
            "compliance_category": "general",
            "operators": [
              "equals",
              "not_equals",
              "contains"
            ]
          }
        },
        "main_output_field": "Views",
        "item_fields": {
          "ViewArn": {
            "type": "string",
            "description": "View arn",
            "compliance_category": "identity",
            "operators": [
              "equals",
              "not_equals",
              "contains",
              "in",
              "exists"
            ]
          },
          "Owner": {
            "type": "string",
            "description": "Owner",
            "compliance_category": "general"
          },
          "LastUpdatedAt": {
            "type": "string",
            "description": "Last updated at",
            "compliance_category": "general",
            "format": "date-time"
          },
          "Scope": {
            "type": "string",
            "description": "Scope",
            "compliance_category": "general"
          },
          "IncludedProperties": {
            "type": "string",
            "description": "Included properties",
            "compliance_category": "general"
          },
          "Filters": {
            "type": "string",
            "description": "Filters",
            "compliance_category": "general"
          }
        }
      },
      {
        "operation": "CreateIndex",
        "python_method": "create_index",
        "yaml_action": "create_index",
        "required_params": [],
        "optional_params": [
          "ClientToken",
          "Tags"
        ],
        "total_optional": 2,
        "output_fields": {
          "Arn": {
            "type": "string",
            "description": "Arn details",
            "compliance_category": "identity",
            "operators": [
              "equals",
              "not_equals",
              "contains",
              "in",
              "exists"
            ]
          },
          "State": {
            "type": "string",
            "description": "State details",
            "compliance_category": "general",
            "format": "date-time",
            "operators": [
              "equals",
              "not_equals",
              "contains"
            ]
          },
          "CreatedAt": {
            "type": "string",
            "description": "CreatedAt details",
            "compliance_category": "general",
            "format": "date-time",
            "operators": [
              "equals",
              "not_equals",
              "contains"
            ]
          }
        },
        "main_output_field": "Arn",
        "item_fields": []
      },
      {
        "operation": "DeleteResourceExplorerSetup",
        "python_method": "delete_resource_explorer_setup",
        "yaml_action": "delete_resource_explorer_setup",
        "required_params": [],
        "optional_params": [
          "RegionList",
          "DeleteInAllRegions"
        ],
        "total_optional": 2,
        "output_fields": {
          "TaskId": {
            "type": "string",
            "description": "TaskId details",
            "compliance_category": "identity",
            "operators": [
              "equals",
              "not_equals",
              "contains",
              "in",
              "exists"
            ]
          }
        },
        "main_output_field": "TaskId",
        "item_fields": []
      },
      {
        "operation": "DisassociateDefaultView",
        "python_method": "disassociate_default_view",
        "yaml_action": "disassociate_default_view",
        "required_params": [],
        "optional_params": [],
        "total_optional": 0,
        "output_fields": {},
        "main_output_field": null,
        "item_fields": []
      },
      {
        "operation": "GetAccountLevelServiceConfiguration",
        "python_method": "get_account_level_service_configuration",
        "yaml_action": "get_account_level_service_configuration",
        "required_params": [],
        "optional_params": [],
        "total_optional": 0,
        "output_fields": {
          "OrgConfiguration": {
            "type": "string",
            "description": "OrgConfiguration details",
            "compliance_category": "general",
            "format": "date-time",
            "operators": [
              "equals",
              "not_equals",
              "contains"
            ]
          }
        },
        "main_output_field": "OrgConfiguration",
        "item_fields": {
          "AWSServiceAccessStatus": {
            "type": "string",
            "description": "Aws service access status",
            "compliance_category": "general",
            "format": "date-time"
          },
          "ServiceLinkedRole": {
            "type": "string",
            "description": "Service linked role",
            "compliance_category": "general"
          }
        }
      },
      {
        "operation": "GetDefaultView",
        "python_method": "get_default_view",
        "yaml_action": "get_default_view",
        "required_params": [],
        "optional_params": [],
        "total_optional": 0,
        "output_fields": {
          "ViewArn": {
            "type": "string",
            "description": "ViewArn details",
            "compliance_category": "identity",
            "operators": [
              "equals",
              "not_equals",
              "contains",
              "in",
              "exists"
            ]
          }
        },
        "main_output_field": "ViewArn",
        "item_fields": []
      },
      {
        "operation": "GetIndex",
        "python_method": "get_index",
        "yaml_action": "get_index",
        "required_params": [],
        "optional_params": [],
        "total_optional": 0,
        "output_fields": {
          "Arn": {
            "type": "string",
            "description": "Arn details",
            "compliance_category": "identity",
            "operators": [
              "equals",
              "not_equals",
              "contains",
              "in",
              "exists"
            ]
          },
          "Type": {
            "type": "string",
            "description": "Type details",
            "compliance_category": "general",
            "operators": [
              "equals",
              "not_equals",
              "contains"
            ]
          },
          "State": {
            "type": "string",
            "description": "State details",
            "compliance_category": "general",
            "format": "date-time",
            "operators": [
              "equals",
              "not_equals",
              "contains"
            ]
          },
          "ReplicatingFrom": {
            "type": "string",
            "description": "ReplicatingFrom details",
            "compliance_category": "general",
            "format": "date-time",
            "operators": [
              "equals",
              "not_equals",
              "contains"
            ]
          },
          "ReplicatingTo": {
            "type": "string",
            "description": "ReplicatingTo details",
            "compliance_category": "general",
            "format": "date-time",
            "operators": [
              "equals",
              "not_equals",
              "contains"
            ]
          },
          "CreatedAt": {
            "type": "string",
            "description": "CreatedAt details",
            "compliance_category": "general",
            "format": "date-time",
            "operators": [
              "equals",
              "not_equals",
              "contains"
            ]
          },
          "LastUpdatedAt": {
            "type": "string",
            "description": "LastUpdatedAt details",
            "compliance_category": "general",
            "format": "date-time",
            "operators": [
              "equals",
              "not_equals",
              "contains"
            ]
          },
          "Tags": {
            "type": "string",
            "description": "Tags details",
            "compliance_category": "general",
            "operators": [
              "equals",
              "not_equals",
              "contains"
            ]
          }
        },
        "main_output_field": "ReplicatingFrom",
        "item_fields": []
      },
      {
        "operation": "GetServiceIndex",
        "python_method": "get_service_index",
        "yaml_action": "get_service_index",
        "required_params": [],
        "optional_params": [],
        "total_optional": 0,
        "output_fields": {
          "Arn": {
            "type": "string",
            "description": "Arn details",
            "compliance_category": "identity",
            "operators": [
              "equals",
              "not_equals",
              "contains",
              "in",
              "exists"
            ]
          },
          "Type": {
            "type": "string",
            "description": "Type details",
            "compliance_category": "general",
            "operators": [
              "equals",
              "not_equals",
              "contains"
            ]
          }
        },
        "main_output_field": "Arn",
        "item_fields": []
      },
      {
        "operation": "ListIndexes",
        "python_method": "list_indexes",
        "yaml_action": "list_indexes",
        "required_params": [],
        "optional_params": [
          "Type",
          "Regions",
          "MaxResults",
          "NextToken"
        ],
        "total_optional": 4,
        "output_fields": {
          "Indexes": {
            "type": "string",
            "description": "Indexes details",
            "compliance_category": "general",
            "operators": [
              "equals",
              "not_equals",
              "contains"
            ]
          },
          "NextToken": {
            "type": "string",
            "description": "NextToken details",
            "compliance_category": "general",
            "operators": [
              "equals",
              "not_equals",
              "contains"
            ],
            "security_impact": "high"
          }
        },
        "main_output_field": "Indexes",
        "item_fields": {
          "Region": {
            "type": "string",
            "description": "Region",
            "compliance_category": "general",
            "format": "date-time"
          },
          "Arn": {
            "type": "string",
            "description": "Arn",
            "compliance_category": "identity",
            "operators": [
              "equals",
              "not_equals",
              "contains",
              "in",
              "exists"
            ]
          },
          "Type": {
            "type": "string",
            "description": "Type",
            "compliance_category": "general"
          }
        }
      },
      {
        "operation": "ListManagedViews",
        "python_method": "list_managed_views",
        "yaml_action": "list_managed_views",
        "required_params": [],
        "optional_params": [
          "MaxResults",
          "NextToken",
          "ServicePrincipal"
        ],
        "total_optional": 3,
        "output_fields": {
          "NextToken": {
            "type": "string",
            "description": "NextToken details",
            "compliance_category": "general",
            "operators": [
              "equals",
              "not_equals",
              "contains"
            ],
            "security_impact": "high"
          },
          "ManagedViews": {
            "type": "string",
            "description": "ManagedViews details",
            "compliance_category": "general",
            "operators": [
              "equals",
              "not_equals",
              "contains"
            ]
          }
        },
        "main_output_field": "ManagedViews",
        "item_fields": []
      },
      {
        "operation": "ListResources",
        "python_method": "list_resources",
        "yaml_action": "list_resources",
        "required_params": [],
        "optional_params": [
          "Filters",
          "MaxResults",
          "ViewArn",
          "NextToken"
        ],
        "total_optional": 4,
        "output_fields": {
          "Resources": {
            "type": "string",
            "description": "Resources details",
            "compliance_category": "general",
            "operators": [
              "equals",
              "not_equals",
              "contains"
            ]
          },
          "NextToken": {
            "type": "string",
            "description": "NextToken details",
            "compliance_category": "general",
            "operators": [
              "equals",
              "not_equals",
              "contains"
            ],
            "security_impact": "high"
          },
          "ViewArn": {
            "type": "string",
            "description": "ViewArn details",
            "compliance_category": "identity",
            "operators": [
              "equals",
              "not_equals",
              "contains",
              "in",
              "exists"
            ]
          }
        },
        "main_output_field": "Resources",
        "item_fields": {
          "Arn": {
            "type": "string",
            "description": "Arn",
            "compliance_category": "identity",
            "operators": [
              "equals",
              "not_equals",
              "contains",
              "in",
              "exists"
            ]
          },
          "OwningAccountId": {
            "type": "string",
            "description": "Owning account id",
            "compliance_category": "identity",
            "operators": [
              "equals",
              "not_equals",
              "in",
              "exists"
            ]
          },
          "Region": {
            "type": "string",
            "description": "Region",
            "compliance_category": "general",
            "format": "date-time"
          },
          "ResourceType": {
            "type": "string",
            "description": "Resource type",
            "compliance_category": "general"
          },
          "Service": {
            "type": "string",
            "description": "Service",
            "compliance_category": "general"
          },
          "LastReportedAt": {
            "type": "string",
            "description": "Last reported at",
            "compliance_category": "general",
            "format": "date-time"
          },
          "Properties": {
            "type": "string",
            "description": "Properties",
            "compliance_category": "general"
          }
        }
      },
      {
        "operation": "ListServiceIndexes",
        "python_method": "list_service_indexes",
        "yaml_action": "list_service_indexes",
        "required_params": [],
        "optional_params": [
          "Regions",
          "MaxResults",
          "NextToken"
        ],
        "total_optional": 3,
        "output_fields": {
          "Indexes": {
            "type": "string",
            "description": "Indexes details",
            "compliance_category": "general",
            "operators": [
              "equals",
              "not_equals",
              "contains"
            ]
          },
          "NextToken": {
            "type": "string",
            "description": "NextToken details",
            "compliance_category": "general",
            "operators": [
              "equals",
              "not_equals",
              "contains"
            ],
            "security_impact": "high"
          }
        },
        "main_output_field": "Indexes",
        "item_fields": {
          "Region": {
            "type": "string",
            "description": "Region",
            "compliance_category": "general",
            "format": "date-time"
          },
          "Arn": {
            "type": "string",
            "description": "Arn",
            "compliance_category": "identity",
            "operators": [
              "equals",
              "not_equals",
              "contains",
              "in",
              "exists"
            ]
          },
          "Type": {
            "type": "string",
            "description": "Type",
            "compliance_category": "general"
          }
        }
      },
      {
        "operation": "ListServiceViews",
        "python_method": "list_service_views",
        "yaml_action": "list_service_views",
        "required_params": [],
        "optional_params": [
          "MaxResults",
          "NextToken"
        ],
        "total_optional": 2,
        "output_fields": {
          "NextToken": {
            "type": "string",
            "description": "NextToken details",
            "compliance_category": "general",
            "operators": [
              "equals",
              "not_equals",
              "contains"
            ],
            "security_impact": "high"
          },
          "ServiceViews": {
            "type": "string",
            "description": "ServiceViews details",
            "compliance_category": "general",
            "operators": [
              "equals",
              "not_equals",
              "contains"
            ]
          }
        },
        "main_output_field": "ServiceViews",
        "item_fields": []
      },
      {
        "operation": "ListStreamingAccessForServices",
        "python_method": "list_streaming_access_for_services",
        "yaml_action": "list_streaming_access_for_services",
        "required_params": [],
        "optional_params": [
          "MaxResults",
          "NextToken"
        ],
        "total_optional": 2,
        "output_fields": {
          "StreamingAccessForServices": {
            "type": "integer",
            "description": "StreamingAccessForServices details",
            "compliance_category": "security",
            "operators": [
              "equals",
              "not_equals",
              "in",
              "exists"
            ],
            "security_impact": "medium"
          },
          "NextToken": {
            "type": "string",
            "description": "NextToken details",
            "compliance_category": "general",
            "operators": [
              "equals",
              "not_equals",
              "contains"
            ],
            "security_impact": "high"
          }
        },
        "main_output_field": "StreamingAccessForServices",
        "item_fields": {
          "ServicePrincipal": {
            "type": "string",
            "description": "Service principal",
            "compliance_category": "general"
          },
          "CreatedAt": {
            "type": "string",
            "description": "Created at",
            "compliance_category": "general",
            "format": "date-time"
          }
        }
      },
      {
        "operation": "ListSupportedResourceTypes",
        "python_method": "list_supported_resource_types",
        "yaml_action": "list_supported_resource_types",
        "required_params": [],
        "optional_params": [
          "NextToken",
          "MaxResults"
        ],
        "total_optional": 2,
        "output_fields": {
          "ResourceTypes": {
            "type": "string",
            "description": "ResourceTypes details",
            "compliance_category": "general",
            "operators": [
              "equals",
              "not_equals",
              "contains"
            ]
          },
          "NextToken": {
            "type": "string",
            "description": "NextToken details",
            "compliance_category": "general",
            "operators": [
              "equals",
              "not_equals",
              "contains"
            ],
            "security_impact": "high"
          }
        },
        "main_output_field": "ResourceTypes",
        "item_fields": {
          "Service": {
            "type": "string",
            "description": "Service",
            "compliance_category": "general"
          },
          "ResourceType": {
            "type": "string",
            "description": "Resource type",
            "compliance_category": "general"
          }
        }
      },
      {
        "operation": "ListViews",
        "python_method": "list_views",
        "yaml_action": "list_views",
        "required_params": [],
        "optional_params": [
          "NextToken",
          "MaxResults"
        ],
        "total_optional": 2,
        "output_fields": {
          "Views": {
            "type": "string",
            "description": "Views details",
            "compliance_category": "general",
            "operators": [
              "equals",
              "not_equals",
              "contains"
            ]
          },
          "NextToken": {
            "type": "string",
            "description": "NextToken details",
            "compliance_category": "general",
            "operators": [
              "equals",
              "not_equals",
              "contains"
            ],
            "security_impact": "high"
          }
        },
        "main_output_field": "Views",
        "item_fields": []
      }
    ],
    "dependent": [
      {
        "operation": "AssociateDefaultView",
        "python_method": "associate_default_view",
        "yaml_action": "associate_default_view",
        "required_params": [
          "ViewArn"
        ],
        "optional_params": [],
        "total_optional": 0,
        "output_fields": {
          "ViewArn": {
            "type": "string",
            "description": "ViewArn details",
            "compliance_category": "identity",
            "operators": [
              "equals",
              "not_equals",
              "contains",
              "in",
              "exists"
            ]
          }
        },
        "main_output_field": "ViewArn",
        "item_fields": []
      },
      {
        "operation": "CreateResourceExplorerSetup",
        "python_method": "create_resource_explorer_setup",
        "yaml_action": "create_resource_explorer_setup",
        "required_params": [
          "RegionList",
          "ViewName"
        ],
        "optional_params": [
          "AggregatorRegions"
        ],
        "total_optional": 1,
        "output_fields": {
          "TaskId": {
            "type": "string",
            "description": "TaskId details",
            "compliance_category": "identity",
            "operators": [
              "equals",
              "not_equals",
              "contains",
              "in",
              "exists"
            ]
          }
        },
        "main_output_field": "TaskId",
        "item_fields": []
      },
      {
        "operation": "CreateView",
        "python_method": "create_view",
        "yaml_action": "create_view",
        "required_params": [
          "ViewName"
        ],
        "optional_params": [
          "ClientToken",
          "IncludedProperties",
          "Scope",
          "Filters",
          "Tags"
        ],
        "total_optional": 5,
        "output_fields": {
          "View": {
            "type": "string",
            "description": "View details",
            "compliance_category": "general",
            "operators": [
              "equals",
              "not_equals",
              "contains"
            ]
          }
        },
        "main_output_field": "View",
        "item_fields": {
          "ViewArn": {
            "type": "string",
            "description": "View arn",
            "compliance_category": "identity",
            "operators": [
              "equals",
              "not_equals",
              "contains",
              "in",
              "exists"
            ]
          },
          "Owner": {
            "type": "string",
            "description": "Owner",
            "compliance_category": "general"
          },
          "LastUpdatedAt": {
            "type": "string",
            "description": "Last updated at",
            "compliance_category": "general",
            "format": "date-time"
          },
          "Scope": {
            "type": "string",
            "description": "Scope",
            "compliance_category": "general"
          },
          "IncludedProperties": {
            "type": "string",
            "description": "Included properties",
            "compliance_category": "general"
          },
          "Filters": {
            "type": "string",
            "description": "Filters",
            "compliance_category": "general"
          }
        }
      },
      {
        "operation": "DeleteIndex",
        "python_method": "delete_index",
        "yaml_action": "delete_index",
        "required_params": [
          "Arn"
        ],
        "optional_params": [],
        "total_optional": 0,
        "output_fields": {
          "Arn": {
            "type": "string",
            "description": "Arn details",
            "compliance_category": "identity",
            "operators": [
              "equals",
              "not_equals",
              "contains",
              "in",
              "exists"
            ]
          },
          "State": {
            "type": "string",
            "description": "State details",
            "compliance_category": "general",
            "format": "date-time",
            "operators": [
              "equals",
              "not_equals",
              "contains"
            ]
          },
          "LastUpdatedAt": {
            "type": "string",
            "description": "LastUpdatedAt details",
            "compliance_category": "general",
            "format": "date-time",
            "operators": [
              "equals",
              "not_equals",
              "contains"
            ]
          }
        },
        "main_output_field": "Arn",
        "item_fields": []
      },
      {
        "operation": "DeleteView",
        "python_method": "delete_view",
        "yaml_action": "delete_view",
        "required_params": [
          "ViewArn"
        ],
        "optional_params": [],
        "total_optional": 0,
        "output_fields": {
          "ViewArn": {
            "type": "string",
            "description": "ViewArn details",
            "compliance_category": "identity",
            "operators": [
              "equals",
              "not_equals",
              "contains",
              "in",
              "exists"
            ]
          }
        },
        "main_output_field": "ViewArn",
        "item_fields": []
      },
      {
        "operation": "GetManagedView",
        "python_method": "get_managed_view",
        "yaml_action": "get_managed_view",
        "required_params": [
          "ManagedViewArn"
        ],
        "optional_params": [],
        "total_optional": 0,
        "output_fields": {
          "ManagedView": {
            "type": "string",
            "description": "ManagedView details",
            "compliance_category": "general",
            "operators": [
              "equals",
              "not_equals",
              "contains"
            ]
          }
        },
        "main_output_field": "ManagedView",
        "item_fields": {
          "ManagedViewArn": {
            "type": "string",
            "description": "Managed view arn",
            "compliance_category": "identity",
            "operators": [
              "equals",
              "not_equals",
              "contains",
              "in",
              "exists"
            ]
          },
          "ManagedViewName": {
            "type": "string",
            "description": "Managed view name",
            "compliance_category": "general"
          },
          "TrustedService": {
            "type": "string",
            "description": "Trusted service",
            "compliance_category": "general"
          },
          "LastUpdatedAt": {
            "type": "string",
            "description": "Last updated at",
            "compliance_category": "general",
            "format": "date-time"
          },
          "Owner": {
            "type": "string",
            "description": "Owner",
            "compliance_category": "general"
          },
          "Scope": {
            "type": "string",
            "description": "Scope",
            "compliance_category": "general"
          },
          "IncludedProperties": {
            "type": "string",
            "description": "Included properties",
            "compliance_category": "general"
          },
          "Filters": {
            "type": "string",
            "description": "Filters",
            "compliance_category": "general"
          },
          "ResourcePolicy": {
            "type": "string",
            "description": "Resource policy",
            "compliance_category": "security",
            "security_impact": "medium"
          },
          "Version": {
            "type": "string",
            "description": "Version",
            "compliance_category": "general",
            "format": "date-time"
          }
        }
      },
      {
        "operation": "GetResourceExplorerSetup",
        "python_method": "get_resource_explorer_setup",
        "yaml_action": "get_resource_explorer_setup",
        "required_params": [
          "TaskId"
        ],
        "optional_params": [
          "MaxResults",
          "NextToken"
        ],
        "total_optional": 2,
        "output_fields": {
          "Regions": {
            "type": "string",
            "description": "Regions details",
            "compliance_category": "general",
            "operators": [
              "equals",
              "not_equals",
              "contains"
            ]
          },
          "NextToken": {
            "type": "string",
            "description": "NextToken details",
            "compliance_category": "general",
            "operators": [
              "equals",
              "not_equals",
              "contains"
            ],
            "security_impact": "high"
          }
        },
        "main_output_field": "Regions",
        "item_fields": {
          "Region": {
            "type": "string",
            "description": "Region",
            "compliance_category": "general",
            "format": "date-time"
          },
          "Index": {
            "type": "string",
            "description": "Index",
            "compliance_category": "general"
          },
          "View": {
            "type": "string",
            "description": "View",
            "compliance_category": "general"
          }
        }
      },
      {
        "operation": "GetServiceView",
        "python_method": "get_service_view",
        "yaml_action": "get_service_view",
        "required_params": [
          "ServiceViewArn"
        ],
        "optional_params": [],
        "total_optional": 0,
        "output_fields": {
          "View": {
            "type": "string",
            "description": "View details",
            "compliance_category": "general",
            "operators": [
              "equals",
              "not_equals",
              "contains"
            ]
          }
        },
        "main_output_field": "View",
        "item_fields": {
          "ServiceViewArn": {
            "type": "string",
            "description": "Service view arn",
            "compliance_category": "identity",
            "operators": [
              "equals",
              "not_equals",
              "contains",
              "in",
              "exists"
            ]
          },
          "Filters": {
            "type": "string",
            "description": "Filters",
            "compliance_category": "general"
          },
          "IncludedProperties": {
            "type": "string",
            "description": "Included properties",
            "compliance_category": "general"
          },
          "StreamingAccessForService": {
            "type": "string",
            "description": "Streaming access for service",
            "compliance_category": "security",
            "security_impact": "medium"
          },
          "ScopeType": {
            "type": "string",
            "description": "Scope type",
            "compliance_category": "general"
          }
        }
      },
      {
        "operation": "GetView",
        "python_method": "get_view",
        "yaml_action": "get_view",
        "required_params": [
          "ViewArn"
        ],
        "optional_params": [],
        "total_optional": 0,
        "output_fields": {
          "View": {
            "type": "string",
            "description": "View details",
            "compliance_category": "general",
            "operators": [
              "equals",
              "not_equals",
              "contains"
            ]
          },
          "Tags": {
            "type": "string",
            "description": "Tags details",
            "compliance_category": "general",
            "operators": [
              "equals",
              "not_equals",
              "contains"
            ]
          }
        },
        "main_output_field": "View",
        "item_fields": {
          "ViewArn": {
            "type": "string",
            "description": "View arn",
            "compliance_category": "identity",
            "operators": [
              "equals",
              "not_equals",
              "contains",
              "in",
              "exists"
            ]
          },
          "Owner": {
            "type": "string",
            "description": "Owner",
            "compliance_category": "general"
          },
          "LastUpdatedAt": {
            "type": "string",
            "description": "Last updated at",
            "compliance_category": "general",
            "format": "date-time"
          },
          "Scope": {
            "type": "string",
            "description": "Scope",
            "compliance_category": "general"
          },
          "IncludedProperties": {
            "type": "string",
            "description": "Included properties",
            "compliance_category": "general"
          },
          "Filters": {
            "type": "string",
            "description": "Filters",
            "compliance_category": "general"
          }
        }
      },
      {
        "operation": "ListIndexesForMembers",
        "python_method": "list_indexes_for_members",
        "yaml_action": "list_indexes_for_members",
        "required_params": [
          "AccountIdList"
        ],
        "optional_params": [
          "MaxResults",
          "NextToken"
        ],
        "total_optional": 2,
        "output_fields": {
          "Indexes": {
            "type": "string",
            "description": "Indexes details",
            "compliance_category": "general",
            "operators": [
              "equals",
              "not_equals",
              "contains"
            ]
          },
          "NextToken": {
            "type": "string",
            "description": "NextToken details",
            "compliance_category": "general",
            "operators": [
              "equals",
              "not_equals",
              "contains"
            ],
            "security_impact": "high"
          }
        },
        "main_output_field": "Indexes",
        "item_fields": {
          "AccountId": {
            "type": "string",
            "description": "Account id",
            "compliance_category": "identity",
            "operators": [
              "equals",
              "not_equals",
              "in",
              "exists"
            ]
          },
          "Region": {
            "type": "string",
            "description": "Region",
            "compliance_category": "general",
            "format": "date-time"
          },
          "Arn": {
            "type": "string",
            "description": "Arn",
            "compliance_category": "identity",
            "operators": [
              "equals",
              "not_equals",
              "contains",
              "in",
              "exists"
            ]
          },
          "Type": {
            "type": "string",
            "description": "Type",
            "compliance_category": "general"
          }
        }
      },
      {
        "operation": "ListTagsForResource",
        "python_method": "list_tags_for_resource",
        "yaml_action": "list_tags_for_resource",
        "required_params": [
          "resourceArn"
        ],
        "optional_params": [],
        "total_optional": 0,
        "output_fields": {
          "Tags": {
            "type": "string",
            "description": "Tags details",
            "compliance_category": "general",
            "operators": [
              "equals",
              "not_equals",
              "contains"
            ]
          }
        },
        "main_output_field": "Tags",
        "item_fields": []
      },
      {
        "operation": "Search",
        "python_method": "search",
        "yaml_action": "search",
        "required_params": [
          "QueryString"
        ],
        "optional_params": [
          "MaxResults",
          "ViewArn",
          "NextToken"
        ],
        "total_optional": 3,
        "output_fields": {
          "Resources": {
            "type": "string",
            "description": "Resources details",
            "compliance_category": "general",
            "operators": [
              "equals",
              "not_equals",
              "contains"
            ]
          },
          "NextToken": {
            "type": "string",
            "description": "NextToken details",
            "compliance_category": "general",
            "operators": [
              "equals",
              "not_equals",
              "contains"
            ],
            "security_impact": "high"
          },
          "ViewArn": {
            "type": "string",
            "description": "ViewArn details",
            "compliance_category": "identity",
            "operators": [
              "equals",
              "not_equals",
              "contains",
              "in",
              "exists"
            ]
          },
          "Count": {
            "type": "integer",
            "description": "Count details",
            "compliance_category": "general",
            "operators": [
              "equals",
              "not_equals",
              "contains"
            ]
          }
        },
        "main_output_field": "Resources",
        "item_fields": {
          "Arn": {
            "type": "string",
            "description": "Arn",
            "compliance_category": "identity",
            "operators": [
              "equals",
              "not_equals",
              "contains",
              "in",
              "exists"
            ]
          },
          "OwningAccountId": {
            "type": "string",
            "description": "Owning account id",
            "compliance_category": "identity",
            "operators": [
              "equals",
              "not_equals",
              "in",
              "exists"
            ]
          },
          "Region": {
            "type": "string",
            "description": "Region",
            "compliance_category": "general",
            "format": "date-time"
          },
          "ResourceType": {
            "type": "string",
            "description": "Resource type",
            "compliance_category": "general"
          },
          "Service": {
            "type": "string",
            "description": "Service",
            "compliance_category": "general"
          },
          "LastReportedAt": {
            "type": "string",
            "description": "Last reported at",
            "compliance_category": "general",
            "format": "date-time"
          },
          "Properties": {
            "type": "string",
            "description": "Properties",
            "compliance_category": "general"
          }
        }
      },
      {
        "operation": "TagResource",
        "python_method": "tag_resource",
        "yaml_action": "tag_resource",
        "required_params": [
          "resourceArn"
        ],
        "optional_params": [
          "Tags"
        ],
        "total_optional": 1,
        "output_fields": {},
        "main_output_field": null,
        "item_fields": []
      },
      {
        "operation": "UntagResource",
        "python_method": "untag_resource",
        "yaml_action": "untag_resource",
        "required_params": [
          "resourceArn",
          "tagKeys"
        ],
        "optional_params": [],
        "total_optional": 0,
        "output_fields": {},
        "main_output_field": null,
        "item_fields": []
      },
      {
        "operation": "UpdateIndexType",
        "python_method": "update_index_type",
        "yaml_action": "update_index_type",
        "required_params": [
          "Arn",
          "Type"
        ],
        "optional_params": [],
        "total_optional": 0,
        "output_fields": {
          "Arn": {
            "type": "string",
            "description": "Arn details",
            "compliance_category": "identity",
            "operators": [
              "equals",
              "not_equals",
              "contains",
              "in",
              "exists"
            ]
          },
          "Type": {
            "type": "string",
            "description": "Type details",
            "compliance_category": "general",
            "operators": [
              "equals",
              "not_equals",
              "contains"
            ]
          },
          "State": {
            "type": "string",
            "description": "State details",
            "compliance_category": "general",
            "format": "date-time",
            "operators": [
              "equals",
              "not_equals",
              "contains"
            ]
          },
          "LastUpdatedAt": {
            "type": "string",
            "description": "LastUpdatedAt details",
            "compliance_category": "general",
            "format": "date-time",
            "operators": [
              "equals",
              "not_equals",
              "contains"
            ]
          }
        },
        "main_output_field": "Arn",
        "item_fields": []
      },
      {
        "operation": "UpdateView",
        "python_method": "update_view",
        "yaml_action": "update_view",
        "required_params": [
          "ViewArn"
        ],
        "optional_params": [
          "IncludedProperties",
          "Filters"
        ],
        "total_optional": 2,
        "output_fields": {
          "View": {
            "type": "string",
            "description": "View details",
            "compliance_category": "general",
            "operators": [
              "equals",
              "not_equals",
              "contains"
            ]
          }
        },
        "main_output_field": "View",
        "item_fields": {
          "ViewArn": {
            "type": "string",
            "description": "View arn",
            "compliance_category": "identity",
            "operators": [
              "equals",
              "not_equals",
              "contains",
              "in",
              "exists"
            ]
          },
          "Owner": {
            "type": "string",
            "description": "Owner",
            "compliance_category": "general"
          },
          "LastUpdatedAt": {
            "type": "string",
            "description": "Last updated at",
            "compliance_category": "general",
            "format": "date-time"
          },
          "Scope": {
            "type": "string",
            "description": "Scope",
            "compliance_category": "general"
          },
          "IncludedProperties": {
            "type": "string",
            "description": "Included properties",
            "compliance_category": "general"
          },
          "Filters": {
            "type": "string",
            "description": "Filters",
            "compliance_category": "general"
          }
        }
      }
    ],
    "independent_count": 16,
    "dependent_count": 16
  }
}