{
  "service": "resource-explorer-2",
  "issues": {
    "generic_entities": {},
    "ambiguous_tokens": {
      "arn": [
        {
          "mapping": "CreateIndex.Arn -> resource-explorer-2.index_arn",
          "evidence": "CreateIndex.Arn",
          "entity": "resource-explorer-2.index_arn"
        },
        {
          "mapping": "GetIndex.Arn -> resource-explorer-2.index_arn",
          "evidence": "GetIndex.Arn",
          "entity": "resource-explorer-2.index_arn"
        },
        {
          "mapping": "GetServiceIndex.Arn -> resource-explorer-2.index_arn",
          "evidence": "GetServiceIndex.Arn",
          "entity": "resource-explorer-2.index_arn"
        },
        {
          "mapping": "ListIndexes.Indexes[].Arn -> resource-explorer-2.index_arn",
          "evidence": "ListIndexes.Indexes[].Arn",
          "entity": "resource-explorer-2.index_arn"
        },
        {
          "mapping": "ListResources.Resources[].Arn -> resource-explorer-2.resourc_arn",
          "evidence": "ListResources.Resources[].Arn",
          "entity": "resource-explorer-2.resourc_arn"
        },
        {
          "mapping": "ListServiceIndexes.Indexes[].Arn -> resource-explorer-2.index_arn",
          "evidence": "ListServiceIndexes.Indexes[].Arn",
          "entity": "resource-explorer-2.index_arn"
        },
        {
          "mapping": "DeleteIndex.Arn -> resource-explorer-2.index_arn",
          "evidence": "DeleteIndex.Arn",
          "entity": "resource-explorer-2.index_arn"
        },
        {
          "mapping": "DeleteIndex.Arn -> resource-explorer-2.index_arn",
          "evidence": "DeleteIndex.Arn",
          "entity": "resource-explorer-2.index_arn"
        },
        {
          "mapping": "ListIndexesForMembers.Indexes[].Arn -> resource-explorer-2.index_arn",
          "evidence": "ListIndexesForMembers.Indexes[].Arn",
          "entity": "resource-explorer-2.index_arn"
        },
        {
          "mapping": "Search.Resources.Arn -> resource-explorer-2.resourc_arn",
          "evidence": "Search.Resources.Arn",
          "entity": "resource-explorer-2.resourc_arn"
        },
        {
          "mapping": "UpdateIndexType.Arn -> resource-explorer-2.index_type_arn",
          "evidence": "UpdateIndexType.Arn",
          "entity": "resource-explorer-2.index_type_arn"
        },
        {
          "mapping": "UpdateIndexType.Arn -> resource-explorer-2.index_type_arn",
          "evidence": "UpdateIndexType.Arn",
          "entity": "resource-explorer-2.index_type_arn"
        }
      ]
    },
    "unresolved_consumes": [],
    "suspicious_paths": [
      {
        "operation": "GetView",
        "path": "View",
        "param": "ViewArn",
        "consume_entity": "resource-explorer-2.view_arn",
        "produce_entity": "resource-explorer-2.view",
        "issue": "Param 'ViewArn' and output field 'View' are similar but map to different entities"
      },
      {
        "operation": "UpdateView",
        "path": "View",
        "param": "ViewArn",
        "consume_entity": "resource-explorer-2.view_arn",
        "produce_entity": "resource-explorer-2.view",
        "issue": "Param 'ViewArn' and output field 'View' are similar but map to different entities"
      }
    ]
  },
  "alias_candidates_not_applied": [],
  "suggested_overrides": [
    {
      "operation": "GetManagedView",
      "type": "produces",
      "key": "ManagedView.ManagedViewArn",
      "suggested_entity": "resource-explorer-2.managedview_arn",
      "confidence": "MEDIUM",
      "reason": "Param 'ManagedViewArn' and output field 'ManagedViewArn' match but map to different entities. Suggest unifying to consume entity."
    },
    {
      "operation": "GetServiceView",
      "type": "produces",
      "key": "View.ServiceViewArn",
      "suggested_entity": "resource-explorer-2.serviceview_arn",
      "confidence": "MEDIUM",
      "reason": "Param 'ServiceViewArn' and output field 'ServiceViewArn' match but map to different entities. Suggest unifying to consume entity."
    }
  ],
  "unresolved_items": [
    {
      "mapping": "CreateIndex.Arn -> resource-explorer-2.index_arn",
      "evidence": "CreateIndex.Arn",
      "entity": "resource-explorer-2.index_arn"
    },
    {
      "mapping": "GetIndex.Arn -> resource-explorer-2.index_arn",
      "evidence": "GetIndex.Arn",
      "entity": "resource-explorer-2.index_arn"
    },
    {
      "mapping": "GetServiceIndex.Arn -> resource-explorer-2.index_arn",
      "evidence": "GetServiceIndex.Arn",
      "entity": "resource-explorer-2.index_arn"
    },
    {
      "mapping": "ListIndexes.Indexes[].Arn -> resource-explorer-2.index_arn",
      "evidence": "ListIndexes.Indexes[].Arn",
      "entity": "resource-explorer-2.index_arn"
    },
    {
      "mapping": "ListResources.Resources[].Arn -> resource-explorer-2.resourc_arn",
      "evidence": "ListResources.Resources[].Arn",
      "entity": "resource-explorer-2.resourc_arn"
    },
    {
      "mapping": "ListServiceIndexes.Indexes[].Arn -> resource-explorer-2.index_arn",
      "evidence": "ListServiceIndexes.Indexes[].Arn",
      "entity": "resource-explorer-2.index_arn"
    },
    {
      "mapping": "DeleteIndex.Arn -> resource-explorer-2.index_arn",
      "evidence": "DeleteIndex.Arn",
      "entity": "resource-explorer-2.index_arn"
    },
    {
      "mapping": "DeleteIndex.Arn -> resource-explorer-2.index_arn",
      "evidence": "DeleteIndex.Arn",
      "entity": "resource-explorer-2.index_arn"
    },
    {
      "mapping": "ListIndexesForMembers.Indexes[].Arn -> resource-explorer-2.index_arn",
      "evidence": "ListIndexesForMembers.Indexes[].Arn",
      "entity": "resource-explorer-2.index_arn"
    },
    {
      "mapping": "Search.Resources.Arn -> resource-explorer-2.resourc_arn",
      "evidence": "Search.Resources.Arn",
      "entity": "resource-explorer-2.resourc_arn"
    },
    {
      "mapping": "UpdateIndexType.Arn -> resource-explorer-2.index_type_arn",
      "evidence": "UpdateIndexType.Arn",
      "entity": "resource-explorer-2.index_type_arn"
    },
    {
      "mapping": "UpdateIndexType.Arn -> resource-explorer-2.index_type_arn",
      "evidence": "UpdateIndexType.Arn",
      "entity": "resource-explorer-2.index_type_arn"
    },
    {
      "operation": "GetView",
      "path": "View",
      "param": "ViewArn",
      "consume_entity": "resource-explorer-2.view_arn",
      "produce_entity": "resource-explorer-2.view",
      "issue": "Param 'ViewArn' and output field 'View' are similar but map to different entities"
    },
    {
      "operation": "UpdateView",
      "path": "View",
      "param": "ViewArn",
      "consume_entity": "resource-explorer-2.view_arn",
      "produce_entity": "resource-explorer-2.view",
      "issue": "Param 'ViewArn' and output field 'View' are similar but map to different entities"
    }
  ]
}