{
  "arc-zonal-shift": {
    "service": "arc-zonal-shift",
    "total_operations": 15,
    "independent": [
      {
        "operation": "GetAutoshiftObserverNotificationStatus",
        "python_method": "get_autoshift_observer_notification_status",
        "yaml_action": "get_autoshift_observer_notification_status",
        "required_params": [],
        "optional_params": [],
        "total_optional": 0,
        "output_fields": {
          "status": {
            "type": "string",
            "description": "Resource status",
            "compliance_category": "general",
            "format": "date-time",
            "operators": [
              "equals",
              "not_equals",
              "contains"
            ]
          }
        },
        "main_output_field": "status",
        "item_fields": []
      },
      {
        "operation": "ListAutoshifts",
        "python_method": "list_autoshifts",
        "yaml_action": "list_autoshifts",
        "required_params": [],
        "optional_params": [
          "nextToken",
          "status",
          "maxResults"
        ],
        "total_optional": 3,
        "output_fields": {
          "items": {
            "type": "string",
            "description": "items details",
            "compliance_category": "general",
            "operators": [
              "equals",
              "not_equals",
              "contains"
            ]
          },
          "nextToken": {
            "type": "string",
            "description": "Pagination token for next results",
            "compliance_category": "general",
            "operators": [
              "equals",
              "not_equals",
              "contains"
            ],
            "security_impact": "high"
          }
        },
        "main_output_field": "items",
        "item_fields": {
          "awayFrom": {
            "type": "string",
            "description": "Away from",
            "compliance_category": "general"
          },
          "endTime": {
            "type": "string",
            "description": "End time",
            "compliance_category": "general",
            "format": "date-time"
          },
          "startTime": {
            "type": "string",
            "description": "Start time",
            "compliance_category": "general",
            "format": "date-time"
          },
          "status": {
            "type": "string",
            "description": "Resource status",
            "compliance_category": "general",
            "operators": [
              "equals",
              "not_equals",
              "in"
            ]
          }
        }
      },
      {
        "operation": "ListManagedResources",
        "python_method": "list_managed_resources",
        "yaml_action": "list_managed_resources",
        "required_params": [],
        "optional_params": [
          "nextToken",
          "maxResults"
        ],
        "total_optional": 2,
        "output_fields": {
          "items": {
            "type": "string",
            "description": "items details",
            "compliance_category": "general",
            "operators": [
              "equals",
              "not_equals",
              "contains"
            ]
          },
          "nextToken": {
            "type": "string",
            "description": "Pagination token for next results",
            "compliance_category": "general",
            "operators": [
              "equals",
              "not_equals",
              "contains"
            ],
            "security_impact": "high"
          }
        },
        "main_output_field": "items",
        "item_fields": {
          "arn": {
            "type": "string",
            "description": "Amazon Resource Name (ARN)",
            "compliance_category": "identity",
            "operators": [
              "equals",
              "not_equals",
              "contains",
              "in",
              "exists"
            ]
          },
          "name": {
            "type": "string",
            "description": "Resource name",
            "compliance_category": "identity",
            "operators": [
              "equals",
              "not_equals",
              "contains",
              "in"
            ]
          },
          "availabilityZones": {
            "type": "string",
            "description": "Availability zones",
            "compliance_category": "general",
            "format": "date-time"
          },
          "appliedWeights": {
            "type": "string",
            "description": "Applied weights",
            "compliance_category": "general"
          },
          "zonalShifts": {
            "type": "string",
            "description": "Zonal shifts",
            "compliance_category": "general",
            "format": "date-time"
          },
          "autoshifts": {
            "type": "string",
            "description": "Autoshifts",
            "compliance_category": "general"
          },
          "zonalAutoshiftStatus": {
            "type": "string",
            "description": "Zonal autoshift status",
            "compliance_category": "general",
            "format": "date-time"
          },
          "practiceRunStatus": {
            "type": "string",
            "description": "Practice run status",
            "compliance_category": "general",
            "format": "date-time"
          }
        }
      },
      {
        "operation": "ListZonalShifts",
        "python_method": "list_zonal_shifts",
        "yaml_action": "list_zonal_shifts",
        "required_params": [],
        "optional_params": [
          "nextToken",
          "status",
          "maxResults",
          "resourceIdentifier"
        ],
        "total_optional": 4,
        "output_fields": {
          "items": {
            "type": "string",
            "description": "items details",
            "compliance_category": "general",
            "operators": [
              "equals",
              "not_equals",
              "contains"
            ]
          },
          "nextToken": {
            "type": "string",
            "description": "Pagination token for next results",
            "compliance_category": "general",
            "operators": [
              "equals",
              "not_equals",
              "contains"
            ],
            "security_impact": "high"
          }
        },
        "main_output_field": "items",
        "item_fields": {
          "zonalShiftId": {
            "type": "string",
            "description": "Zonal shift id",
            "compliance_category": "identity",
            "operators": [
              "equals",
              "not_equals",
              "in",
              "exists"
            ]
          },
          "resourceIdentifier": {
            "type": "string",
            "description": "Resource identifier",
            "compliance_category": "identity",
            "operators": [
              "equals",
              "not_equals",
              "in",
              "exists"
            ]
          },
          "awayFrom": {
            "type": "string",
            "description": "Away from",
            "compliance_category": "general"
          },
          "expiryTime": {
            "type": "string",
            "description": "Expiry time",
            "compliance_category": "general",
            "format": "date-time"
          },
          "startTime": {
            "type": "string",
            "description": "Start time",
            "compliance_category": "general",
            "format": "date-time"
          },
          "status": {
            "type": "string",
            "description": "Resource status",
            "compliance_category": "general",
            "operators": [
              "equals",
              "not_equals",
              "in"
            ]
          },
          "comment": {
            "type": "string",
            "description": "Comment",
            "compliance_category": "general"
          },
          "shiftType": {
            "type": "string",
            "description": "Shift type",
            "compliance_category": "general"
          },
          "practiceRunOutcome": {
            "type": "string",
            "description": "Practice run outcome",
            "compliance_category": "general"
          }
        }
      }
    ],
    "dependent": [
      {
        "operation": "CancelPracticeRun",
        "python_method": "cancel_practice_run",
        "yaml_action": "cancel_practice_run",
        "required_params": [
          "zonalShiftId"
        ],
        "optional_params": [],
        "total_optional": 0,
        "output_fields": {
          "zonalShiftId": {
            "type": "string",
            "description": "zonalShiftId details",
            "compliance_category": "identity",
            "operators": [
              "equals",
              "not_equals",
              "contains",
              "in",
              "exists"
            ]
          },
          "resourceIdentifier": {
            "type": "string",
            "description": "resourceIdentifier details",
            "compliance_category": "identity",
            "operators": [
              "equals",
              "not_equals",
              "contains",
              "in",
              "exists"
            ]
          },
          "awayFrom": {
            "type": "string",
            "description": "awayFrom details",
            "compliance_category": "general",
            "operators": [
              "equals",
              "not_equals",
              "contains"
            ]
          },
          "expiryTime": {
            "type": "string",
            "description": "expiryTime details",
            "compliance_category": "general",
            "format": "date-time",
            "operators": [
              "equals",
              "not_equals",
              "contains"
            ]
          },
          "startTime": {
            "type": "string",
            "description": "startTime details",
            "compliance_category": "general",
            "format": "date-time",
            "operators": [
              "equals",
              "not_equals",
              "contains"
            ]
          },
          "status": {
            "type": "string",
            "description": "Resource status",
            "compliance_category": "general",
            "format": "date-time",
            "operators": [
              "equals",
              "not_equals",
              "contains"
            ]
          },
          "comment": {
            "type": "string",
            "description": "comment details",
            "compliance_category": "general",
            "operators": [
              "equals",
              "not_equals",
              "contains"
            ]
          }
        },
        "main_output_field": "zonalShiftId",
        "item_fields": []
      },
      {
        "operation": "CancelZonalShift",
        "python_method": "cancel_zonal_shift",
        "yaml_action": "cancel_zonal_shift",
        "required_params": [
          "zonalShiftId"
        ],
        "optional_params": [],
        "total_optional": 0,
        "output_fields": {
          "zonalShiftId": {
            "type": "string",
            "description": "zonalShiftId details",
            "compliance_category": "identity",
            "operators": [
              "equals",
              "not_equals",
              "contains",
              "in",
              "exists"
            ]
          },
          "resourceIdentifier": {
            "type": "string",
            "description": "resourceIdentifier details",
            "compliance_category": "identity",
            "operators": [
              "equals",
              "not_equals",
              "contains",
              "in",
              "exists"
            ]
          },
          "awayFrom": {
            "type": "string",
            "description": "awayFrom details",
            "compliance_category": "general",
            "operators": [
              "equals",
              "not_equals",
              "contains"
            ]
          },
          "expiryTime": {
            "type": "string",
            "description": "expiryTime details",
            "compliance_category": "general",
            "format": "date-time",
            "operators": [
              "equals",
              "not_equals",
              "contains"
            ]
          },
          "startTime": {
            "type": "string",
            "description": "startTime details",
            "compliance_category": "general",
            "format": "date-time",
            "operators": [
              "equals",
              "not_equals",
              "contains"
            ]
          },
          "status": {
            "type": "string",
            "description": "Resource status",
            "compliance_category": "general",
            "format": "date-time",
            "operators": [
              "equals",
              "not_equals",
              "contains"
            ]
          },
          "comment": {
            "type": "string",
            "description": "comment details",
            "compliance_category": "general",
            "operators": [
              "equals",
              "not_equals",
              "contains"
            ]
          }
        },
        "main_output_field": "zonalShiftId",
        "item_fields": []
      },
      {
        "operation": "CreatePracticeRunConfiguration",
        "python_method": "create_practice_run_configuration",
        "yaml_action": "create_practice_run_configuration",
        "required_params": [
          "resourceIdentifier",
          "outcomeAlarms"
        ],
        "optional_params": [
          "blockedWindows",
          "blockedDates",
          "blockingAlarms",
          "allowedWindows"
        ],
        "total_optional": 4,
        "output_fields": {
          "arn": {
            "type": "string",
            "description": "Amazon Resource Name (ARN)",
            "compliance_category": "identity",
            "operators": [
              "equals",
              "not_equals",
              "contains",
              "in",
              "exists"
            ]
          },
          "name": {
            "type": "string",
            "description": "Resource name",
            "compliance_category": "identity",
            "operators": [
              "equals",
              "not_equals",
              "contains",
              "in",
              "exists"
            ]
          },
          "zonalAutoshiftStatus": {
            "type": "string",
            "description": "zonalAutoshiftStatus details",
            "compliance_category": "general",
            "format": "date-time",
            "operators": [
              "equals",
              "not_equals",
              "contains"
            ]
          },
          "practiceRunConfiguration": {
            "type": "string",
            "description": "practiceRunConfiguration details",
            "compliance_category": "general",
            "format": "date-time",
            "operators": [
              "equals",
              "not_equals",
              "contains"
            ]
          }
        },
        "main_output_field": "practiceRunConfiguration",
        "item_fields": {
          "blockingAlarms": {
            "type": "string",
            "description": "Blocking alarms",
            "compliance_category": "general"
          },
          "outcomeAlarms": {
            "type": "string",
            "description": "Outcome alarms",
            "compliance_category": "general"
          },
          "blockedWindows": {
            "type": "string",
            "description": "Blocked windows",
            "compliance_category": "general"
          },
          "allowedWindows": {
            "type": "string",
            "description": "Allowed windows",
            "compliance_category": "general"
          },
          "blockedDates": {
            "type": "string",
            "description": "Blocked dates",
            "compliance_category": "general",
            "format": "date-time"
          }
        }
      },
      {
        "operation": "DeletePracticeRunConfiguration",
        "python_method": "delete_practice_run_configuration",
        "yaml_action": "delete_practice_run_configuration",
        "required_params": [
          "resourceIdentifier"
        ],
        "optional_params": [],
        "total_optional": 0,
        "output_fields": {
          "arn": {
            "type": "string",
            "description": "Amazon Resource Name (ARN)",
            "compliance_category": "identity",
            "operators": [
              "equals",
              "not_equals",
              "contains",
              "in",
              "exists"
            ]
          },
          "name": {
            "type": "string",
            "description": "Resource name",
            "compliance_category": "identity",
            "operators": [
              "equals",
              "not_equals",
              "contains",
              "in",
              "exists"
            ]
          },
          "zonalAutoshiftStatus": {
            "type": "string",
            "description": "zonalAutoshiftStatus details",
            "compliance_category": "general",
            "format": "date-time",
            "operators": [
              "equals",
              "not_equals",
              "contains"
            ]
          }
        },
        "main_output_field": "arn",
        "item_fields": []
      },
      {
        "operation": "GetManagedResource",
        "python_method": "get_managed_resource",
        "yaml_action": "get_managed_resource",
        "required_params": [
          "resourceIdentifier"
        ],
        "optional_params": [],
        "total_optional": 0,
        "output_fields": {
          "arn": {
            "type": "string",
            "description": "Amazon Resource Name (ARN)",
            "compliance_category": "identity",
            "operators": [
              "equals",
              "not_equals",
              "contains",
              "in",
              "exists"
            ]
          },
          "name": {
            "type": "string",
            "description": "Resource name",
            "compliance_category": "identity",
            "operators": [
              "equals",
              "not_equals",
              "contains",
              "in",
              "exists"
            ]
          },
          "appliedWeights": {
            "type": "string",
            "description": "appliedWeights details",
            "compliance_category": "general",
            "operators": [
              "equals",
              "not_equals",
              "contains"
            ]
          },
          "zonalShifts": {
            "type": "string",
            "description": "zonalShifts details",
            "compliance_category": "general",
            "operators": [
              "equals",
              "not_equals",
              "contains"
            ]
          },
          "autoshifts": {
            "type": "string",
            "description": "autoshifts details",
            "compliance_category": "general",
            "operators": [
              "equals",
              "not_equals",
              "contains"
            ]
          },
          "practiceRunConfiguration": {
            "type": "string",
            "description": "practiceRunConfiguration details",
            "compliance_category": "general",
            "format": "date-time",
            "operators": [
              "equals",
              "not_equals",
              "contains"
            ]
          },
          "zonalAutoshiftStatus": {
            "type": "string",
            "description": "zonalAutoshiftStatus details",
            "compliance_category": "general",
            "format": "date-time",
            "operators": [
              "equals",
              "not_equals",
              "contains"
            ]
          }
        },
        "main_output_field": "zonalShifts",
        "item_fields": {
          "appliedStatus": {
            "type": "string",
            "description": "Applied status",
            "compliance_category": "general",
            "format": "date-time"
          },
          "zonalShiftId": {
            "type": "string",
            "description": "Zonal shift id",
            "compliance_category": "identity",
            "operators": [
              "equals",
              "not_equals",
              "in",
              "exists"
            ]
          },
          "resourceIdentifier": {
            "type": "string",
            "description": "Resource identifier",
            "compliance_category": "identity",
            "operators": [
              "equals",
              "not_equals",
              "in",
              "exists"
            ]
          },
          "awayFrom": {
            "type": "string",
            "description": "Away from",
            "compliance_category": "general"
          },
          "expiryTime": {
            "type": "string",
            "description": "Expiry time",
            "compliance_category": "general",
            "format": "date-time"
          },
          "startTime": {
            "type": "string",
            "description": "Start time",
            "compliance_category": "general",
            "format": "date-time"
          },
          "comment": {
            "type": "string",
            "description": "Comment",
            "compliance_category": "general"
          },
          "shiftType": {
            "type": "string",
            "description": "Shift type",
            "compliance_category": "general"
          },
          "practiceRunOutcome": {
            "type": "string",
            "description": "Practice run outcome",
            "compliance_category": "general"
          }
        }
      },
      {
        "operation": "StartPracticeRun",
        "python_method": "start_practice_run",
        "yaml_action": "start_practice_run",
        "required_params": [
          "resourceIdentifier",
          "awayFrom",
          "comment"
        ],
        "optional_params": [],
        "total_optional": 0,
        "output_fields": {
          "zonalShiftId": {
            "type": "string",
            "description": "zonalShiftId details",
            "compliance_category": "identity",
            "operators": [
              "equals",
              "not_equals",
              "contains",
              "in",
              "exists"
            ]
          },
          "resourceIdentifier": {
            "type": "string",
            "description": "resourceIdentifier details",
            "compliance_category": "identity",
            "operators": [
              "equals",
              "not_equals",
              "contains",
              "in",
              "exists"
            ]
          },
          "awayFrom": {
            "type": "string",
            "description": "awayFrom details",
            "compliance_category": "general",
            "operators": [
              "equals",
              "not_equals",
              "contains"
            ]
          },
          "expiryTime": {
            "type": "string",
            "description": "expiryTime details",
            "compliance_category": "general",
            "format": "date-time",
            "operators": [
              "equals",
              "not_equals",
              "contains"
            ]
          },
          "startTime": {
            "type": "string",
            "description": "startTime details",
            "compliance_category": "general",
            "format": "date-time",
            "operators": [
              "equals",
              "not_equals",
              "contains"
            ]
          },
          "status": {
            "type": "string",
            "description": "Resource status",
            "compliance_category": "general",
            "format": "date-time",
            "operators": [
              "equals",
              "not_equals",
              "contains"
            ]
          },
          "comment": {
            "type": "string",
            "description": "comment details",
            "compliance_category": "general",
            "operators": [
              "equals",
              "not_equals",
              "contains"
            ]
          }
        },
        "main_output_field": "zonalShiftId",
        "item_fields": []
      },
      {
        "operation": "StartZonalShift",
        "python_method": "start_zonal_shift",
        "yaml_action": "start_zonal_shift",
        "required_params": [
          "resourceIdentifier",
          "awayFrom",
          "expiresIn",
          "comment"
        ],
        "optional_params": [],
        "total_optional": 0,
        "output_fields": {
          "zonalShiftId": {
            "type": "string",
            "description": "zonalShiftId details",
            "compliance_category": "identity",
            "operators": [
              "equals",
              "not_equals",
              "contains",
              "in",
              "exists"
            ]
          },
          "resourceIdentifier": {
            "type": "string",
            "description": "resourceIdentifier details",
            "compliance_category": "identity",
            "operators": [
              "equals",
              "not_equals",
              "contains",
              "in",
              "exists"
            ]
          },
          "awayFrom": {
            "type": "string",
            "description": "awayFrom details",
            "compliance_category": "general",
            "operators": [
              "equals",
              "not_equals",
              "contains"
            ]
          },
          "expiryTime": {
            "type": "string",
            "description": "expiryTime details",
            "compliance_category": "general",
            "format": "date-time",
            "operators": [
              "equals",
              "not_equals",
              "contains"
            ]
          },
          "startTime": {
            "type": "string",
            "description": "startTime details",
            "compliance_category": "general",
            "format": "date-time",
            "operators": [
              "equals",
              "not_equals",
              "contains"
            ]
          },
          "status": {
            "type": "string",
            "description": "Resource status",
            "compliance_category": "general",
            "format": "date-time",
            "operators": [
              "equals",
              "not_equals",
              "contains"
            ]
          },
          "comment": {
            "type": "string",
            "description": "comment details",
            "compliance_category": "general",
            "operators": [
              "equals",
              "not_equals",
              "contains"
            ]
          }
        },
        "main_output_field": "zonalShiftId",
        "item_fields": []
      },
      {
        "operation": "UpdateAutoshiftObserverNotificationStatus",
        "python_method": "update_autoshift_observer_notification_status",
        "yaml_action": "update_autoshift_observer_notification_status",
        "required_params": [
          "status"
        ],
        "optional_params": [],
        "total_optional": 0,
        "output_fields": {
          "status": {
            "type": "string",
            "description": "Resource status",
            "compliance_category": "general",
            "format": "date-time",
            "operators": [
              "equals",
              "not_equals",
              "contains"
            ]
          }
        },
        "main_output_field": "status",
        "item_fields": []
      },
      {
        "operation": "UpdatePracticeRunConfiguration",
        "python_method": "update_practice_run_configuration",
        "yaml_action": "update_practice_run_configuration",
        "required_params": [
          "resourceIdentifier"
        ],
        "optional_params": [
          "blockedWindows",
          "blockedDates",
          "blockingAlarms",
          "allowedWindows",
          "outcomeAlarms"
        ],
        "total_optional": 5,
        "output_fields": {
          "arn": {
            "type": "string",
            "description": "Amazon Resource Name (ARN)",
            "compliance_category": "identity",
            "operators": [
              "equals",
              "not_equals",
              "contains",
              "in",
              "exists"
            ]
          },
          "name": {
            "type": "string",
            "description": "Resource name",
            "compliance_category": "identity",
            "operators": [
              "equals",
              "not_equals",
              "contains",
              "in",
              "exists"
            ]
          },
          "zonalAutoshiftStatus": {
            "type": "string",
            "description": "zonalAutoshiftStatus details",
            "compliance_category": "general",
            "format": "date-time",
            "operators": [
              "equals",
              "not_equals",
              "contains"
            ]
          },
          "practiceRunConfiguration": {
            "type": "string",
            "description": "practiceRunConfiguration details",
            "compliance_category": "general",
            "format": "date-time",
            "operators": [
              "equals",
              "not_equals",
              "contains"
            ]
          }
        },
        "main_output_field": "practiceRunConfiguration",
        "item_fields": {
          "blockingAlarms": {
            "type": "string",
            "description": "Blocking alarms",
            "compliance_category": "general"
          },
          "outcomeAlarms": {
            "type": "string",
            "description": "Outcome alarms",
            "compliance_category": "general"
          },
          "blockedWindows": {
            "type": "string",
            "description": "Blocked windows",
            "compliance_category": "general"
          },
          "allowedWindows": {
            "type": "string",
            "description": "Allowed windows",
            "compliance_category": "general"
          },
          "blockedDates": {
            "type": "string",
            "description": "Blocked dates",
            "compliance_category": "general",
            "format": "date-time"
          }
        }
      },
      {
        "operation": "UpdateZonalAutoshiftConfiguration",
        "python_method": "update_zonal_autoshift_configuration",
        "yaml_action": "update_zonal_autoshift_configuration",
        "required_params": [
          "resourceIdentifier",
          "zonalAutoshiftStatus"
        ],
        "optional_params": [],
        "total_optional": 0,
        "output_fields": {
          "resourceIdentifier": {
            "type": "string",
            "description": "resourceIdentifier details",
            "compliance_category": "identity",
            "operators": [
              "equals",
              "not_equals",
              "contains",
              "in",
              "exists"
            ]
          },
          "zonalAutoshiftStatus": {
            "type": "string",
            "description": "zonalAutoshiftStatus details",
            "compliance_category": "general",
            "format": "date-time",
            "operators": [
              "equals",
              "not_equals",
              "contains"
            ]
          }
        },
        "main_output_field": "resourceIdentifier",
        "item_fields": []
      },
      {
        "operation": "UpdateZonalShift",
        "python_method": "update_zonal_shift",
        "yaml_action": "update_zonal_shift",
        "required_params": [
          "zonalShiftId"
        ],
        "optional_params": [
          "comment",
          "expiresIn"
        ],
        "total_optional": 2,
        "output_fields": {
          "zonalShiftId": {
            "type": "string",
            "description": "zonalShiftId details",
            "compliance_category": "identity",
            "operators": [
              "equals",
              "not_equals",
              "contains",
              "in",
              "exists"
            ]
          },
          "resourceIdentifier": {
            "type": "string",
            "description": "resourceIdentifier details",
            "compliance_category": "identity",
            "operators": [
              "equals",
              "not_equals",
              "contains",
              "in",
              "exists"
            ]
          },
          "awayFrom": {
            "type": "string",
            "description": "awayFrom details",
            "compliance_category": "general",
            "operators": [
              "equals",
              "not_equals",
              "contains"
            ]
          },
          "expiryTime": {
            "type": "string",
            "description": "expiryTime details",
            "compliance_category": "general",
            "format": "date-time",
            "operators": [
              "equals",
              "not_equals",
              "contains"
            ]
          },
          "startTime": {
            "type": "string",
            "description": "startTime details",
            "compliance_category": "general",
            "format": "date-time",
            "operators": [
              "equals",
              "not_equals",
              "contains"
            ]
          },
          "status": {
            "type": "string",
            "description": "Resource status",
            "compliance_category": "general",
            "format": "date-time",
            "operators": [
              "equals",
              "not_equals",
              "contains"
            ]
          },
          "comment": {
            "type": "string",
            "description": "comment details",
            "compliance_category": "general",
            "operators": [
              "equals",
              "not_equals",
              "contains"
            ]
          }
        },
        "main_output_field": "zonalShiftId",
        "item_fields": []
      }
    ],
    "independent_count": 4,
    "dependent_count": 11
  }
}