{
  "service": "arc-zonal-shift",
  "fixes": [
    {
      "type": "llm_fix",
      "original": "1",
      "fix": {
        "var": "status",
        "op": "equals",
        "value": "appliedStatus",
        "derived": null,
        "derive_key": null
      },
      "confidence": 0.9,
      "reason": "The status from GetAutoshiftObserverNotificationStatus directly maps to appliedStatus.",
      "aliases": {
        "entity_aliases": {
          "arc-zonal-shift.autoshift_observer_notification_statu_status": "arc-zonal-shift.autoshift_observer_notification_status"
        },
        "param_aliases": {}
      }
    },
    {
      "type": "llm_fix",
      "original": "2",
      "fix": {
        "var": "status",
        "op": "equals",
        "value": "appliedStatus",
        "derived": null,
        "derive_key": null
      },
      "confidence": 0.85,
      "reason": "The status from ListAutoshifts directly maps to appliedStatus.",
      "aliases": {
        "entity_aliases": {
          "arc-zonal-shift.item_status": "arc-zonal-shift.autoshift_status"
        },
        "param_aliases": {}
      }
    },
    {
      "type": "llm_fix",
      "original": "3",
      "fix": {
        "var": "status",
        "op": "equals",
        "value": "appliedStatus",
        "derived": null,
        "derive_key": null
      },
      "confidence": 0.85,
      "reason": "The status from ListZonalShifts directly maps to appliedStatus.",
      "aliases": {
        "entity_aliases": {
          "arc-zonal-shift.item_status": "arc-zonal-shift.zonal_shift_status"
        },
        "param_aliases": {}
      }
    },
    {
      "type": "llm_fix",
      "original": "4",
      "fix": {
        "var": "status",
        "op": "equals",
        "value": "practiceRunStatus",
        "derived": null,
        "derive_key": null
      },
      "confidence": 0.9,
      "reason": "The status from CancelPracticeRun directly maps to practiceRunStatus.",
      "aliases": {
        "entity_aliases": {},
        "param_aliases": {}
      }
    },
    {
      "type": "llm_fix",
      "original": "5",
      "fix": {
        "var": "status",
        "op": "equals",
        "value": "zonalShiftStatus",
        "derived": null,
        "derive_key": null
      },
      "confidence": 0.9,
      "reason": "The status from CancelZonalShift directly maps to zonalShiftStatus.",
      "aliases": {
        "entity_aliases": {},
        "param_aliases": {}
      }
    },
    {
      "type": "llm_fix",
      "original": "6",
      "fix": {
        "var": "status",
        "op": "equals",
        "value": "practiceRunStatus",
        "derived": null,
        "derive_key": null
      },
      "confidence": 0.9,
      "reason": "The status from StartPracticeRun directly maps to practiceRunStatus.",
      "aliases": {
        "entity_aliases": {},
        "param_aliases": {}
      }
    },
    {
      "type": "llm_fix",
      "original": "7",
      "fix": {
        "var": "status",
        "op": "equals",
        "value": "zonalShiftStatus",
        "derived": null,
        "derive_key": null
      },
      "confidence": 0.9,
      "reason": "The status from StartZonalShift directly maps to zonalShiftStatus.",
      "aliases": {
        "entity_aliases": {},
        "param_aliases": {}
      }
    },
    {
      "type": "llm_fix",
      "original": "8",
      "fix": {
        "var": "status",
        "op": "equals",
        "value": "appliedStatus",
        "derived": null,
        "derive_key": null
      },
      "confidence": 0.9,
      "reason": "The status from UpdateAutoshiftObserverNotificationStatus directly maps to appliedStatus.",
      "aliases": {
        "entity_aliases": {
          "arc-zonal-shift.autoshift_observer_notification_statu_status": "arc-zonal-shift.autoshift_observer_notification_status"
        },
        "param_aliases": {}
      }
    },
    {
      "type": "llm_fix",
      "original": "9",
      "fix": {
        "var": "status",
        "op": "equals",
        "value": "zonalShiftStatus",
        "derived": null,
        "derive_key": null
      },
      "confidence": 0.9,
      "reason": "The status from UpdateZonalShift directly maps to zonalShiftStatus.",
      "aliases": {
        "entity_aliases": {},
        "param_aliases": {}
      }
    }
  ],
  "summary": {
    "total_fixes": 9,
    "remaining_unresolved": 20
  }
}