{
  "service": "arc-zonal-shift",
  "issues": {
    "generic_entities": {},
    "ambiguous_tokens": {
      "status": [
        {
          "mapping": "GetAutoshiftObserverNotificationStatus.status -> arc-zonal-shift.autoshift_observer_notification_statu_status",
          "evidence": "GetAutoshiftObserverNotificationStatus.status",
          "entity": "arc-zonal-shift.autoshift_observer_notification_statu_status"
        },
        {
          "mapping": "ListAutoshifts.items[].status -> arc-zonal-shift.item_status",
          "evidence": "ListAutoshifts.items[].status",
          "entity": "arc-zonal-shift.item_status"
        },
        {
          "mapping": "ListZonalShifts.items[].status -> arc-zonal-shift.item_status",
          "evidence": "ListZonalShifts.items[].status",
          "entity": "arc-zonal-shift.item_status"
        },
        {
          "mapping": "CancelPracticeRun.status -> arc-zonal-shift.practice_run_status",
          "evidence": "CancelPracticeRun.status",
          "entity": "arc-zonal-shift.practice_run_status"
        },
        {
          "mapping": "CancelZonalShift.status -> arc-zonal-shift.zonal_shift_status",
          "evidence": "CancelZonalShift.status",
          "entity": "arc-zonal-shift.zonal_shift_status"
        },
        {
          "mapping": "StartPracticeRun.status -> arc-zonal-shift.practice_run_status",
          "evidence": "StartPracticeRun.status",
          "entity": "arc-zonal-shift.practice_run_status"
        },
        {
          "mapping": "StartZonalShift.status -> arc-zonal-shift.zonal_shift_status",
          "evidence": "StartZonalShift.status",
          "entity": "arc-zonal-shift.zonal_shift_status"
        },
        {
          "mapping": "UpdateAutoshiftObserverNotificationStatus.status -> arc-zonal-shift.autoshift_observer_notification_statu_status",
          "evidence": "UpdateAutoshiftObserverNotificationStatus.status",
          "entity": "arc-zonal-shift.autoshift_observer_notification_statu_status"
        },
        {
          "mapping": "UpdateAutoshiftObserverNotificationStatus.status -> arc-zonal-shift.autoshift_observer_notification_statu_status",
          "evidence": "UpdateAutoshiftObserverNotificationStatus.status",
          "entity": "arc-zonal-shift.autoshift_observer_notification_statu_status"
        },
        {
          "mapping": "UpdateZonalShift.status -> arc-zonal-shift.zonal_shift_status",
          "evidence": "UpdateZonalShift.status",
          "entity": "arc-zonal-shift.zonal_shift_status"
        }
      ],
      "arn": [
        {
          "mapping": "ListManagedResources.items[].arn -> arc-zonal-shift.item_arn",
          "evidence": "ListManagedResources.items[].arn",
          "entity": "arc-zonal-shift.item_arn"
        },
        {
          "mapping": "CreatePracticeRunConfiguration.arn -> arc-zonal-shift.practice_run_configuration_arn",
          "evidence": "CreatePracticeRunConfiguration.arn",
          "entity": "arc-zonal-shift.practice_run_configuration_arn"
        },
        {
          "mapping": "DeletePracticeRunConfiguration.arn -> arc-zonal-shift.practice_run_configuration_arn",
          "evidence": "DeletePracticeRunConfiguration.arn",
          "entity": "arc-zonal-shift.practice_run_configuration_arn"
        },
        {
          "mapping": "GetManagedResource.arn -> arc-zonal-shift.managed_resource_arn",
          "evidence": "GetManagedResource.arn",
          "entity": "arc-zonal-shift.managed_resource_arn"
        },
        {
          "mapping": "UpdatePracticeRunConfiguration.arn -> arc-zonal-shift.practice_run_configuration_arn",
          "evidence": "UpdatePracticeRunConfiguration.arn",
          "entity": "arc-zonal-shift.practice_run_configuration_arn"
        }
      ],
      "name": [
        {
          "mapping": "ListManagedResources.items[].name -> arc-zonal-shift.item_name",
          "evidence": "ListManagedResources.items[].name",
          "entity": "arc-zonal-shift.item_name"
        },
        {
          "mapping": "CreatePracticeRunConfiguration.name -> arc-zonal-shift.practice_run_configuration_name",
          "evidence": "CreatePracticeRunConfiguration.name",
          "entity": "arc-zonal-shift.practice_run_configuration_name"
        },
        {
          "mapping": "DeletePracticeRunConfiguration.name -> arc-zonal-shift.practice_run_configuration_name",
          "evidence": "DeletePracticeRunConfiguration.name",
          "entity": "arc-zonal-shift.practice_run_configuration_name"
        },
        {
          "mapping": "GetManagedResource.name -> arc-zonal-shift.managed_resource_name",
          "evidence": "GetManagedResource.name",
          "entity": "arc-zonal-shift.managed_resource_name"
        },
        {
          "mapping": "UpdatePracticeRunConfiguration.name -> arc-zonal-shift.practice_run_configuration_name",
          "evidence": "UpdatePracticeRunConfiguration.name",
          "entity": "arc-zonal-shift.practice_run_configuration_name"
        }
      ]
    },
    "unresolved_consumes": [],
    "suspicious_paths": []
  },
  "alias_candidates_not_applied": [],
  "suggested_overrides": [
    {
      "operation": "CancelPracticeRun",
      "type": "produces",
      "key": "zonalShiftId",
      "suggested_entity": "arc-zonal-shift.zonalshift_id",
      "confidence": "MEDIUM",
      "reason": "Param 'zonalShiftId' and output field 'zonalShiftId' match but map to different entities. Suggest unifying to consume entity."
    },
    {
      "operation": "CancelZonalShift",
      "type": "produces",
      "key": "zonalShiftId",
      "suggested_entity": "arc-zonal-shift.zonalshift_id",
      "confidence": "MEDIUM",
      "reason": "Param 'zonalShiftId' and output field 'zonalShiftId' match but map to different entities. Suggest unifying to consume entity."
    },
    {
      "operation": "CreatePracticeRunConfiguration",
      "type": "produces",
      "key": "practiceRunConfiguration.outcomeAlarms",
      "suggested_entity": "arc-zonal-shift.outcome_alarms",
      "confidence": "MEDIUM",
      "reason": "Param 'outcomeAlarms' and output field 'outcomeAlarms' match but map to different entities. Suggest unifying to consume entity."
    },
    {
      "operation": "GetManagedResource",
      "type": "produces",
      "key": "zonalShifts.resourceIdentifier",
      "suggested_entity": "arc-zonal-shift.resource_identifier",
      "confidence": "MEDIUM",
      "reason": "Param 'resourceIdentifier' and output field 'resourceIdentifier' match but map to different entities. Suggest unifying to consume entity."
    },
    {
      "operation": "UpdateZonalAutoshiftConfiguration",
      "type": "produces",
      "key": "zonalAutoshiftStatus",
      "suggested_entity": "arc-zonal-shift.zonalautoshift_status",
      "confidence": "MEDIUM",
      "reason": "Param 'zonalAutoshiftStatus' and output field 'zonalAutoshiftStatus' match but map to different entities. Suggest unifying to consume entity."
    },
    {
      "operation": "UpdateZonalShift",
      "type": "produces",
      "key": "zonalShiftId",
      "suggested_entity": "arc-zonal-shift.zonalshift_id",
      "confidence": "MEDIUM",
      "reason": "Param 'zonalShiftId' and output field 'zonalShiftId' match but map to different entities. Suggest unifying to consume entity."
    }
  ],
  "unresolved_items": [
    {
      "mapping": "GetAutoshiftObserverNotificationStatus.status -> arc-zonal-shift.autoshift_observer_notification_statu_status",
      "evidence": "GetAutoshiftObserverNotificationStatus.status",
      "entity": "arc-zonal-shift.autoshift_observer_notification_statu_status"
    },
    {
      "mapping": "ListAutoshifts.items[].status -> arc-zonal-shift.item_status",
      "evidence": "ListAutoshifts.items[].status",
      "entity": "arc-zonal-shift.item_status"
    },
    {
      "mapping": "ListZonalShifts.items[].status -> arc-zonal-shift.item_status",
      "evidence": "ListZonalShifts.items[].status",
      "entity": "arc-zonal-shift.item_status"
    },
    {
      "mapping": "CancelPracticeRun.status -> arc-zonal-shift.practice_run_status",
      "evidence": "CancelPracticeRun.status",
      "entity": "arc-zonal-shift.practice_run_status"
    },
    {
      "mapping": "CancelZonalShift.status -> arc-zonal-shift.zonal_shift_status",
      "evidence": "CancelZonalShift.status",
      "entity": "arc-zonal-shift.zonal_shift_status"
    },
    {
      "mapping": "StartPracticeRun.status -> arc-zonal-shift.practice_run_status",
      "evidence": "StartPracticeRun.status",
      "entity": "arc-zonal-shift.practice_run_status"
    },
    {
      "mapping": "StartZonalShift.status -> arc-zonal-shift.zonal_shift_status",
      "evidence": "StartZonalShift.status",
      "entity": "arc-zonal-shift.zonal_shift_status"
    },
    {
      "mapping": "UpdateAutoshiftObserverNotificationStatus.status -> arc-zonal-shift.autoshift_observer_notification_statu_status",
      "evidence": "UpdateAutoshiftObserverNotificationStatus.status",
      "entity": "arc-zonal-shift.autoshift_observer_notification_statu_status"
    },
    {
      "mapping": "UpdateAutoshiftObserverNotificationStatus.status -> arc-zonal-shift.autoshift_observer_notification_statu_status",
      "evidence": "UpdateAutoshiftObserverNotificationStatus.status",
      "entity": "arc-zonal-shift.autoshift_observer_notification_statu_status"
    },
    {
      "mapping": "UpdateZonalShift.status -> arc-zonal-shift.zonal_shift_status",
      "evidence": "UpdateZonalShift.status",
      "entity": "arc-zonal-shift.zonal_shift_status"
    },
    {
      "mapping": "ListManagedResources.items[].arn -> arc-zonal-shift.item_arn",
      "evidence": "ListManagedResources.items[].arn",
      "entity": "arc-zonal-shift.item_arn"
    },
    {
      "mapping": "CreatePracticeRunConfiguration.arn -> arc-zonal-shift.practice_run_configuration_arn",
      "evidence": "CreatePracticeRunConfiguration.arn",
      "entity": "arc-zonal-shift.practice_run_configuration_arn"
    },
    {
      "mapping": "DeletePracticeRunConfiguration.arn -> arc-zonal-shift.practice_run_configuration_arn",
      "evidence": "DeletePracticeRunConfiguration.arn",
      "entity": "arc-zonal-shift.practice_run_configuration_arn"
    },
    {
      "mapping": "GetManagedResource.arn -> arc-zonal-shift.managed_resource_arn",
      "evidence": "GetManagedResource.arn",
      "entity": "arc-zonal-shift.managed_resource_arn"
    },
    {
      "mapping": "UpdatePracticeRunConfiguration.arn -> arc-zonal-shift.practice_run_configuration_arn",
      "evidence": "UpdatePracticeRunConfiguration.arn",
      "entity": "arc-zonal-shift.practice_run_configuration_arn"
    },
    {
      "mapping": "ListManagedResources.items[].name -> arc-zonal-shift.item_name",
      "evidence": "ListManagedResources.items[].name",
      "entity": "arc-zonal-shift.item_name"
    },
    {
      "mapping": "CreatePracticeRunConfiguration.name -> arc-zonal-shift.practice_run_configuration_name",
      "evidence": "CreatePracticeRunConfiguration.name",
      "entity": "arc-zonal-shift.practice_run_configuration_name"
    },
    {
      "mapping": "DeletePracticeRunConfiguration.name -> arc-zonal-shift.practice_run_configuration_name",
      "evidence": "DeletePracticeRunConfiguration.name",
      "entity": "arc-zonal-shift.practice_run_configuration_name"
    },
    {
      "mapping": "GetManagedResource.name -> arc-zonal-shift.managed_resource_name",
      "evidence": "GetManagedResource.name",
      "entity": "arc-zonal-shift.managed_resource_name"
    },
    {
      "mapping": "UpdatePracticeRunConfiguration.name -> arc-zonal-shift.practice_run_configuration_name",
      "evidence": "UpdatePracticeRunConfiguration.name",
      "entity": "arc-zonal-shift.practice_run_configuration_name"
    }
  ]
}