{
  "service": "arc-zonal-shift",
  "version": "1.0",
  "kind_rules": {
    "read_list": ["List"],
    "read_get": ["Get", "Describe"],
    "write_create": ["Create", "Start", "Generate", "Import", "Enable", "Register"],
    "write_update": ["Update", "Modify", "Put", "Set", "Change", "Reset", "Patch"],
    "write_delete": ["Delete", "Remove", "Terminate", "Destroy", "Disable", "Detach", "Disassociate", "Untag", "Revoke"],
    "write_apply": ["Apply", "Attach", "Associate", "Add", "Tag", "Authorize", "Unauthorize", "Grant"],
    "other": ["default"]
  },
  "entity_aliases": {"arc-zonal-shift.item_zonal_shift_id": "arc-zonal-shift.zonal_shift_id"},
  "overrides": {},
  "operations": {
    "GetAutoshiftObserverNotificationStatus": {
      "kind": "read_get",
      "side_effect": false,
      "sdk": {"client": "arc-zonal-shift", "method": "get_autoshift_observer_notification_status"},
      "consumes": [],
      "produces": [{"entity": "arc-zonal-shift.autoshift_observer_notification_statu_status", "source": "output", "path": "status"}],
      "notes": ""
    },
    "ListAutoshifts": {
      "kind": "read_list",
      "side_effect": false,
      "sdk": {"client": "arc-zonal-shift", "method": "list_autoshifts"},
      "consumes": [],
      "produces": [{"entity": "arc-zonal-shift.items", "source": "output", "path": "items"}, {"entity": "arc-zonal-shift.next_token", "source": "output", "path": "nextToken"}, {"entity": "arc-zonal-shift.item_away_from", "source": "item", "path": "items[].awayFrom"}, {"entity": "arc-zonal-shift.item_end_time", "source": "item", "path": "items[].endTime"}, {"entity": "arc-zonal-shift.item_start_time", "source": "item", "path": "items[].startTime"}, {"entity": "arc-zonal-shift.item_status", "source": "item", "path": "items[].status"}],
      "notes": ""
    },
    "ListManagedResources": {
      "kind": "read_list",
      "side_effect": false,
      "sdk": {"client": "arc-zonal-shift", "method": "list_managed_resources"},
      "consumes": [],
      "produces": [{"entity": "arc-zonal-shift.items", "source": "output", "path": "items"}, {"entity": "arc-zonal-shift.next_token", "source": "output", "path": "nextToken"}, {"entity": "arc-zonal-shift.item_arn", "source": "item", "path": "items[].arn"}, {"entity": "arc-zonal-shift.item_name", "source": "item", "path": "items[].name"}, {"entity": "arc-zonal-shift.item_availability_zones", "source": "item", "path": "items[].availabilityZones"}, {"entity": "arc-zonal-shift.item_applied_weights", "source": "item", "path": "items[].appliedWeights"}, {"entity": "arc-zonal-shift.item_zonal_shifts", "source": "item", "path": "items[].zonalShifts"}, {"entity": "arc-zonal-shift.item_autoshifts", "source": "item", "path": "items[].autoshifts"}, {"entity": "arc-zonal-shift.item_zonal_autoshift_status", "source": "item", "path": "items[].zonalAutoshiftStatus"}, {"entity": "arc-zonal-shift.item_practice_run_status", "source": "item", "path": "items[].practiceRunStatus"}],
      "notes": ""
    },
    "ListZonalShifts": {
      "kind": "read_list",
      "side_effect": false,
      "sdk": {"client": "arc-zonal-shift", "method": "list_zonal_shifts"},
      "consumes": [],
      "produces": [{"entity": "arc-zonal-shift.items", "source": "output", "path": "items"}, {"entity": "arc-zonal-shift.next_token", "source": "output", "path": "nextToken"}, {"entity": "arc-zonal-shift.zonal_shift_id", "source": "item", "path": "items[].zonalShiftId"}, {"entity": "arc-zonal-shift.item_resource_identifier", "source": "item", "path": "items[].resourceIdentifier"}, {"entity": "arc-zonal-shift.item_away_from", "source": "item", "path": "items[].awayFrom"}, {"entity": "arc-zonal-shift.item_expiry_time", "source": "item", "path": "items[].expiryTime"}, {"entity": "arc-zonal-shift.item_start_time", "source": "item", "path": "items[].startTime"}, {"entity": "arc-zonal-shift.item_status", "source": "item", "path": "items[].status"}, {"entity": "arc-zonal-shift.item_comment", "source": "item", "path": "items[].comment"}, {"entity": "arc-zonal-shift.item_shift_type", "source": "item", "path": "items[].shiftType"}, {"entity": "arc-zonal-shift.item_practice_run_outcome", "source": "item", "path": "items[].practiceRunOutcome"}],
      "notes": ""
    },
    "CancelPracticeRun": {
      "kind": "other",
      "side_effect": true,
      "sdk": {"client": "arc-zonal-shift", "method": "cancel_practice_run"},
      "consumes": [{"entity": "arc-zonal-shift.zonalshift_id", "param": "zonalShiftId", "required": true, "source": "external"}],
      "produces": [{"entity": "arc-zonal-shift.zonal_shift_id", "source": "output", "path": "zonalShiftId"}, {"entity": "arc-zonal-shift.resource_identifier", "source": "output", "path": "resourceIdentifier"}, {"entity": "arc-zonal-shift.away_from", "source": "output", "path": "awayFrom"}, {"entity": "arc-zonal-shift.expiry_time", "source": "output", "path": "expiryTime"}, {"entity": "arc-zonal-shift.start_time", "source": "output", "path": "startTime"}, {"entity": "arc-zonal-shift.practice_run_status", "source": "output", "path": "status"}, {"entity": "arc-zonal-shift.comment", "source": "output", "path": "comment"}],
      "notes": ""
    },
    "CancelZonalShift": {
      "kind": "other",
      "side_effect": true,
      "sdk": {"client": "arc-zonal-shift", "method": "cancel_zonal_shift"},
      "consumes": [{"entity": "arc-zonal-shift.zonalshift_id", "param": "zonalShiftId", "required": true, "source": "external"}],
      "produces": [{"entity": "arc-zonal-shift.zonal_shift_id", "source": "output", "path": "zonalShiftId"}, {"entity": "arc-zonal-shift.resource_identifier", "source": "output", "path": "resourceIdentifier"}, {"entity": "arc-zonal-shift.away_from", "source": "output", "path": "awayFrom"}, {"entity": "arc-zonal-shift.expiry_time", "source": "output", "path": "expiryTime"}, {"entity": "arc-zonal-shift.start_time", "source": "output", "path": "startTime"}, {"entity": "arc-zonal-shift.zonal_shift_status", "source": "output", "path": "status"}, {"entity": "arc-zonal-shift.comment", "source": "output", "path": "comment"}],
      "notes": ""
    },
    "CreatePracticeRunConfiguration": {
      "kind": "write_create",
      "side_effect": true,
      "sdk": {"client": "arc-zonal-shift", "method": "create_practice_run_configuration"},
      "consumes": [{"entity": "arc-zonal-shift.resource_identifier", "param": "resourceIdentifier", "required": true, "source": "internal"}, {"entity": "arc-zonal-shift.outcome_alarms", "param": "outcomeAlarms", "required": true, "source": "external"}],
      "produces": [{"entity": "arc-zonal-shift.practice_run_configuration_arn", "source": "output", "path": "arn"}, {"entity": "arc-zonal-shift.practice_run_configuration_name", "source": "output", "path": "name"}, {"entity": "arc-zonal-shift.zonal_autoshift_status", "source": "output", "path": "zonalAutoshiftStatus"}, {"entity": "arc-zonal-shift.practice_run_configuration", "source": "output", "path": "practiceRunConfiguration"}, {"entity": "arc-zonal-shift.practice_run_configuration_blocking_alarms", "source": "item", "path": "practiceRunConfiguration.blockingAlarms"}, {"entity": "arc-zonal-shift.practice_run_configuration_outcome_alarms", "source": "item", "path": "practiceRunConfiguration.outcomeAlarms"}, {"entity": "arc-zonal-shift.practice_run_configuration_blocked_windows", "source": "item", "path": "practiceRunConfiguration.blockedWindows"}, {"entity": "arc-zonal-shift.practice_run_configuration_allowed_windows", "source": "item", "path": "practiceRunConfiguration.allowedWindows"}, {"entity": "arc-zonal-shift.practice_run_configuration_blocked_dates", "source": "item", "path": "practiceRunConfiguration.blockedDates"}],
      "notes": ""
    },
    "DeletePracticeRunConfiguration": {
      "kind": "write_delete",
      "side_effect": true,
      "sdk": {"client": "arc-zonal-shift", "method": "delete_practice_run_configuration"},
      "consumes": [{"entity": "arc-zonal-shift.resource_identifier", "param": "resourceIdentifier", "required": true, "source": "internal"}],
      "produces": [{"entity": "arc-zonal-shift.practice_run_configuration_arn", "source": "output", "path": "arn"}, {"entity": "arc-zonal-shift.practice_run_configuration_name", "source": "output", "path": "name"}, {"entity": "arc-zonal-shift.zonal_autoshift_status", "source": "output", "path": "zonalAutoshiftStatus"}],
      "notes": ""
    },
    "GetManagedResource": {
      "kind": "read_get",
      "side_effect": false,
      "sdk": {"client": "arc-zonal-shift", "method": "get_managed_resource"},
      "consumes": [{"entity": "arc-zonal-shift.resource_identifier", "param": "resourceIdentifier", "required": true, "source": "internal"}],
      "produces": [{"entity": "arc-zonal-shift.managed_resource_arn", "source": "output", "path": "arn"}, {"entity": "arc-zonal-shift.managed_resource_name", "source": "output", "path": "name"}, {"entity": "arc-zonal-shift.applied_weights", "source": "output", "path": "appliedWeights"}, {"entity": "arc-zonal-shift.zonal_shifts", "source": "output", "path": "zonalShifts"}, {"entity": "arc-zonal-shift.autoshifts", "source": "output", "path": "autoshifts"}, {"entity": "arc-zonal-shift.practice_run_configuration", "source": "output", "path": "practiceRunConfiguration"}, {"entity": "arc-zonal-shift.zonal_autoshift_status", "source": "output", "path": "zonalAutoshiftStatus"}, {"entity": "arc-zonal-shift.zonal_shift_applied_status", "source": "item", "path": "zonalShifts.appliedStatus"}, {"entity": "arc-zonal-shift.zonal_shift_id", "source": "item", "path": "zonalShifts.zonalShiftId"}, {"entity": "arc-zonal-shift.zonal_shift_resource_identifier", "source": "item", "path": "zonalShifts.resourceIdentifier"}, {"entity": "arc-zonal-shift.zonal_shift_away_from", "source": "item", "path": "zonalShifts.awayFrom"}, {"entity": "arc-zonal-shift.zonal_shift_expiry_time", "source": "item", "path": "zonalShifts.expiryTime"}, {"entity": "arc-zonal-shift.zonal_shift_start_time", "source": "item", "path": "zonalShifts.startTime"}, {"entity": "arc-zonal-shift.zonal_shift_comment", "source": "item", "path": "zonalShifts.comment"}, {"entity": "arc-zonal-shift.zonal_shift_shift_type", "source": "item", "path": "zonalShifts.shiftType"}, {"entity": "arc-zonal-shift.zonal_shift_practice_run_outcome", "source": "item", "path": "zonalShifts.practiceRunOutcome"}],
      "notes": ""
    },
    "StartPracticeRun": {
      "kind": "write_create",
      "side_effect": true,
      "sdk": {"client": "arc-zonal-shift", "method": "start_practice_run"},
      "consumes": [{"entity": "arc-zonal-shift.resource_identifier", "param": "resourceIdentifier", "required": true, "source": "internal"}, {"entity": "arc-zonal-shift.away_from", "param": "awayFrom", "required": true, "source": "internal"}, {"entity": "arc-zonal-shift.comment", "param": "comment", "required": true, "source": "internal"}],
      "produces": [{"entity": "arc-zonal-shift.zonal_shift_id", "source": "output", "path": "zonalShiftId"}, {"entity": "arc-zonal-shift.resource_identifier", "source": "output", "path": "resourceIdentifier"}, {"entity": "arc-zonal-shift.away_from", "source": "output", "path": "awayFrom"}, {"entity": "arc-zonal-shift.expiry_time", "source": "output", "path": "expiryTime"}, {"entity": "arc-zonal-shift.start_time", "source": "output", "path": "startTime"}, {"entity": "arc-zonal-shift.practice_run_status", "source": "output", "path": "status"}, {"entity": "arc-zonal-shift.comment", "source": "output", "path": "comment"}],
      "notes": ""
    },
    "StartZonalShift": {
      "kind": "write_create",
      "side_effect": true,
      "sdk": {"client": "arc-zonal-shift", "method": "start_zonal_shift"},
      "consumes": [{"entity": "arc-zonal-shift.resource_identifier", "param": "resourceIdentifier", "required": true, "source": "internal"}, {"entity": "arc-zonal-shift.away_from", "param": "awayFrom", "required": true, "source": "internal"}, {"entity": "arc-zonal-shift.expires_in", "param": "expiresIn", "required": true, "source": "external"}, {"entity": "arc-zonal-shift.comment", "param": "comment", "required": true, "source": "internal"}],
      "produces": [{"entity": "arc-zonal-shift.zonal_shift_id", "source": "output", "path": "zonalShiftId"}, {"entity": "arc-zonal-shift.resource_identifier", "source": "output", "path": "resourceIdentifier"}, {"entity": "arc-zonal-shift.away_from", "source": "output", "path": "awayFrom"}, {"entity": "arc-zonal-shift.expiry_time", "source": "output", "path": "expiryTime"}, {"entity": "arc-zonal-shift.start_time", "source": "output", "path": "startTime"}, {"entity": "arc-zonal-shift.zonal_shift_status", "source": "output", "path": "status"}, {"entity": "arc-zonal-shift.comment", "source": "output", "path": "comment"}],
      "notes": ""
    },
    "UpdateAutoshiftObserverNotificationStatus": {
      "kind": "write_update",
      "side_effect": true,
      "sdk": {"client": "arc-zonal-shift", "method": "update_autoshift_observer_notification_status"},
      "consumes": [{"entity": "arc-zonal-shift.autoshift_observer_notification_statu_status", "param": "status", "required": true, "source": "internal"}],
      "produces": [{"entity": "arc-zonal-shift.autoshift_observer_notification_statu_status", "source": "output", "path": "status"}],
      "notes": ""
    },
    "UpdatePracticeRunConfiguration": {
      "kind": "write_update",
      "side_effect": true,
      "sdk": {"client": "arc-zonal-shift", "method": "update_practice_run_configuration"},
      "consumes": [{"entity": "arc-zonal-shift.resource_identifier", "param": "resourceIdentifier", "required": true, "source": "internal"}],
      "produces": [{"entity": "arc-zonal-shift.practice_run_configuration_arn", "source": "output", "path": "arn"}, {"entity": "arc-zonal-shift.practice_run_configuration_name", "source": "output", "path": "name"}, {"entity": "arc-zonal-shift.zonal_autoshift_status", "source": "output", "path": "zonalAutoshiftStatus"}, {"entity": "arc-zonal-shift.practice_run_configuration", "source": "output", "path": "practiceRunConfiguration"}, {"entity": "arc-zonal-shift.practice_run_configuration_blocking_alarms", "source": "item", "path": "practiceRunConfiguration.blockingAlarms"}, {"entity": "arc-zonal-shift.practice_run_configuration_outcome_alarms", "source": "item", "path": "practiceRunConfiguration.outcomeAlarms"}, {"entity": "arc-zonal-shift.practice_run_configuration_blocked_windows", "source": "item", "path": "practiceRunConfiguration.blockedWindows"}, {"entity": "arc-zonal-shift.practice_run_configuration_allowed_windows", "source": "item", "path": "practiceRunConfiguration.allowedWindows"}, {"entity": "arc-zonal-shift.practice_run_configuration_blocked_dates", "source": "item", "path": "practiceRunConfiguration.blockedDates"}],
      "notes": ""
    },
    "UpdateZonalAutoshiftConfiguration": {
      "kind": "write_update",
      "side_effect": true,
      "sdk": {"client": "arc-zonal-shift", "method": "update_zonal_autoshift_configuration"},
      "consumes": [{"entity": "arc-zonal-shift.resource_identifier", "param": "resourceIdentifier", "required": true, "source": "internal"}, {"entity": "arc-zonal-shift.zonalautoshift_status", "param": "zonalAutoshiftStatus", "required": true, "source": "external"}],
      "produces": [{"entity": "arc-zonal-shift.resource_identifier", "source": "output", "path": "resourceIdentifier"}, {"entity": "arc-zonal-shift.zonal_autoshift_status", "source": "output", "path": "zonalAutoshiftStatus"}],
      "notes": ""
    },
    "UpdateZonalShift": {
      "kind": "write_update",
      "side_effect": true,
      "sdk": {"client": "arc-zonal-shift", "method": "update_zonal_shift"},
      "consumes": [{"entity": "arc-zonal-shift.zonalshift_id", "param": "zonalShiftId", "required": true, "source": "external"}],
      "produces": [{"entity": "arc-zonal-shift.zonal_shift_id", "source": "output", "path": "zonalShiftId"}, {"entity": "arc-zonal-shift.resource_identifier", "source": "output", "path": "resourceIdentifier"}, {"entity": "arc-zonal-shift.away_from", "source": "output", "path": "awayFrom"}, {"entity": "arc-zonal-shift.expiry_time", "source": "output", "path": "expiryTime"}, {"entity": "arc-zonal-shift.start_time", "source": "output", "path": "startTime"}, {"entity": "arc-zonal-shift.zonal_shift_status", "source": "output", "path": "status"}, {"entity": "arc-zonal-shift.comment", "source": "output", "path": "comment"}],
      "notes": ""
    }
  }
}