{
  "partnercentral-selling": {
    "service": "partnercentral-selling",
    "total_operations": 38,
    "independent": [],
    "dependent": [
      {
        "operation": "AcceptEngagementInvitation",
        "python_method": "accept_engagement_invitation",
        "yaml_action": "accept_engagement_invitation",
        "required_params": [
          "Catalog",
          "Identifier"
        ],
        "optional_params": [],
        "total_optional": 0,
        "output_fields": {},
        "main_output_field": null,
        "item_fields": []
      },
      {
        "operation": "AssignOpportunity",
        "python_method": "assign_opportunity",
        "yaml_action": "assign_opportunity",
        "required_params": [
          "Catalog",
          "Identifier",
          "Assignee"
        ],
        "optional_params": [],
        "total_optional": 0,
        "output_fields": {},
        "main_output_field": null,
        "item_fields": []
      },
      {
        "operation": "AssociateOpportunity",
        "python_method": "associate_opportunity",
        "yaml_action": "associate_opportunity",
        "required_params": [
          "Catalog",
          "OpportunityIdentifier",
          "RelatedEntityType",
          "RelatedEntityIdentifier"
        ],
        "optional_params": [],
        "total_optional": 0,
        "output_fields": {},
        "main_output_field": null,
        "item_fields": []
      },
      {
        "operation": "CreateEngagement",
        "python_method": "create_engagement",
        "yaml_action": "create_engagement",
        "required_params": [
          "Catalog",
          "ClientToken",
          "Title",
          "Description"
        ],
        "optional_params": [
          "Contexts"
        ],
        "total_optional": 1,
        "output_fields": {
          "Id": {
            "type": "string",
            "description": "Id details",
            "compliance_category": "identity",
            "operators": [
              "equals",
              "not_equals",
              "contains",
              "in",
              "exists"
            ]
          },
          "Arn": {
            "type": "string",
            "description": "Arn details",
            "compliance_category": "identity",
            "operators": [
              "equals",
              "not_equals",
              "contains",
              "in",
              "exists"
            ]
          }
        },
        "main_output_field": "Id",
        "item_fields": []
      },
      {
        "operation": "CreateEngagementInvitation",
        "python_method": "create_engagement_invitation",
        "yaml_action": "create_engagement_invitation",
        "required_params": [
          "Catalog",
          "ClientToken",
          "EngagementIdentifier",
          "Invitation"
        ],
        "optional_params": [],
        "total_optional": 0,
        "output_fields": {
          "Id": {
            "type": "string",
            "description": "Id details",
            "compliance_category": "identity",
            "operators": [
              "equals",
              "not_equals",
              "contains",
              "in",
              "exists"
            ]
          },
          "Arn": {
            "type": "string",
            "description": "Arn details",
            "compliance_category": "identity",
            "operators": [
              "equals",
              "not_equals",
              "contains",
              "in",
              "exists"
            ]
          }
        },
        "main_output_field": "Id",
        "item_fields": []
      },
      {
        "operation": "CreateOpportunity",
        "python_method": "create_opportunity",
        "yaml_action": "create_opportunity",
        "required_params": [
          "Catalog",
          "ClientToken"
        ],
        "optional_params": [
          "PrimaryNeedsFromAws",
          "NationalSecurity",
          "PartnerOpportunityIdentifier",
          "Customer",
          "Project"
        ],
        "total_optional": 12,
        "output_fields": {
          "Id": {
            "type": "string",
            "description": "Id details",
            "compliance_category": "identity",
            "operators": [
              "equals",
              "not_equals",
              "contains",
              "in",
              "exists"
            ]
          },
          "PartnerOpportunityIdentifier": {
            "type": "string",
            "description": "PartnerOpportunityIdentifier details",
            "compliance_category": "identity",
            "operators": [
              "equals",
              "not_equals",
              "contains",
              "in",
              "exists"
            ]
          },
          "LastModifiedDate": {
            "type": "string",
            "description": "LastModifiedDate details",
            "compliance_category": "general",
            "format": "date-time",
            "operators": [
              "equals",
              "not_equals",
              "contains"
            ]
          }
        },
        "main_output_field": "Id",
        "item_fields": []
      },
      {
        "operation": "CreateResourceSnapshot",
        "python_method": "create_resource_snapshot",
        "yaml_action": "create_resource_snapshot",
        "required_params": [
          "Catalog",
          "EngagementIdentifier",
          "ResourceType",
          "ResourceIdentifier",
          "ResourceSnapshotTemplateIdentifier",
          "ClientToken"
        ],
        "optional_params": [],
        "total_optional": 0,
        "output_fields": {
          "Arn": {
            "type": "string",
            "description": "Arn details",
            "compliance_category": "identity",
            "operators": [
              "equals",
              "not_equals",
              "contains",
              "in",
              "exists"
            ]
          },
          "Revision": {
            "type": "boolean",
            "description": "Revision details",
            "compliance_category": "general",
            "operators": [
              "equals",
              "not_equals",
              "contains"
            ]
          }
        },
        "main_output_field": "Arn",
        "item_fields": []
      },
      {
        "operation": "CreateResourceSnapshotJob",
        "python_method": "create_resource_snapshot_job",
        "yaml_action": "create_resource_snapshot_job",
        "required_params": [
          "Catalog",
          "ClientToken",
          "EngagementIdentifier",
          "ResourceType",
          "ResourceIdentifier",
          "ResourceSnapshotTemplateIdentifier"
        ],
        "optional_params": [
          "Tags"
        ],
        "total_optional": 1,
        "output_fields": {
          "Id": {
            "type": "string",
            "description": "Id details",
            "compliance_category": "identity",
            "operators": [
              "equals",
              "not_equals",
              "contains",
              "in",
              "exists"
            ]
          },
          "Arn": {
            "type": "string",
            "description": "Arn details",
            "compliance_category": "identity",
            "operators": [
              "equals",
              "not_equals",
              "contains",
              "in",
              "exists"
            ]
          }
        },
        "main_output_field": "Id",
        "item_fields": []
      },
      {
        "operation": "DeleteResourceSnapshotJob",
        "python_method": "delete_resource_snapshot_job",
        "yaml_action": "delete_resource_snapshot_job",
        "required_params": [
          "Catalog",
          "ResourceSnapshotJobIdentifier"
        ],
        "optional_params": [],
        "total_optional": 0,
        "output_fields": {},
        "main_output_field": null,
        "item_fields": []
      },
      {
        "operation": "DisassociateOpportunity",
        "python_method": "disassociate_opportunity",
        "yaml_action": "disassociate_opportunity",
        "required_params": [
          "Catalog",
          "OpportunityIdentifier",
          "RelatedEntityType",
          "RelatedEntityIdentifier"
        ],
        "optional_params": [],
        "total_optional": 0,
        "output_fields": {},
        "main_output_field": null,
        "item_fields": []
      },
      {
        "operation": "GetAwsOpportunitySummary",
        "python_method": "get_aws_opportunity_summary",
        "yaml_action": "get_aws_opportunity_summary",
        "required_params": [
          "Catalog",
          "RelatedOpportunityIdentifier"
        ],
        "optional_params": [],
        "total_optional": 0,
        "output_fields": {
          "Catalog": {
            "type": "string",
            "description": "Catalog details",
            "compliance_category": "general",
            "format": "date-time",
            "operators": [
              "equals",
              "not_equals",
              "contains"
            ]
          },
          "RelatedOpportunityId": {
            "type": "string",
            "description": "RelatedOpportunityId details",
            "compliance_category": "identity",
            "format": "date-time",
            "operators": [
              "equals",
              "not_equals",
              "contains",
              "in",
              "exists"
            ]
          },
          "Origin": {
            "type": "string",
            "description": "Origin details",
            "compliance_category": "general",
            "operators": [
              "equals",
              "not_equals",
              "contains"
            ]
          },
          "InvolvementType": {
            "type": "string",
            "description": "InvolvementType details",
            "compliance_category": "general",
            "operators": [
              "equals",
              "not_equals",
              "contains"
            ]
          },
          "Visibility": {
            "type": "boolean",
            "description": "Visibility details",
            "compliance_category": "general",
            "operators": [
              "equals",
              "not_equals",
              "contains"
            ]
          },
          "LifeCycle": {
            "type": "string",
            "description": "LifeCycle details",
            "compliance_category": "general",
            "operators": [
              "equals",
              "not_equals",
              "contains"
            ]
          },
          "OpportunityTeam": {
            "type": "string",
            "description": "OpportunityTeam details",
            "compliance_category": "general",
            "operators": [
              "equals",
              "not_equals",
              "contains"
            ]
          },
          "Insights": {
            "type": "string",
            "description": "Insights details",
            "compliance_category": "general",
            "operators": [
              "equals",
              "not_equals",
              "contains"
            ]
          },
          "InvolvementTypeChangeReason": {
            "type": "string",
            "description": "InvolvementTypeChangeReason details",
            "compliance_category": "general",
            "operators": [
              "equals",
              "not_equals",
              "contains"
            ]
          },
          "RelatedEntityIds": {
            "type": "string",
            "description": "RelatedEntityIds details",
            "compliance_category": "identity",
            "format": "date-time",
            "operators": [
              "equals",
              "not_equals",
              "contains",
              "in",
              "exists"
            ]
          },
          "Customer": {
            "type": "string",
            "description": "Customer details",
            "compliance_category": "general",
            "operators": [
              "equals",
              "not_equals",
              "contains"
            ]
          },
          "Project": {
            "type": "string",
            "description": "Project details",
            "compliance_category": "general",
            "operators": [
              "equals",
              "not_equals",
              "contains"
            ]
          }
        },
        "main_output_field": "OpportunityTeam",
        "item_fields": {
          "Email": {
            "type": "string",
            "description": "Email",
            "compliance_category": "general"
          },
          "FirstName": {
            "type": "string",
            "description": "First name",
            "compliance_category": "general"
          },
          "LastName": {
            "type": "string",
            "description": "Last name",
            "compliance_category": "general"
          },
          "BusinessTitle": {
            "type": "string",
            "description": "Business title",
            "compliance_category": "general"
          }
        }
      },
      {
        "operation": "GetEngagement",
        "python_method": "get_engagement",
        "yaml_action": "get_engagement",
        "required_params": [
          "Catalog",
          "Identifier"
        ],
        "optional_params": [],
        "total_optional": 0,
        "output_fields": {
          "Id": {
            "type": "string",
            "description": "Id details",
            "compliance_category": "identity",
            "operators": [
              "equals",
              "not_equals",
              "contains",
              "in",
              "exists"
            ]
          },
          "Arn": {
            "type": "string",
            "description": "Arn details",
            "compliance_category": "identity",
            "operators": [
              "equals",
              "not_equals",
              "contains",
              "in",
              "exists"
            ]
          },
          "Title": {
            "type": "string",
            "description": "Title details",
            "compliance_category": "general",
            "operators": [
              "equals",
              "not_equals",
              "contains"
            ]
          },
          "Description": {
            "type": "string",
            "description": "Description details",
            "compliance_category": "general",
            "operators": [
              "equals",
              "not_equals",
              "contains"
            ]
          },
          "CreatedAt": {
            "type": "string",
            "description": "CreatedAt details",
            "compliance_category": "general",
            "format": "date-time",
            "operators": [
              "equals",
              "not_equals",
              "contains"
            ]
          },
          "CreatedBy": {
            "type": "string",
            "description": "CreatedBy details",
            "compliance_category": "general",
            "format": "date-time",
            "operators": [
              "equals",
              "not_equals",
              "contains"
            ]
          },
          "MemberCount": {
            "type": "integer",
            "description": "MemberCount details",
            "compliance_category": "general",
            "operators": [
              "equals",
              "not_equals",
              "contains"
            ]
          },
          "Contexts": {
            "type": "string",
            "description": "Contexts details",
            "compliance_category": "general",
            "operators": [
              "equals",
              "not_equals",
              "contains"
            ]
          }
        },
        "main_output_field": "Contexts",
        "item_fields": {
          "Type": {
            "type": "string",
            "description": "Type",
            "compliance_category": "general"
          },
          "Payload": {
            "type": "string",
            "description": "Payload",
            "compliance_category": "general"
          }
        }
      },
      {
        "operation": "GetEngagementInvitation",
        "python_method": "get_engagement_invitation",
        "yaml_action": "get_engagement_invitation",
        "required_params": [
          "Catalog",
          "Identifier"
        ],
        "optional_params": [],
        "total_optional": 0,
        "output_fields": {
          "Arn": {
            "type": "string",
            "description": "Arn details",
            "compliance_category": "identity",
            "operators": [
              "equals",
              "not_equals",
              "contains",
              "in",
              "exists"
            ]
          },
          "PayloadType": {
            "type": "string",
            "description": "PayloadType details",
            "compliance_category": "general",
            "operators": [
              "equals",
              "not_equals",
              "contains"
            ]
          },
          "Id": {
            "type": "string",
            "description": "Id details",
            "compliance_category": "identity",
            "operators": [
              "equals",
              "not_equals",
              "contains",
              "in",
              "exists"
            ]
          },
          "EngagementId": {
            "type": "string",
            "description": "EngagementId details",
            "compliance_category": "identity",
            "operators": [
              "equals",
              "not_equals",
              "contains",
              "in",
              "exists"
            ]
          },
          "EngagementTitle": {
            "type": "string",
            "description": "EngagementTitle details",
            "compliance_category": "general",
            "operators": [
              "equals",
              "not_equals",
              "contains"
            ]
          },
          "Status": {
            "type": "string",
            "description": "Status details",
            "compliance_category": "general",
            "format": "date-time",
            "operators": [
              "equals",
              "not_equals",
              "contains"
            ]
          },
          "InvitationDate": {
            "type": "string",
            "description": "InvitationDate details",
            "compliance_category": "general",
            "format": "date-time",
            "operators": [
              "equals",
              "not_equals",
              "contains"
            ]
          },
          "ExpirationDate": {
            "type": "string",
            "description": "ExpirationDate details",
            "compliance_category": "general",
            "format": "date-time",
            "operators": [
              "equals",
              "not_equals",
              "contains"
            ]
          },
          "SenderAwsAccountId": {
            "type": "integer",
            "description": "SenderAwsAccountId details",
            "compliance_category": "identity",
            "operators": [
              "equals",
              "not_equals",
              "contains",
              "in",
              "exists"
            ]
          },
          "SenderCompanyName": {
            "type": "string",
            "description": "SenderCompanyName details",
            "compliance_category": "identity",
            "operators": [
              "equals",
              "not_equals",
              "contains",
              "in",
              "exists"
            ]
          },
          "Receiver": {
            "type": "string",
            "description": "Receiver details",
            "compliance_category": "general",
            "operators": [
              "equals",
              "not_equals",
              "contains"
            ]
          },
          "Catalog": {
            "type": "string",
            "description": "Catalog details",
            "compliance_category": "general",
            "format": "date-time",
            "operators": [
              "equals",
              "not_equals",
              "contains"
            ]
          },
          "RejectionReason": {
            "type": "string",
            "description": "RejectionReason details",
            "compliance_category": "general",
            "operators": [
              "equals",
              "not_equals",
              "contains"
            ]
          },
          "Payload": {
            "type": "string",
            "description": "Payload details",
            "compliance_category": "general",
            "operators": [
              "equals",
              "not_equals",
              "contains"
            ]
          },
          "InvitationMessage": {
            "type": "string",
            "description": "InvitationMessage details",
            "compliance_category": "general",
            "format": "date-time",
            "operators": [
              "equals",
              "not_equals",
              "contains"
            ]
          },
          "EngagementDescription": {
            "type": "string",
            "description": "EngagementDescription details",
            "compliance_category": "general",
            "operators": [
              "equals",
              "not_equals",
              "contains"
            ]
          },
          "ExistingMembers": {
            "type": "boolean",
            "description": "ExistingMembers details",
            "compliance_category": "general",
            "operators": [
              "equals",
              "not_equals",
              "contains"
            ]
          }
        },
        "main_output_field": "ExistingMembers",
        "item_fields": {
          "CompanyName": {
            "type": "string",
            "description": "Company name",
            "compliance_category": "general"
          },
          "WebsiteUrl": {
            "type": "string",
            "description": "Website url",
            "compliance_category": "general"
          }
        }
      },
      {
        "operation": "GetOpportunity",
        "python_method": "get_opportunity",
        "yaml_action": "get_opportunity",
        "required_params": [
          "Catalog",
          "Identifier"
        ],
        "optional_params": [],
        "total_optional": 0,
        "output_fields": {
          "Catalog": {
            "type": "string",
            "description": "Catalog details",
            "compliance_category": "general",
            "format": "date-time",
            "operators": [
              "equals",
              "not_equals",
              "contains"
            ]
          },
          "PrimaryNeedsFromAws": {
            "type": "string",
            "description": "PrimaryNeedsFromAws details",
            "compliance_category": "general",
            "operators": [
              "equals",
              "not_equals",
              "contains"
            ]
          },
          "NationalSecurity": {
            "type": "string",
            "description": "NationalSecurity details",
            "compliance_category": "general",
            "format": "date-time",
            "operators": [
              "equals",
              "not_equals",
              "contains"
            ]
          },
          "PartnerOpportunityIdentifier": {
            "type": "string",
            "description": "PartnerOpportunityIdentifier details",
            "compliance_category": "identity",
            "operators": [
              "equals",
              "not_equals",
              "contains",
              "in",
              "exists"
            ]
          },
          "Customer": {
            "type": "string",
            "description": "Customer details",
            "compliance_category": "general",
            "operators": [
              "equals",
              "not_equals",
              "contains"
            ]
          },
          "Project": {
            "type": "string",
            "description": "Project details",
            "compliance_category": "general",
            "operators": [
              "equals",
              "not_equals",
              "contains"
            ]
          },
          "OpportunityType": {
            "type": "string",
            "description": "OpportunityType details",
            "compliance_category": "general",
            "operators": [
              "equals",
              "not_equals",
              "contains"
            ]
          },
          "Marketing": {
            "type": "string",
            "description": "Marketing details",
            "compliance_category": "general",
            "operators": [
              "equals",
              "not_equals",
              "contains"
            ]
          },
          "SoftwareRevenue": {
            "type": "string",
            "description": "SoftwareRevenue details",
            "compliance_category": "general",
            "operators": [
              "equals",
              "not_equals",
              "contains"
            ]
          },
          "Id": {
            "type": "string",
            "description": "Id details",
            "compliance_category": "identity",
            "operators": [
              "equals",
              "not_equals",
              "contains",
              "in",
              "exists"
            ]
          },
          "Arn": {
            "type": "string",
            "description": "Arn details",
            "compliance_category": "identity",
            "operators": [
              "equals",
              "not_equals",
              "contains",
              "in",
              "exists"
            ]
          },
          "LastModifiedDate": {
            "type": "string",
            "description": "LastModifiedDate details",
            "compliance_category": "general",
            "format": "date-time",
            "operators": [
              "equals",
              "not_equals",
              "contains"
            ]
          },
          "CreatedDate": {
            "type": "string",
            "description": "CreatedDate details",
            "compliance_category": "general",
            "format": "date-time",
            "operators": [
              "equals",
              "not_equals",
              "contains"
            ]
          },
          "RelatedEntityIdentifiers": {
            "type": "string",
            "description": "RelatedEntityIdentifiers details",
            "compliance_category": "identity",
            "format": "date-time",
            "operators": [
              "equals",
              "not_equals",
              "contains",
              "in",
              "exists"
            ]
          },
          "LifeCycle": {
            "type": "string",
            "description": "LifeCycle details",
            "compliance_category": "general",
            "operators": [
              "equals",
              "not_equals",
              "contains"
            ]
          },
          "OpportunityTeam": {
            "type": "string",
            "description": "OpportunityTeam details",
            "compliance_category": "general",
            "operators": [
              "equals",
              "not_equals",
              "contains"
            ]
          }
        },
        "main_output_field": "PrimaryNeedsFromAws",
        "item_fields": []
      },
      {
        "operation": "GetResourceSnapshot",
        "python_method": "get_resource_snapshot",
        "yaml_action": "get_resource_snapshot",
        "required_params": [
          "Catalog",
          "EngagementIdentifier",
          "ResourceType",
          "ResourceIdentifier",
          "ResourceSnapshotTemplateIdentifier"
        ],
        "optional_params": [
          "Revision"
        ],
        "total_optional": 1,
        "output_fields": {
          "Catalog": {
            "type": "string",
            "description": "Catalog details",
            "compliance_category": "general",
            "format": "date-time",
            "operators": [
              "equals",
              "not_equals",
              "contains"
            ]
          },
          "Arn": {
            "type": "string",
            "description": "Arn details",
            "compliance_category": "identity",
            "operators": [
              "equals",
              "not_equals",
              "contains",
              "in",
              "exists"
            ]
          },
          "CreatedBy": {
            "type": "string",
            "description": "CreatedBy details",
            "compliance_category": "general",
            "format": "date-time",
            "operators": [
              "equals",
              "not_equals",
              "contains"
            ]
          },
          "CreatedAt": {
            "type": "string",
            "description": "CreatedAt details",
            "compliance_category": "general",
            "format": "date-time",
            "operators": [
              "equals",
              "not_equals",
              "contains"
            ]
          },
          "EngagementId": {
            "type": "string",
            "description": "EngagementId details",
            "compliance_category": "identity",
            "operators": [
              "equals",
              "not_equals",
              "contains",
              "in",
              "exists"
            ]
          },
          "ResourceType": {
            "type": "string",
            "description": "ResourceType details",
            "compliance_category": "general",
            "operators": [
              "equals",
              "not_equals",
              "contains"
            ]
          },
          "ResourceId": {
            "type": "string",
            "description": "ResourceId details",
            "compliance_category": "identity",
            "operators": [
              "equals",
              "not_equals",
              "contains",
              "in",
              "exists"
            ]
          },
          "ResourceSnapshotTemplateName": {
            "type": "string",
            "description": "ResourceSnapshotTemplateName details",
            "compliance_category": "identity",
            "format": "date-time",
            "operators": [
              "equals",
              "not_equals",
              "contains",
              "in",
              "exists"
            ]
          },
          "Revision": {
            "type": "boolean",
            "description": "Revision details",
            "compliance_category": "general",
            "operators": [
              "equals",
              "not_equals",
              "contains"
            ]
          },
          "Payload": {
            "type": "string",
            "description": "Payload details",
            "compliance_category": "general",
            "operators": [
              "equals",
              "not_equals",
              "contains"
            ]
          }
        },
        "main_output_field": "Payload",
        "item_fields": {
          "OpportunitySummary": {
            "type": "string",
            "description": "Opportunity summary",
            "compliance_category": "general"
          }
        }
      },
      {
        "operation": "GetResourceSnapshotJob",
        "python_method": "get_resource_snapshot_job",
        "yaml_action": "get_resource_snapshot_job",
        "required_params": [
          "Catalog",
          "ResourceSnapshotJobIdentifier"
        ],
        "optional_params": [],
        "total_optional": 0,
        "output_fields": {
          "Catalog": {
            "type": "string",
            "description": "Catalog details",
            "compliance_category": "general",
            "format": "date-time",
            "operators": [
              "equals",
              "not_equals",
              "contains"
            ]
          },
          "Id": {
            "type": "string",
            "description": "Id details",
            "compliance_category": "identity",
            "operators": [
              "equals",
              "not_equals",
              "contains",
              "in",
              "exists"
            ]
          },
          "Arn": {
            "type": "string",
            "description": "Arn details",
            "compliance_category": "identity",
            "operators": [
              "equals",
              "not_equals",
              "contains",
              "in",
              "exists"
            ]
          },
          "EngagementId": {
            "type": "string",
            "description": "EngagementId details",
            "compliance_category": "identity",
            "operators": [
              "equals",
              "not_equals",
              "contains",
              "in",
              "exists"
            ]
          },
          "ResourceType": {
            "type": "string",
            "description": "ResourceType details",
            "compliance_category": "general",
            "operators": [
              "equals",
              "not_equals",
              "contains"
            ]
          },
          "ResourceId": {
            "type": "string",
            "description": "ResourceId details",
            "compliance_category": "identity",
            "operators": [
              "equals",
              "not_equals",
              "contains",
              "in",
              "exists"
            ]
          },
          "ResourceArn": {
            "type": "string",
            "description": "ResourceArn details",
            "compliance_category": "identity",
            "operators": [
              "equals",
              "not_equals",
              "contains",
              "in",
              "exists"
            ]
          },
          "ResourceSnapshotTemplateName": {
            "type": "string",
            "description": "ResourceSnapshotTemplateName details",
            "compliance_category": "identity",
            "format": "date-time",
            "operators": [
              "equals",
              "not_equals",
              "contains",
              "in",
              "exists"
            ]
          },
          "CreatedAt": {
            "type": "string",
            "description": "CreatedAt details",
            "compliance_category": "general",
            "format": "date-time",
            "operators": [
              "equals",
              "not_equals",
              "contains"
            ]
          },
          "Status": {
            "type": "string",
            "description": "Status details",
            "compliance_category": "general",
            "format": "date-time",
            "operators": [
              "equals",
              "not_equals",
              "contains"
            ]
          },
          "LastSuccessfulExecutionDate": {
            "type": "boolean",
            "description": "LastSuccessfulExecutionDate details",
            "compliance_category": "general",
            "operators": [
              "equals",
              "not_equals",
              "contains"
            ]
          },
          "LastFailure": {
            "type": "string",
            "description": "LastFailure details",
            "compliance_category": "general",
            "operators": [
              "equals",
              "not_equals",
              "contains"
            ]
          }
        },
        "main_output_field": "Catalog",
        "item_fields": []
      },
      {
        "operation": "GetSellingSystemSettings",
        "python_method": "get_selling_system_settings",
        "yaml_action": "get_selling_system_settings",
        "required_params": [
          "Catalog"
        ],
        "optional_params": [],
        "total_optional": 0,
        "output_fields": {
          "Catalog": {
            "type": "string",
            "description": "Catalog details",
            "compliance_category": "general",
            "format": "date-time",
            "operators": [
              "equals",
              "not_equals",
              "contains"
            ]
          },
          "ResourceSnapshotJobRoleArn": {
            "type": "string",
            "description": "ResourceSnapshotJobRoleArn details",
            "compliance_category": "identity",
            "operators": [
              "equals",
              "not_equals",
              "contains",
              "in",
              "exists"
            ]
          }
        },
        "main_output_field": "Catalog",
        "item_fields": []
      },
      {
        "operation": "ListEngagementByAcceptingInvitationTasks",
        "python_method": "list_engagement_by_accepting_invitation_tasks",
        "yaml_action": "list_engagement_by_accepting_invitation_tasks",
        "required_params": [
          "Catalog"
        ],
        "optional_params": [
          "MaxResults",
          "NextToken",
          "Sort",
          "TaskStatus",
          "OpportunityIdentifier"
        ],
        "total_optional": 7,
        "output_fields": {
          "TaskSummaries": {
            "type": "string",
            "description": "TaskSummaries details",
            "compliance_category": "general",
            "operators": [
              "equals",
              "not_equals",
              "contains"
            ]
          },
          "NextToken": {
            "type": "string",
            "description": "NextToken details",
            "compliance_category": "general",
            "operators": [
              "equals",
              "not_equals",
              "contains"
            ],
            "security_impact": "high"
          }
        },
        "main_output_field": "TaskSummaries",
        "item_fields": {
          "TaskId": {
            "type": "string",
            "description": "Task id",
            "compliance_category": "identity",
            "operators": [
              "equals",
              "not_equals",
              "in",
              "exists"
            ]
          },
          "TaskArn": {
            "type": "string",
            "description": "Task arn",
            "compliance_category": "identity",
            "operators": [
              "equals",
              "not_equals",
              "contains",
              "in",
              "exists"
            ]
          },
          "StartTime": {
            "type": "string",
            "description": "Start time",
            "compliance_category": "general",
            "format": "date-time"
          },
          "TaskStatus": {
            "type": "string",
            "description": "Task status",
            "compliance_category": "general",
            "format": "date-time"
          },
          "Message": {
            "type": "string",
            "description": "Message",
            "compliance_category": "general"
          },
          "ReasonCode": {
            "type": "string",
            "description": "Reason code",
            "compliance_category": "general",
            "format": "date-time"
          },
          "OpportunityId": {
            "type": "string",
            "description": "Opportunity id",
            "compliance_category": "identity",
            "operators": [
              "equals",
              "not_equals",
              "in",
              "exists"
            ]
          },
          "ResourceSnapshotJobId": {
            "type": "string",
            "description": "Resource snapshot job id",
            "compliance_category": "identity",
            "operators": [
              "equals",
              "not_equals",
              "in",
              "exists"
            ]
          },
          "EngagementInvitationId": {
            "type": "string",
            "description": "Engagement invitation id",
            "compliance_category": "identity",
            "operators": [
              "equals",
              "not_equals",
              "in",
              "exists"
            ]
          }
        }
      },
      {
        "operation": "ListEngagementFromOpportunityTasks",
        "python_method": "list_engagement_from_opportunity_tasks",
        "yaml_action": "list_engagement_from_opportunity_tasks",
        "required_params": [
          "Catalog"
        ],
        "optional_params": [
          "MaxResults",
          "NextToken",
          "Sort",
          "TaskStatus",
          "TaskIdentifier"
        ],
        "total_optional": 7,
        "output_fields": {
          "TaskSummaries": {
            "type": "string",
            "description": "TaskSummaries details",
            "compliance_category": "general",
            "operators": [
              "equals",
              "not_equals",
              "contains"
            ]
          },
          "NextToken": {
            "type": "string",
            "description": "NextToken details",
            "compliance_category": "general",
            "operators": [
              "equals",
              "not_equals",
              "contains"
            ],
            "security_impact": "high"
          }
        },
        "main_output_field": "TaskSummaries",
        "item_fields": {
          "TaskId": {
            "type": "string",
            "description": "Task id",
            "compliance_category": "identity",
            "operators": [
              "equals",
              "not_equals",
              "in",
              "exists"
            ]
          },
          "TaskArn": {
            "type": "string",
            "description": "Task arn",
            "compliance_category": "identity",
            "operators": [
              "equals",
              "not_equals",
              "contains",
              "in",
              "exists"
            ]
          },
          "StartTime": {
            "type": "string",
            "description": "Start time",
            "compliance_category": "general",
            "format": "date-time"
          },
          "TaskStatus": {
            "type": "string",
            "description": "Task status",
            "compliance_category": "general",
            "format": "date-time"
          },
          "Message": {
            "type": "string",
            "description": "Message",
            "compliance_category": "general"
          },
          "ReasonCode": {
            "type": "string",
            "description": "Reason code",
            "compliance_category": "general",
            "format": "date-time"
          },
          "OpportunityId": {
            "type": "string",
            "description": "Opportunity id",
            "compliance_category": "identity",
            "operators": [
              "equals",
              "not_equals",
              "in",
              "exists"
            ]
          },
          "ResourceSnapshotJobId": {
            "type": "string",
            "description": "Resource snapshot job id",
            "compliance_category": "identity",
            "operators": [
              "equals",
              "not_equals",
              "in",
              "exists"
            ]
          },
          "EngagementId": {
            "type": "string",
            "description": "Engagement id",
            "compliance_category": "identity",
            "operators": [
              "equals",
              "not_equals",
              "in",
              "exists"
            ]
          },
          "EngagementInvitationId": {
            "type": "string",
            "description": "Engagement invitation id",
            "compliance_category": "identity",
            "operators": [
              "equals",
              "not_equals",
              "in",
              "exists"
            ]
          }
        }
      },
      {
        "operation": "ListEngagementInvitations",
        "python_method": "list_engagement_invitations",
        "yaml_action": "list_engagement_invitations",
        "required_params": [
          "Catalog",
          "ParticipantType"
        ],
        "optional_params": [
          "MaxResults",
          "NextToken",
          "Sort",
          "PayloadType",
          "Status"
        ],
        "total_optional": 7,
        "output_fields": {
          "EngagementInvitationSummaries": {
            "type": "string",
            "description": "EngagementInvitationSummaries details",
            "compliance_category": "general",
            "format": "date-time",
            "operators": [
              "equals",
              "not_equals",
              "contains"
            ]
          },
          "NextToken": {
            "type": "string",
            "description": "NextToken details",
            "compliance_category": "general",
            "operators": [
              "equals",
              "not_equals",
              "contains"
            ],
            "security_impact": "high"
          }
        },
        "main_output_field": "EngagementInvitationSummaries",
        "item_fields": {
          "Arn": {
            "type": "string",
            "description": "Arn",
            "compliance_category": "identity",
            "operators": [
              "equals",
              "not_equals",
              "contains",
              "in",
              "exists"
            ]
          },
          "PayloadType": {
            "type": "string",
            "description": "Payload type",
            "compliance_category": "general"
          },
          "Id": {
            "type": "string",
            "description": "Id",
            "compliance_category": "identity",
            "operators": [
              "equals",
              "not_equals",
              "in",
              "exists"
            ]
          },
          "EngagementId": {
            "type": "string",
            "description": "Engagement id",
            "compliance_category": "identity",
            "operators": [
              "equals",
              "not_equals",
              "in",
              "exists"
            ]
          },
          "EngagementTitle": {
            "type": "string",
            "description": "Engagement title",
            "compliance_category": "general"
          },
          "Status": {
            "type": "string",
            "description": "Status",
            "compliance_category": "general",
            "format": "date-time"
          },
          "InvitationDate": {
            "type": "string",
            "description": "Invitation date",
            "compliance_category": "general",
            "format": "date-time"
          },
          "ExpirationDate": {
            "type": "string",
            "description": "Expiration date",
            "compliance_category": "general",
            "format": "date-time"
          },
          "SenderAwsAccountId": {
            "type": "string",
            "description": "Sender aws account id",
            "compliance_category": "identity",
            "operators": [
              "equals",
              "not_equals",
              "in",
              "exists"
            ]
          },
          "SenderCompanyName": {
            "type": "string",
            "description": "Sender company name",
            "compliance_category": "general"
          },
          "Receiver": {
            "type": "string",
            "description": "Receiver",
            "compliance_category": "general"
          },
          "Catalog": {
            "type": "string",
            "description": "Catalog",
            "compliance_category": "general",
            "format": "date-time"
          },
          "ParticipantType": {
            "type": "string",
            "description": "Participant type",
            "compliance_category": "general"
          }
        }
      },
      {
        "operation": "ListEngagementMembers",
        "python_method": "list_engagement_members",
        "yaml_action": "list_engagement_members",
        "required_params": [
          "Catalog",
          "Identifier"
        ],
        "optional_params": [
          "MaxResults",
          "NextToken"
        ],
        "total_optional": 2,
        "output_fields": {
          "EngagementMemberList": {
            "type": "boolean",
            "description": "EngagementMemberList details",
            "compliance_category": "general",
            "operators": [
              "equals",
              "not_equals",
              "contains"
            ]
          },
          "NextToken": {
            "type": "string",
            "description": "NextToken details",
            "compliance_category": "general",
            "operators": [
              "equals",
              "not_equals",
              "contains"
            ],
            "security_impact": "high"
          }
        },
        "main_output_field": "EngagementMemberList",
        "item_fields": {
          "CompanyName": {
            "type": "string",
            "description": "Company name",
            "compliance_category": "general"
          },
          "WebsiteUrl": {
            "type": "string",
            "description": "Website url",
            "compliance_category": "general"
          },
          "AccountId": {
            "type": "string",
            "description": "Account id",
            "compliance_category": "identity",
            "operators": [
              "equals",
              "not_equals",
              "in",
              "exists"
            ]
          }
        }
      },
      {
        "operation": "ListEngagementResourceAssociations",
        "python_method": "list_engagement_resource_associations",
        "yaml_action": "list_engagement_resource_associations",
        "required_params": [
          "Catalog"
        ],
        "optional_params": [
          "MaxResults",
          "NextToken",
          "EngagementIdentifier",
          "ResourceType",
          "ResourceIdentifier"
        ],
        "total_optional": 6,
        "output_fields": {
          "EngagementResourceAssociationSummaries": {
            "type": "string",
            "description": "EngagementResourceAssociationSummaries details",
            "compliance_category": "general",
            "format": "date-time",
            "operators": [
              "equals",
              "not_equals",
              "contains"
            ]
          },
          "NextToken": {
            "type": "string",
            "description": "NextToken details",
            "compliance_category": "general",
            "operators": [
              "equals",
              "not_equals",
              "contains"
            ],
            "security_impact": "high"
          }
        },
        "main_output_field": "EngagementResourceAssociationSummaries",
        "item_fields": {
          "Catalog": {
            "type": "string",
            "description": "Catalog",
            "compliance_category": "general",
            "format": "date-time"
          },
          "EngagementId": {
            "type": "string",
            "description": "Engagement id",
            "compliance_category": "identity",
            "operators": [
              "equals",
              "not_equals",
              "in",
              "exists"
            ]
          },
          "ResourceType": {
            "type": "string",
            "description": "Resource type",
            "compliance_category": "general"
          },
          "ResourceId": {
            "type": "string",
            "description": "Resource id",
            "compliance_category": "identity",
            "operators": [
              "equals",
              "not_equals",
              "in",
              "exists"
            ]
          },
          "CreatedBy": {
            "type": "string",
            "description": "Created by",
            "compliance_category": "general",
            "format": "date-time"
          }
        }
      },
      {
        "operation": "ListEngagements",
        "python_method": "list_engagements",
        "yaml_action": "list_engagements",
        "required_params": [
          "Catalog"
        ],
        "optional_params": [
          "CreatedBy",
          "ExcludeCreatedBy",
          "Sort",
          "MaxResults",
          "NextToken"
        ],
        "total_optional": 6,
        "output_fields": {
          "EngagementSummaryList": {
            "type": "boolean",
            "description": "EngagementSummaryList details",
            "compliance_category": "general",
            "operators": [
              "equals",
              "not_equals",
              "contains"
            ]
          },
          "NextToken": {
            "type": "string",
            "description": "NextToken details",
            "compliance_category": "general",
            "operators": [
              "equals",
              "not_equals",
              "contains"
            ],
            "security_impact": "high"
          }
        },
        "main_output_field": "EngagementSummaryList",
        "item_fields": {
          "Arn": {
            "type": "string",
            "description": "Arn",
            "compliance_category": "identity",
            "operators": [
              "equals",
              "not_equals",
              "contains",
              "in",
              "exists"
            ]
          },
          "Id": {
            "type": "string",
            "description": "Id",
            "compliance_category": "identity",
            "operators": [
              "equals",
              "not_equals",
              "in",
              "exists"
            ]
          },
          "Title": {
            "type": "string",
            "description": "Title",
            "compliance_category": "general"
          },
          "CreatedAt": {
            "type": "string",
            "description": "Created at",
            "compliance_category": "general",
            "format": "date-time"
          },
          "CreatedBy": {
            "type": "string",
            "description": "Created by",
            "compliance_category": "general",
            "format": "date-time"
          },
          "MemberCount": {
            "type": "integer",
            "description": "Member count",
            "compliance_category": "general"
          }
        }
      },
      {
        "operation": "ListOpportunities",
        "python_method": "list_opportunities",
        "yaml_action": "list_opportunities",
        "required_params": [
          "Catalog"
        ],
        "optional_params": [
          "MaxResults",
          "NextToken",
          "Sort",
          "LastModifiedDate",
          "Identifier"
        ],
        "total_optional": 8,
        "output_fields": {
          "OpportunitySummaries": {
            "type": "string",
            "description": "OpportunitySummaries details",
            "compliance_category": "general",
            "operators": [
              "equals",
              "not_equals",
              "contains"
            ]
          },
          "NextToken": {
            "type": "string",
            "description": "NextToken details",
            "compliance_category": "general",
            "operators": [
              "equals",
              "not_equals",
              "contains"
            ],
            "security_impact": "high"
          }
        },
        "main_output_field": "OpportunitySummaries",
        "item_fields": {
          "Catalog": {
            "type": "string",
            "description": "Catalog",
            "compliance_category": "general",
            "format": "date-time"
          },
          "Id": {
            "type": "string",
            "description": "Id",
            "compliance_category": "identity",
            "operators": [
              "equals",
              "not_equals",
              "in",
              "exists"
            ]
          },
          "Arn": {
            "type": "string",
            "description": "Arn",
            "compliance_category": "identity",
            "operators": [
              "equals",
              "not_equals",
              "contains",
              "in",
              "exists"
            ]
          },
          "PartnerOpportunityIdentifier": {
            "type": "string",
            "description": "Partner opportunity identifier",
            "compliance_category": "identity",
            "operators": [
              "equals",
              "not_equals",
              "in",
              "exists"
            ]
          },
          "OpportunityType": {
            "type": "string",
            "description": "Opportunity type",
            "compliance_category": "general"
          },
          "LastModifiedDate": {
            "type": "string",
            "description": "Last modified date",
            "compliance_category": "general",
            "format": "date-time"
          },
          "CreatedDate": {
            "type": "string",
            "description": "Created date",
            "compliance_category": "general",
            "format": "date-time"
          },
          "LifeCycle": {
            "type": "string",
            "description": "Life cycle",
            "compliance_category": "general"
          },
          "Customer": {
            "type": "string",
            "description": "Customer",
            "compliance_category": "general"
          },
          "Project": {
            "type": "string",
            "description": "Project",
            "compliance_category": "general"
          }
        }
      },
      {
        "operation": "ListResourceSnapshotJobs",
        "python_method": "list_resource_snapshot_jobs",
        "yaml_action": "list_resource_snapshot_jobs",
        "required_params": [
          "Catalog"
        ],
        "optional_params": [
          "MaxResults",
          "NextToken",
          "EngagementIdentifier",
          "Status",
          "Sort"
        ],
        "total_optional": 5,
        "output_fields": {
          "ResourceSnapshotJobSummaries": {
            "type": "string",
            "description": "ResourceSnapshotJobSummaries details",
            "compliance_category": "general",
            "operators": [
              "equals",
              "not_equals",
              "contains"
            ]
          },
          "NextToken": {
            "type": "string",
            "description": "NextToken details",
            "compliance_category": "general",
            "operators": [
              "equals",
              "not_equals",
              "contains"
            ],
            "security_impact": "high"
          }
        },
        "main_output_field": "ResourceSnapshotJobSummaries",
        "item_fields": {
          "Id": {
            "type": "string",
            "description": "Id",
            "compliance_category": "identity",
            "operators": [
              "equals",
              "not_equals",
              "in",
              "exists"
            ]
          },
          "Arn": {
            "type": "string",
            "description": "Arn",
            "compliance_category": "identity",
            "operators": [
              "equals",
              "not_equals",
              "contains",
              "in",
              "exists"
            ]
          },
          "EngagementId": {
            "type": "string",
            "description": "Engagement id",
            "compliance_category": "identity",
            "operators": [
              "equals",
              "not_equals",
              "in",
              "exists"
            ]
          },
          "Status": {
            "type": "string",
            "description": "Status",
            "compliance_category": "general",
            "format": "date-time"
          }
        }
      },
      {
        "operation": "ListResourceSnapshots",
        "python_method": "list_resource_snapshots",
        "yaml_action": "list_resource_snapshots",
        "required_params": [
          "Catalog",
          "EngagementIdentifier"
        ],
        "optional_params": [
          "MaxResults",
          "NextToken",
          "ResourceType",
          "ResourceIdentifier",
          "ResourceSnapshotTemplateIdentifier"
        ],
        "total_optional": 6,
        "output_fields": {
          "ResourceSnapshotSummaries": {
            "type": "string",
            "description": "ResourceSnapshotSummaries details",
            "compliance_category": "general",
            "operators": [
              "equals",
              "not_equals",
              "contains"
            ]
          },
          "NextToken": {
            "type": "string",
            "description": "NextToken details",
            "compliance_category": "general",
            "operators": [
              "equals",
              "not_equals",
              "contains"
            ],
            "security_impact": "high"
          }
        },
        "main_output_field": "ResourceSnapshotSummaries",
        "item_fields": {
          "Arn": {
            "type": "string",
            "description": "Arn",
            "compliance_category": "identity",
            "operators": [
              "equals",
              "not_equals",
              "contains",
              "in",
              "exists"
            ]
          },
          "Revision": {
            "type": "string",
            "description": "Revision",
            "compliance_category": "general",
            "format": "date-time"
          },
          "ResourceType": {
            "type": "string",
            "description": "Resource type",
            "compliance_category": "general"
          },
          "ResourceId": {
            "type": "string",
            "description": "Resource id",
            "compliance_category": "identity",
            "operators": [
              "equals",
              "not_equals",
              "in",
              "exists"
            ]
          },
          "ResourceSnapshotTemplateName": {
            "type": "string",
            "description": "Resource snapshot template name",
            "compliance_category": "general",
            "format": "date-time"
          },
          "CreatedBy": {
            "type": "string",
            "description": "Created by",
            "compliance_category": "general",
            "format": "date-time"
          }
        }
      },
      {
        "operation": "ListSolutions",
        "python_method": "list_solutions",
        "yaml_action": "list_solutions",
        "required_params": [
          "Catalog"
        ],
        "optional_params": [
          "MaxResults",
          "NextToken",
          "Sort",
          "Status",
          "Identifier"
        ],
        "total_optional": 6,
        "output_fields": {
          "SolutionSummaries": {
            "type": "string",
            "description": "SolutionSummaries details",
            "compliance_category": "general",
            "operators": [
              "equals",
              "not_equals",
              "contains"
            ]
          },
          "NextToken": {
            "type": "string",
            "description": "NextToken details",
            "compliance_category": "general",
            "operators": [
              "equals",
              "not_equals",
              "contains"
            ],
            "security_impact": "high"
          }
        },
        "main_output_field": "SolutionSummaries",
        "item_fields": {
          "Catalog": {
            "type": "string",
            "description": "Catalog",
            "compliance_category": "general",
            "format": "date-time"
          },
          "Id": {
            "type": "string",
            "description": "Id",
            "compliance_category": "identity",
            "operators": [
              "equals",
              "not_equals",
              "in",
              "exists"
            ]
          },
          "Arn": {
            "type": "string",
            "description": "Arn",
            "compliance_category": "identity",
            "operators": [
              "equals",
              "not_equals",
              "contains",
              "in",
              "exists"
            ]
          },
          "Name": {
            "type": "string",
            "description": "Name",
            "compliance_category": "general"
          },
          "Status": {
            "type": "string",
            "description": "Status",
            "compliance_category": "general",
            "format": "date-time"
          },
          "Category": {
            "type": "string",
            "description": "Category",
            "compliance_category": "general",
            "format": "date-time"
          },
          "CreatedDate": {
            "type": "string",
            "description": "Created date",
            "compliance_category": "general",
            "format": "date-time"
          }
        }
      },
      {
        "operation": "ListTagsForResource",
        "python_method": "list_tags_for_resource",
        "yaml_action": "list_tags_for_resource",
        "required_params": [
          "ResourceArn"
        ],
        "optional_params": [],
        "total_optional": 0,
        "output_fields": {
          "Tags": {
            "type": "string",
            "description": "Tags details",
            "compliance_category": "general",
            "operators": [
              "equals",
              "not_equals",
              "contains"
            ]
          }
        },
        "main_output_field": "Tags",
        "item_fields": {
          "Key": {
            "type": "string",
            "description": "Key",
            "compliance_category": "security",
            "security_impact": "high"
          },
          "Value": {
            "type": "string",
            "description": "Value",
            "compliance_category": "general"
          }
        }
      },
      {
        "operation": "PutSellingSystemSettings",
        "python_method": "put_selling_system_settings",
        "yaml_action": "put_selling_system_settings",
        "required_params": [
          "Catalog"
        ],
        "optional_params": [
          "ResourceSnapshotJobRoleIdentifier"
        ],
        "total_optional": 1,
        "output_fields": {
          "Catalog": {
            "type": "string",
            "description": "Catalog details",
            "compliance_category": "general",
            "format": "date-time",
            "operators": [
              "equals",
              "not_equals",
              "contains"
            ]
          },
          "ResourceSnapshotJobRoleArn": {
            "type": "string",
            "description": "ResourceSnapshotJobRoleArn details",
            "compliance_category": "identity",
            "operators": [
              "equals",
              "not_equals",
              "contains",
              "in",
              "exists"
            ]
          }
        },
        "main_output_field": "Catalog",
        "item_fields": []
      },
      {
        "operation": "RejectEngagementInvitation",
        "python_method": "reject_engagement_invitation",
        "yaml_action": "reject_engagement_invitation",
        "required_params": [
          "Catalog",
          "Identifier"
        ],
        "optional_params": [
          "RejectionReason"
        ],
        "total_optional": 1,
        "output_fields": {},
        "main_output_field": null,
        "item_fields": []
      },
      {
        "operation": "StartEngagementByAcceptingInvitationTask",
        "python_method": "start_engagement_by_accepting_invitation_task",
        "yaml_action": "start_engagement_by_accepting_invitation_task",
        "required_params": [
          "Catalog",
          "ClientToken",
          "Identifier"
        ],
        "optional_params": [
          "Tags"
        ],
        "total_optional": 1,
        "output_fields": {
          "TaskId": {
            "type": "string",
            "description": "TaskId details",
            "compliance_category": "identity",
            "operators": [
              "equals",
              "not_equals",
              "contains",
              "in",
              "exists"
            ]
          },
          "TaskArn": {
            "type": "string",
            "description": "TaskArn details",
            "compliance_category": "identity",
            "operators": [
              "equals",
              "not_equals",
              "contains",
              "in",
              "exists"
            ]
          },
          "StartTime": {
            "type": "string",
            "description": "StartTime details",
            "compliance_category": "general",
            "format": "date-time",
            "operators": [
              "equals",
              "not_equals",
              "contains"
            ]
          },
          "TaskStatus": {
            "type": "string",
            "description": "TaskStatus details",
            "compliance_category": "general",
            "format": "date-time",
            "operators": [
              "equals",
              "not_equals",
              "contains"
            ]
          },
          "Message": {
            "type": "string",
            "description": "Message details",
            "compliance_category": "general",
            "operators": [
              "equals",
              "not_equals",
              "contains"
            ]
          },
          "ReasonCode": {
            "type": "string",
            "description": "ReasonCode details",
            "compliance_category": "general",
            "operators": [
              "equals",
              "not_equals",
              "contains"
            ]
          },
          "OpportunityId": {
            "type": "string",
            "description": "OpportunityId details",
            "compliance_category": "identity",
            "operators": [
              "equals",
              "not_equals",
              "contains",
              "in",
              "exists"
            ]
          },
          "ResourceSnapshotJobId": {
            "type": "string",
            "description": "ResourceSnapshotJobId details",
            "compliance_category": "identity",
            "operators": [
              "equals",
              "not_equals",
              "contains",
              "in",
              "exists"
            ]
          },
          "EngagementInvitationId": {
            "type": "string",
            "description": "EngagementInvitationId details",
            "compliance_category": "identity",
            "format": "date-time",
            "operators": [
              "equals",
              "not_equals",
              "contains",
              "in",
              "exists"
            ]
          }
        },
        "main_output_field": "TaskId",
        "item_fields": []
      },
      {
        "operation": "StartEngagementFromOpportunityTask",
        "python_method": "start_engagement_from_opportunity_task",
        "yaml_action": "start_engagement_from_opportunity_task",
        "required_params": [
          "Catalog",
          "ClientToken",
          "Identifier",
          "AwsSubmission"
        ],
        "optional_params": [
          "Tags"
        ],
        "total_optional": 1,
        "output_fields": {
          "TaskId": {
            "type": "string",
            "description": "TaskId details",
            "compliance_category": "identity",
            "operators": [
              "equals",
              "not_equals",
              "contains",
              "in",
              "exists"
            ]
          },
          "TaskArn": {
            "type": "string",
            "description": "TaskArn details",
            "compliance_category": "identity",
            "operators": [
              "equals",
              "not_equals",
              "contains",
              "in",
              "exists"
            ]
          },
          "StartTime": {
            "type": "string",
            "description": "StartTime details",
            "compliance_category": "general",
            "format": "date-time",
            "operators": [
              "equals",
              "not_equals",
              "contains"
            ]
          },
          "TaskStatus": {
            "type": "string",
            "description": "TaskStatus details",
            "compliance_category": "general",
            "format": "date-time",
            "operators": [
              "equals",
              "not_equals",
              "contains"
            ]
          },
          "Message": {
            "type": "string",
            "description": "Message details",
            "compliance_category": "general",
            "operators": [
              "equals",
              "not_equals",
              "contains"
            ]
          },
          "ReasonCode": {
            "type": "string",
            "description": "ReasonCode details",
            "compliance_category": "general",
            "operators": [
              "equals",
              "not_equals",
              "contains"
            ]
          },
          "OpportunityId": {
            "type": "string",
            "description": "OpportunityId details",
            "compliance_category": "identity",
            "operators": [
              "equals",
              "not_equals",
              "contains",
              "in",
              "exists"
            ]
          },
          "ResourceSnapshotJobId": {
            "type": "string",
            "description": "ResourceSnapshotJobId details",
            "compliance_category": "identity",
            "operators": [
              "equals",
              "not_equals",
              "contains",
              "in",
              "exists"
            ]
          },
          "EngagementId": {
            "type": "string",
            "description": "EngagementId details",
            "compliance_category": "identity",
            "operators": [
              "equals",
              "not_equals",
              "contains",
              "in",
              "exists"
            ]
          },
          "EngagementInvitationId": {
            "type": "string",
            "description": "EngagementInvitationId details",
            "compliance_category": "identity",
            "format": "date-time",
            "operators": [
              "equals",
              "not_equals",
              "contains",
              "in",
              "exists"
            ]
          }
        },
        "main_output_field": "TaskId",
        "item_fields": []
      },
      {
        "operation": "StartResourceSnapshotJob",
        "python_method": "start_resource_snapshot_job",
        "yaml_action": "start_resource_snapshot_job",
        "required_params": [
          "Catalog",
          "ResourceSnapshotJobIdentifier"
        ],
        "optional_params": [],
        "total_optional": 0,
        "output_fields": {},
        "main_output_field": null,
        "item_fields": []
      },
      {
        "operation": "StopResourceSnapshotJob",
        "python_method": "stop_resource_snapshot_job",
        "yaml_action": "stop_resource_snapshot_job",
        "required_params": [
          "Catalog",
          "ResourceSnapshotJobIdentifier"
        ],
        "optional_params": [],
        "total_optional": 0,
        "output_fields": {},
        "main_output_field": null,
        "item_fields": []
      },
      {
        "operation": "SubmitOpportunity",
        "python_method": "submit_opportunity",
        "yaml_action": "submit_opportunity",
        "required_params": [
          "Catalog",
          "Identifier",
          "InvolvementType"
        ],
        "optional_params": [
          "Visibility"
        ],
        "total_optional": 1,
        "output_fields": {},
        "main_output_field": null,
        "item_fields": []
      },
      {
        "operation": "TagResource",
        "python_method": "tag_resource",
        "yaml_action": "tag_resource",
        "required_params": [
          "ResourceArn",
          "Tags"
        ],
        "optional_params": [],
        "total_optional": 0,
        "output_fields": {},
        "main_output_field": null,
        "item_fields": []
      },
      {
        "operation": "UntagResource",
        "python_method": "untag_resource",
        "yaml_action": "untag_resource",
        "required_params": [
          "ResourceArn",
          "TagKeys"
        ],
        "optional_params": [],
        "total_optional": 0,
        "output_fields": {},
        "main_output_field": null,
        "item_fields": []
      },
      {
        "operation": "UpdateOpportunity",
        "python_method": "update_opportunity",
        "yaml_action": "update_opportunity",
        "required_params": [
          "Catalog",
          "LastModifiedDate",
          "Identifier"
        ],
        "optional_params": [
          "PrimaryNeedsFromAws",
          "NationalSecurity",
          "PartnerOpportunityIdentifier",
          "Customer",
          "Project"
        ],
        "total_optional": 9,
        "output_fields": {
          "Id": {
            "type": "string",
            "description": "Id details",
            "compliance_category": "identity",
            "operators": [
              "equals",
              "not_equals",
              "contains",
              "in",
              "exists"
            ]
          },
          "LastModifiedDate": {
            "type": "string",
            "description": "LastModifiedDate details",
            "compliance_category": "general",
            "format": "date-time",
            "operators": [
              "equals",
              "not_equals",
              "contains"
            ]
          }
        },
        "main_output_field": "Id",
        "item_fields": []
      }
    ],
    "independent_count": 0,
    "dependent_count": 38
  }
}