{
  "service": "partnercentral-selling",
  "fixes": [
    {
      "rule_id": "CreateEngagement",
      "suggested_check": {
        "var": "Id",
        "op": "equals",
        "value": "CreateEngagement.Id",
        "derived": "engagement_id",
        "derive_key": "partnercentral-selling.engagement_id"
      },
      "suggested_aliases": {
        "entity_aliases": {
          "engagement_id": "CreateEngagement.Id"
        },
        "param_aliases": {
          "param": [
            "CreateEngagement.Id"
          ]
        }
      },
      "confidence": 0.9,
      "reason": "Direct variable 'Id' matches the evidence from CreateEngagement."
    },
    {
      "rule_id": "CreateEngagementInvitation",
      "suggested_check": {
        "var": "Id",
        "op": "equals",
        "value": "CreateEngagementInvitation.Id",
        "derived": "engagement_invitation_id",
        "derive_key": "partnercentral-selling.engagement_invitation_id"
      },
      "suggested_aliases": {
        "entity_aliases": {
          "engagement_invitation_id": "CreateEngagementInvitation.Id"
        },
        "param_aliases": {
          "param": [
            "CreateEngagementInvitation.Id"
          ]
        }
      },
      "confidence": 0.9,
      "reason": "Direct variable 'Id' matches the evidence from CreateEngagementInvitation."
    },
    {
      "rule_id": "CreateOpportunity",
      "suggested_check": {
        "var": "Id",
        "op": "equals",
        "value": "CreateOpportunity.Id",
        "derived": "opportunity_id",
        "derive_key": "partnercentral-selling.opportunity_id"
      },
      "suggested_aliases": {
        "entity_aliases": {
          "opportunity_id": "CreateOpportunity.Id"
        },
        "param_aliases": {
          "param": [
            "CreateOpportunity.Id"
          ]
        }
      },
      "confidence": 0.9,
      "reason": "Direct variable 'Id' matches the evidence from CreateOpportunity."
    },
    {
      "rule_id": "CreateResourceSnapshotJob",
      "suggested_check": {
        "var": "Id",
        "op": "equals",
        "value": "CreateResourceSnapshotJob.Id",
        "derived": "resource_snapshot_job_id",
        "derive_key": "partnercentral-selling.resource_snapshot_job_id"
      },
      "suggested_aliases": {
        "entity_aliases": {
          "resource_snapshot_job_id": "CreateResourceSnapshotJob.Id"
        },
        "param_aliases": {
          "param": [
            "CreateResourceSnapshotJob.Id"
          ]
        }
      },
      "confidence": 0.9,
      "reason": "Direct variable 'Id' matches the evidence from CreateResourceSnapshotJob."
    },
    {
      "rule_id": "GetEngagement",
      "suggested_check": {
        "var": "Id",
        "op": "equals",
        "value": "GetEngagement.Id",
        "derived": "engagement_id",
        "derive_key": "partnercentral-selling.engagement_id"
      },
      "suggested_aliases": {
        "entity_aliases": {
          "engagement_id": "GetEngagement.Id"
        },
        "param_aliases": {
          "param": [
            "GetEngagement.Id"
          ]
        }
      },
      "confidence": 0.9,
      "reason": "Direct variable 'Id' matches the evidence from GetEngagement."
    },
    {
      "rule_id": "GetEngagementInvitation",
      "suggested_check": {
        "var": "Id",
        "op": "equals",
        "value": "GetEngagementInvitation.Id",
        "derived": "engagement_invitation_id",
        "derive_key": "partnercentral-selling.engagement_invitation_id"
      },
      "suggested_aliases": {
        "entity_aliases": {
          "engagement_invitation_id": "GetEngagementInvitation.Id"
        },
        "param_aliases": {
          "param": [
            "GetEngagementInvitation.Id"
          ]
        }
      },
      "confidence": 0.9,
      "reason": "Direct variable 'Id' matches the evidence from GetEngagementInvitation."
    },
    {
      "rule_id": "GetOpportunity",
      "suggested_check": {
        "var": "Id",
        "op": "equals",
        "value": "GetOpportunity.Id",
        "derived": "opportunity_id",
        "derive_key": "partnercentral-selling.opportunity_id"
      },
      "suggested_aliases": {
        "entity_aliases": {
          "opportunity_id": "GetOpportunity.Id"
        },
        "param_aliases": {
          "param": [
            "GetOpportunity.Id"
          ]
        }
      },
      "confidence": 0.9,
      "reason": "Direct variable 'Id' matches the evidence from GetOpportunity."
    },
    {
      "rule_id": "GetResourceSnapshotJob",
      "suggested_check": {
        "var": "Id",
        "op": "equals",
        "value": "GetResourceSnapshotJob.Id",
        "derived": "resource_snapshot_job_id",
        "derive_key": "partnercentral-selling.resource_snapshot_job_id"
      },
      "suggested_aliases": {
        "entity_aliases": {
          "resource_snapshot_job_id": "GetResourceSnapshotJob.Id"
        },
        "param_aliases": {
          "param": [
            "GetResourceSnapshotJob.Id"
          ]
        }
      },
      "confidence": 0.9,
      "reason": "Direct variable 'Id' matches the evidence from GetResourceSnapshotJob."
    },
    {
      "rule_id": "ListEngagementInvitations",
      "suggested_check": {
        "var": "Id",
        "op": "equals",
        "value": "ListEngagementInvitations.EngagementInvitationSummaries[].Id",
        "derived": "engagement_invitation_id",
        "derive_key": "partnercentral-selling.engagement_invitation_id"
      },
      "suggested_aliases": {
        "entity_aliases": {
          "engagement_invitation_id": "ListEngagementInvitations.EngagementInvitationSummaries[].Id"
        },
        "param_aliases": {
          "param": [
            "ListEngagementInvitations.EngagementInvitationSummaries[].Id"
          ]
        }
      },
      "confidence": 0.85,
      "reason": "Direct variable 'Id' matches the evidence from ListEngagementInvitations."
    },
    {
      "rule_id": "ListEngagements",
      "suggested_check": {
        "var": "Id",
        "op": "equals",
        "value": "ListEngagements.EngagementSummaryList[].Id",
        "derived": "engagement_id",
        "derive_key": "partnercentral-selling.engagement_id"
      },
      "suggested_aliases": {
        "entity_aliases": {
          "engagement_id": "ListEngagements.EngagementSummaryList[].Id"
        },
        "param_aliases": {
          "param": [
            "ListEngagements.EngagementSummaryList[].Id"
          ]
        }
      },
      "confidence": 0.85,
      "reason": "Direct variable 'Id' matches the evidence from ListEngagements."
    },
    {
      "type": "llm_fix",
      "original": "CreateEngagement",
      "fix": {
        "var": "Id",
        "op": "equals",
        "value": "true",
        "derived": "engagement_id",
        "derive_key": "partnercentral-selling.engagement_id"
      },
      "confidence": 0.9,
      "reason": "Direct variable 'Id' matches the engagement_id mapping.",
      "aliases": {
        "entity_aliases": {
          "engagement_id": "CreateEngagement.Id"
        },
        "param_aliases": {
          "param": [
            "CreateEngagement.Id"
          ]
        }
      }
    },
    {
      "type": "llm_fix",
      "original": "CreateEngagementInvitation",
      "fix": {
        "var": "Id",
        "op": "equals",
        "value": "true",
        "derived": "engagement_invitation_id",
        "derive_key": "partnercentral-selling.engagement_invitation_id"
      },
      "confidence": 0.9,
      "reason": "Direct variable 'Id' matches the engagement_invitation_id mapping.",
      "aliases": {
        "entity_aliases": {
          "engagement_invitation_id": "CreateEngagementInvitation.Id"
        },
        "param_aliases": {
          "param": [
            "CreateEngagementInvitation.Id"
          ]
        }
      }
    },
    {
      "type": "llm_fix",
      "original": "CreateOpportunity",
      "fix": {
        "var": "Id",
        "op": "equals",
        "value": "true",
        "derived": "opportunity_id",
        "derive_key": "partnercentral-selling.opportunity_id"
      },
      "confidence": 0.9,
      "reason": "Direct variable 'Id' matches the opportunity_id mapping.",
      "aliases": {
        "entity_aliases": {
          "opportunity_id": "CreateOpportunity.Id"
        },
        "param_aliases": {
          "param": [
            "CreateOpportunity.Id"
          ]
        }
      }
    },
    {
      "type": "llm_fix",
      "original": "CreateResourceSnapshotJob",
      "fix": {
        "var": "Id",
        "op": "equals",
        "value": "true",
        "derived": "resource_snapshot_job_id",
        "derive_key": "partnercentral-selling.resource_snapshot_job_id"
      },
      "confidence": 0.9,
      "reason": "Direct variable 'Id' matches the resource_snapshot_job_id mapping.",
      "aliases": {
        "entity_aliases": {
          "resource_snapshot_job_id": "CreateResourceSnapshotJob.Id"
        },
        "param_aliases": {
          "param": [
            "CreateResourceSnapshotJob.Id"
          ]
        }
      }
    },
    {
      "type": "llm_fix",
      "original": "GetEngagement",
      "fix": {
        "var": "Id",
        "op": "equals",
        "value": "true",
        "derived": "engagement_id",
        "derive_key": "partnercentral-selling.engagement_id"
      },
      "confidence": 0.9,
      "reason": "Direct variable 'Id' matches the engagement_id mapping.",
      "aliases": {
        "entity_aliases": {
          "engagement_id": "GetEngagement.Id"
        },
        "param_aliases": {
          "param": [
            "GetEngagement.Id"
          ]
        }
      }
    },
    {
      "type": "llm_fix",
      "original": "GetEngagementInvitation",
      "fix": {
        "var": "Id",
        "op": "equals",
        "value": "true",
        "derived": "engagement_invitation_id",
        "derive_key": "partnercentral-selling.engagement_invitation_id"
      },
      "confidence": 0.9,
      "reason": "Direct variable 'Id' matches the engagement_invitation_id mapping.",
      "aliases": {
        "entity_aliases": {
          "engagement_invitation_id": "GetEngagementInvitation.Id"
        },
        "param_aliases": {
          "param": [
            "GetEngagementInvitation.Id"
          ]
        }
      }
    },
    {
      "type": "llm_fix",
      "original": "GetOpportunity",
      "fix": {
        "var": "Id",
        "op": "equals",
        "value": "true",
        "derived": "opportunity_id",
        "derive_key": "partnercentral-selling.opportunity_id"
      },
      "confidence": 0.9,
      "reason": "Direct variable 'Id' matches the opportunity_id mapping.",
      "aliases": {
        "entity_aliases": {
          "opportunity_id": "GetOpportunity.Id"
        },
        "param_aliases": {
          "param": [
            "GetOpportunity.Id"
          ]
        }
      }
    },
    {
      "type": "llm_fix",
      "original": "GetResourceSnapshotJob",
      "fix": {
        "var": "Id",
        "op": "equals",
        "value": "true",
        "derived": "resource_snapshot_job_id",
        "derive_key": "partnercentral-selling.resource_snapshot_job_id"
      },
      "confidence": 0.9,
      "reason": "Direct variable 'Id' matches the resource_snapshot_job_id mapping.",
      "aliases": {
        "entity_aliases": {
          "resource_snapshot_job_id": "GetResourceSnapshotJob.Id"
        },
        "param_aliases": {
          "param": [
            "GetResourceSnapshotJob.Id"
          ]
        }
      }
    },
    {
      "type": "llm_fix",
      "original": "ListEngagementInvitations",
      "fix": {
        "var": "Id",
        "op": "equals",
        "value": "true",
        "derived": "engagement_invitation_id",
        "derive_key": "partnercentral-selling.engagement_invitation_id"
      },
      "confidence": 0.85,
      "reason": "Direct variable 'Id' matches the engagement_invitation_id mapping.",
      "aliases": {
        "entity_aliases": {
          "engagement_invitation_id": "ListEngagementInvitations.EngagementInvitationSummaries[].Id"
        },
        "param_aliases": {
          "param": [
            "ListEngagementInvitations.EngagementInvitationSummaries[].Id"
          ]
        }
      }
    },
    {
      "type": "llm_fix",
      "original": "ListEngagements",
      "fix": {
        "var": "Id",
        "op": "equals",
        "value": "true",
        "derived": "engagement_id",
        "derive_key": "partnercentral-selling.engagement_id"
      },
      "confidence": 0.85,
      "reason": "Direct variable 'Id' matches the engagement_id mapping.",
      "aliases": {
        "entity_aliases": {
          "engagement_id": "ListEngagements.EngagementSummaryList[].Id"
        },
        "param_aliases": {
          "param": [
            "ListEngagements.EngagementSummaryList[].Id"
          ]
        }
      }
    }
  ],
  "summary": {
    "total_fixes": 20,
    "remaining_unresolved": 34
  }
}