{
  "workspaces-thin-client": {
    "service": "workspaces-thin-client",
    "total_operations": 16,
    "independent": [
      {
        "operation": "ListDevices",
        "python_method": "list_devices",
        "yaml_action": "list_devices",
        "required_params": [],
        "optional_params": [
          "nextToken",
          "maxResults"
        ],
        "total_optional": 2,
        "output_fields": {
          "devices": {
            "type": "string",
            "description": "devices details",
            "compliance_category": "general",
            "operators": [
              "equals",
              "not_equals",
              "contains"
            ]
          },
          "nextToken": {
            "type": "string",
            "description": "Pagination token for next results",
            "compliance_category": "general",
            "operators": [
              "equals",
              "not_equals",
              "contains"
            ],
            "security_impact": "high"
          }
        },
        "main_output_field": "devices",
        "item_fields": {
          "id": {
            "type": "string",
            "description": "Resource identifier",
            "compliance_category": "identity",
            "operators": [
              "equals",
              "not_equals",
              "in",
              "exists"
            ]
          },
          "serialNumber": {
            "type": "integer",
            "description": "Serial number",
            "compliance_category": "general"
          },
          "name": {
            "type": "string",
            "description": "Resource name",
            "compliance_category": "identity",
            "operators": [
              "equals",
              "not_equals",
              "contains",
              "in"
            ]
          },
          "model": {
            "type": "string",
            "description": "Model",
            "compliance_category": "general"
          },
          "environmentId": {
            "type": "string",
            "description": "Environment id",
            "compliance_category": "identity",
            "operators": [
              "equals",
              "not_equals",
              "in",
              "exists"
            ]
          },
          "status": {
            "type": "string",
            "description": "Resource status",
            "compliance_category": "general",
            "operators": [
              "equals",
              "not_equals",
              "in"
            ]
          },
          "currentSoftwareSetId": {
            "type": "string",
            "description": "Current software set id",
            "compliance_category": "identity",
            "operators": [
              "equals",
              "not_equals",
              "in",
              "exists"
            ]
          },
          "desiredSoftwareSetId": {
            "type": "string",
            "description": "Desired software set id",
            "compliance_category": "identity",
            "operators": [
              "equals",
              "not_equals",
              "in",
              "exists"
            ]
          },
          "pendingSoftwareSetId": {
            "type": "string",
            "description": "Pending software set id",
            "compliance_category": "identity",
            "operators": [
              "equals",
              "not_equals",
              "in",
              "exists"
            ]
          },
          "softwareSetUpdateSchedule": {
            "type": "string",
            "description": "Software set update schedule",
            "compliance_category": "general",
            "format": "date-time"
          },
          "lastConnectedAt": {
            "type": "string",
            "description": "Last connected at",
            "compliance_category": "general",
            "format": "date-time"
          },
          "lastPostureAt": {
            "type": "string",
            "description": "Last posture at",
            "compliance_category": "general",
            "format": "date-time"
          },
          "createdAt": {
            "type": "string",
            "format": "date-time",
            "description": "Creation timestamp",
            "compliance_category": "general"
          },
          "updatedAt": {
            "type": "string",
            "format": "date-time",
            "description": "Last update timestamp",
            "compliance_category": "general"
          },
          "arn": {
            "type": "string",
            "description": "Amazon Resource Name (ARN)",
            "compliance_category": "identity",
            "operators": [
              "equals",
              "not_equals",
              "contains",
              "in",
              "exists"
            ]
          },
          "lastUserId": {
            "type": "string",
            "description": "Last user id",
            "compliance_category": "identity",
            "operators": [
              "equals",
              "not_equals",
              "in",
              "exists"
            ]
          }
        }
      },
      {
        "operation": "ListEnvironments",
        "python_method": "list_environments",
        "yaml_action": "list_environments",
        "required_params": [],
        "optional_params": [
          "nextToken",
          "maxResults"
        ],
        "total_optional": 2,
        "output_fields": {
          "environments": {
            "type": "string",
            "description": "environments details",
            "compliance_category": "general",
            "operators": [
              "equals",
              "not_equals",
              "contains"
            ]
          },
          "nextToken": {
            "type": "string",
            "description": "Pagination token for next results",
            "compliance_category": "general",
            "operators": [
              "equals",
              "not_equals",
              "contains"
            ],
            "security_impact": "high"
          }
        },
        "main_output_field": "environments",
        "item_fields": {
          "id": {
            "type": "string",
            "description": "Resource identifier",
            "compliance_category": "identity",
            "operators": [
              "equals",
              "not_equals",
              "in",
              "exists"
            ]
          },
          "name": {
            "type": "string",
            "description": "Resource name",
            "compliance_category": "identity",
            "operators": [
              "equals",
              "not_equals",
              "contains",
              "in"
            ]
          },
          "desktopArn": {
            "type": "string",
            "description": "Desktop arn",
            "compliance_category": "identity",
            "operators": [
              "equals",
              "not_equals",
              "contains",
              "in",
              "exists"
            ]
          },
          "desktopEndpoint": {
            "type": "string",
            "description": "Desktop endpoint",
            "compliance_category": "general"
          },
          "desktopType": {
            "type": "string",
            "description": "Desktop type",
            "compliance_category": "general"
          },
          "activationCode": {
            "type": "string",
            "description": "Activation code",
            "compliance_category": "general",
            "format": "date-time"
          },
          "softwareSetUpdateSchedule": {
            "type": "string",
            "description": "Software set update schedule",
            "compliance_category": "general",
            "format": "date-time"
          },
          "maintenanceWindow": {
            "type": "string",
            "description": "Maintenance window",
            "compliance_category": "general"
          },
          "softwareSetUpdateMode": {
            "type": "string",
            "description": "Software set update mode",
            "compliance_category": "general",
            "format": "date-time"
          },
          "desiredSoftwareSetId": {
            "type": "string",
            "description": "Desired software set id",
            "compliance_category": "identity",
            "operators": [
              "equals",
              "not_equals",
              "in",
              "exists"
            ]
          },
          "pendingSoftwareSetId": {
            "type": "string",
            "description": "Pending software set id",
            "compliance_category": "identity",
            "operators": [
              "equals",
              "not_equals",
              "in",
              "exists"
            ]
          },
          "createdAt": {
            "type": "string",
            "format": "date-time",
            "description": "Creation timestamp",
            "compliance_category": "general"
          },
          "updatedAt": {
            "type": "string",
            "format": "date-time",
            "description": "Last update timestamp",
            "compliance_category": "general"
          },
          "arn": {
            "type": "string",
            "description": "Amazon Resource Name (ARN)",
            "compliance_category": "identity",
            "operators": [
              "equals",
              "not_equals",
              "contains",
              "in",
              "exists"
            ]
          }
        }
      },
      {
        "operation": "ListSoftwareSets",
        "python_method": "list_software_sets",
        "yaml_action": "list_software_sets",
        "required_params": [],
        "optional_params": [
          "nextToken",
          "maxResults"
        ],
        "total_optional": 2,
        "output_fields": {
          "softwareSets": {
            "type": "string",
            "description": "softwareSets details",
            "compliance_category": "general",
            "operators": [
              "equals",
              "not_equals",
              "contains"
            ]
          },
          "nextToken": {
            "type": "string",
            "description": "Pagination token for next results",
            "compliance_category": "general",
            "operators": [
              "equals",
              "not_equals",
              "contains"
            ],
            "security_impact": "high"
          }
        },
        "main_output_field": "softwareSets",
        "item_fields": {
          "id": {
            "type": "string",
            "description": "Resource identifier",
            "compliance_category": "identity",
            "operators": [
              "equals",
              "not_equals",
              "in",
              "exists"
            ]
          },
          "version": {
            "type": "string",
            "description": "Version",
            "compliance_category": "general",
            "format": "date-time"
          },
          "releasedAt": {
            "type": "string",
            "description": "Released at",
            "compliance_category": "general",
            "format": "date-time"
          },
          "supportedUntil": {
            "type": "string",
            "description": "Supported until",
            "compliance_category": "general"
          },
          "validationStatus": {
            "type": "string",
            "description": "Validation status",
            "compliance_category": "identity",
            "operators": [
              "equals",
              "not_equals",
              "in",
              "exists"
            ]
          },
          "arn": {
            "type": "string",
            "description": "Amazon Resource Name (ARN)",
            "compliance_category": "identity",
            "operators": [
              "equals",
              "not_equals",
              "contains",
              "in",
              "exists"
            ]
          }
        }
      }
    ],
    "dependent": [
      {
        "operation": "CreateEnvironment",
        "python_method": "create_environment",
        "yaml_action": "create_environment",
        "required_params": [
          "desktopArn"
        ],
        "optional_params": [
          "name",
          "desktopEndpoint",
          "softwareSetUpdateSchedule",
          "maintenanceWindow",
          "softwareSetUpdateMode"
        ],
        "total_optional": 10,
        "output_fields": {
          "environment": {
            "type": "string",
            "description": "environment details",
            "compliance_category": "general",
            "operators": [
              "equals",
              "not_equals",
              "contains"
            ]
          }
        },
        "main_output_field": "environment",
        "item_fields": {
          "id": {
            "type": "string",
            "description": "Resource identifier",
            "compliance_category": "identity",
            "operators": [
              "equals",
              "not_equals",
              "in",
              "exists"
            ]
          },
          "name": {
            "type": "string",
            "description": "Resource name",
            "compliance_category": "identity",
            "operators": [
              "equals",
              "not_equals",
              "contains",
              "in"
            ]
          },
          "desktopArn": {
            "type": "string",
            "description": "Desktop arn",
            "compliance_category": "identity",
            "operators": [
              "equals",
              "not_equals",
              "contains",
              "in",
              "exists"
            ]
          },
          "desktopEndpoint": {
            "type": "string",
            "description": "Desktop endpoint",
            "compliance_category": "general"
          },
          "desktopType": {
            "type": "string",
            "description": "Desktop type",
            "compliance_category": "general"
          },
          "activationCode": {
            "type": "string",
            "description": "Activation code",
            "compliance_category": "general",
            "format": "date-time"
          },
          "softwareSetUpdateSchedule": {
            "type": "string",
            "description": "Software set update schedule",
            "compliance_category": "general",
            "format": "date-time"
          },
          "maintenanceWindow": {
            "type": "string",
            "description": "Maintenance window",
            "compliance_category": "general"
          },
          "softwareSetUpdateMode": {
            "type": "string",
            "description": "Software set update mode",
            "compliance_category": "general",
            "format": "date-time"
          },
          "desiredSoftwareSetId": {
            "type": "string",
            "description": "Desired software set id",
            "compliance_category": "identity",
            "operators": [
              "equals",
              "not_equals",
              "in",
              "exists"
            ]
          },
          "pendingSoftwareSetId": {
            "type": "string",
            "description": "Pending software set id",
            "compliance_category": "identity",
            "operators": [
              "equals",
              "not_equals",
              "in",
              "exists"
            ]
          },
          "createdAt": {
            "type": "string",
            "format": "date-time",
            "description": "Creation timestamp",
            "compliance_category": "general"
          },
          "updatedAt": {
            "type": "string",
            "format": "date-time",
            "description": "Last update timestamp",
            "compliance_category": "general"
          },
          "arn": {
            "type": "string",
            "description": "Amazon Resource Name (ARN)",
            "compliance_category": "identity",
            "operators": [
              "equals",
              "not_equals",
              "contains",
              "in",
              "exists"
            ]
          }
        }
      },
      {
        "operation": "DeleteDevice",
        "python_method": "delete_device",
        "yaml_action": "delete_device",
        "required_params": [
          "id"
        ],
        "optional_params": [
          "clientToken"
        ],
        "total_optional": 1,
        "output_fields": {},
        "main_output_field": null,
        "item_fields": []
      },
      {
        "operation": "DeleteEnvironment",
        "python_method": "delete_environment",
        "yaml_action": "delete_environment",
        "required_params": [
          "id"
        ],
        "optional_params": [
          "clientToken"
        ],
        "total_optional": 1,
        "output_fields": {},
        "main_output_field": null,
        "item_fields": []
      },
      {
        "operation": "DeregisterDevice",
        "python_method": "deregister_device",
        "yaml_action": "deregister_device",
        "required_params": [
          "id"
        ],
        "optional_params": [
          "targetDeviceStatus",
          "clientToken"
        ],
        "total_optional": 2,
        "output_fields": {},
        "main_output_field": null,
        "item_fields": []
      },
      {
        "operation": "GetDevice",
        "python_method": "get_device",
        "yaml_action": "get_device",
        "required_params": [
          "id"
        ],
        "optional_params": [],
        "total_optional": 0,
        "output_fields": {
          "device": {
            "type": "string",
            "description": "device details",
            "compliance_category": "general",
            "operators": [
              "equals",
              "not_equals",
              "contains"
            ]
          }
        },
        "main_output_field": "device",
        "item_fields": {
          "id": {
            "type": "string",
            "description": "Resource identifier",
            "compliance_category": "identity",
            "operators": [
              "equals",
              "not_equals",
              "in",
              "exists"
            ]
          },
          "serialNumber": {
            "type": "integer",
            "description": "Serial number",
            "compliance_category": "general"
          },
          "name": {
            "type": "string",
            "description": "Resource name",
            "compliance_category": "identity",
            "operators": [
              "equals",
              "not_equals",
              "contains",
              "in"
            ]
          },
          "model": {
            "type": "string",
            "description": "Model",
            "compliance_category": "general"
          },
          "environmentId": {
            "type": "string",
            "description": "Environment id",
            "compliance_category": "identity",
            "operators": [
              "equals",
              "not_equals",
              "in",
              "exists"
            ]
          },
          "status": {
            "type": "string",
            "description": "Resource status",
            "compliance_category": "general",
            "operators": [
              "equals",
              "not_equals",
              "in"
            ]
          },
          "currentSoftwareSetId": {
            "type": "string",
            "description": "Current software set id",
            "compliance_category": "identity",
            "operators": [
              "equals",
              "not_equals",
              "in",
              "exists"
            ]
          },
          "currentSoftwareSetVersion": {
            "type": "string",
            "description": "Current software set version",
            "compliance_category": "general",
            "format": "date-time"
          },
          "desiredSoftwareSetId": {
            "type": "string",
            "description": "Desired software set id",
            "compliance_category": "identity",
            "operators": [
              "equals",
              "not_equals",
              "in",
              "exists"
            ]
          },
          "pendingSoftwareSetId": {
            "type": "string",
            "description": "Pending software set id",
            "compliance_category": "identity",
            "operators": [
              "equals",
              "not_equals",
              "in",
              "exists"
            ]
          },
          "pendingSoftwareSetVersion": {
            "type": "string",
            "description": "Pending software set version",
            "compliance_category": "general",
            "format": "date-time"
          },
          "softwareSetUpdateSchedule": {
            "type": "string",
            "description": "Software set update schedule",
            "compliance_category": "general",
            "format": "date-time"
          },
          "softwareSetComplianceStatus": {
            "type": "string",
            "description": "Software set compliance status",
            "compliance_category": "general",
            "format": "date-time"
          },
          "softwareSetUpdateStatus": {
            "type": "string",
            "description": "Software set update status",
            "compliance_category": "general",
            "format": "date-time"
          },
          "lastConnectedAt": {
            "type": "string",
            "description": "Last connected at",
            "compliance_category": "general",
            "format": "date-time"
          },
          "lastPostureAt": {
            "type": "string",
            "description": "Last posture at",
            "compliance_category": "general",
            "format": "date-time"
          },
          "createdAt": {
            "type": "string",
            "format": "date-time",
            "description": "Creation timestamp",
            "compliance_category": "general"
          },
          "updatedAt": {
            "type": "string",
            "format": "date-time",
            "description": "Last update timestamp",
            "compliance_category": "general"
          },
          "arn": {
            "type": "string",
            "description": "Amazon Resource Name (ARN)",
            "compliance_category": "identity",
            "operators": [
              "equals",
              "not_equals",
              "contains",
              "in",
              "exists"
            ]
          },
          "kmsKeyArn": {
            "type": "string",
            "description": "Kms key arn",
            "compliance_category": "identity",
            "operators": [
              "equals",
              "not_equals",
              "contains",
              "in",
              "exists"
            ]
          },
          "lastUserId": {
            "type": "string",
            "description": "Last user id",
            "compliance_category": "identity",
            "operators": [
              "equals",
              "not_equals",
              "in",
              "exists"
            ]
          }
        }
      },
      {
        "operation": "GetEnvironment",
        "python_method": "get_environment",
        "yaml_action": "get_environment",
        "required_params": [
          "id"
        ],
        "optional_params": [],
        "total_optional": 0,
        "output_fields": {
          "environment": {
            "type": "string",
            "description": "environment details",
            "compliance_category": "general",
            "operators": [
              "equals",
              "not_equals",
              "contains"
            ]
          }
        },
        "main_output_field": "environment",
        "item_fields": {
          "id": {
            "type": "string",
            "description": "Resource identifier",
            "compliance_category": "identity",
            "operators": [
              "equals",
              "not_equals",
              "in",
              "exists"
            ]
          },
          "name": {
            "type": "string",
            "description": "Resource name",
            "compliance_category": "identity",
            "operators": [
              "equals",
              "not_equals",
              "contains",
              "in"
            ]
          },
          "desktopArn": {
            "type": "string",
            "description": "Desktop arn",
            "compliance_category": "identity",
            "operators": [
              "equals",
              "not_equals",
              "contains",
              "in",
              "exists"
            ]
          },
          "desktopEndpoint": {
            "type": "string",
            "description": "Desktop endpoint",
            "compliance_category": "general"
          },
          "desktopType": {
            "type": "string",
            "description": "Desktop type",
            "compliance_category": "general"
          },
          "activationCode": {
            "type": "string",
            "description": "Activation code",
            "compliance_category": "general",
            "format": "date-time"
          },
          "registeredDevicesCount": {
            "type": "integer",
            "description": "Registered devices count",
            "compliance_category": "general"
          },
          "softwareSetUpdateSchedule": {
            "type": "string",
            "description": "Software set update schedule",
            "compliance_category": "general",
            "format": "date-time"
          },
          "maintenanceWindow": {
            "type": "string",
            "description": "Maintenance window",
            "compliance_category": "general"
          },
          "softwareSetUpdateMode": {
            "type": "string",
            "description": "Software set update mode",
            "compliance_category": "general",
            "format": "date-time"
          },
          "desiredSoftwareSetId": {
            "type": "string",
            "description": "Desired software set id",
            "compliance_category": "identity",
            "operators": [
              "equals",
              "not_equals",
              "in",
              "exists"
            ]
          },
          "pendingSoftwareSetId": {
            "type": "string",
            "description": "Pending software set id",
            "compliance_category": "identity",
            "operators": [
              "equals",
              "not_equals",
              "in",
              "exists"
            ]
          },
          "pendingSoftwareSetVersion": {
            "type": "string",
            "description": "Pending software set version",
            "compliance_category": "general",
            "format": "date-time"
          },
          "softwareSetComplianceStatus": {
            "type": "string",
            "description": "Software set compliance status",
            "compliance_category": "general",
            "format": "date-time"
          },
          "createdAt": {
            "type": "string",
            "format": "date-time",
            "description": "Creation timestamp",
            "compliance_category": "general"
          },
          "updatedAt": {
            "type": "string",
            "format": "date-time",
            "description": "Last update timestamp",
            "compliance_category": "general"
          },
          "arn": {
            "type": "string",
            "description": "Amazon Resource Name (ARN)",
            "compliance_category": "identity",
            "operators": [
              "equals",
              "not_equals",
              "contains",
              "in",
              "exists"
            ]
          },
          "kmsKeyArn": {
            "type": "string",
            "description": "Kms key arn",
            "compliance_category": "identity",
            "operators": [
              "equals",
              "not_equals",
              "contains",
              "in",
              "exists"
            ]
          },
          "deviceCreationTags": {
            "type": "string",
            "description": "Device creation tags",
            "compliance_category": "general",
            "format": "date-time"
          }
        }
      },
      {
        "operation": "GetSoftwareSet",
        "python_method": "get_software_set",
        "yaml_action": "get_software_set",
        "required_params": [
          "id"
        ],
        "optional_params": [],
        "total_optional": 0,
        "output_fields": {
          "softwareSet": {
            "type": "string",
            "description": "softwareSet details",
            "compliance_category": "general",
            "operators": [
              "equals",
              "not_equals",
              "contains"
            ]
          }
        },
        "main_output_field": "softwareSet",
        "item_fields": {
          "id": {
            "type": "string",
            "description": "Resource identifier",
            "compliance_category": "identity",
            "operators": [
              "equals",
              "not_equals",
              "in",
              "exists"
            ]
          },
          "version": {
            "type": "string",
            "description": "Version",
            "compliance_category": "general",
            "format": "date-time"
          },
          "releasedAt": {
            "type": "string",
            "description": "Released at",
            "compliance_category": "general",
            "format": "date-time"
          },
          "supportedUntil": {
            "type": "string",
            "description": "Supported until",
            "compliance_category": "general"
          },
          "validationStatus": {
            "type": "string",
            "description": "Validation status",
            "compliance_category": "identity",
            "operators": [
              "equals",
              "not_equals",
              "in",
              "exists"
            ]
          },
          "software": {
            "type": "string",
            "description": "Software",
            "compliance_category": "general"
          },
          "arn": {
            "type": "string",
            "description": "Amazon Resource Name (ARN)",
            "compliance_category": "identity",
            "operators": [
              "equals",
              "not_equals",
              "contains",
              "in",
              "exists"
            ]
          }
        }
      },
      {
        "operation": "ListTagsForResource",
        "python_method": "list_tags_for_resource",
        "yaml_action": "list_tags_for_resource",
        "required_params": [
          "resourceArn"
        ],
        "optional_params": [],
        "total_optional": 0,
        "output_fields": {
          "tags": {
            "type": "string",
            "description": "Resource tags (key-value pairs)",
            "compliance_category": "general",
            "operators": [
              "equals",
              "not_equals",
              "contains"
            ]
          }
        },
        "main_output_field": "tags",
        "item_fields": []
      },
      {
        "operation": "TagResource",
        "python_method": "tag_resource",
        "yaml_action": "tag_resource",
        "required_params": [
          "resourceArn",
          "tags"
        ],
        "optional_params": [],
        "total_optional": 0,
        "output_fields": {},
        "main_output_field": null,
        "item_fields": []
      },
      {
        "operation": "UntagResource",
        "python_method": "untag_resource",
        "yaml_action": "untag_resource",
        "required_params": [
          "resourceArn",
          "tagKeys"
        ],
        "optional_params": [],
        "total_optional": 0,
        "output_fields": {},
        "main_output_field": null,
        "item_fields": []
      },
      {
        "operation": "UpdateDevice",
        "python_method": "update_device",
        "yaml_action": "update_device",
        "required_params": [
          "id"
        ],
        "optional_params": [
          "name",
          "desiredSoftwareSetId",
          "softwareSetUpdateSchedule"
        ],
        "total_optional": 3,
        "output_fields": {
          "device": {
            "type": "string",
            "description": "device details",
            "compliance_category": "general",
            "operators": [
              "equals",
              "not_equals",
              "contains"
            ]
          }
        },
        "main_output_field": "device",
        "item_fields": {
          "id": {
            "type": "string",
            "description": "Resource identifier",
            "compliance_category": "identity",
            "operators": [
              "equals",
              "not_equals",
              "in",
              "exists"
            ]
          },
          "serialNumber": {
            "type": "integer",
            "description": "Serial number",
            "compliance_category": "general"
          },
          "name": {
            "type": "string",
            "description": "Resource name",
            "compliance_category": "identity",
            "operators": [
              "equals",
              "not_equals",
              "contains",
              "in"
            ]
          },
          "model": {
            "type": "string",
            "description": "Model",
            "compliance_category": "general"
          },
          "environmentId": {
            "type": "string",
            "description": "Environment id",
            "compliance_category": "identity",
            "operators": [
              "equals",
              "not_equals",
              "in",
              "exists"
            ]
          },
          "status": {
            "type": "string",
            "description": "Resource status",
            "compliance_category": "general",
            "operators": [
              "equals",
              "not_equals",
              "in"
            ]
          },
          "currentSoftwareSetId": {
            "type": "string",
            "description": "Current software set id",
            "compliance_category": "identity",
            "operators": [
              "equals",
              "not_equals",
              "in",
              "exists"
            ]
          },
          "desiredSoftwareSetId": {
            "type": "string",
            "description": "Desired software set id",
            "compliance_category": "identity",
            "operators": [
              "equals",
              "not_equals",
              "in",
              "exists"
            ]
          },
          "pendingSoftwareSetId": {
            "type": "string",
            "description": "Pending software set id",
            "compliance_category": "identity",
            "operators": [
              "equals",
              "not_equals",
              "in",
              "exists"
            ]
          },
          "softwareSetUpdateSchedule": {
            "type": "string",
            "description": "Software set update schedule",
            "compliance_category": "general",
            "format": "date-time"
          },
          "lastConnectedAt": {
            "type": "string",
            "description": "Last connected at",
            "compliance_category": "general",
            "format": "date-time"
          },
          "lastPostureAt": {
            "type": "string",
            "description": "Last posture at",
            "compliance_category": "general",
            "format": "date-time"
          },
          "createdAt": {
            "type": "string",
            "format": "date-time",
            "description": "Creation timestamp",
            "compliance_category": "general"
          },
          "updatedAt": {
            "type": "string",
            "format": "date-time",
            "description": "Last update timestamp",
            "compliance_category": "general"
          },
          "arn": {
            "type": "string",
            "description": "Amazon Resource Name (ARN)",
            "compliance_category": "identity",
            "operators": [
              "equals",
              "not_equals",
              "contains",
              "in",
              "exists"
            ]
          },
          "lastUserId": {
            "type": "string",
            "description": "Last user id",
            "compliance_category": "identity",
            "operators": [
              "equals",
              "not_equals",
              "in",
              "exists"
            ]
          }
        }
      },
      {
        "operation": "UpdateEnvironment",
        "python_method": "update_environment",
        "yaml_action": "update_environment",
        "required_params": [
          "id"
        ],
        "optional_params": [
          "name",
          "desktopArn",
          "desktopEndpoint",
          "softwareSetUpdateSchedule",
          "maintenanceWindow"
        ],
        "total_optional": 8,
        "output_fields": {
          "environment": {
            "type": "string",
            "description": "environment details",
            "compliance_category": "general",
            "operators": [
              "equals",
              "not_equals",
              "contains"
            ]
          }
        },
        "main_output_field": "environment",
        "item_fields": {
          "id": {
            "type": "string",
            "description": "Resource identifier",
            "compliance_category": "identity",
            "operators": [
              "equals",
              "not_equals",
              "in",
              "exists"
            ]
          },
          "name": {
            "type": "string",
            "description": "Resource name",
            "compliance_category": "identity",
            "operators": [
              "equals",
              "not_equals",
              "contains",
              "in"
            ]
          },
          "desktopArn": {
            "type": "string",
            "description": "Desktop arn",
            "compliance_category": "identity",
            "operators": [
              "equals",
              "not_equals",
              "contains",
              "in",
              "exists"
            ]
          },
          "desktopEndpoint": {
            "type": "string",
            "description": "Desktop endpoint",
            "compliance_category": "general"
          },
          "desktopType": {
            "type": "string",
            "description": "Desktop type",
            "compliance_category": "general"
          },
          "activationCode": {
            "type": "string",
            "description": "Activation code",
            "compliance_category": "general",
            "format": "date-time"
          },
          "softwareSetUpdateSchedule": {
            "type": "string",
            "description": "Software set update schedule",
            "compliance_category": "general",
            "format": "date-time"
          },
          "maintenanceWindow": {
            "type": "string",
            "description": "Maintenance window",
            "compliance_category": "general"
          },
          "softwareSetUpdateMode": {
            "type": "string",
            "description": "Software set update mode",
            "compliance_category": "general",
            "format": "date-time"
          },
          "desiredSoftwareSetId": {
            "type": "string",
            "description": "Desired software set id",
            "compliance_category": "identity",
            "operators": [
              "equals",
              "not_equals",
              "in",
              "exists"
            ]
          },
          "pendingSoftwareSetId": {
            "type": "string",
            "description": "Pending software set id",
            "compliance_category": "identity",
            "operators": [
              "equals",
              "not_equals",
              "in",
              "exists"
            ]
          },
          "createdAt": {
            "type": "string",
            "format": "date-time",
            "description": "Creation timestamp",
            "compliance_category": "general"
          },
          "updatedAt": {
            "type": "string",
            "format": "date-time",
            "description": "Last update timestamp",
            "compliance_category": "general"
          },
          "arn": {
            "type": "string",
            "description": "Amazon Resource Name (ARN)",
            "compliance_category": "identity",
            "operators": [
              "equals",
              "not_equals",
              "contains",
              "in",
              "exists"
            ]
          }
        }
      },
      {
        "operation": "UpdateSoftwareSet",
        "python_method": "update_software_set",
        "yaml_action": "update_software_set",
        "required_params": [
          "id",
          "validationStatus"
        ],
        "optional_params": [],
        "total_optional": 0,
        "output_fields": {},
        "main_output_field": null,
        "item_fields": []
      }
    ],
    "independent_count": 3,
    "dependent_count": 13
  }
}