{
  "service": "workspaces-thin-client",
  "fixes": [
    {
      "rule_id": "1",
      "suggested_check": {
        "var": "id",
        "op": "equals",
        "value": "workspaces-thin-client.device_id",
        "derived": null,
        "derive_key": null
      },
      "suggested_aliases": {
        "entity_aliases": {
          "alias": "device_id"
        },
        "param_aliases": {
          "param": [
            "id"
          ]
        }
      },
      "confidence": 0.9,
      "reason": "The direct variable 'id' matches the expected entity 'workspaces-thin-client.device_id'."
    },
    {
      "rule_id": "2",
      "suggested_check": {
        "var": "id",
        "op": "equals",
        "value": "workspaces-thin-client.environment_id",
        "derived": null,
        "derive_key": null
      },
      "suggested_aliases": {
        "entity_aliases": {
          "alias": "environment_id"
        },
        "param_aliases": {
          "param": [
            "id"
          ]
        }
      },
      "confidence": 0.9,
      "reason": "The direct variable 'id' matches the expected entity 'workspaces-thin-client.environment_id'."
    },
    {
      "rule_id": "3",
      "suggested_check": {
        "var": "id",
        "op": "equals",
        "value": "workspaces-thin-client.software_set_id",
        "derived": null,
        "derive_key": null
      },
      "suggested_aliases": {
        "entity_aliases": {
          "alias": "software_set_id"
        },
        "param_aliases": {
          "param": [
            "id"
          ]
        }
      },
      "confidence": 0.9,
      "reason": "The direct variable 'id' matches the expected entity 'workspaces-thin-client.software_set_id'."
    },
    {
      "type": "llm_fix",
      "original": "ListDevices.devices[].id -> workspaces-thin-client.devic_id",
      "fix": {
        "var": "id",
        "op": "equals",
        "value": "true",
        "derived": null,
        "derive_key": null
      },
      "confidence": 0.9,
      "reason": "The direct variable 'id' matches the expected device identifier.",
      "aliases": {
        "entity_aliases": {
          "devic_id": "device_id"
        },
        "param_aliases": {
          "param": []
        }
      }
    },
    {
      "type": "llm_fix",
      "original": "ListEnvironments.environments[].id -> workspaces-thin-client.environment_id",
      "fix": {
        "var": "environmentId",
        "op": "equals",
        "value": "true",
        "derived": null,
        "derive_key": null
      },
      "confidence": 0.9,
      "reason": "The direct variable 'environmentId' corresponds directly to the expected environment identifier.",
      "aliases": {
        "entity_aliases": {
          "environment_id": "environmentId"
        },
        "param_aliases": {
          "param": []
        }
      }
    },
    {
      "type": "llm_fix",
      "original": "ListSoftwareSets.softwareSets[].id -> workspaces-thin-client.software_set_id",
      "fix": {
        "var": "currentSoftwareSetId",
        "op": "equals",
        "value": "true",
        "derived": null,
        "derive_key": null
      },
      "confidence": 0.85,
      "reason": "The direct variable 'currentSoftwareSetId' is relevant for identifying the software set.",
      "aliases": {
        "entity_aliases": {
          "software_set_id": "currentSoftwareSetId"
        },
        "param_aliases": {
          "param": []
        }
      }
    },
    {
      "type": "llm_fix",
      "original": "CreateEnvironment.environment.id -> workspaces-thin-client.environment_id",
      "fix": {
        "var": "environmentId",
        "op": "equals",
        "value": "true",
        "derived": null,
        "derive_key": null
      },
      "confidence": 0.9,
      "reason": "The direct variable 'environmentId' is used for the environment identifier.",
      "aliases": {
        "entity_aliases": {
          "environment_id": "environmentId"
        },
        "param_aliases": {
          "param": []
        }
      }
    },
    {
      "type": "llm_fix",
      "original": "DeleteDevice.id -> workspaces-thin-client.device_id",
      "fix": {
        "var": "id",
        "op": "equals",
        "value": "true",
        "derived": null,
        "derive_key": null
      },
      "confidence": 0.9,
      "reason": "The direct variable 'id' is applicable for identifying the device to be deleted.",
      "aliases": {
        "entity_aliases": {
          "device_id": "device_id"
        },
        "param_aliases": {
          "param": []
        }
      }
    },
    {
      "type": "llm_fix",
      "original": "DeleteEnvironment.id -> workspaces-thin-client.environment_id",
      "fix": {
        "var": "environmentId",
        "op": "equals",
        "value": "true",
        "derived": null,
        "derive_key": null
      },
      "confidence": 0.9,
      "reason": "The direct variable 'environmentId' is relevant for identifying the environment to be deleted.",
      "aliases": {
        "entity_aliases": {
          "environment_id": "environmentId"
        },
        "param_aliases": {
          "param": []
        }
      }
    },
    {
      "type": "llm_fix",
      "original": "DeregisterDevice.id -> workspaces-thin-client.device_id",
      "fix": {
        "var": "id",
        "op": "equals",
        "value": "true",
        "derived": null,
        "derive_key": null
      },
      "confidence": 0.9,
      "reason": "The direct variable 'id' is applicable for identifying the device to be deregistered.",
      "aliases": {
        "entity_aliases": {
          "device_id": "device_id"
        },
        "param_aliases": {
          "param": []
        }
      }
    },
    {
      "type": "llm_fix",
      "original": "GetDevice.id -> workspaces-thin-client.device_id",
      "fix": {
        "var": "id",
        "op": "equals",
        "value": "true",
        "derived": null,
        "derive_key": null
      },
      "confidence": 0.9,
      "reason": "The direct variable 'id' is relevant for retrieving the device.",
      "aliases": {
        "entity_aliases": {
          "device_id": "device_id"
        },
        "param_aliases": {
          "param": []
        }
      }
    },
    {
      "type": "llm_fix",
      "original": "GetDevice.device.id -> workspaces-thin-client.device_id",
      "fix": {
        "var": "id",
        "op": "equals",
        "value": "true",
        "derived": null,
        "derive_key": null
      },
      "confidence": 0.9,
      "reason": "The direct variable 'id' is applicable for identifying the device in the context of retrieval.",
      "aliases": {
        "entity_aliases": {
          "device_id": "device_id"
        },
        "param_aliases": {
          "param": []
        }
      }
    },
    {
      "type": "llm_fix",
      "original": "GetEnvironment.id -> workspaces-thin-client.environment_id",
      "fix": {
        "var": "environmentId",
        "op": "equals",
        "value": "true",
        "derived": null,
        "derive_key": null
      },
      "confidence": 0.9,
      "reason": "The direct variable 'environmentId' is relevant for retrieving the environment.",
      "aliases": {
        "entity_aliases": {
          "environment_id": "environmentId"
        },
        "param_aliases": {
          "param": []
        }
      }
    }
  ],
  "summary": {
    "total_fixes": 13,
    "remaining_unresolved": 37
  }
}