{
  "service": "workspaces-thin-client",
  "version": "1.0",
  "kind_rules": {
    "read_list": ["List"],
    "read_get": ["Get", "Describe"],
    "write_create": ["Create", "Start", "Generate", "Import", "Enable", "Register"],
    "write_update": ["Update", "Modify", "Put", "Set", "Change", "Reset", "Patch"],
    "write_delete": ["Delete", "Remove", "Terminate", "Destroy", "Disable", "Detach", "Disassociate", "Untag", "Revoke"],
    "write_apply": ["Apply", "Attach", "Associate", "Add", "Tag", "Authorize", "Unauthorize", "Grant"],
    "other": ["default"]
  },
  "entity_aliases": {
    "workspaces-thin-client.environment_desired_software_set_id": "workspaces-thin-client.software_set_id",
    "workspaces-thin-client.device_pending_software_set_id": "workspaces-thin-client.software_set_id",
    "workspaces-thin-client.device_current_software_set_id": "workspaces-thin-client.software_set_id",
    "workspaces-thin-client.device_environment_id": "workspaces-thin-client.environment_id",
    "workspaces-thin-client.deregister_device_id": "workspaces-thin-client.device_id",
    "workspaces-thin-client.environment_desktop_arn": "workspaces-thin-client.desktop_arn",
    "workspaces-thin-client.devic_pending_software_set_id": "workspaces-thin-client.software_set_id",
    "workspaces-thin-client.environment_pending_software_set_id": "workspaces-thin-client.software_set_id",
    "workspaces-thin-client.devic_desired_software_set_id": "workspaces-thin-client.software_set_id",
    "workspaces-thin-client.devic_environment_id": "workspaces-thin-client.environment_id",
    "workspaces-thin-client.devic_current_software_set_id": "workspaces-thin-client.software_set_id",
    "workspaces-thin-client.device_desired_software_set_id": "workspaces-thin-client.software_set_id"
  },
  "overrides": {},
  "operations": {
    "ListDevices": {
      "kind": "read_list",
      "side_effect": false,
      "sdk": {"client": "workspaces-thin-client", "method": "list_devices"},
      "consumes": [],
      "produces": [{"entity": "workspaces-thin-client.devices", "source": "output", "path": "devices"}, {"entity": "workspaces-thin-client.next_token", "source": "output", "path": "nextToken"}, {"entity": "workspaces-thin-client.devic_id", "source": "item", "path": "devices[].id"}, {"entity": "workspaces-thin-client.devic_serial_number", "source": "item", "path": "devices[].serialNumber"}, {"entity": "workspaces-thin-client.devic_name", "source": "item", "path": "devices[].name"}, {"entity": "workspaces-thin-client.devic_model", "source": "item", "path": "devices[].model"}, {"entity": "workspaces-thin-client.environment_id", "source": "item", "path": "devices[].environmentId"}, {"entity": "workspaces-thin-client.devic_status", "source": "item", "path": "devices[].status"}, {"entity": "workspaces-thin-client.software_set_id", "source": "item", "path": "devices[].currentSoftwareSetId"}, {"entity": "workspaces-thin-client.software_set_id", "source": "item", "path": "devices[].desiredSoftwareSetId"}, {"entity": "workspaces-thin-client.software_set_id", "source": "item", "path": "devices[].pendingSoftwareSetId"}, {"entity": "workspaces-thin-client.devic_software_set_update_schedule", "source": "item", "path": "devices[].softwareSetUpdateSchedule"}, {"entity": "workspaces-thin-client.devic_last_connected_at", "source": "item", "path": "devices[].lastConnectedAt"}, {"entity": "workspaces-thin-client.devic_last_posture_at", "source": "item", "path": "devices[].lastPostureAt"}, {"entity": "workspaces-thin-client.devic_created_at", "source": "item", "path": "devices[].createdAt"}, {"entity": "workspaces-thin-client.devic_updated_at", "source": "item", "path": "devices[].updatedAt"}, {"entity": "workspaces-thin-client.devic_arn", "source": "item", "path": "devices[].arn"}, {"entity": "workspaces-thin-client.devic_last_user_id", "source": "item", "path": "devices[].lastUserId"}],
      "notes": ""
    },
    "ListEnvironments": {
      "kind": "read_list",
      "side_effect": false,
      "sdk": {"client": "workspaces-thin-client", "method": "list_environments"},
      "consumes": [],
      "produces": [{"entity": "workspaces-thin-client.environments", "source": "output", "path": "environments"}, {"entity": "workspaces-thin-client.next_token", "source": "output", "path": "nextToken"}, {"entity": "workspaces-thin-client.environment_id", "source": "item", "path": "environments[].id"}, {"entity": "workspaces-thin-client.environment_name", "source": "item", "path": "environments[].name"}, {"entity": "workspaces-thin-client.desktop_arn", "source": "item", "path": "environments[].desktopArn"}, {"entity": "workspaces-thin-client.environment_desktop_endpoint", "source": "item", "path": "environments[].desktopEndpoint"}, {"entity": "workspaces-thin-client.environment_desktop_type", "source": "item", "path": "environments[].desktopType"}, {"entity": "workspaces-thin-client.environment_activation_code", "source": "item", "path": "environments[].activationCode"}, {"entity": "workspaces-thin-client.environment_software_set_update_schedule", "source": "item", "path": "environments[].softwareSetUpdateSchedule"}, {"entity": "workspaces-thin-client.environment_maintenance_window", "source": "item", "path": "environments[].maintenanceWindow"}, {"entity": "workspaces-thin-client.environment_software_set_update_mode", "source": "item", "path": "environments[].softwareSetUpdateMode"}, {"entity": "workspaces-thin-client.software_set_id", "source": "item", "path": "environments[].desiredSoftwareSetId"}, {"entity": "workspaces-thin-client.software_set_id", "source": "item", "path": "environments[].pendingSoftwareSetId"}, {"entity": "workspaces-thin-client.environment_created_at", "source": "item", "path": "environments[].createdAt"}, {"entity": "workspaces-thin-client.environment_updated_at", "source": "item", "path": "environments[].updatedAt"}, {"entity": "workspaces-thin-client.environment_arn", "source": "item", "path": "environments[].arn"}],
      "notes": ""
    },
    "ListSoftwareSets": {
      "kind": "read_list",
      "side_effect": false,
      "sdk": {"client": "workspaces-thin-client", "method": "list_software_sets"},
      "consumes": [],
      "produces": [{"entity": "workspaces-thin-client.software_sets", "source": "output", "path": "softwareSets"}, {"entity": "workspaces-thin-client.next_token", "source": "output", "path": "nextToken"}, {"entity": "workspaces-thin-client.software_set_id", "source": "item", "path": "softwareSets[].id"}, {"entity": "workspaces-thin-client.software_set_version", "source": "item", "path": "softwareSets[].version"}, {"entity": "workspaces-thin-client.software_set_released_at", "source": "item", "path": "softwareSets[].releasedAt"}, {"entity": "workspaces-thin-client.software_set_supported_until", "source": "item", "path": "softwareSets[].supportedUntil"}, {"entity": "workspaces-thin-client.software_set_validation_status", "source": "item", "path": "softwareSets[].validationStatus"}, {"entity": "workspaces-thin-client.software_set_arn", "source": "item", "path": "softwareSets[].arn"}],
      "notes": ""
    },
    "CreateEnvironment": {
      "kind": "write_create",
      "side_effect": true,
      "sdk": {"client": "workspaces-thin-client", "method": "create_environment"},
      "consumes": [{"entity": "workspaces-thin-client.desktop_arn", "param": "desktopArn", "required": true, "source": "internal"}],
      "produces": [{"entity": "workspaces-thin-client.environment", "source": "output", "path": "environment"}, {"entity": "workspaces-thin-client.environment_id", "source": "item", "path": "environment.id"}, {"entity": "workspaces-thin-client.environment_name", "source": "item", "path": "environment.name"}, {"entity": "workspaces-thin-client.desktop_arn", "source": "item", "path": "environment.desktopArn"}, {"entity": "workspaces-thin-client.environment_desktop_endpoint", "source": "item", "path": "environment.desktopEndpoint"}, {"entity": "workspaces-thin-client.environment_desktop_type", "source": "item", "path": "environment.desktopType"}, {"entity": "workspaces-thin-client.environment_activation_code", "source": "item", "path": "environment.activationCode"}, {"entity": "workspaces-thin-client.environment_software_set_update_schedule", "source": "item", "path": "environment.softwareSetUpdateSchedule"}, {"entity": "workspaces-thin-client.environment_maintenance_window", "source": "item", "path": "environment.maintenanceWindow"}, {"entity": "workspaces-thin-client.environment_software_set_update_mode", "source": "item", "path": "environment.softwareSetUpdateMode"}, {"entity": "workspaces-thin-client.software_set_id", "source": "item", "path": "environment.desiredSoftwareSetId"}, {"entity": "workspaces-thin-client.software_set_id", "source": "item", "path": "environment.pendingSoftwareSetId"}, {"entity": "workspaces-thin-client.environment_created_at", "source": "item", "path": "environment.createdAt"}, {"entity": "workspaces-thin-client.environment_updated_at", "source": "item", "path": "environment.updatedAt"}, {"entity": "workspaces-thin-client.environment_arn", "source": "item", "path": "environment.arn"}],
      "notes": ""
    },
    "DeleteDevice": {
      "kind": "write_delete",
      "side_effect": true,
      "sdk": {"client": "workspaces-thin-client", "method": "delete_device"},
      "consumes": [{"entity": "workspaces-thin-client.device_id", "param": "id", "required": true, "source": "internal"}],
      "produces": [],
      "notes": ""
    },
    "DeleteEnvironment": {
      "kind": "write_delete",
      "side_effect": true,
      "sdk": {"client": "workspaces-thin-client", "method": "delete_environment"},
      "consumes": [{"entity": "workspaces-thin-client.environment_id", "param": "id", "required": true, "source": "internal"}],
      "produces": [],
      "notes": ""
    },
    "DeregisterDevice": {
      "kind": "other",
      "side_effect": true,
      "sdk": {"client": "workspaces-thin-client", "method": "deregister_device"},
      "consumes": [{"entity": "workspaces-thin-client.device_id", "param": "id", "required": true, "source": "internal"}],
      "produces": [],
      "notes": ""
    },
    "GetDevice": {
      "kind": "read_get",
      "side_effect": false,
      "sdk": {"client": "workspaces-thin-client", "method": "get_device"},
      "consumes": [{"entity": "workspaces-thin-client.device_id", "param": "id", "required": true, "source": "internal"}],
      "produces": [{"entity": "workspaces-thin-client.device", "source": "output", "path": "device"}, {"entity": "workspaces-thin-client.device_id", "source": "item", "path": "device.id"}, {"entity": "workspaces-thin-client.device_serial_number", "source": "item", "path": "device.serialNumber"}, {"entity": "workspaces-thin-client.device_name", "source": "item", "path": "device.name"}, {"entity": "workspaces-thin-client.device_model", "source": "item", "path": "device.model"}, {"entity": "workspaces-thin-client.environment_id", "source": "item", "path": "device.environmentId"}, {"entity": "workspaces-thin-client.device_status", "source": "item", "path": "device.status"}, {"entity": "workspaces-thin-client.software_set_id", "source": "item", "path": "device.currentSoftwareSetId"}, {"entity": "workspaces-thin-client.device_current_software_set_version", "source": "item", "path": "device.currentSoftwareSetVersion"}, {"entity": "workspaces-thin-client.software_set_id", "source": "item", "path": "device.desiredSoftwareSetId"}, {"entity": "workspaces-thin-client.software_set_id", "source": "item", "path": "device.pendingSoftwareSetId"}, {"entity": "workspaces-thin-client.device_pending_software_set_version", "source": "item", "path": "device.pendingSoftwareSetVersion"}, {"entity": "workspaces-thin-client.device_software_set_update_schedule", "source": "item", "path": "device.softwareSetUpdateSchedule"}, {"entity": "workspaces-thin-client.device_software_set_compliance_status", "source": "item", "path": "device.softwareSetComplianceStatus"}, {"entity": "workspaces-thin-client.device_software_set_update_status", "source": "item", "path": "device.softwareSetUpdateStatus"}, {"entity": "workspaces-thin-client.device_last_connected_at", "source": "item", "path": "device.lastConnectedAt"}, {"entity": "workspaces-thin-client.device_last_posture_at", "source": "item", "path": "device.lastPostureAt"}, {"entity": "workspaces-thin-client.device_created_at", "source": "item", "path": "device.createdAt"}, {"entity": "workspaces-thin-client.device_updated_at", "source": "item", "path": "device.updatedAt"}, {"entity": "workspaces-thin-client.device_arn", "source": "item", "path": "device.arn"}, {"entity": "workspaces-thin-client.device_kms_key_arn", "source": "item", "path": "device.kmsKeyArn"}, {"entity": "workspaces-thin-client.device_last_user_id", "source": "item", "path": "device.lastUserId"}],
      "notes": ""
    },
    "GetEnvironment": {
      "kind": "read_get",
      "side_effect": false,
      "sdk": {"client": "workspaces-thin-client", "method": "get_environment"},
      "consumes": [{"entity": "workspaces-thin-client.environment_id", "param": "id", "required": true, "source": "internal"}],
      "produces": [{"entity": "workspaces-thin-client.environment", "source": "output", "path": "environment"}, {"entity": "workspaces-thin-client.environment_id", "source": "item", "path": "environment.id"}, {"entity": "workspaces-thin-client.environment_name", "source": "item", "path": "environment.name"}, {"entity": "workspaces-thin-client.desktop_arn", "source": "item", "path": "environment.desktopArn"}, {"entity": "workspaces-thin-client.environment_desktop_endpoint", "source": "item", "path": "environment.desktopEndpoint"}, {"entity": "workspaces-thin-client.environment_desktop_type", "source": "item", "path": "environment.desktopType"}, {"entity": "workspaces-thin-client.environment_activation_code", "source": "item", "path": "environment.activationCode"}, {"entity": "workspaces-thin-client.environment_registered_devices_count", "source": "item", "path": "environment.registeredDevicesCount"}, {"entity": "workspaces-thin-client.environment_software_set_update_schedule", "source": "item", "path": "environment.softwareSetUpdateSchedule"}, {"entity": "workspaces-thin-client.environment_maintenance_window", "source": "item", "path": "environment.maintenanceWindow"}, {"entity": "workspaces-thin-client.environment_software_set_update_mode", "source": "item", "path": "environment.softwareSetUpdateMode"}, {"entity": "workspaces-thin-client.software_set_id", "source": "item", "path": "environment.desiredSoftwareSetId"}, {"entity": "workspaces-thin-client.software_set_id", "source": "item", "path": "environment.pendingSoftwareSetId"}, {"entity": "workspaces-thin-client.environment_pending_software_set_version", "source": "item", "path": "environment.pendingSoftwareSetVersion"}, {"entity": "workspaces-thin-client.environment_software_set_compliance_status", "source": "item", "path": "environment.softwareSetComplianceStatus"}, {"entity": "workspaces-thin-client.environment_created_at", "source": "item", "path": "environment.createdAt"}, {"entity": "workspaces-thin-client.environment_updated_at", "source": "item", "path": "environment.updatedAt"}, {"entity": "workspaces-thin-client.environment_arn", "source": "item", "path": "environment.arn"}, {"entity": "workspaces-thin-client.environment_kms_key_arn", "source": "item", "path": "environment.kmsKeyArn"}, {"entity": "workspaces-thin-client.environment_device_creation_tags", "source": "item", "path": "environment.deviceCreationTags"}],
      "notes": ""
    },
    "GetSoftwareSet": {
      "kind": "read_get",
      "side_effect": false,
      "sdk": {"client": "workspaces-thin-client", "method": "get_software_set"},
      "consumes": [{"entity": "workspaces-thin-client.software_set_id", "param": "id", "required": true, "source": "internal"}],
      "produces": [{"entity": "workspaces-thin-client.software_set", "source": "output", "path": "softwareSet"}, {"entity": "workspaces-thin-client.software_set_id", "source": "item", "path": "softwareSet.id"}, {"entity": "workspaces-thin-client.software_set_version", "source": "item", "path": "softwareSet.version"}, {"entity": "workspaces-thin-client.software_set_released_at", "source": "item", "path": "softwareSet.releasedAt"}, {"entity": "workspaces-thin-client.software_set_supported_until", "source": "item", "path": "softwareSet.supportedUntil"}, {"entity": "workspaces-thin-client.software_set_validation_status", "source": "item", "path": "softwareSet.validationStatus"}, {"entity": "workspaces-thin-client.software_set_software", "source": "item", "path": "softwareSet.software"}, {"entity": "workspaces-thin-client.software_set_arn", "source": "item", "path": "softwareSet.arn"}],
      "notes": ""
    },
    "ListTagsForResource": {
      "kind": "read_list",
      "side_effect": false,
      "sdk": {"client": "workspaces-thin-client", "method": "list_tags_for_resource"},
      "consumes": [{"entity": "workspaces-thin-client.resource_arn", "param": "resourceArn", "required": true, "source": "external"}],
      "produces": [{"entity": "workspaces-thin-client.tags", "source": "output", "path": "tags"}],
      "notes": ""
    },
    "TagResource": {
      "kind": "write_apply",
      "side_effect": true,
      "sdk": {"client": "workspaces-thin-client", "method": "tag_resource"},
      "consumes": [{"entity": "workspaces-thin-client.resource_arn", "param": "resourceArn", "required": true, "source": "external"}, {"entity": "workspaces-thin-client.tags", "param": "tags", "required": true, "source": "internal"}],
      "produces": [],
      "notes": ""
    },
    "UntagResource": {
      "kind": "write_delete",
      "side_effect": true,
      "sdk": {"client": "workspaces-thin-client", "method": "untag_resource"},
      "consumes": [{"entity": "workspaces-thin-client.resource_arn", "param": "resourceArn", "required": true, "source": "external"}, {"entity": "workspaces-thin-client.tag_keys", "param": "tagKeys", "required": true, "source": "external"}],
      "produces": [],
      "notes": ""
    },
    "UpdateDevice": {
      "kind": "write_update",
      "side_effect": true,
      "sdk": {"client": "workspaces-thin-client", "method": "update_device"},
      "consumes": [{"entity": "workspaces-thin-client.device_id", "param": "id", "required": true, "source": "internal"}],
      "produces": [{"entity": "workspaces-thin-client.device", "source": "output", "path": "device"}, {"entity": "workspaces-thin-client.device_id", "source": "item", "path": "device.id"}, {"entity": "workspaces-thin-client.device_serial_number", "source": "item", "path": "device.serialNumber"}, {"entity": "workspaces-thin-client.device_name", "source": "item", "path": "device.name"}, {"entity": "workspaces-thin-client.device_model", "source": "item", "path": "device.model"}, {"entity": "workspaces-thin-client.environment_id", "source": "item", "path": "device.environmentId"}, {"entity": "workspaces-thin-client.device_status", "source": "item", "path": "device.status"}, {"entity": "workspaces-thin-client.software_set_id", "source": "item", "path": "device.currentSoftwareSetId"}, {"entity": "workspaces-thin-client.software_set_id", "source": "item", "path": "device.desiredSoftwareSetId"}, {"entity": "workspaces-thin-client.software_set_id", "source": "item", "path": "device.pendingSoftwareSetId"}, {"entity": "workspaces-thin-client.device_software_set_update_schedule", "source": "item", "path": "device.softwareSetUpdateSchedule"}, {"entity": "workspaces-thin-client.device_last_connected_at", "source": "item", "path": "device.lastConnectedAt"}, {"entity": "workspaces-thin-client.device_last_posture_at", "source": "item", "path": "device.lastPostureAt"}, {"entity": "workspaces-thin-client.device_created_at", "source": "item", "path": "device.createdAt"}, {"entity": "workspaces-thin-client.device_updated_at", "source": "item", "path": "device.updatedAt"}, {"entity": "workspaces-thin-client.device_arn", "source": "item", "path": "device.arn"}, {"entity": "workspaces-thin-client.device_last_user_id", "source": "item", "path": "device.lastUserId"}],
      "notes": ""
    },
    "UpdateEnvironment": {
      "kind": "write_update",
      "side_effect": true,
      "sdk": {"client": "workspaces-thin-client", "method": "update_environment"},
      "consumes": [{"entity": "workspaces-thin-client.environment_id", "param": "id", "required": true, "source": "internal"}],
      "produces": [{"entity": "workspaces-thin-client.environment", "source": "output", "path": "environment"}, {"entity": "workspaces-thin-client.environment_id", "source": "item", "path": "environment.id"}, {"entity": "workspaces-thin-client.environment_name", "source": "item", "path": "environment.name"}, {"entity": "workspaces-thin-client.desktop_arn", "source": "item", "path": "environment.desktopArn"}, {"entity": "workspaces-thin-client.environment_desktop_endpoint", "source": "item", "path": "environment.desktopEndpoint"}, {"entity": "workspaces-thin-client.environment_desktop_type", "source": "item", "path": "environment.desktopType"}, {"entity": "workspaces-thin-client.environment_activation_code", "source": "item", "path": "environment.activationCode"}, {"entity": "workspaces-thin-client.environment_software_set_update_schedule", "source": "item", "path": "environment.softwareSetUpdateSchedule"}, {"entity": "workspaces-thin-client.environment_maintenance_window", "source": "item", "path": "environment.maintenanceWindow"}, {"entity": "workspaces-thin-client.environment_software_set_update_mode", "source": "item", "path": "environment.softwareSetUpdateMode"}, {"entity": "workspaces-thin-client.software_set_id", "source": "item", "path": "environment.desiredSoftwareSetId"}, {"entity": "workspaces-thin-client.software_set_id", "source": "item", "path": "environment.pendingSoftwareSetId"}, {"entity": "workspaces-thin-client.environment_created_at", "source": "item", "path": "environment.createdAt"}, {"entity": "workspaces-thin-client.environment_updated_at", "source": "item", "path": "environment.updatedAt"}, {"entity": "workspaces-thin-client.environment_arn", "source": "item", "path": "environment.arn"}],
      "notes": ""
    },
    "UpdateSoftwareSet": {
      "kind": "write_update",
      "side_effect": true,
      "sdk": {"client": "workspaces-thin-client", "method": "update_software_set"},
      "consumes": [{"entity": "workspaces-thin-client.software_set_id", "param": "id", "required": true, "source": "internal"}, {"entity": "workspaces-thin-client.validation_status", "param": "validationStatus", "required": true, "source": "external"}],
      "produces": [],
      "notes": ""
    }
  }
}